scenario_uid,arm,dimension,pairwise_acc,top1_regret,top3_recall
nw_dual_val_001,M0,25,0.7735507246376812,2.1375982930653565,0.8
nw_dual_val_002,M0,25,0.710820895522388,1.756482076389369,0.85
nw_dual_val_003,M0,25,0.7239915074309978,1.168721807790829,0.85
nw_dual_val_004,M0,25,0.6026315789473684,2.063565563116929,0.7833333333333333
nw_dual_val_005,M0,25,0.8166666666666667,2.381536588429917,0.8333333333333334
nw_dual_val_006,M0,25,0.7404661016949152,1.5520186910421105,0.8666666666666666
nw_dual_val_007,M0,25,0.8192307692307692,0.9006274204647458,0.8666666666666666
nw_dual_val_008,M0,25,0.7054409005628518,1.629663528508851,0.7333333333333333
nw_dual_val_009,M0,25,0.7302631578947368,3.5027272978102295,0.85
nw_dual_val_010,M0,25,0.8486842105263158,0.9351576555391136,0.8833333333333334
nw_dual_val_011,M0,25,0.7709090909090909,0.5482014678193643,0.8333333333333334
nw_dual_val_012,M0,25,0.7717391304347826,3.4198764915851343,0.8166666666666667
nw_dual_val_013,M0,25,0.8115671641791045,3.944250520928196,0.8333333333333333
nw_dual_val_014,M0,25,0.6904761904761905,1.384366276793763,0.7666666666666666
nw_dual_val_015,M0,25,0.7846153846153846,1.9587083943162937,0.85
nw_dual_val_016,M0,25,0.788961038961039,0.5706865238257682,0.8
nw_dual_val_017,M0,25,0.7630597014925373,0.9903817681868936,0.8166666666666667
nw_dual_val_018,M0,25,0.7341269841269841,9.519574255885374,0.8
nw_dual_val_019,M0,25,0.6831683168316832,0.35053451275894215,0.8333333333333334
nw_dual_val_020,M0,25,0.7127192982456141,2.4100677942893656,0.8
nw_dual_val_021,M0,25,0.7201492537313433,2.3510102134306115,0.8333333333333334
nw_dual_val_022,M0,25,0.743421052631579,0.912124007225178,0.8166666666666667
nw_dual_val_023,M0,25,0.845,0.6045039210541346,0.75
nw_dual_val_024,M0,25,0.6830985915492958,0.6824793204053095,0.8166666666666667
nw_dual_val_025,M0,25,0.6991525423728814,0.5048466225002819,0.8166666666666667
nw_dual_val_026,M0,25,0.8405797101449275,6.158101157772294,0.9
nw_dual_val_027,M0,25,0.8401639344262295,1.6968193685106059,0.9
nw_dual_val_028,M0,25,0.8095238095238095,0.6944207592551429,0.85
nw_dual_val_029,M0,25,0.7609649122807017,2.9689158066175034,0.8333333333333334
nw_dual_val_030,M0,25,0.6885245901639344,0.4022390323103114,0.8166666666666667
nw_dual_val_031,M0,25,0.7182539682539683,2.1732694206697403,0.7833333333333333
nw_dual_val_032,M0,25,0.8243670886075949,7.134112761350247,0.75
nw_dual_val_033,M0,25,0.8641304347826086,1.1912922585101087,0.8666666666666666
nw_dual_val_034,M0,25,0.7909090909090909,0.5561089778870307,0.9166666666666666
nw_dual_val_035,M0,25,0.7390350877192983,0.44129239177492774,0.7833333333333333
nw_dual_val_036,M0,25,0.8037190082644629,3.6403137891090784,0.8
nw_dual_val_037,M0,25,0.7990506329113924,2.3275080505457955,0.85
nw_dual_val_038,M0,25,0.5914179104477612,2.3304618282108107,0.7666666666666666
nw_dual_val_039,M0,25,0.7574626865671642,1.9403522454318538,0.8333333333333333
nw_dual_val_040,M0,25,0.7142857142857143,1.4694101241380115,0.8666666666666666
nw_dual_val_041,M0,25,0.7605421686746988,0.14866775440928698,0.8
nw_dual_val_042,M0,25,0.7439759036144579,0.6707988974831438,0.7666666666666666
nw_dual_val_043,M0,25,0.7044491525423728,1.573629427916708,0.85
nw_dual_val_044,M0,25,0.7095070422535211,2.8908102805777456,0.8166666666666667
nw_dual_val_045,M0,25,0.7686567164179104,0.21944807405953098,0.9166666666666666
nw_dual_val_046,M0,25,0.8354430379746836,0.7049652290776682,0.8166666666666667
nw_dual_val_047,M0,25,0.8005502063273727,0.33664293454273586,0.8
nw_dual_val_048,M0,25,0.8003246753246753,1.0312588564611347,0.8333333333333334
nw_dual_val_049,M0,25,0.7737341772151899,2.3830415748562217,0.8333333333333334
nw_dual_val_050,M0,25,0.75,1.099957148740206,0.8333333333333334
nw_dual_val_051,M0,25,0.8409542743538767,0.5712067788798152,0.8666666666666666
nw_dual_val_052,M0,25,0.7166666666666667,0.7185920677857556,0.8666666666666666
nw_dual_val_053,M0,25,0.7402597402597403,0.9605638547288218,0.8333333333333334
nw_dual_val_054,M0,25,0.8432539682539683,0.8888117356793515,0.8666666666666666
nw_dual_val_055,M0,25,0.7876984126984127,0.7401459977610638,0.85
nw_dual_val_056,M0,25,0.8661971830985915,3.7217880435234876,0.8833333333333334
nw_dual_val_057,M0,25,0.7996575342465754,1.0988452982653292,0.8166666666666667
nw_dual_val_058,M0,25,0.7543859649122807,0.7504461462124102,0.8333333333333334
nw_dual_val_059,M0,25,0.7033333333333334,0.8026139888256896,0.8
nw_dual_val_060,M0,25,0.8038461538461539,1.0298162433576674,0.85
nw_retrain_0006_none_easy_seed20251432,M0,25,0.8469101123595506,3.586490207540618,0.8166666666666667
nw_retrain_0010_crossing_moderate_seed20251824,M0,25,0.9160447761194029,20.716694250099295,0.8833333333333334
nw_retrain_0014_vertically_overlapping_hard_seed20252216,M0,25,0.8161764705882353,6.766642280460134,0.9
nw_retrain_0016_vertically_overlapping_easy_seed20252543,M0,25,0.8441780821917808,9.643325165248914,0.85
nw_retrain_0017_approximately_parallel_moderate_seed20252641,M0,25,0.8861940298507462,21.87267757681942,0.8666666666666666
nw_retrain_0023_crossing_easy_seed20253098,M0,25,0.7944915254237288,9.602226955618585,0.8666666666666666
nw_retrain_0024_converging_hard_seed20253196,M0,25,0.8837719298245614,41.3974512572611,0.8833333333333334
nw_retrain_0061_vertically_overlapping_moderate_seed20257346,M0,25,0.8165584415584416,2.4522040975848527,0.9
nw_retrain_0068_crossing_easy_seed20257639,M0,25,0.8692307692307693,10.881433855618091,0.8833333333333334
nw_retrain_0077_none_easy_seed20258521,M0,25,0.8861940298507462,4.950049692573111,0.8833333333333334
nw_retrain_0078_converging_easy_seed20258488,M0,25,0.8961267605633803,124.66585594767825,0.8833333333333334
nw_retrain_0086_vertically_overlapping_hard_seed20259272,M0,25,0.7383333333333333,7.231263998407267,0.8833333333333334
nw_retrain_0089_none_easy_seed20259828,M0,25,0.8104838709677419,8.89196346088374,0.9333333333333333
nw_retrain_0091_approximately_parallel_moderate_seed20259762,M0,25,0.8401898734177216,26.929051098778736,0.9
nw_retrain_0095_crossing_easy_seed20260285,M0,25,0.8214285714285714,20.560189674390955,0.8333333333333334
nw_retrain_0099_vertically_overlapping_easy_seed20260677,M0,25,0.8136363636363636,10.104524060171293,0.9
nw_retrain_0103_approximately_parallel_easy_seed20260938,M0,25,0.55,1.064041572792545,0.7333333333333333
nw_retrain_0109_vertically_overlapping_easy_seed20261526,M0,25,0.847457627118644,14.650363324550744,0.8166666666666667
nw_retrain_0110_none_easy_seed20261624,M0,25,0.5886194029850746,6.147253381701354,0.8
nw_retrain_0119_converging_moderate_seed20262637,M0,25,0.8992537313432836,78.44011610067955,0.8833333333333334
nw_retrain_0121_vertically_overlapping_moderate_seed20262702,M0,25,0.7230769230769231,2.739309722464642,0.8833333333333334
nw_retrain_0122_vertically_overlapping_easy_seed20262800,M0,25,0.8495762711864406,35.196181864193115,0.8833333333333334
nw_retrain_0133_vertically_overlapping_moderate_seed20264009,M0,25,0.8619402985074627,24.344841149061242,0.8666666666666666
nw_retrain_0134_crossing_moderate_seed20264107,M0,25,0.85,7.292217413675452,0.9
nw_retrain_0141_crossing_easy_seed20264924,M0,25,0.8531746031746031,32.530701723941156,0.9
nw_retrain_0143_none_easy_seed20264858,M0,25,0.7807377049180327,8.785342209732947,0.8666666666666666
nw_retrain_0150_crossing_easy_seed20265675,M0,25,0.8463855421686747,3.529043775134088,0.8333333333333334
nw_retrain_0151_approximately_parallel_moderate_seed20265773,M0,25,0.819672131147541,4.566103136155908,0.85
nw_retrain_0156_crossing_easy_seed20266132,M0,25,0.8496376811594203,32.22810766194166,0.8666666666666666
nw_retrain_0158_vertically_overlapping_easy_seed20266328,M0,25,0.76,28.86161960998759,0.8833333333333334
nw_retrain_0161_none_easy_seed20266753,M0,25,0.845360824742268,14.081932759819981,0.8333333333333333
nw_retrain_0167_approximately_parallel_easy_seed20267472,M0,25,0.8135593220338984,66.92701399402229,0.8666666666666666
nw_retrain_0171_crossing_easy_seed20267864,M0,25,0.8098591549295775,3.2256930528404384,0.9
nw_retrain_0175_vertically_overlapping_easy_seed20267994,M0,25,0.7120253164556962,28.659856238564696,0.9
nw_retrain_0179_none_easy_seed20268517,M0,25,0.7772988505747126,29.342441062446294,0.8333333333333334
nw_retrain_0181_converging_easy_seed20268582,M0,25,0.805327868852459,15.703319452647282,0.8333333333333333
nw_retrain_0182_crossing_moderate_seed20268680,M0,25,0.6100746268656716,2.6890831523849346,0.7333333333333333
nw_retrain_0185_none_easy_seed20268974,M0,25,0.8453389830508474,7.696309573960924,0.9
nw_retrain_0187_vertically_overlapping_easy_seed20269170,M0,25,0.7559523809523809,18.374279774662412,0.8666666666666666
nw_retrain_0190_none_easy_seed20269464,M0,25,0.9048507462686567,6.0403291469610165,0.8833333333333334
nw_retrain_0191_approximately_parallel_easy_seed20269562,M0,25,0.6519230769230769,1.3681135329913527,0.7666666666666666
nw_retrain_0192_crossing_moderate_seed20269660,M0,25,0.9313186813186813,5.092954476258823,0.8166666666666667
nw_retrain_0203_converging_moderate_seed20270869,M0,25,0.8764367816091954,15.868874424347286,0.9
nw_retrain_0204_converging_hard_seed20270836,M0,25,0.8924731182795699,11.500293241159131,0.85
nw_retrain_0214_vertically_overlapping_easy_seed20271816,M0,25,0.6493506493506493,0.7918522117815532,0.8666666666666666
nw_retrain_0221_converging_moderate_seed20272633,M0,25,0.9263698630136986,9.840215932098923,0.8666666666666666
nw_retrain_0224_crossing_easy_seed20273058,M0,25,0.8571428571428571,3.51673881510404,0.8333333333333334
nw_retrain_0233_converging_hard_seed20273809,M0,25,0.8829365079365079,38.402010049947734,0.9
nw_retrain_0243_converging_hard_seed20274789,M0,25,0.8766233766233766,25.10499828619084,0.8833333333333334
nw_retrain_0248_vertically_overlapping_easy_seed20275410,M0,25,0.8041044776119403,17.60415783667667,0.9
nw_retrain_0250_vertically_overlapping_hard_seed20275475,M0,25,0.6867977528089888,5.933101385749029,0.7333333333333333
nw_retrain_0254_none_easy_seed20275736,M0,25,0.9016666666666666,2.388828760035902,0.85
nw_retrain_0258_approximately_parallel_easy_seed20276128,M0,25,0.6791044776119403,2.564265731875099,0.8666666666666666
nw_retrain_0266_none_easy_seed20276912,M0,25,0.8716666666666667,55.049892614285056,0.8833333333333332
nw_retrain_0270_approximately_parallel_easy_seed20277435,M0,25,0.5193661971830986,3.615867140789534,0.8166666666666667
nw_retrain_0292_approximately_parallel_easy_seed20279460,M0,25,0.574438202247191,1.836018667931415,0.7333333333333333
nw_retrain_0296_converging_moderate_seed20279983,M0,25,0.8084016393442623,1.1038650530700034,0.85
nw_retrain_0309_none_easy_seed20281257,M0,25,0.8241525423728814,24.456371068415347,0.8833333333333334
nw_retrain_0310_approximately_parallel_moderate_seed20281224,M0,25,0.8531746031746031,34.793089911400116,0.8333333333333334
nw_retrain_0314_vertically_overlapping_moderate_seed20281747,M0,25,0.7850877192982456,150.54457009660453,0.85
nw_retrain_0321_crossing_easy_seed20282302,M0,25,0.85,13.95668463632783,0.8833333333333334
nw_retrain_0322_converging_moderate_seed20282662,M0,25,0.8733333333333333,57.26813266553722,0.8833333333333334
nw_retrain_0323_converging_moderate_seed20282498,M0,25,0.8293650793650794,13.910569703818899,0.8833333333333334
nw_retrain_0326_converging_hard_seed20282923,M0,25,0.6711538461538461,1.3489400551490722,0.8166666666666667
nw_retrain_0332_crossing_moderate_seed20283380,M0,25,0.7623239436619719,11.938245130276696,0.8166666666666667
nw_retrain_0341_converging_moderate_seed20284393,M0,25,0.7459016393442623,30.303601570122566,0.7666666666666666
nw_retrain_0344_converging_easy_seed20284556,M0,25,0.7563559322033898,6.7383887543205745,0.8666666666666666
nw_retrain_0346_vertically_overlapping_moderate_seed20285014,M0,25,0.8072033898305084,5.427081659100185,0.8833333333333334
nw_retrain_0359_vertically_overlapping_moderate_seed20286026,M0,25,0.8305084745762712,18.39405910031467,0.8666666666666666
nw_retrain_0363_vertically_overlapping_hard_seed20286418,M0,25,0.8890845070422535,23.62375596364147,0.85
nw_retrain_0365_none_easy_seed20286614,M0,25,0.8095238095238095,12.752809619592366,0.9
nw_retrain_0369_crossing_easy_seed20287006,M0,25,0.8865384615384615,3.763989262531234,0.8666666666666666
nw_retrain_0380_none_easy_seed20288346,M0,25,0.8691176470588236,17.05904200983071,0.9
nw_retrain_0384_approximately_parallel_moderate_seed20288738,M0,25,0.8611111111111112,71.9023233726492,0.8333333333333334
nw_retrain_0385_crossing_hard_seed20288574,M0,25,0.8934426229508197,41.66303665068726,0.8666666666666666
nw_retrain_0386_none_easy_seed20288803,M0,25,0.8234126984126984,3.4917748114031917,0.8333333333333334
nw_retrain_0389_vertically_overlapping_easy_seed20289228,M0,25,0.8822463768115942,11.558665656262487,0.8166666666666667
nw_retrain_0392_approximately_parallel_moderate_seed20289260,M0,25,0.8665254237288136,5.522322465340903,0.8
nw_retrain_0404_none_easy_seed20290436,M0,25,0.8351449275362319,5.146003282893416,0.8166666666666667
nw_retrain_0405_vertically_overlapping_hard_seed20290534,M0,25,0.8467741935483871,19.520652448864062,0.9166666666666666
nw_retrain_0408_crossing_easy_seed20291090,M0,25,0.7960526315789473,2.2839564970954163,0.8333333333333334
nw_retrain_0409_vertically_overlapping_easy_seed20291319,M0,25,0.7676056338028169,7.10354824265705,0.7833333333333333
nw_retrain_0413_vertically_overlapping_easy_seed20291842,M0,25,0.9145569620253164,18.923078522120232,0.8333333333333334
nw_retrain_0415_approximately_parallel_easy_seed20291645,M0,25,0.7692307692307693,4.2199679803066585,0.8666666666666666
nw_retrain_0416_approximately_parallel_easy_seed20291743,M0,25,0.8728813559322034,16.407997837146052,0.8833333333333334
nw_retrain_0420_converging_moderate_seed20292004,M0,25,0.6931818181818182,13.210737006521162,0.8333333333333334
nw_retrain_0426_vertically_overlapping_hard_seed20292592,M0,25,0.7717391304347826,4.032189726098542,0.8666666666666666
nw_retrain_0431_none_easy_seed20293082,M0,25,0.8552631578947368,35.948842612772296,0.8666666666666666
nw_retrain_0432_converging_moderate_seed20293311,M0,25,0.8955696202531646,2.4588917529383805,0.85
nw_retrain_0436_none_easy_seed20293834,M0,25,0.8,4.8705155157853985,0.85
nw_retrain_0437_none_easy_seed20293670,M0,25,0.8409090909090909,18.083471600905618,0.8833333333333334
nw_retrain_0445_none_easy_seed20294454,M0,25,0.822463768115942,6.759566782982075,0.8833333333333334
nw_retrain_0446_none_easy_seed20294552,M0,25,0.7848101265822784,7.131176496708571,0.7833333333333333
nw_retrain_0453_converging_hard_seed20295238,M0,25,0.7161016949152542,14.276380422596592,0.8666666666666666
nw_retrain_0455_converging_easy_seed20295434,M0,25,0.7341269841269841,21.30427120707685,0.85
nw_retrain_0459_vertically_overlapping_moderate_seed20296088,M0,25,0.8253424657534246,13.073973123832891,0.85
nw_retrain_0465_vertically_overlapping_hard_seed20296545,M0,25,0.7365591397849462,32.00192468727361,0.85
nw_retrain_0468_converging_moderate_seed20296839,M0,25,0.7946428571428571,1.6273075572928437,0.8333333333333333
nw_retrain_0471_none_easy_seed20297002,M0,25,0.751984126984127,4.293086439780847,0.8666666666666666
nw_retrain_0472_vertically_overlapping_moderate_seed20297231,M0,25,0.8029661016949152,7.187086925002492,0.8833333333333334
nw_retrain_0473_converging_moderate_seed20297198,M0,25,0.8432539682539683,4.499054262096407,0.9166666666666666
nw_retrain_0479_converging_easy_seed20297786,M0,25,0.8545081967213115,24.481326501959906,0.8666666666666666
nw_retrain_0486_none_easy_seed20298603,M0,25,0.9241573033707865,19.473450976823386,0.8333333333333334
nw_retrain_0487_converging_easy_seed20298701,M0,25,0.8411764705882353,1.6461078508386007,0.9
nw_retrain_0493_approximately_parallel_easy_seed20299158,M0,25,0.7980769230769231,28.191921046324204,0.8
nw_retrain_0495_vertically_overlapping_moderate_seed20299354,M0,25,0.9126506024096386,2.732994153826874,0.9333333333333333
nw_retrain_0500_crossing_easy_seed20299975,M0,25,0.8208955223880597,15.817240100525868,0.85
nw_retrain_0505_crossing_easy_seed22078110,M0,25,0.8820422535211268,39.93437551168494,0.9166666666666666
nw_retrain_0516_none_easy_seed22079712,M0,25,0.9507042253521126,25.65560238646255,0.9
nw_retrain_0523_converging_easy_seed22079874,M0,25,0.855,10.303177263667205,0.85
nw_retrain_0541_crossing_hard_seed22081769,M0,25,0.7705882352941177,3.71933417309729,0.8666666666666666
nw_retrain_0546_none_easy_seed22082128,M0,25,0.7779850746268657,3.798323314765809,0.8833333333333334
nw_retrain_0547_approximately_parallel_moderate_seed22082619,M0,25,0.664179104477612,1.769739708372763,0.8333333333333334
nw_retrain_0553_none_easy_seed22082814,M0,25,0.9102112676056338,22.02549774305312,0.9166666666666666
nw_retrain_0562_crossing_moderate_seed22083696,M0,25,0.8013698630136986,4.572380952575304,0.95
nw_retrain_0566_vertically_overlapping_moderate_seed22084088,M0,25,0.7192622950819673,2.6066765806233025,0.8666666666666666
nw_retrain_0570_crossing_easy_seed22084742,M0,25,0.8944805194805194,18.123026723714986,0.85
nw_retrain_0581_converging_hard_seed22085689,M0,25,0.5905797101449275,5.358767620056971,0.7833333333333333
nw_retrain_0596_approximately_parallel_hard_seed22087028,M0,25,0.8181818181818182,11.062411632251866,0.8666666666666666
nw_retrain_0600_converging_easy_seed22087551,M0,25,0.5915492957746479,6.112374064315149,0.85
nw_dual_val_001,BG,51,0.657608695652174,0.7763801475906444,0.8333333333333334
nw_dual_val_002,BG,51,0.6343283582089553,1.160307891622076,0.8
nw_dual_val_003,BG,51,0.7133757961783439,1.195459762779882,0.85
nw_dual_val_004,BG,51,0.6355263157894737,0.643817331073725,0.8333333333333334
nw_dual_val_005,BG,51,0.7883333333333333,3.221892782399773,0.8333333333333334
nw_dual_val_006,BG,51,0.6440677966101694,1.1513352416415832,0.8
nw_dual_val_007,BG,51,0.7980769230769231,1.447018457008166,0.8833333333333334
nw_dual_val_008,BG,51,0.7279549718574109,0.7730298761822268,0.7166666666666666
nw_dual_val_009,BG,51,0.7587719298245614,3.8324450834946595,0.8333333333333334
nw_dual_val_010,BG,51,0.7982456140350878,0.9040498910839831,0.8666666666666666
nw_dual_val_011,BG,51,0.6781818181818182,1.1876517300240148,0.7833333333333333
nw_dual_val_012,BG,51,0.8333333333333334,1.7869301441080174,0.8333333333333334
nw_dual_val_013,BG,51,0.7686567164179104,3.7294725500405477,0.8333333333333334
nw_dual_val_014,BG,51,0.7341269841269841,0.934546757608407,0.8
nw_dual_val_015,BG,51,0.7019230769230769,2.157773535301008,0.85
nw_dual_val_016,BG,51,0.7467532467532467,1.4517841185197167,0.8333333333333334
nw_dual_val_017,BG,51,0.7686567164179104,1.3172602420329136,0.8
nw_dual_val_018,BG,51,0.7777777777777778,9.220285368024438,0.8
nw_dual_val_019,BG,51,0.629950495049505,0.9444676172652511,0.7666666666666666
nw_dual_val_020,BG,51,0.7236842105263158,1.297780446953744,0.7833333333333333
nw_dual_val_021,BG,51,0.7835820895522388,1.0179800421160556,0.8333333333333334
nw_dual_val_022,BG,51,0.7149122807017544,1.9568259594799913,0.8333333333333334
nw_dual_val_023,BG,51,0.7916666666666666,0.9161125539417313,0.8
nw_dual_val_024,BG,51,0.7098591549295775,0.4849141518820983,0.7666666666666666
nw_dual_val_025,BG,51,0.6080508474576272,1.5170336705242415,0.7833333333333333
nw_dual_val_026,BG,51,0.8297101449275363,2.2079635940586924,0.85
nw_dual_val_027,BG,51,0.7950819672131147,1.0215988476856102,0.8166666666666667
nw_dual_val_028,BG,51,0.7301587301587301,0.5386908774226647,0.8666666666666666
nw_dual_val_029,BG,51,0.6842105263157895,0.9619303727589781,0.8
nw_dual_val_030,BG,51,0.6844262295081968,0.424114616682896,0.8
nw_dual_val_031,BG,51,0.6825396825396826,1.5900559281394828,0.8
nw_dual_val_032,BG,51,0.8117088607594937,2.2416783396746616,0.8
nw_dual_val_033,BG,51,0.8351449275362319,3.4220309828264135,0.8666666666666666
nw_dual_val_034,BG,51,0.7318181818181818,1.8664258390849473,0.8333333333333334
nw_dual_val_035,BG,51,0.668859649122807,1.4915686685692482,0.8
nw_dual_val_036,BG,51,0.7334710743801653,0.7562030532184075,0.8
nw_dual_val_037,BG,51,0.7674050632911392,3.5945916363439245,0.8
nw_dual_val_038,BG,51,0.6026119402985075,1.4291231438377303,0.8
nw_dual_val_039,BG,51,0.7145522388059702,4.602170376081505,0.8
nw_dual_val_040,BG,51,0.7483766233766234,0.878002589260185,0.9166666666666666
nw_dual_val_041,BG,51,0.7349397590361446,0.31451212052844724,0.8
nw_dual_val_042,BG,51,0.7469879518072289,3.0103297677981162,0.8
nw_dual_val_043,BG,51,0.6822033898305084,1.9871307700558405,0.85
nw_dual_val_044,BG,51,0.7323943661971831,3.311562778029878,0.8166666666666667
nw_dual_val_045,BG,51,0.6735074626865671,0.5183261123378285,0.8666666666666666
nw_dual_val_046,BG,51,0.754746835443038,2.025882658370318,0.7333333333333333
nw_dual_val_047,BG,51,0.8033012379642366,0.8566409855935861,0.85
nw_dual_val_048,BG,51,0.8133116883116883,2.900795029760931,0.8
nw_dual_val_049,BG,51,0.7800632911392406,2.320564070030453,0.8
nw_dual_val_050,BG,51,0.7159090909090909,0.37876684956533246,0.8
nw_dual_val_051,BG,51,0.7912524850894632,0.8341406327632424,0.8666666666666666
nw_dual_val_052,BG,51,0.6983333333333334,0.29035054527324583,0.85
nw_dual_val_053,BG,51,0.7321428571428571,0.6408216683225297,0.8166666666666667
nw_dual_val_054,BG,51,0.7916666666666666,0.7616371383194517,0.8333333333333334
nw_dual_val_055,BG,51,0.7619047619047619,0.824569586252057,0.8
nw_dual_val_056,BG,51,0.7711267605633803,1.659517933698487,0.8666666666666666
nw_dual_val_057,BG,51,0.6558219178082192,1.1386390972309601,0.8
nw_dual_val_058,BG,51,0.8004385964912281,4.265559192251072,0.8333333333333334
nw_dual_val_059,BG,51,0.6983333333333334,1.5979338832158299,0.7833333333333333
nw_dual_val_060,BG,51,0.6884615384615385,1.782563779615386,0.8333333333333333
nw_retrain_0006_none_easy_seed20251432,BG,51,0.8132022471910112,17.632794555612392,0.8166666666666667
nw_retrain_0010_crossing_moderate_seed20251824,BG,51,0.9104477611940298,37.3499295850124,0.8833333333333334
nw_retrain_0014_vertically_overlapping_hard_seed20252216,BG,51,0.8088235294117647,5.2980240230653335,0.8833333333333334
nw_retrain_0016_vertically_overlapping_easy_seed20252543,BG,51,0.8801369863013698,10.665525956081575,0.85
nw_retrain_0017_approximately_parallel_moderate_seed20252641,BG,51,0.8880597014925373,32.756734465608055,0.85
nw_retrain_0023_crossing_easy_seed20253098,BG,51,0.8135593220338984,6.838430042805157,0.8666666666666666
nw_retrain_0024_converging_hard_seed20253196,BG,51,0.875,54.4157561978158,0.85
nw_retrain_0061_vertically_overlapping_moderate_seed20257346,BG,51,0.862012987012987,3.2832566194200012,0.9
nw_retrain_0068_crossing_easy_seed20257639,BG,51,0.8711538461538462,5.438521672911443,0.8833333333333332
nw_retrain_0077_none_easy_seed20258521,BG,51,0.8544776119402985,5.1176015438813,0.8833333333333334
nw_retrain_0078_converging_easy_seed20258488,BG,51,0.8785211267605634,105.21076016057069,0.85
nw_retrain_0086_vertically_overlapping_hard_seed20259272,BG,51,0.7416666666666667,2.3912235063525324,0.8833333333333334
nw_retrain_0089_none_easy_seed20259828,BG,51,0.7903225806451613,35.93925325424925,0.8833333333333334
nw_retrain_0091_approximately_parallel_moderate_seed20259762,BG,51,0.8243670886075949,40.54300707582218,0.8666666666666666
nw_retrain_0095_crossing_easy_seed20260285,BG,51,0.8095238095238095,11.906340682275292,0.8333333333333334
nw_retrain_0099_vertically_overlapping_easy_seed20260677,BG,51,0.8181818181818182,4.632200579325489,0.8666666666666666
nw_retrain_0103_approximately_parallel_easy_seed20260938,BG,51,0.5838235294117647,1.58626301430508,0.7666666666666666
nw_retrain_0109_vertically_overlapping_easy_seed20261526,BG,51,0.8601694915254238,11.70829176922101,0.8666666666666666
nw_retrain_0110_none_easy_seed20261624,BG,51,0.6380597014925373,3.67095852394822,0.7333333333333333
nw_retrain_0119_converging_moderate_seed20262637,BG,51,0.9029850746268657,82.29026762952552,0.9166666666666666
nw_retrain_0121_vertically_overlapping_moderate_seed20262702,BG,51,0.7865384615384615,2.861827508299363,0.8666666666666666
nw_retrain_0122_vertically_overlapping_easy_seed20262800,BG,51,0.8495762711864406,64.54529122427178,0.8666666666666666
nw_retrain_0133_vertically_overlapping_moderate_seed20264009,BG,51,0.8861940298507462,24.869353981752745,0.8833333333333334
nw_retrain_0134_crossing_moderate_seed20264107,BG,51,0.8333333333333334,6.220264447902813,0.85
nw_retrain_0141_crossing_easy_seed20264924,BG,51,0.8075396825396826,30.651924118448953,0.8
nw_retrain_0143_none_easy_seed20264858,BG,51,0.8094262295081968,13.255452007623584,0.8
nw_retrain_0150_crossing_easy_seed20265675,BG,51,0.822289156626506,28.68860112030314,0.8666666666666666
nw_retrain_0151_approximately_parallel_moderate_seed20265773,BG,51,0.8114754098360656,4.212796754259439,0.9
nw_retrain_0156_crossing_easy_seed20266132,BG,51,0.8387681159420289,19.465149764203385,0.85
nw_retrain_0158_vertically_overlapping_easy_seed20266328,BG,51,0.7216666666666667,37.63310182328196,0.8666666666666666
nw_retrain_0161_none_easy_seed20266753,BG,51,0.8298969072164949,23.67159118589731,0.8333333333333334
nw_retrain_0167_approximately_parallel_easy_seed20267472,BG,51,0.8050847457627118,71.18614049942398,0.8
nw_retrain_0171_crossing_easy_seed20267864,BG,51,0.8151408450704225,25.60139730755003,0.9
nw_retrain_0175_vertically_overlapping_easy_seed20267994,BG,51,0.7389240506329114,86.92560554654476,0.8833333333333334
nw_retrain_0179_none_easy_seed20268517,BG,51,0.7600574712643678,25.36704884622807,0.8166666666666667
nw_retrain_0181_converging_easy_seed20268582,BG,51,0.8647540983606558,36.11508058042459,0.9
nw_retrain_0182_crossing_moderate_seed20268680,BG,51,0.6268656716417911,1.7219576881088916,0.7666666666666666
nw_retrain_0185_none_easy_seed20268974,BG,51,0.8114406779661016,15.74089170240278,0.8333333333333334
nw_retrain_0187_vertically_overlapping_easy_seed20269170,BG,51,0.7182539682539683,12.531117104067503,0.8833333333333334
nw_retrain_0190_none_easy_seed20269464,BG,51,0.8936567164179104,5.27786666130549,0.8333333333333334
nw_retrain_0191_approximately_parallel_easy_seed20269562,BG,51,0.6634615384615384,1.4284315172889037,0.8166666666666667
nw_retrain_0192_crossing_moderate_seed20269660,BG,51,0.9120879120879121,14.21542626721831,0.8666666666666666
nw_retrain_0203_converging_moderate_seed20270869,BG,51,0.8936781609195402,16.028988913007275,0.85
nw_retrain_0204_converging_hard_seed20270836,BG,51,0.8682795698924731,38.37964945544475,0.8833333333333334
nw_retrain_0214_vertically_overlapping_easy_seed20271816,BG,51,0.6607142857142857,0.927737228743237,0.8666666666666666
nw_retrain_0221_converging_moderate_seed20272633,BG,51,0.9143835616438356,13.074808716534529,0.8666666666666666
nw_retrain_0224_crossing_easy_seed20273058,BG,51,0.9007936507936508,26.03578431027829,0.85
nw_retrain_0233_converging_hard_seed20273809,BG,51,0.8333333333333334,64.43340790393718,0.8333333333333334
nw_retrain_0243_converging_hard_seed20274789,BG,51,0.8506493506493507,26.905230622409004,0.8833333333333334
nw_retrain_0248_vertically_overlapping_easy_seed20275410,BG,51,0.7257462686567164,36.67372477839154,0.8333333333333334
nw_retrain_0250_vertically_overlapping_hard_seed20275475,BG,51,0.6685393258426966,5.7279347357748716,0.75
nw_retrain_0254_none_easy_seed20275736,BG,51,0.8666666666666667,127.63696402450196,0.8666666666666666
nw_retrain_0258_approximately_parallel_easy_seed20276128,BG,51,0.6772388059701493,5.819230156816766,0.7166666666666666
nw_retrain_0266_none_easy_seed20276912,BG,51,0.84,48.84934075506795,0.8333333333333333
nw_retrain_0270_approximately_parallel_easy_seed20277435,BG,51,0.5686619718309859,0.8222251919924943,0.8
nw_retrain_0292_approximately_parallel_easy_seed20279460,BG,51,0.49859550561797755,1.621863560569811,0.7166666666666666
nw_retrain_0296_converging_moderate_seed20279983,BG,51,0.7745901639344263,3.097615707205876,0.85
nw_retrain_0309_none_easy_seed20281257,BG,51,0.8516949152542372,21.595155350428392,0.9166666666666666
nw_retrain_0310_approximately_parallel_moderate_seed20281224,BG,51,0.8968253968253969,55.60451356063254,0.8666666666666666
nw_retrain_0314_vertically_overlapping_moderate_seed20281747,BG,51,0.7807017543859649,45.64443098754674,0.8166666666666667
nw_retrain_0321_crossing_easy_seed20282302,BG,51,0.8602941176470589,14.250007928314986,0.8666666666666666
nw_retrain_0322_converging_moderate_seed20282662,BG,51,0.89,3.72005635469849,0.9
nw_retrain_0323_converging_moderate_seed20282498,BG,51,0.7896825396825397,8.103034024012684,0.85
nw_retrain_0326_converging_hard_seed20282923,BG,51,0.6846153846153846,2.4295201323433693,0.8166666666666667
nw_retrain_0332_crossing_moderate_seed20283380,BG,51,0.7834507042253521,8.824769888047328,0.85
nw_retrain_0341_converging_moderate_seed20284393,BG,51,0.7622950819672131,14.426597166638782,0.7833333333333333
nw_retrain_0344_converging_easy_seed20284556,BG,51,0.8029661016949152,8.330876470556984,0.9
nw_retrain_0346_vertically_overlapping_moderate_seed20285014,BG,51,0.7923728813559322,10.600069982561626,0.8666666666666666
nw_retrain_0359_vertically_overlapping_moderate_seed20286026,BG,51,0.8241525423728814,15.169073075015984,0.8166666666666667
nw_retrain_0363_vertically_overlapping_hard_seed20286418,BG,51,0.9066901408450704,10.579649353291744,0.9
nw_retrain_0365_none_easy_seed20286614,BG,51,0.7896825396825397,8.364834215991635,0.9
nw_retrain_0369_crossing_easy_seed20287006,BG,51,0.8865384615384615,3.098740398947511,0.7833333333333333
nw_retrain_0380_none_easy_seed20288346,BG,51,0.8441176470588235,24.648839795826227,0.9
nw_retrain_0384_approximately_parallel_moderate_seed20288738,BG,51,0.876984126984127,45.26260585875096,0.8333333333333334
nw_retrain_0385_crossing_hard_seed20288574,BG,51,0.9077868852459017,18.226191770569237,0.85
nw_retrain_0386_none_easy_seed20288803,BG,51,0.8551587301587301,10.326890756626995,0.8833333333333334
nw_retrain_0389_vertically_overlapping_easy_seed20289228,BG,51,0.8894927536231884,21.859994642099352,0.8166666666666667
nw_retrain_0392_approximately_parallel_moderate_seed20289260,BG,51,0.8453389830508474,47.1557868365047,0.85
nw_retrain_0404_none_easy_seed20290436,BG,51,0.8315217391304348,2.4951570522798656,0.8666666666666666
nw_retrain_0405_vertically_overlapping_hard_seed20290534,BG,51,0.8266129032258065,2.747783669763487,0.8666666666666666
nw_retrain_0408_crossing_easy_seed20291090,BG,51,0.8114035087719298,3.403588702491896,0.8166666666666667
nw_retrain_0409_vertically_overlapping_easy_seed20291319,BG,51,0.7411971830985915,6.064519727331552,0.85
nw_retrain_0413_vertically_overlapping_easy_seed20291842,BG,51,0.9066455696202531,8.27359736421139,0.8333333333333334
nw_retrain_0415_approximately_parallel_easy_seed20291645,BG,51,0.7865384615384615,1.3507651874321522,0.8333333333333334
nw_retrain_0416_approximately_parallel_easy_seed20291743,BG,51,0.8686440677966102,44.893365617535025,0.8666666666666666
nw_retrain_0420_converging_moderate_seed20292004,BG,51,0.7,9.19222372121297,0.8666666666666666
nw_retrain_0426_vertically_overlapping_hard_seed20292592,BG,51,0.7282608695652174,6.4213885278970295,0.7833333333333333
nw_retrain_0431_none_easy_seed20293082,BG,51,0.8552631578947368,18.015634431239512,0.8166666666666667
nw_retrain_0432_converging_moderate_seed20293311,BG,51,0.8670886075949367,13.151413459508879,0.8
nw_retrain_0436_none_easy_seed20293834,BG,51,0.7769230769230769,24.063487709823068,0.85
nw_retrain_0437_none_easy_seed20293670,BG,51,0.8084415584415584,20.76398359877942,0.85
nw_retrain_0445_none_easy_seed20294454,BG,51,0.7898550724637681,5.170024196829614,0.9
nw_retrain_0446_none_easy_seed20294552,BG,51,0.7246835443037974,7.732902074180839,0.8333333333333334
nw_retrain_0453_converging_hard_seed20295238,BG,51,0.576271186440678,18.38759554552514,0.8166666666666667
nw_retrain_0455_converging_easy_seed20295434,BG,51,0.7083333333333334,27.65807705206181,0.8666666666666666
nw_retrain_0459_vertically_overlapping_moderate_seed20296088,BG,51,0.8202054794520548,27.486905342847116,0.8833333333333334
nw_retrain_0465_vertically_overlapping_hard_seed20296545,BG,51,0.7271505376344086,39.13468959727605,0.85
nw_retrain_0468_converging_moderate_seed20296839,BG,51,0.836038961038961,12.53308295404803,0.9
nw_retrain_0471_none_easy_seed20297002,BG,51,0.7698412698412699,10.405920483093372,0.8166666666666667
nw_retrain_0472_vertically_overlapping_moderate_seed20297231,BG,51,0.798728813559322,14.567259080324728,0.85
nw_retrain_0473_converging_moderate_seed20297198,BG,51,0.8075396825396826,33.6141127390501,0.8666666666666666
nw_retrain_0479_converging_easy_seed20297786,BG,51,0.8586065573770492,13.641660863821652,0.8333333333333334
nw_retrain_0486_none_easy_seed20298603,BG,51,0.9185393258426966,71.26824806628707,0.85
nw_retrain_0487_converging_easy_seed20298701,BG,51,0.8308823529411765,2.4908680528029628,0.8833333333333334
nw_retrain_0493_approximately_parallel_easy_seed20299158,BG,51,0.8153846153846154,22.92041127850688,0.8333333333333333
nw_retrain_0495_vertically_overlapping_moderate_seed20299354,BG,51,0.8945783132530121,166.52909036735437,0.9333333333333333
nw_retrain_0500_crossing_easy_seed20299975,BG,51,0.7817164179104478,2.1448315244310763,0.8333333333333334
nw_retrain_0505_crossing_easy_seed22078110,BG,51,0.8767605633802817,25.29837119628217,0.8666666666666666
nw_retrain_0516_none_easy_seed22079712,BG,51,0.903169014084507,13.106666406967268,0.8333333333333333
nw_retrain_0523_converging_easy_seed22079874,BG,51,0.8266666666666667,2.929825316117968,0.8333333333333333
nw_retrain_0541_crossing_hard_seed22081769,BG,51,0.7382352941176471,4.046176889585388,0.85
nw_retrain_0546_none_easy_seed22082128,BG,51,0.7611940298507462,21.779593249545584,0.8666666666666666
nw_retrain_0547_approximately_parallel_moderate_seed22082619,BG,51,0.6268656716417911,4.132745595989213,0.7833333333333333
nw_retrain_0553_none_easy_seed22082814,BG,51,0.903169014084507,17.24851862396379,0.8
nw_retrain_0562_crossing_moderate_seed22083696,BG,51,0.7174657534246576,13.40256089002494,0.9333333333333333
nw_retrain_0566_vertically_overlapping_moderate_seed22084088,BG,51,0.735655737704918,4.83337021662851,0.85
nw_retrain_0570_crossing_easy_seed22084742,BG,51,0.9090909090909091,12.20393774421417,0.8666666666666666
nw_retrain_0581_converging_hard_seed22085689,BG,51,0.5452898550724637,2.3236912874135824,0.75
nw_retrain_0596_approximately_parallel_hard_seed22087028,BG,51,0.7795454545454545,14.718324158538866,0.8166666666666667
nw_retrain_0600_converging_easy_seed22087551,BG,51,0.6584507042253521,3.045676690353493,0.8
nw_dual_val_001,BR,30,0.7481884057971014,2.309626862596285,0.8333333333333334
nw_dual_val_002,BR,30,0.6529850746268657,2.5977927612401976,0.8
nw_dual_val_003,BR,30,0.7515923566878981,1.6576483643026863,0.8833333333333334
nw_dual_val_004,BR,30,0.631578947368421,3.047773047401696,0.8666666666666666
nw_dual_val_005,BR,30,0.825,1.9522653292014076,0.8333333333333334
nw_dual_val_006,BR,30,0.7669491525423728,1.2642164676365943,0.9
nw_dual_val_007,BR,30,0.8076923076923077,0.8447385252489111,0.8833333333333334
nw_dual_val_008,BR,30,0.7213883677298312,1.821424492907561,0.7833333333333333
nw_dual_val_009,BR,30,0.75,5.123930184141407,0.8333333333333334
nw_dual_val_010,BR,30,0.8530701754385965,2.991034958286929,0.8666666666666666
nw_dual_val_011,BR,30,0.8063636363636364,0.3974234651305221,0.8333333333333334
nw_dual_val_012,BR,30,0.7681159420289855,1.1715190351224345,0.8166666666666667
nw_dual_val_013,BR,30,0.7854477611940298,2.193769289133413,0.8
nw_dual_val_014,BR,30,0.6964285714285714,1.2162612656517016,0.7833333333333333
nw_dual_val_015,BR,30,0.7807692307692308,1.1077991007207806,0.8666666666666666
nw_dual_val_016,BR,30,0.7727272727272727,0.6621710822813351,0.8
nw_dual_val_017,BR,30,0.7742537313432836,0.8152477887844414,0.8333333333333334
nw_dual_val_018,BR,30,0.7896825396825397,8.609979573584559,0.85
nw_dual_val_019,BR,30,0.7103960396039604,0.22439209859138048,0.8166666666666667
nw_dual_val_020,BR,30,0.8377192982456141,1.2522126124748287,0.7833333333333333
nw_dual_val_021,BR,30,0.6791044776119403,2.633398802802338,0.8166666666666667
nw_dual_val_022,BR,30,0.7850877192982456,2.259706973663723,0.8166666666666667
nw_dual_val_023,BR,30,0.85,0.48173568594974475,0.7833333333333333
nw_dual_val_024,BR,30,0.7492957746478873,0.44799758270307877,0.8
nw_dual_val_025,BR,30,0.7330508474576272,0.4123605033378469,0.9
nw_dual_val_026,BR,30,0.8242753623188406,6.717590256672946,0.8666666666666666
nw_dual_val_027,BR,30,0.8258196721311475,1.2216296303266616,0.8333333333333334
nw_dual_val_028,BR,30,0.7777777777777778,1.13217792769815,0.8166666666666667
nw_dual_val_029,BR,30,0.7324561403508771,1.7356779412541745,0.8166666666666667
nw_dual_val_030,BR,30,0.6987704918032787,0.49431742236336235,0.8
nw_dual_val_031,BR,30,0.7142857142857143,2.12253506882256,0.7833333333333333
nw_dual_val_032,BR,30,0.8449367088607594,9.392832240309414,0.8
nw_dual_val_033,BR,30,0.8876811594202898,1.4806087166900548,0.9
nw_dual_val_034,BR,30,0.7954545454545454,2.1912112029523603,0.8833333333333334
nw_dual_val_035,BR,30,0.7839912280701754,0.20696517421043747,0.8333333333333334
nw_dual_val_036,BR,30,0.7995867768595041,2.6195421503945937,0.8
nw_dual_val_037,BR,30,0.7183544303797469,1.517339491530167,0.8166666666666667
nw_dual_val_038,BR,30,0.6119402985074627,2.281265091069631,0.8666666666666666
nw_dual_val_039,BR,30,0.7332089552238806,4.022553122145915,0.8166666666666667
nw_dual_val_040,BR,30,0.8003246753246753,2.386473477854807,0.95
nw_dual_val_041,BR,30,0.7530120481927711,1.0343512302526192,0.8
nw_dual_val_042,BR,30,0.7424698795180723,2.3136556375748176,0.7833333333333333
nw_dual_val_043,BR,30,0.739406779661017,0.940919698670274,0.8666666666666666
nw_dual_val_044,BR,30,0.6813380281690141,6.421772905248257,0.8166666666666667
nw_dual_val_045,BR,30,0.8003731343283582,0.2899212217648715,0.8833333333333334
nw_dual_val_046,BR,30,0.8164556962025317,0.675992670799013,0.8333333333333334
nw_dual_val_047,BR,30,0.8005502063273727,0.6563857682817774,0.8166666666666667
nw_dual_val_048,BR,30,0.8327922077922078,1.0060388683767232,0.8333333333333334
nw_dual_val_049,BR,30,0.7856012658227848,2.6742215390943094,0.8166666666666667
nw_dual_val_050,BR,30,0.7581168831168831,0.46199022222495056,0.8333333333333334
nw_dual_val_051,BR,30,0.7833001988071571,2.7293420588988306,0.8333333333333334
nw_dual_val_052,BR,30,0.6783333333333333,0.8070040716657413,0.85
nw_dual_val_053,BR,30,0.6931818181818182,1.4600736678161195,0.8
nw_dual_val_054,BR,30,0.8194444444444444,1.0229012802953728,0.8833333333333334
nw_dual_val_055,BR,30,0.7896825396825397,0.854579343795475,0.8333333333333334
nw_dual_val_056,BR,30,0.8538732394366197,3.2071675379904954,0.8833333333333334
nw_dual_val_057,BR,30,0.7842465753424658,1.5491592205989657,0.8
nw_dual_val_058,BR,30,0.7785087719298246,0.839712636318116,0.9
nw_dual_val_059,BR,30,0.72,0.5444663844670113,0.8
nw_dual_val_060,BR,30,0.7576923076923077,1.6127793409637825,0.8333333333333333
nw_retrain_0006_none_easy_seed20251432,BR,30,0.8286516853932584,15.578538783203223,0.85
nw_retrain_0010_crossing_moderate_seed20251824,BR,30,0.9272388059701493,18.94126511819686,0.9
nw_retrain_0014_vertically_overlapping_hard_seed20252216,BR,30,0.8294117647058824,7.2984562774653226,0.9166666666666666
nw_retrain_0016_vertically_overlapping_easy_seed20252543,BR,30,0.886986301369863,5.237415821725948,0.8833333333333334
nw_retrain_0017_approximately_parallel_moderate_seed20252641,BR,30,0.9104477611940298,11.685631316248124,0.9166666666666666
nw_retrain_0023_crossing_easy_seed20253098,BR,30,0.8241525423728814,10.070488911660428,0.8666666666666666
nw_retrain_0024_converging_hard_seed20253196,BR,30,0.9035087719298246,39.689834089128084,0.8666666666666666
nw_retrain_0061_vertically_overlapping_moderate_seed20257346,BR,30,0.8311688311688312,2.2900633406381368,0.8833333333333334
nw_retrain_0068_crossing_easy_seed20257639,BR,30,0.85,9.968880538071646,0.8666666666666666
nw_retrain_0077_none_easy_seed20258521,BR,30,0.8917910447761194,2.957238586872015,0.9
nw_retrain_0078_converging_easy_seed20258488,BR,30,0.8943661971830986,111.75823610715278,0.9333333333333333
nw_retrain_0086_vertically_overlapping_hard_seed20259272,BR,30,0.7833333333333333,6.8237061949090005,0.8833333333333334
nw_retrain_0089_none_easy_seed20259828,BR,30,0.8091397849462365,10.690143247018346,0.9
nw_retrain_0091_approximately_parallel_moderate_seed20259762,BR,30,0.8528481012658228,12.885687027051992,0.8666666666666666
nw_retrain_0095_crossing_easy_seed20260285,BR,30,0.8392857142857143,18.762836910936763,0.8833333333333334
nw_retrain_0099_vertically_overlapping_easy_seed20260677,BR,30,0.8522727272727273,5.370243378118888,0.8666666666666666
nw_retrain_0103_approximately_parallel_easy_seed20260938,BR,30,0.5191176470588236,2.341700151732941,0.7666666666666666
nw_retrain_0109_vertically_overlapping_easy_seed20261526,BR,30,0.8580508474576272,13.837024654902104,0.8333333333333334
nw_retrain_0110_none_easy_seed20261624,BR,30,0.7182835820895522,3.2488721420529734,0.8
nw_retrain_0119_converging_moderate_seed20262637,BR,30,0.9104477611940298,78.22008712641123,0.9
nw_retrain_0121_vertically_overlapping_moderate_seed20262702,BR,30,0.7480769230769231,2.631766701582025,0.8666666666666666
nw_retrain_0122_vertically_overlapping_easy_seed20262800,BR,30,0.8389830508474576,36.70480258576126,0.85
nw_retrain_0133_vertically_overlapping_moderate_seed20264009,BR,30,0.8432835820895522,23.106271271513567,0.8166666666666667
nw_retrain_0134_crossing_moderate_seed20264107,BR,30,0.855,5.759683306924036,0.8666666666666666
nw_retrain_0141_crossing_easy_seed20264924,BR,30,0.8194444444444444,43.4715090894159,0.8833333333333334
nw_retrain_0143_none_easy_seed20264858,BR,30,0.7930327868852459,6.172001784990351,0.8666666666666666
nw_retrain_0150_crossing_easy_seed20265675,BR,30,0.8463855421686747,2.500609275786362,0.8833333333333334
nw_retrain_0151_approximately_parallel_moderate_seed20265773,BR,30,0.8135245901639344,4.124225826834918,0.9
nw_retrain_0156_crossing_easy_seed20266132,BR,30,0.8351449275362319,30.74359145550448,0.8666666666666666
nw_retrain_0158_vertically_overlapping_easy_seed20266328,BR,30,0.7316666666666667,20.503269480791523,0.8833333333333334
nw_retrain_0161_none_easy_seed20266753,BR,30,0.8775773195876289,10.232362295707208,0.9
nw_retrain_0167_approximately_parallel_easy_seed20267472,BR,30,0.8283898305084746,74.70791823512327,0.9166666666666666
nw_retrain_0171_crossing_easy_seed20267864,BR,30,0.8133802816901409,2.982184383349635,0.9
nw_retrain_0175_vertically_overlapping_easy_seed20267994,BR,30,0.6993670886075949,27.400381224138197,0.85
nw_retrain_0179_none_easy_seed20268517,BR,30,0.8419540229885057,24.03699852214091,0.8666666666666666
nw_retrain_0181_converging_easy_seed20268582,BR,30,0.8135245901639344,15.10425041032158,0.8333333333333333
nw_retrain_0182_crossing_moderate_seed20268680,BR,30,0.7406716417910447,2.036175711307618,0.85
nw_retrain_0185_none_easy_seed20268974,BR,30,0.8389830508474576,9.918890973348706,0.8666666666666666
nw_retrain_0187_vertically_overlapping_easy_seed20269170,BR,30,0.8035714285714286,12.928588065545389,0.85
nw_retrain_0190_none_easy_seed20269464,BR,30,0.9011194029850746,7.10010458016161,0.8833333333333334
nw_retrain_0191_approximately_parallel_easy_seed20269562,BR,30,0.5903846153846154,1.7231828964875664,0.8
nw_retrain_0192_crossing_moderate_seed20269660,BR,30,0.929945054945055,4.996747180037109,0.8333333333333334
nw_retrain_0203_converging_moderate_seed20270869,BR,30,0.8649425287356322,8.031847471515869,0.8666666666666666
nw_retrain_0204_converging_hard_seed20270836,BR,30,0.8924731182795699,12.283041136173996,0.8
nw_retrain_0214_vertically_overlapping_easy_seed20271816,BR,30,0.6672077922077922,2.901898599068136,0.8666666666666666
nw_retrain_0221_converging_moderate_seed20272633,BR,30,0.9332191780821918,6.846576998706371,0.8833333333333334
nw_retrain_0224_crossing_easy_seed20273058,BR,30,0.873015873015873,3.32010787789362,0.85
nw_retrain_0233_converging_hard_seed20273809,BR,30,0.871031746031746,35.505365085857036,0.9
nw_retrain_0243_converging_hard_seed20274789,BR,30,0.8766233766233766,20.82667235371336,0.8833333333333334
nw_retrain_0248_vertically_overlapping_easy_seed20275410,BR,30,0.789179104477612,10.867791081770925,0.8833333333333332
nw_retrain_0250_vertically_overlapping_hard_seed20275475,BR,30,0.7120786516853933,2.80159748167922,0.7666666666666666
nw_retrain_0254_none_easy_seed20275736,BR,30,0.895,1.428409135665572,0.8666666666666666
nw_retrain_0258_approximately_parallel_easy_seed20276128,BR,30,0.6604477611940298,4.511743833628806,0.8
nw_retrain_0266_none_easy_seed20276912,BR,30,0.8683333333333333,63.937757177709656,0.85
nw_retrain_0270_approximately_parallel_easy_seed20277435,BR,30,0.5246478873239436,4.247039167339375,0.7833333333333333
nw_retrain_0292_approximately_parallel_easy_seed20279460,BR,30,0.5730337078651685,3.6227740744379027,0.75
nw_retrain_0296_converging_moderate_seed20279983,BR,30,0.8504098360655737,2.008541363037297,0.8666666666666666
nw_retrain_0309_none_easy_seed20281257,BR,30,0.8432203389830508,13.349904431183509,0.8833333333333334
nw_retrain_0310_approximately_parallel_moderate_seed20281224,BR,30,0.8690476190476191,18.962061019404423,0.85
nw_retrain_0314_vertically_overlapping_moderate_seed20281747,BR,30,0.7807017543859649,145.823513315358,0.8666666666666666
nw_retrain_0321_crossing_easy_seed20282302,BR,30,0.8566176470588235,13.72972325639132,0.9
nw_retrain_0322_converging_moderate_seed20282662,BR,30,0.8716666666666667,49.465775394577165,0.8666666666666666
nw_retrain_0323_converging_moderate_seed20282498,BR,30,0.8234126984126984,7.535819962464528,0.8833333333333334
nw_retrain_0326_converging_hard_seed20282923,BR,30,0.7307692307692307,0.7477486146887267,0.8333333333333334
nw_retrain_0332_crossing_moderate_seed20283380,BR,30,0.7658450704225352,9.378109189255893,0.8666666666666666
nw_retrain_0341_converging_moderate_seed20284393,BR,30,0.7971311475409836,18.78246185191946,0.85
nw_retrain_0344_converging_easy_seed20284556,BR,30,0.7944915254237288,7.204221894668322,0.9333333333333333
nw_retrain_0346_vertically_overlapping_moderate_seed20285014,BR,30,0.8453389830508474,4.286983495977621,0.9
nw_retrain_0359_vertically_overlapping_moderate_seed20286026,BR,30,0.8813559322033898,10.404834045414258,0.8666666666666666
nw_retrain_0363_vertically_overlapping_hard_seed20286418,BR,30,0.9119718309859155,7.603975504045124,0.8833333333333334
nw_retrain_0365_none_easy_seed20286614,BR,30,0.7956349206349206,14.34326994821904,0.9
nw_retrain_0369_crossing_easy_seed20287006,BR,30,0.9134615384615384,3.453911090372059,0.9
nw_retrain_0380_none_easy_seed20288346,BR,30,0.8955882352941177,14.062222292536125,0.9166666666666666
nw_retrain_0384_approximately_parallel_moderate_seed20288738,BR,30,0.8472222222222222,70.7569705518598,0.8333333333333334
nw_retrain_0385_crossing_hard_seed20288574,BR,30,0.8913934426229508,43.53867725120864,0.8333333333333333
nw_retrain_0386_none_easy_seed20288803,BR,30,0.8075396825396826,13.626763613783663,0.8666666666666666
nw_retrain_0389_vertically_overlapping_easy_seed20289228,BR,30,0.8858695652173914,12.697552108634273,0.8166666666666667
nw_retrain_0392_approximately_parallel_moderate_seed20289260,BR,30,0.826271186440678,10.857674979054439,0.8
nw_retrain_0404_none_easy_seed20290436,BR,30,0.875,5.233926017555533,0.8666666666666666
nw_retrain_0405_vertically_overlapping_hard_seed20290534,BR,30,0.8266129032258065,19.45380928099221,0.85
nw_retrain_0408_crossing_easy_seed20291090,BR,30,0.7763157894736842,2.4655432256511056,0.8
nw_retrain_0409_vertically_overlapping_easy_seed20291319,BR,30,0.7693661971830986,6.347898657226843,0.8333333333333334
nw_retrain_0413_vertically_overlapping_easy_seed20291842,BR,30,0.9129746835443038,6.887540089539852,0.85
nw_retrain_0415_approximately_parallel_easy_seed20291645,BR,30,0.8153846153846154,3.35116733018332,0.8666666666666666
nw_retrain_0416_approximately_parallel_easy_seed20291743,BR,30,0.8601694915254238,16.280172591627032,0.9166666666666666
nw_retrain_0420_converging_moderate_seed20292004,BR,30,0.7204545454545455,10.130154576150757,0.8333333333333334
nw_retrain_0426_vertically_overlapping_hard_seed20292592,BR,30,0.8097826086956522,3.1015202872047323,0.8
nw_retrain_0431_none_easy_seed20293082,BR,30,0.8859649122807017,20.527141508493568,0.8833333333333334
nw_retrain_0432_converging_moderate_seed20293311,BR,30,0.8829113924050633,5.207932865614988,0.85
nw_retrain_0436_none_easy_seed20293834,BR,30,0.8096153846153846,7.004957391400583,0.8833333333333334
nw_retrain_0437_none_easy_seed20293670,BR,30,0.8392857142857143,17.246026128185537,0.8333333333333333
nw_retrain_0445_none_easy_seed20294454,BR,30,0.8369565217391305,6.278958884518499,0.9
nw_retrain_0446_none_easy_seed20294552,BR,30,0.7863924050632911,8.095241809174658,0.8
nw_retrain_0453_converging_hard_seed20295238,BR,30,0.7669491525423728,8.116125621871406,0.8333333333333334
nw_retrain_0455_converging_easy_seed20295434,BR,30,0.7361111111111112,18.320209387874154,0.85
nw_retrain_0459_vertically_overlapping_moderate_seed20296088,BR,30,0.8356164383561644,16.970996457016064,0.8333333333333333
nw_retrain_0465_vertically_overlapping_hard_seed20296545,BR,30,0.7473118279569892,25.02241200951436,0.85
nw_retrain_0468_converging_moderate_seed20296839,BR,30,0.814935064935065,1.400062157394383,0.8833333333333334
nw_retrain_0471_none_easy_seed20297002,BR,30,0.8174603174603174,2.3925687177836785,0.8833333333333334
nw_retrain_0472_vertically_overlapping_moderate_seed20297231,BR,30,0.8305084745762712,3.529124830488004,0.8833333333333334
nw_retrain_0473_converging_moderate_seed20297198,BR,30,0.8492063492063492,12.627239836543154,0.9
nw_retrain_0479_converging_easy_seed20297786,BR,30,0.8647540983606558,14.094432709389986,0.8833333333333334
nw_retrain_0486_none_easy_seed20298603,BR,30,0.9199438202247191,24.59973416725419,0.8333333333333334
nw_retrain_0487_converging_easy_seed20298701,BR,30,0.836764705882353,1.5350709559719748,0.8666666666666666
nw_retrain_0493_approximately_parallel_easy_seed20299158,BR,30,0.8115384615384615,28.96853714286899,0.8333333333333334
nw_retrain_0495_vertically_overlapping_moderate_seed20299354,BR,30,0.8990963855421686,4.548381724946598,0.9
nw_retrain_0500_crossing_easy_seed20299975,BR,30,0.8339552238805971,15.092752392528244,0.8833333333333334
nw_retrain_0505_crossing_easy_seed22078110,BR,30,0.9102112676056338,19.05468169241879,0.9
nw_retrain_0516_none_easy_seed22079712,BR,30,0.9383802816901409,10.56733130521334,0.8833333333333334
nw_retrain_0523_converging_easy_seed22079874,BR,30,0.8616666666666667,10.023415792666379,0.85
nw_retrain_0541_crossing_hard_seed22081769,BR,30,0.7397058823529412,3.649410605229489,0.8333333333333334
nw_retrain_0546_none_easy_seed22082128,BR,30,0.7723880597014925,7.288930122449197,0.8833333333333334
nw_retrain_0547_approximately_parallel_moderate_seed22082619,BR,30,0.6847014925373134,0.590861664906711,0.8666666666666666
nw_retrain_0553_none_easy_seed22082814,BR,30,0.9102112676056338,17.8601843903236,0.9
nw_retrain_0562_crossing_moderate_seed22083696,BR,30,0.827054794520548,4.587867732558434,0.95
nw_retrain_0566_vertically_overlapping_moderate_seed22084088,BR,30,0.6987704918032787,2.915093791693713,0.8833333333333334
nw_retrain_0570_crossing_easy_seed22084742,BR,30,0.9058441558441559,14.643956538421353,0.8333333333333333
nw_retrain_0581_converging_hard_seed22085689,BR,30,0.5706521739130435,1.7241574008509897,0.7833333333333333
nw_retrain_0596_approximately_parallel_hard_seed22087028,BR,30,0.85,6.045104220995533,0.85
nw_retrain_0600_converging_easy_seed22087551,BR,30,0.6390845070422535,3.2608369584516765,0.8333333333333334
nw_dual_val_001,BT,35,0.8170289855072463,1.6625026178941826,0.8166666666666667
nw_dual_val_002,BT,35,0.8003731343283582,0.7254387515423476,0.8833333333333334
nw_dual_val_003,BT,35,0.7940552016985138,0.7826549554834635,0.8666666666666666
nw_dual_val_004,BT,35,0.7677631578947368,0.3427497649678648,0.8833333333333332
nw_dual_val_005,BT,35,0.8616666666666667,0.7237978997359826,0.9
nw_dual_val_006,BT,35,0.7139830508474576,0.3542822647419087,0.8666666666666666
nw_dual_val_007,BT,35,0.8538461538461538,1.5744769941246928,0.8666666666666666
nw_dual_val_008,BT,35,0.8292682926829268,0.4256994656905059,0.85
nw_dual_val_009,BT,35,0.8135964912280702,2.13213414712812,0.8833333333333334
nw_dual_val_010,BT,35,0.8508771929824561,1.0733102064070281,0.9166666666666666
nw_dual_val_011,BT,35,0.8145454545454546,0.8452838053396213,0.8333333333333334
nw_dual_val_012,BT,35,0.8387681159420289,1.1568423716022853,0.85
nw_dual_val_013,BT,35,0.8507462686567164,0.3653377302545039,0.85
nw_dual_val_014,BT,35,0.8551587301587301,1.012217502909603,0.8333333333333334
nw_dual_val_015,BT,35,0.8192307692307692,0.5636464555905036,0.8666666666666666
nw_dual_val_016,BT,35,0.7857142857142857,1.01012123792018,0.7833333333333333
nw_dual_val_017,BT,35,0.8302238805970149,0.7610571148424082,0.8
nw_dual_val_018,BT,35,0.8412698412698413,3.922653215059026,0.8333333333333333
nw_dual_val_019,BT,35,0.7933168316831684,0.6400385188630728,0.8
nw_dual_val_020,BT,35,0.7850877192982456,1.1125801961567032,0.8166666666666667
nw_dual_val_021,BT,35,0.7817164179104478,2.026348696148636,0.8166666666666667
nw_dual_val_022,BT,35,0.7412280701754386,0.7892774319691087,0.8333333333333334
nw_dual_val_023,BT,35,0.8683333333333333,0.39417207587723313,0.85
nw_dual_val_024,BT,35,0.6661971830985915,0.5478676010822567,0.8
nw_dual_val_025,BT,35,0.711864406779661,1.3222101314942687,0.8333333333333334
nw_dual_val_026,BT,35,0.9094202898550725,1.8469899487012502,0.9333333333333333
nw_dual_val_027,BT,35,0.8565573770491803,0.7832347804712677,0.8666666666666666
nw_dual_val_028,BT,35,0.8432539682539683,0.5808209709074056,0.8333333333333334
nw_dual_val_029,BT,35,0.8026315789473685,0.6098362698617581,0.85
nw_dual_val_030,BT,35,0.7028688524590164,0.8911143708624687,0.85
nw_dual_val_031,BT,35,0.753968253968254,1.4503044948742683,0.8833333333333334
nw_dual_val_032,BT,35,0.865506329113924,2.3096644794667394,0.8833333333333334
nw_dual_val_033,BT,35,0.855072463768116,4.334701482387154,0.8833333333333334
nw_dual_val_034,BT,35,0.8227272727272728,0.8579241950123289,0.8833333333333334
nw_dual_val_035,BT,35,0.793859649122807,0.6391603794683175,0.85
nw_dual_val_036,BT,35,0.8429752066115702,0.4423905580427977,0.85
nw_dual_val_037,BT,35,0.7990506329113924,0.37788736371345294,0.8666666666666666
nw_dual_val_038,BT,35,0.6343283582089553,1.056583862292856,0.85
nw_dual_val_039,BT,35,0.8507462686567164,1.252455448188962,0.8666666666666666
nw_dual_val_040,BT,35,0.810064935064935,2.0185473723416303,0.95
nw_dual_val_041,BT,35,0.7816265060240963,0.835058523081756,0.7666666666666666
nw_dual_val_042,BT,35,0.8117469879518072,1.4189589932568096,0.8666666666666666
nw_dual_val_043,BT,35,0.7838983050847458,1.490718368891879,0.8833333333333334
nw_dual_val_044,BT,35,0.7852112676056338,2.7239304747004462,0.8333333333333334
nw_dual_val_045,BT,35,0.7910447761194029,0.811794646540856,0.8833333333333334
nw_dual_val_046,BT,35,0.8544303797468354,0.6306644919619788,0.8666666666666666
nw_dual_val_047,BT,35,0.828060522696011,0.5955934075289295,0.85
nw_dual_val_048,BT,35,0.827922077922078,0.43545387676525066,0.8833333333333334
nw_dual_val_049,BT,35,0.8607594936708861,0.815973339587359,0.8833333333333334
nw_dual_val_050,BT,35,0.8181818181818182,0.2922913708436073,0.9
nw_dual_val_051,BT,35,0.8588469184890656,0.9210498282659749,0.8833333333333334
nw_dual_val_052,BT,35,0.6916666666666667,0.5694588114409246,0.8333333333333334
nw_dual_val_053,BT,35,0.8003246753246753,0.46759798248994466,0.8166666666666667
nw_dual_val_054,BT,35,0.8630952380952381,0.6855759289649396,0.9166666666666666
nw_dual_val_055,BT,35,0.8313492063492064,0.7596865021805809,0.9
nw_dual_val_056,BT,35,0.8908450704225352,3.3819341964134724,0.9
nw_dual_val_057,BT,35,0.8373287671232876,0.6246191490673842,0.8166666666666667
nw_dual_val_058,BT,35,0.868421052631579,0.40653841213865494,0.9
nw_dual_val_059,BT,35,0.7183333333333334,0.5644662701834526,0.8333333333333334
nw_dual_val_060,BT,35,0.8269230769230769,1.2958759496385737,0.8833333333333334
nw_retrain_0006_none_easy_seed20251432,BT,35,0.851123595505618,4.751772649202856,0.8666666666666666
nw_retrain_0010_crossing_moderate_seed20251824,BT,35,0.9365671641791045,6.580089419706232,0.9166666666666666
nw_retrain_0014_vertically_overlapping_hard_seed20252216,BT,35,0.8294117647058824,6.981741255062903,0.8333333333333334
nw_retrain_0016_vertically_overlapping_easy_seed20252543,BT,35,0.8458904109589042,8.509832375743539,0.8166666666666667
nw_retrain_0017_approximately_parallel_moderate_seed20252641,BT,35,0.9347014925373134,12.737905418104011,0.95
nw_retrain_0023_crossing_easy_seed20253098,BT,35,0.8559322033898306,6.364745223206239,0.8666666666666666
nw_retrain_0024_converging_hard_seed20253196,BT,35,0.9078947368421053,1.9269960155496164,0.9
nw_retrain_0061_vertically_overlapping_moderate_seed20257346,BT,35,0.7840909090909091,4.598589394370575,0.9
nw_retrain_0068_crossing_easy_seed20257639,BT,35,0.85,8.571050113257158,0.85
nw_retrain_0077_none_easy_seed20258521,BT,35,0.8638059701492538,5.505819765425246,0.8666666666666666
nw_retrain_0078_converging_easy_seed20258488,BT,35,0.9084507042253521,62.92463969211796,0.9
nw_retrain_0086_vertically_overlapping_hard_seed20259272,BT,35,0.6983333333333334,9.613579288173446,0.9
nw_retrain_0089_none_easy_seed20259828,BT,35,0.8346774193548387,4.627792793451628,0.9166666666666666
nw_retrain_0091_approximately_parallel_moderate_seed20259762,BT,35,0.8544303797468354,14.502281747937847,0.8833333333333334
nw_retrain_0095_crossing_easy_seed20260285,BT,35,0.8591269841269841,7.835444603191493,0.85
nw_retrain_0099_vertically_overlapping_easy_seed20260677,BT,35,0.8090909090909091,8.140586683162866,0.85
nw_retrain_0103_approximately_parallel_easy_seed20260938,BT,35,0.6029411764705882,1.232065030022448,0.7833333333333333
nw_retrain_0109_vertically_overlapping_easy_seed20261526,BT,35,0.8728813559322034,2.7500595175073466,0.8666666666666666
nw_retrain_0110_none_easy_seed20261624,BT,35,0.6791044776119403,3.786502791435629,0.8
nw_retrain_0119_converging_moderate_seed20262637,BT,35,0.9029850746268657,49.0471743302308,0.8833333333333334
nw_retrain_0121_vertically_overlapping_moderate_seed20262702,BT,35,0.8038461538461539,2.444481385578553,0.8666666666666666
nw_retrain_0122_vertically_overlapping_easy_seed20262800,BT,35,0.8771186440677966,5.267537658811114,0.8666666666666666
nw_retrain_0133_vertically_overlapping_moderate_seed20264009,BT,35,0.8955223880597015,15.296584371766675,0.85
nw_retrain_0134_crossing_moderate_seed20264107,BT,35,0.8566666666666667,5.418422870274562,0.85
nw_retrain_0141_crossing_easy_seed20264924,BT,35,0.8412698412698413,20.44367819190036,0.8833333333333334
nw_retrain_0143_none_easy_seed20264858,BT,35,0.7950819672131147,4.504489458924736,0.8333333333333334
nw_retrain_0150_crossing_easy_seed20265675,BT,35,0.8358433734939759,5.033756580626193,0.85
nw_retrain_0151_approximately_parallel_moderate_seed20265773,BT,35,0.8647540983606558,4.112257985346906,0.9333333333333333
nw_retrain_0156_crossing_easy_seed20266132,BT,35,0.8496376811594203,24.346890722371604,0.85
nw_retrain_0158_vertically_overlapping_easy_seed20266328,BT,35,0.74,27.77929907827565,0.8666666666666666
nw_retrain_0161_none_easy_seed20266753,BT,35,0.8788659793814433,17.62136536054923,0.8833333333333334
nw_retrain_0167_approximately_parallel_easy_seed20267472,BT,35,0.8305084745762712,30.5329747374244,0.85
nw_retrain_0171_crossing_easy_seed20267864,BT,35,0.8116197183098591,25.423270137917285,0.8666666666666666
nw_retrain_0175_vertically_overlapping_easy_seed20267994,BT,35,0.7484177215189873,23.124119037185352,0.9166666666666666
nw_retrain_0179_none_easy_seed20268517,BT,35,0.7916666666666666,13.169234346374632,0.85
nw_retrain_0181_converging_easy_seed20268582,BT,35,0.8401639344262295,13.369865657280807,0.8666666666666666
nw_retrain_0182_crossing_moderate_seed20268680,BT,35,0.7164179104477612,1.648288291793688,0.85
nw_retrain_0185_none_easy_seed20268974,BT,35,0.8601694915254238,13.79776090038609,0.8666666666666666
nw_retrain_0187_vertically_overlapping_easy_seed20269170,BT,35,0.7876984126984127,14.430367500348273,0.85
nw_retrain_0190_none_easy_seed20269464,BT,35,0.9085820895522388,51.6971170619895,0.8833333333333334
nw_retrain_0191_approximately_parallel_easy_seed20269562,BT,35,0.7192307692307692,0.6617606546099707,0.8833333333333334
nw_retrain_0192_crossing_moderate_seed20269660,BT,35,0.9478021978021978,3.5347506571646554,0.85
nw_retrain_0203_converging_moderate_seed20270869,BT,35,0.882183908045977,13.81621568994809,0.8833333333333334
nw_retrain_0204_converging_hard_seed20270836,BT,35,0.8951612903225806,13.670690581608813,0.8666666666666666
nw_retrain_0214_vertically_overlapping_easy_seed20271816,BT,35,0.6444805194805194,2.8714141677086706,0.85
nw_retrain_0221_converging_moderate_seed20272633,BT,35,0.9486301369863014,5.712367938940874,0.9166666666666666
nw_retrain_0224_crossing_easy_seed20273058,BT,35,0.8948412698412699,3.9369212322981313,0.85
nw_retrain_0233_converging_hard_seed20273809,BT,35,0.9047619047619048,8.416855327299903,0.9166666666666666
nw_retrain_0243_converging_hard_seed20274789,BT,35,0.8685064935064936,39.92610260652094,0.9166666666666666
nw_retrain_0248_vertically_overlapping_easy_seed20275410,BT,35,0.769589552238806,16.408749859091017,0.8166666666666667
nw_retrain_0250_vertically_overlapping_hard_seed20275475,BT,35,0.7134831460674157,1.5322158197094806,0.7833333333333333
nw_retrain_0254_none_easy_seed20275736,BT,35,0.8416666666666667,9.79140844428239,0.8833333333333334
nw_retrain_0258_approximately_parallel_easy_seed20276128,BT,35,0.648320895522388,4.4777551471337524,0.7166666666666666
nw_retrain_0266_none_easy_seed20276912,BT,35,0.8733333333333333,63.1695931521916,0.8333333333333334
nw_retrain_0270_approximately_parallel_easy_seed20277435,BT,35,0.6619718309859155,3.2580965866993155,0.8333333333333334
nw_retrain_0292_approximately_parallel_easy_seed20279460,BT,35,0.648876404494382,1.608313319300659,0.8
nw_retrain_0296_converging_moderate_seed20279983,BT,35,0.8032786885245902,3.149629401245247,0.8666666666666666
nw_retrain_0309_none_easy_seed20281257,BT,35,0.8601694915254238,10.564827032206434,0.8666666666666666
nw_retrain_0310_approximately_parallel_moderate_seed20281224,BT,35,0.8888888888888888,14.44307359736535,0.85
nw_retrain_0314_vertically_overlapping_moderate_seed20281747,BT,35,0.8574561403508771,23.141380132239814,0.8833333333333332
nw_retrain_0321_crossing_easy_seed20282302,BT,35,0.8955882352941177,22.677302293549015,0.8833333333333334
nw_retrain_0322_converging_moderate_seed20282662,BT,35,0.91,2.979034027222645,0.8833333333333334
nw_retrain_0323_converging_moderate_seed20282498,BT,35,0.7837301587301587,44.44374809550866,0.8666666666666666
nw_retrain_0326_converging_hard_seed20282923,BT,35,0.6384615384615384,2.4988887821499928,0.8833333333333334
nw_retrain_0332_crossing_moderate_seed20283380,BT,35,0.778169014084507,9.438275237974729,0.8833333333333334
nw_retrain_0341_converging_moderate_seed20284393,BT,35,0.7397540983606558,16.973412664004,0.8333333333333333
nw_retrain_0344_converging_easy_seed20284556,BT,35,0.8029661016949152,7.59532147410922,0.8833333333333334
nw_retrain_0346_vertically_overlapping_moderate_seed20285014,BT,35,0.8114406779661016,3.8491249794086366,0.8333333333333334
nw_retrain_0359_vertically_overlapping_moderate_seed20286026,BT,35,0.8665254237288136,9.31940263788787,0.85
nw_retrain_0363_vertically_overlapping_hard_seed20286418,BT,35,0.897887323943662,9.16132279484447,0.9
nw_retrain_0365_none_easy_seed20286614,BT,35,0.8234126984126984,14.082309410610023,0.8666666666666666
nw_retrain_0369_crossing_easy_seed20287006,BT,35,0.9096153846153846,2.401632430832258,0.9166666666666666
nw_retrain_0380_none_easy_seed20288346,BT,35,0.8911764705882353,17.94105638747549,0.95
nw_retrain_0384_approximately_parallel_moderate_seed20288738,BT,35,0.8968253968253969,38.22370350507335,0.85
nw_retrain_0385_crossing_hard_seed20288574,BT,35,0.9364754098360656,29.144333108898827,0.8833333333333332
nw_retrain_0386_none_easy_seed20288803,BT,35,0.8333333333333334,14.56744602591794,0.85
nw_retrain_0389_vertically_overlapping_easy_seed20289228,BT,35,0.8768115942028986,21.566972331588573,0.8166666666666667
nw_retrain_0392_approximately_parallel_moderate_seed20289260,BT,35,0.8559322033898306,14.943019246720965,0.8166666666666667
nw_retrain_0404_none_easy_seed20290436,BT,35,0.8804347826086957,1.6931677318176686,0.8833333333333334
nw_retrain_0405_vertically_overlapping_hard_seed20290534,BT,35,0.8413978494623656,3.5656671047657773,0.8666666666666666
nw_retrain_0408_crossing_easy_seed20291090,BT,35,0.7807017543859649,23.36590850121123,0.8333333333333334
nw_retrain_0409_vertically_overlapping_easy_seed20291319,BT,35,0.7235915492957746,7.592018358387141,0.8166666666666667
nw_retrain_0413_vertically_overlapping_easy_seed20291842,BT,35,0.9414556962025317,13.064623187822008,0.95
nw_retrain_0415_approximately_parallel_easy_seed20291645,BT,35,0.7903846153846154,1.7876778707919816,0.8666666666666666
nw_retrain_0416_approximately_parallel_easy_seed20291743,BT,35,0.885593220338983,19.33543598501813,0.9333333333333333
nw_retrain_0420_converging_moderate_seed20292004,BT,35,0.7227272727272728,10.073491627978743,0.8333333333333334
nw_retrain_0426_vertically_overlapping_hard_seed20292592,BT,35,0.8043478260869565,5.182546450378138,0.8333333333333334
nw_retrain_0431_none_easy_seed20293082,BT,35,0.8903508771929824,12.509322096936293,0.9
nw_retrain_0432_converging_moderate_seed20293311,BT,35,0.8860759493670886,5.662357958825703,0.9166666666666666
nw_retrain_0436_none_easy_seed20293834,BT,35,0.8115384615384615,5.10799204628251,0.8666666666666666
nw_retrain_0437_none_easy_seed20293670,BT,35,0.8474025974025974,11.418608980192671,0.8333333333333334
nw_retrain_0445_none_easy_seed20294454,BT,35,0.8043478260869565,6.149521773771438,0.8833333333333334
nw_retrain_0446_none_easy_seed20294552,BT,35,0.7974683544303798,6.9483268000214675,0.8333333333333334
nw_retrain_0453_converging_hard_seed20295238,BT,35,0.711864406779661,11.48270082106232,0.8333333333333334
nw_retrain_0455_converging_easy_seed20295434,BT,35,0.6984126984126984,16.947045879695004,0.85
nw_retrain_0459_vertically_overlapping_moderate_seed20296088,BT,35,0.839041095890411,33.229215133796785,0.8833333333333334
nw_retrain_0465_vertically_overlapping_hard_seed20296545,BT,35,0.7123655913978495,32.6822854620439,0.8666666666666666
nw_retrain_0468_converging_moderate_seed20296839,BT,35,0.8181818181818182,1.0455860922685971,0.8666666666666666
nw_retrain_0471_none_easy_seed20297002,BT,35,0.8214285714285714,2.6794963484283354,0.8833333333333334
nw_retrain_0472_vertically_overlapping_moderate_seed20297231,BT,35,0.8453389830508474,14.328356277718896,0.8
nw_retrain_0473_converging_moderate_seed20297198,BT,35,0.8015873015873016,3.6681892381145014,0.8833333333333334
nw_retrain_0479_converging_easy_seed20297786,BT,35,0.8627049180327869,3.517515805387897,0.8833333333333332
nw_retrain_0486_none_easy_seed20298603,BT,35,0.9452247191011236,30.3839159285814,0.85
nw_retrain_0487_converging_easy_seed20298701,BT,35,0.825,3.0109491996282927,0.9166666666666666
nw_retrain_0493_approximately_parallel_easy_seed20299158,BT,35,0.8480769230769231,13.731155774793654,0.85
nw_retrain_0495_vertically_overlapping_moderate_seed20299354,BT,35,0.9081325301204819,1.340552282640468,0.9
nw_retrain_0500_crossing_easy_seed20299975,BT,35,0.8227611940298507,15.697688961576143,0.8333333333333334
nw_retrain_0505_crossing_easy_seed22078110,BT,35,0.9172535211267606,0.9140606066864002,0.9166666666666666
nw_retrain_0516_none_easy_seed22079712,BT,35,0.954225352112676,9.832320925820156,0.9333333333333333
nw_retrain_0523_converging_easy_seed22079874,BT,35,0.8666666666666667,0.9812256218269386,0.9
nw_retrain_0541_crossing_hard_seed22081769,BT,35,0.6764705882352942,5.165829863592835,0.8666666666666666
nw_retrain_0546_none_easy_seed22082128,BT,35,0.8227611940298507,6.41163112112646,0.8833333333333334
nw_retrain_0547_approximately_parallel_moderate_seed22082619,BT,35,0.7014925373134329,1.4901611169069375,0.8166666666666667
nw_retrain_0553_none_easy_seed22082814,BT,35,0.926056338028169,11.891640406492654,0.8333333333333334
nw_retrain_0562_crossing_moderate_seed22083696,BT,35,0.821917808219178,5.774289948832983,0.9
nw_retrain_0566_vertically_overlapping_moderate_seed22084088,BT,35,0.7315573770491803,1.8969279345133656,0.85
nw_retrain_0570_crossing_easy_seed22084742,BT,35,0.8961038961038961,13.342581569962942,0.85
nw_retrain_0581_converging_hard_seed22085689,BT,35,0.6123188405797102,6.504296989169168,0.7333333333333333
nw_retrain_0596_approximately_parallel_hard_seed22087028,BT,35,0.7909090909090909,10.246944647747696,0.8333333333333334
nw_retrain_0600_converging_easy_seed22087551,BT,35,0.7183098591549296,2.8171886856572885,0.8666666666666666
nw_dual_val_001,BS,29,0.779891304347826,2.301446595220292,0.85
nw_dual_val_002,BS,29,0.6735074626865671,4.76643189954417,0.8333333333333333
nw_dual_val_003,BS,29,0.7409766454352441,0.8998611217136242,0.8666666666666666
nw_dual_val_004,BS,29,0.6842105263157895,0.9455573297443294,0.8
nw_dual_val_005,BS,29,0.8133333333333334,2.613507039057119,0.8333333333333334
nw_dual_val_006,BS,29,0.7489406779661016,0.31265361821001647,0.8833333333333334
nw_dual_val_007,BS,29,0.7980769230769231,0.842215307135348,0.8666666666666666
nw_dual_val_008,BS,29,0.7467166979362101,1.1372301251534267,0.8
nw_dual_val_009,BS,29,0.743421052631579,3.9398796249578822,0.8166666666666667
nw_dual_val_010,BS,29,0.8377192982456141,1.0387541141272603,0.85
nw_dual_val_011,BS,29,0.8072727272727273,0.3798710167082481,0.7666666666666666
nw_dual_val_012,BS,29,0.7989130434782609,0.5645543136357842,0.8333333333333334
nw_dual_val_013,BS,29,0.7518656716417911,4.853381708124445,0.8166666666666667
nw_dual_val_014,BS,29,0.6845238095238095,0.985589207167434,0.8166666666666667
nw_dual_val_015,BS,29,0.7961538461538461,2.012892564637707,0.8833333333333334
nw_dual_val_016,BS,29,0.8165584415584416,0.3903744596328277,0.8
nw_dual_val_017,BS,29,0.7611940298507462,0.8978355444393369,0.85
nw_dual_val_018,BS,29,0.7361111111111112,10.031115910871362,0.8166666666666667
nw_dual_val_019,BS,29,0.6707920792079208,0.3085942893196629,0.85
nw_dual_val_020,BS,29,0.8048245614035088,1.475173583149851,0.8
nw_dual_val_021,BS,29,0.6791044776119403,2.571069633786969,0.8666666666666666
nw_dual_val_022,BS,29,0.7280701754385965,1.2453882633227642,0.85
nw_dual_val_023,BS,29,0.8516666666666667,0.30670990184998026,0.7666666666666666
nw_dual_val_024,BS,29,0.6309859154929578,0.5261311341675593,0.7666666666666666
nw_dual_val_025,BS,29,0.7245762711864406,1.1029698281475124,0.8666666666666666
nw_dual_val_026,BS,29,0.8351449275362319,4.392428240216958,0.9
nw_dual_val_027,BS,29,0.8483606557377049,0.7910786145154087,0.8666666666666666
nw_dual_val_028,BS,29,0.8015873015873016,1.5845039809827683,0.8833333333333334
nw_dual_val_029,BS,29,0.7039473684210527,1.9467791240421815,0.8
nw_dual_val_030,BS,29,0.694672131147541,0.35281763344568773,0.8
nw_dual_val_031,BS,29,0.7361111111111112,1.754884045875708,0.8
nw_dual_val_032,BS,29,0.8401898734177216,7.00407500441335,0.8
nw_dual_val_033,BS,29,0.8840579710144928,2.547101960624703,0.9333333333333333
nw_dual_val_034,BS,29,0.7727272727272727,1.4454935218312965,0.85
nw_dual_val_035,BS,29,0.793859649122807,0.7081805164265456,0.8333333333333333
nw_dual_val_036,BS,29,0.7933884297520661,1.4058094486770045,0.8
nw_dual_val_037,BS,29,0.7768987341772152,0.6086320741245322,0.8333333333333334
nw_dual_val_038,BS,29,0.5671641791044776,1.073451164770785,0.8
nw_dual_val_039,BS,29,0.7406716417910447,3.8307749760972762,0.8166666666666667
nw_dual_val_040,BS,29,0.7905844155844156,2.0074700930492013,0.9
nw_dual_val_041,BS,29,0.7364457831325302,1.039812705012706,0.8166666666666667
nw_dual_val_042,BS,29,0.7590361445783133,0.4198390333401278,0.8333333333333334
nw_dual_val_043,BS,29,0.6853813559322034,1.5517256898984815,0.8666666666666666
nw_dual_val_044,BS,29,0.7711267605633803,3.1564496429756232,0.8
nw_dual_val_045,BS,29,0.7667910447761194,1.0936140905802252,0.9
nw_dual_val_046,BS,29,0.8560126582278481,1.8800309152349537,0.7666666666666666
nw_dual_val_047,BS,29,0.7771664374140302,0.7029769129429793,0.8
nw_dual_val_048,BS,29,0.8051948051948052,1.2328317789655479,0.8
nw_dual_val_049,BS,29,0.7357594936708861,2.80999177990931,0.8
nw_dual_val_050,BS,29,0.702922077922078,0.5993687518365437,0.85
nw_dual_val_051,BS,29,0.8031809145129225,2.6817606216237087,0.8166666666666667
nw_dual_val_052,BS,29,0.6866666666666666,0.7204245248026535,0.8333333333333334
nw_dual_val_053,BS,29,0.7321428571428571,1.0602189501019654,0.8333333333333334
nw_dual_val_054,BS,29,0.8452380952380952,0.4055992233822846,0.9
nw_dual_val_055,BS,29,0.7936507936507936,0.6300751760175475,0.8666666666666666
nw_dual_val_056,BS,29,0.8204225352112676,3.863778105116502,0.8833333333333334
nw_dual_val_057,BS,29,0.7773972602739726,2.027757346159719,0.7833333333333333
nw_dual_val_058,BS,29,0.743421052631579,1.206121704727678,0.8833333333333334
nw_dual_val_059,BS,29,0.6933333333333334,0.4621271835463661,0.8
nw_dual_val_060,BS,29,0.7711538461538462,1.19076392737318,0.8833333333333334
nw_retrain_0006_none_easy_seed20251432,BS,29,0.8609550561797753,3.430073329427352,0.8333333333333334
nw_retrain_0010_crossing_moderate_seed20251824,BS,29,0.9160447761194029,19.582407803804852,0.9
nw_retrain_0014_vertically_overlapping_hard_seed20252216,BS,29,0.8088235294117647,7.081226620417783,0.8833333333333334
nw_retrain_0016_vertically_overlapping_easy_seed20252543,BS,29,0.8356164383561644,11.080527885431852,0.8166666666666667
nw_retrain_0017_approximately_parallel_moderate_seed20252641,BS,29,0.9029850746268657,17.77593247052232,0.9
nw_retrain_0023_crossing_easy_seed20253098,BS,29,0.7733050847457628,9.290408034646346,0.8666666666666666
nw_retrain_0024_converging_hard_seed20253196,BS,29,0.881578947368421,41.00231830784574,0.8666666666666666
nw_retrain_0061_vertically_overlapping_moderate_seed20257346,BS,29,0.8181818181818182,2.213843491580274,0.9
nw_retrain_0068_crossing_easy_seed20257639,BS,29,0.8461538461538461,12.075212895503233,0.85
nw_retrain_0077_none_easy_seed20258521,BS,29,0.875,5.809672379535945,0.8833333333333334
nw_retrain_0078_converging_easy_seed20258488,BS,29,0.8943661971830986,76.95912027215907,0.9166666666666666
nw_retrain_0086_vertically_overlapping_hard_seed20259272,BS,29,0.7316666666666667,8.442938752953793,0.8666666666666666
nw_retrain_0089_none_easy_seed20259828,BS,29,0.8131720430107527,5.335089499358874,0.9
nw_retrain_0091_approximately_parallel_moderate_seed20259762,BS,29,0.8291139240506329,27.712095797505338,0.8833333333333334
nw_retrain_0095_crossing_easy_seed20260285,BS,29,0.8214285714285714,14.638969786095194,0.8833333333333334
nw_retrain_0099_vertically_overlapping_easy_seed20260677,BS,29,0.8159090909090909,8.277032662810395,0.8666666666666666
nw_retrain_0103_approximately_parallel_easy_seed20260938,BS,29,0.5205882352941177,1.725607665542115,0.6833333333333333
nw_retrain_0109_vertically_overlapping_easy_seed20261526,BS,29,0.8516949152542372,13.584850254243799,0.8166666666666667
nw_retrain_0110_none_easy_seed20261624,BS,29,0.5951492537313433,2.9011956806659667,0.7666666666666666
nw_retrain_0119_converging_moderate_seed20262637,BS,29,0.9253731343283582,75.69033406786849,0.8833333333333334
nw_retrain_0121_vertically_overlapping_moderate_seed20262702,BS,29,0.7288461538461538,1.9888490881903214,0.85
nw_retrain_0122_vertically_overlapping_easy_seed20262800,BS,29,0.864406779661017,37.72670450741875,0.8833333333333334
nw_retrain_0133_vertically_overlapping_moderate_seed20264009,BS,29,0.832089552238806,37.49775622325143,0.85
nw_retrain_0134_crossing_moderate_seed20264107,BS,29,0.8533333333333334,7.161286189673111,0.9333333333333333
nw_retrain_0141_crossing_easy_seed20264924,BS,29,0.8630952380952381,29.990769324157878,0.9
nw_retrain_0143_none_easy_seed20264858,BS,29,0.8114754098360656,5.892832574838059,0.8833333333333334
nw_retrain_0150_crossing_easy_seed20265675,BS,29,0.8403614457831325,3.240882985160347,0.85
nw_retrain_0151_approximately_parallel_moderate_seed20265773,BS,29,0.8114754098360656,5.600214303304691,0.85
nw_retrain_0156_crossing_easy_seed20266132,BS,29,0.8405797101449275,32.24052612449623,0.85
nw_retrain_0158_vertically_overlapping_easy_seed20266328,BS,29,0.7866666666666666,26.5436791675354,0.8833333333333334
nw_retrain_0161_none_easy_seed20266753,BS,29,0.8556701030927835,20.308665811027886,0.8666666666666666
nw_retrain_0167_approximately_parallel_easy_seed20267472,BS,29,0.836864406779661,67.17170312747007,0.85
nw_retrain_0171_crossing_easy_seed20267864,BS,29,0.8309859154929577,2.994886572515848,0.9
nw_retrain_0175_vertically_overlapping_easy_seed20267994,BS,29,0.7341772151898734,26.99887048922306,0.9
nw_retrain_0179_none_easy_seed20268517,BS,29,0.764367816091954,19.865058545247653,0.85
nw_retrain_0181_converging_easy_seed20268582,BS,29,0.8135245901639344,13.184813279919808,0.85
nw_retrain_0182_crossing_moderate_seed20268680,BS,29,0.6343283582089553,2.3205779485519926,0.7666666666666666
nw_retrain_0185_none_easy_seed20268974,BS,29,0.8347457627118644,7.767287685605055,0.8833333333333334
nw_retrain_0187_vertically_overlapping_easy_seed20269170,BS,29,0.7400793650793651,13.607200306818594,0.8166666666666667
nw_retrain_0190_none_easy_seed20269464,BS,29,0.8861940298507462,5.911858508277538,0.8666666666666666
nw_retrain_0191_approximately_parallel_easy_seed20269562,BS,29,0.6230769230769231,1.886706170895358,0.7666666666666666
nw_retrain_0192_crossing_moderate_seed20269660,BS,29,0.9326923076923077,4.957367418223397,0.8333333333333334
nw_retrain_0203_converging_moderate_seed20270869,BS,29,0.8462643678160919,17.809028569484088,0.8666666666666666
nw_retrain_0204_converging_hard_seed20270836,BS,29,0.8911290322580645,18.047873367689935,0.8833333333333334
nw_retrain_0214_vertically_overlapping_easy_seed20271816,BS,29,0.676948051948052,2.895518924152155,0.8833333333333334
nw_retrain_0221_converging_moderate_seed20272633,BS,29,0.9246575342465754,21.434419560607957,0.85
nw_retrain_0224_crossing_easy_seed20273058,BS,29,0.8412698412698413,14.383160764410968,0.8333333333333334
nw_retrain_0233_converging_hard_seed20273809,BS,29,0.8829365079365079,35.17844213616051,0.95
nw_retrain_0243_converging_hard_seed20274789,BS,29,0.8928571428571429,20.850487277927627,0.9
nw_retrain_0248_vertically_overlapping_easy_seed20275410,BS,29,0.7779850746268657,19.97474232500969,0.85
nw_retrain_0250_vertically_overlapping_hard_seed20275475,BS,29,0.6432584269662921,7.629923343924331,0.7666666666666666
nw_retrain_0254_none_easy_seed20275736,BS,29,0.9,1.740720524395988,0.9
nw_retrain_0258_approximately_parallel_easy_seed20276128,BS,29,0.6884328358208955,4.401348926893876,0.8
nw_retrain_0266_none_easy_seed20276912,BS,29,0.8566666666666667,68.31352539885171,0.8833333333333334
nw_retrain_0270_approximately_parallel_easy_seed20277435,BS,29,0.5721830985915493,3.645356765247237,0.75
nw_retrain_0292_approximately_parallel_easy_seed20279460,BS,29,0.6032303370786517,2.202958373110285,0.7
nw_retrain_0296_converging_moderate_seed20279983,BS,29,0.8073770491803278,2.546590452677999,0.85
nw_retrain_0309_none_easy_seed20281257,BS,29,0.8177966101694916,24.638851163832097,0.9
nw_retrain_0310_approximately_parallel_moderate_seed20281224,BS,29,0.8591269841269841,31.699665866155943,0.85
nw_retrain_0314_vertically_overlapping_moderate_seed20281747,BS,29,0.8157894736842105,144.23650708504394,0.85
nw_retrain_0321_crossing_easy_seed20282302,BS,29,0.8426470588235294,14.007313220889676,0.9
nw_retrain_0322_converging_moderate_seed20282662,BS,29,0.8733333333333333,57.688048458131995,0.8666666666666666
nw_retrain_0323_converging_moderate_seed20282498,BS,29,0.8154761904761905,9.601533112604205,0.9
nw_retrain_0326_converging_hard_seed20282923,BS,29,0.7038461538461539,0.8620997398433501,0.8666666666666666
nw_retrain_0332_crossing_moderate_seed20283380,BS,29,0.75,10.73261012767519,0.8166666666666667
nw_retrain_0341_converging_moderate_seed20284393,BS,29,0.7684426229508197,22.349211906052748,0.7666666666666666
nw_retrain_0344_converging_easy_seed20284556,BS,29,0.7966101694915254,8.302281855960167,0.9
nw_retrain_0346_vertically_overlapping_moderate_seed20285014,BS,29,0.8199152542372882,5.423864837026113,0.8833333333333334
nw_retrain_0359_vertically_overlapping_moderate_seed20286026,BS,29,0.8305084745762712,16.432368229547272,0.85
nw_retrain_0363_vertically_overlapping_hard_seed20286418,BS,29,0.8820422535211268,19.38864660058018,0.85
nw_retrain_0365_none_easy_seed20286614,BS,29,0.8134920634920635,13.752097977578277,0.8833333333333334
nw_retrain_0369_crossing_easy_seed20287006,BS,29,0.8865384615384615,4.683385768651922,0.8666666666666666
nw_retrain_0380_none_easy_seed20288346,BS,29,0.8764705882352941,18.8411844921406,0.8833333333333334
nw_retrain_0384_approximately_parallel_moderate_seed20288738,BS,29,0.876984126984127,73.19469555940462,0.8166666666666667
nw_retrain_0385_crossing_hard_seed20288574,BS,29,0.8811475409836066,47.13611808708847,0.8666666666666666
nw_retrain_0386_none_easy_seed20288803,BS,29,0.8293650793650794,10.772929357099883,0.8666666666666666
nw_retrain_0389_vertically_overlapping_easy_seed20289228,BS,29,0.8931159420289855,13.460961479519279,0.8333333333333334
nw_retrain_0392_approximately_parallel_moderate_seed20289260,BS,29,0.8389830508474576,10.377964144092562,0.75
nw_retrain_0404_none_easy_seed20290436,BS,29,0.8478260869565217,6.011735072324623,0.8166666666666667
nw_retrain_0405_vertically_overlapping_hard_seed20290534,BS,29,0.8225806451612904,16.998770336243794,0.85
nw_retrain_0408_crossing_easy_seed20291090,BS,29,0.7653508771929824,17.713966300840156,0.7833333333333333
nw_retrain_0409_vertically_overlapping_easy_seed20291319,BS,29,0.7535211267605634,10.41620105652086,0.7833333333333333
nw_retrain_0413_vertically_overlapping_easy_seed20291842,BS,29,0.9193037974683544,9.224771008389038,0.8166666666666667
nw_retrain_0415_approximately_parallel_easy_seed20291645,BS,29,0.75,3.5945980494021006,0.8833333333333334
nw_retrain_0416_approximately_parallel_easy_seed20291743,BS,29,0.8495762711864406,10.180288430063872,0.9
nw_retrain_0420_converging_moderate_seed20292004,BS,29,0.7022727272727273,6.034481750024852,0.85
nw_retrain_0426_vertically_overlapping_hard_seed20292592,BS,29,0.7717391304347826,8.478375992161794,0.8166666666666667
nw_retrain_0431_none_easy_seed20293082,BS,29,0.8508771929824561,24.213161521845045,0.8333333333333334
nw_retrain_0432_converging_moderate_seed20293311,BS,29,0.8876582278481012,3.3243959988380594,0.85
nw_retrain_0436_none_easy_seed20293834,BS,29,0.825,3.9833643159453738,0.85
nw_retrain_0437_none_easy_seed20293670,BS,29,0.8295454545454546,16.437146714868838,0.8166666666666667
nw_retrain_0445_none_easy_seed20294454,BS,29,0.8134057971014492,6.419411429683859,0.8833333333333334
nw_retrain_0446_none_easy_seed20294552,BS,29,0.7927215189873418,7.340709727970075,0.8
nw_retrain_0453_converging_hard_seed20295238,BS,29,0.7033898305084746,21.055908030164556,0.8166666666666667
nw_retrain_0455_converging_easy_seed20295434,BS,29,0.6964285714285714,18.660040425510495,0.8333333333333334
nw_retrain_0459_vertically_overlapping_moderate_seed20296088,BS,29,0.7996575342465754,13.646572129692109,0.85
nw_retrain_0465_vertically_overlapping_hard_seed20296545,BS,29,0.728494623655914,23.04765901658721,0.8166666666666667
nw_retrain_0468_converging_moderate_seed20296839,BS,29,0.8051948051948052,2.618677615412541,0.85
nw_retrain_0471_none_easy_seed20297002,BS,29,0.7996031746031746,2.9175256995763212,0.8666666666666666
nw_retrain_0472_vertically_overlapping_moderate_seed20297231,BS,29,0.7923728813559322,6.028227245081761,0.85
nw_retrain_0473_converging_moderate_seed20297198,BS,29,0.8452380952380952,4.8372584651990564,0.9166666666666666
nw_retrain_0479_converging_easy_seed20297786,BS,29,0.8463114754098361,15.988001227761838,0.85
nw_retrain_0486_none_easy_seed20298603,BS,29,0.925561797752809,23.518029384811626,0.85
nw_retrain_0487_converging_easy_seed20298701,BS,29,0.8352941176470589,2.266145547008648,0.8833333333333332
nw_retrain_0493_approximately_parallel_easy_seed20299158,BS,29,0.7730769230769231,24.090904488212825,0.8166666666666667
nw_retrain_0495_vertically_overlapping_moderate_seed20299354,BS,29,0.9081325301204819,3.1992467496653116,0.9166666666666666
nw_retrain_0500_crossing_easy_seed20299975,BS,29,0.8264925373134329,14.740777846632634,0.8833333333333334
nw_retrain_0505_crossing_easy_seed22078110,BS,29,0.8926056338028169,20.439740769197506,0.9166666666666666
nw_retrain_0516_none_easy_seed22079712,BS,29,0.9454225352112676,8.787703226157097,0.8833333333333334
nw_retrain_0523_converging_easy_seed22079874,BS,29,0.835,10.787724194915835,0.85
nw_retrain_0541_crossing_hard_seed22081769,BS,29,0.7852941176470588,2.4344944836502824,0.8333333333333334
nw_retrain_0546_none_easy_seed22082128,BS,29,0.7835820895522388,5.00544476544003,0.8833333333333334
nw_retrain_0547_approximately_parallel_moderate_seed22082619,BS,29,0.6940298507462687,1.4699215360155398,0.8666666666666666
nw_retrain_0553_none_easy_seed22082814,BS,29,0.9049295774647887,21.612910251852448,0.9
nw_retrain_0562_crossing_moderate_seed22083696,BS,29,0.7928082191780822,2.4868594953094814,0.95
nw_retrain_0566_vertically_overlapping_moderate_seed22084088,BS,29,0.7090163934426229,4.183455211035524,0.8333333333333334
nw_retrain_0570_crossing_easy_seed22084742,BS,29,0.8993506493506493,19.459887235825946,0.8666666666666666
nw_retrain_0581_converging_hard_seed22085689,BS,29,0.5987318840579711,5.879209061324058,0.7833333333333333
nw_retrain_0596_approximately_parallel_hard_seed22087028,BS,29,0.8227272727272728,6.3733534417441025,0.8833333333333334
nw_retrain_0600_converging_easy_seed22087551,BS,29,0.5845070422535211,7.103238751213048,0.8333333333333334
nw_dual_val_001,BFULL,70,0.8061594202898551,1.689071013093013,0.8
nw_dual_val_002,BFULL,70,0.75,1.0608079516349556,0.8666666666666666
nw_dual_val_003,BFULL,70,0.7961783439490446,0.58360791960152,0.8666666666666666
nw_dual_val_004,BFULL,70,0.7631578947368421,0.33720810192247763,0.8833333333333334
nw_dual_val_005,BFULL,70,0.8266666666666667,1.5170696088464262,0.8666666666666666
nw_dual_val_006,BFULL,70,0.7288135593220338,0.33823761939817676,0.8166666666666667
nw_dual_val_007,BFULL,70,0.8423076923076923,2.004473934049753,0.9
nw_dual_val_008,BFULL,70,0.8292682926829268,0.4905934827072205,0.8833333333333334
nw_dual_val_009,BFULL,70,0.8355263157894737,1.0327974912416185,0.8666666666666666
nw_dual_val_010,BFULL,70,0.8157894736842105,1.081321403231501,0.8833333333333334
nw_dual_val_011,BFULL,70,0.84,0.5810010973702372,0.8333333333333334
nw_dual_val_012,BFULL,70,0.8387681159420289,2.9133948698037715,0.8666666666666666
nw_dual_val_013,BFULL,70,0.7947761194029851,0.40642201870368205,0.7833333333333333
nw_dual_val_014,BFULL,70,0.7817460317460317,1.8623550722460664,0.85
nw_dual_val_015,BFULL,70,0.8096153846153846,1.333541176539206,0.8333333333333334
nw_dual_val_016,BFULL,70,0.8051948051948052,0.34408913266186625,0.7833333333333333
nw_dual_val_017,BFULL,70,0.8115671641791045,0.7799536970044925,0.8
nw_dual_val_018,BFULL,70,0.8253968253968254,3.7509590646977515,0.8333333333333334
nw_dual_val_019,BFULL,70,0.801980198019802,0.44681226418951336,0.8
nw_dual_val_020,BFULL,70,0.8048245614035088,1.201250584658286,0.8166666666666667
nw_dual_val_021,BFULL,70,0.8022388059701493,0.8539224739584015,0.8166666666666667
nw_dual_val_022,BFULL,70,0.7280701754385965,1.0790970188582736,0.85
nw_dual_val_023,BFULL,70,0.855,0.6093153101633082,0.8166666666666667
nw_dual_val_024,BFULL,70,0.6661971830985915,0.533012338506006,0.8
nw_dual_val_025,BFULL,70,0.75,0.7923618886112308,0.8166666666666667
nw_dual_val_026,BFULL,70,0.8641304347826086,2.810884848667898,0.8833333333333334
nw_dual_val_027,BFULL,70,0.8545081967213115,1.3327656112198387,0.85
nw_dual_val_028,BFULL,70,0.8452380952380952,0.4169031114329969,0.85
nw_dual_val_029,BFULL,70,0.6513157894736842,0.7353473652266451,0.8
nw_dual_val_030,BFULL,70,0.7274590163934426,0.34557467490495025,0.8333333333333334
nw_dual_val_031,BFULL,70,0.7996031746031746,0.5341152268986881,0.8166666666666667
nw_dual_val_032,BFULL,70,0.8639240506329114,1.1904303290840734,0.9
nw_dual_val_033,BFULL,70,0.8568840579710145,3.8269692198755756,0.9
nw_dual_val_034,BFULL,70,0.775,0.8572693035317759,0.9166666666666666
nw_dual_val_035,BFULL,70,0.8004385964912281,0.27027434068633555,0.8333333333333333
nw_dual_val_036,BFULL,70,0.8078512396694215,0.5802962598356518,0.85
nw_dual_val_037,BFULL,70,0.7832278481012658,1.1178840913745969,0.85
nw_dual_val_038,BFULL,70,0.6380597014925373,1.175738962228591,0.8333333333333334
nw_dual_val_039,BFULL,70,0.8134328358208955,0.8412479774912347,0.85
nw_dual_val_040,BFULL,70,0.8181818181818182,1.1031099730583696,0.9166666666666666
nw_dual_val_041,BFULL,70,0.7921686746987951,0.32209185845990695,0.7666666666666666
nw_dual_val_042,BFULL,70,0.8162650602409639,1.7181632736580013,0.8333333333333334
nw_dual_val_043,BFULL,70,0.8072033898305084,1.468182400936962,0.8833333333333332
nw_dual_val_044,BFULL,70,0.795774647887324,2.698364083033751,0.85
nw_dual_val_045,BFULL,70,0.7145522388059702,0.5964775877353209,0.8666666666666666
nw_dual_val_046,BFULL,70,0.7943037974683544,1.0312226177961024,0.7666666666666666
nw_dual_val_047,BFULL,70,0.8184319119669876,0.5690819423056254,0.8333333333333334
nw_dual_val_048,BFULL,70,0.8538961038961039,1.1611310266419932,0.9
nw_dual_val_049,BFULL,70,0.8132911392405063,0.7589157720968677,0.8333333333333334
nw_dual_val_050,BFULL,70,0.8214285714285714,0.2146381107162148,0.85
nw_dual_val_051,BFULL,70,0.8588469184890656,1.3293294704509182,0.9
nw_dual_val_052,BFULL,70,0.6933333333333334,0.8691121810108523,0.8333333333333334
nw_dual_val_053,BFULL,70,0.7743506493506493,0.40926890778309843,0.8
nw_dual_val_054,BFULL,70,0.8353174603174603,2.798290811104557,0.9166666666666666
nw_dual_val_055,BFULL,70,0.8115079365079365,0.6404637031272065,0.8
nw_dual_val_056,BFULL,70,0.8697183098591549,3.5912854361432665,0.9166666666666666
nw_dual_val_057,BFULL,70,0.8236301369863014,0.6115239117842999,0.8166666666666667
nw_dual_val_058,BFULL,70,0.8662280701754386,0.2434868497256764,0.9166666666666666
nw_dual_val_059,BFULL,70,0.7883333333333333,0.26491708855513557,0.8833333333333334
nw_dual_val_060,BFULL,70,0.8057692307692308,0.6626053280480849,0.8333333333333334
nw_retrain_0006_none_easy_seed20251432,BFULL,70,0.8567415730337079,5.298823265612667,0.8166666666666667
nw_retrain_0010_crossing_moderate_seed20251824,BFULL,70,0.9309701492537313,32.033279356391354,0.9
nw_retrain_0014_vertically_overlapping_hard_seed20252216,BFULL,70,0.836764705882353,6.3177844964778895,0.8666666666666666
nw_retrain_0016_vertically_overlapping_easy_seed20252543,BFULL,70,0.8321917808219178,10.800356040120345,0.8
nw_retrain_0017_approximately_parallel_moderate_seed20252641,BFULL,70,0.9235074626865671,15.309641948528204,0.9166666666666666
nw_retrain_0023_crossing_easy_seed20253098,BFULL,70,0.8792372881355932,8.013236288709155,0.9
nw_retrain_0024_converging_hard_seed20253196,BFULL,70,0.8947368421052632,7.2880427196572715,0.9
nw_retrain_0061_vertically_overlapping_moderate_seed20257346,BFULL,70,0.8133116883116883,8.000363803230151,0.9333333333333333
nw_retrain_0068_crossing_easy_seed20257639,BFULL,70,0.8942307692307693,9.699882737065296,0.9
nw_retrain_0077_none_easy_seed20258521,BFULL,70,0.878731343283582,34.69588771178243,0.8666666666666666
nw_retrain_0078_converging_easy_seed20258488,BFULL,70,0.8926056338028169,88.0100809174349,0.85
nw_retrain_0086_vertically_overlapping_hard_seed20259272,BFULL,70,0.7216666666666667,5.617652305428463,0.9
nw_retrain_0089_none_easy_seed20259828,BFULL,70,0.7688172043010753,6.578765741905592,0.95
nw_retrain_0091_approximately_parallel_moderate_seed20259762,BFULL,70,0.8465189873417721,30.51528123696958,0.9
nw_retrain_0095_crossing_easy_seed20260285,BFULL,70,0.8154761904761905,20.384835156690922,0.8166666666666667
nw_retrain_0099_vertically_overlapping_easy_seed20260677,BFULL,70,0.8045454545454546,3.6836027122114787,0.85
nw_retrain_0103_approximately_parallel_easy_seed20260938,BFULL,70,0.5838235294117647,2.131897265111555,0.8166666666666667
nw_retrain_0109_vertically_overlapping_easy_seed20261526,BFULL,70,0.9194915254237288,0.6502707455591452,0.8666666666666666
nw_retrain_0110_none_easy_seed20261624,BFULL,70,0.6921641791044776,0.7960082721998278,0.8333333333333334
nw_retrain_0119_converging_moderate_seed20262637,BFULL,70,0.9440298507462687,40.34397672157365,0.9333333333333333
nw_retrain_0121_vertically_overlapping_moderate_seed20262702,BFULL,70,0.7596153846153846,2.471055850014461,0.8666666666666666
nw_retrain_0122_vertically_overlapping_easy_seed20262800,BFULL,70,0.8453389830508474,38.211222267682935,0.8666666666666666
nw_retrain_0133_vertically_overlapping_moderate_seed20264009,BFULL,70,0.8656716417910447,25.74352155874221,0.9
nw_retrain_0134_crossing_moderate_seed20264107,BFULL,70,0.8216666666666667,7.559440437837307,0.85
nw_retrain_0141_crossing_easy_seed20264924,BFULL,70,0.8571428571428571,20.6869034124839,0.85
nw_retrain_0143_none_easy_seed20264858,BFULL,70,0.7766393442622951,1.8882563489498652,0.8166666666666667
nw_retrain_0150_crossing_easy_seed20265675,BFULL,70,0.8448795180722891,4.4167857636724746,0.8666666666666666
nw_retrain_0151_approximately_parallel_moderate_seed20265773,BFULL,70,0.8073770491803278,5.054675292517883,0.9
nw_retrain_0156_crossing_easy_seed20266132,BFULL,70,0.8442028985507246,24.884723050041696,0.8666666666666666
nw_retrain_0158_vertically_overlapping_easy_seed20266328,BFULL,70,0.725,49.90673217694556,0.8333333333333334
nw_retrain_0161_none_easy_seed20266753,BFULL,70,0.8904639175257731,10.205998831132177,0.8333333333333334
nw_retrain_0167_approximately_parallel_easy_seed20267472,BFULL,70,0.8601694915254238,0.8268709412997926,0.9
nw_retrain_0171_crossing_easy_seed20267864,BFULL,70,0.8098591549295775,23.56394185204993,0.9
nw_retrain_0175_vertically_overlapping_easy_seed20267994,BFULL,70,0.75,72.24842583619052,0.8666666666666666
nw_retrain_0179_none_easy_seed20268517,BFULL,70,0.8175287356321839,6.528732882550207,0.85
nw_retrain_0181_converging_easy_seed20268582,BFULL,70,0.8381147540983607,36.803741044058235,0.8666666666666666
nw_retrain_0182_crossing_moderate_seed20268680,BFULL,70,0.7220149253731343,1.3358021317629856,0.7666666666666666
nw_retrain_0185_none_easy_seed20268974,BFULL,70,0.8538135593220338,13.373998247465149,0.9
nw_retrain_0187_vertically_overlapping_easy_seed20269170,BFULL,70,0.7718253968253969,13.785645690634997,0.8333333333333334
nw_retrain_0190_none_easy_seed20269464,BFULL,70,0.9048507462686567,51.9552683305766,0.8666666666666666
nw_retrain_0191_approximately_parallel_easy_seed20269562,BFULL,70,0.6730769230769231,1.2951437942508037,0.8166666666666667
nw_retrain_0192_crossing_moderate_seed20269660,BFULL,70,0.9629120879120879,6.722923045865895,0.95
nw_retrain_0203_converging_moderate_seed20270869,BFULL,70,0.8908045977011494,10.616152891608072,0.8833333333333334
nw_retrain_0204_converging_hard_seed20270836,BFULL,70,0.9045698924731183,11.18784537964741,0.85
nw_retrain_0214_vertically_overlapping_easy_seed20271816,BFULL,70,0.6801948051948052,2.8843413713091657,0.8666666666666666
nw_retrain_0221_converging_moderate_seed20272633,BFULL,70,0.9315068493150684,22.923794223523675,0.8833333333333334
nw_retrain_0224_crossing_easy_seed20273058,BFULL,70,0.9126984126984127,4.688162354397799,0.8666666666666666
nw_retrain_0233_converging_hard_seed20273809,BFULL,70,0.8888888888888888,52.74520493861638,0.8666666666666666
nw_retrain_0243_converging_hard_seed20274789,BFULL,70,0.8831168831168831,38.127864809572806,0.9166666666666666
nw_retrain_0248_vertically_overlapping_easy_seed20275410,BFULL,70,0.7332089552238806,16.597202566542975,0.8166666666666667
nw_retrain_0250_vertically_overlapping_hard_seed20275475,BFULL,70,0.6839887640449438,3.9036184632218456,0.7666666666666666
nw_retrain_0254_none_easy_seed20275736,BFULL,70,0.8716666666666667,44.26861664581908,0.8833333333333334
nw_retrain_0258_approximately_parallel_easy_seed20276128,BFULL,70,0.7388059701492538,2.81620374520538,0.7833333333333333
nw_retrain_0266_none_easy_seed20276912,BFULL,70,0.8666666666666667,71.06563266187445,0.85
nw_retrain_0270_approximately_parallel_easy_seed20277435,BFULL,70,0.6830985915492958,2.0551646139914457,0.8333333333333334
nw_retrain_0292_approximately_parallel_easy_seed20279460,BFULL,70,0.6264044943820225,2.6538098903704705,0.75
nw_retrain_0296_converging_moderate_seed20279983,BFULL,70,0.7540983606557377,3.4889049081209462,0.8166666666666667
nw_retrain_0309_none_easy_seed20281257,BFULL,70,0.836864406779661,17.47057548558221,0.85
nw_retrain_0310_approximately_parallel_moderate_seed20281224,BFULL,70,0.8809523809523809,55.20423899231575,0.8833333333333334
nw_retrain_0314_vertically_overlapping_moderate_seed20281747,BFULL,70,0.8442982456140351,98.75408666313498,0.8833333333333332
nw_retrain_0321_crossing_easy_seed20282302,BFULL,70,0.8838235294117647,21.685574598499826,0.8166666666666667
nw_retrain_0322_converging_moderate_seed20282662,BFULL,70,0.925,47.043287798588956,0.8833333333333334
nw_retrain_0323_converging_moderate_seed20282498,BFULL,70,0.7678571428571429,11.079998698655894,0.85
nw_retrain_0326_converging_hard_seed20282923,BFULL,70,0.7038461538461539,2.7035685270120604,0.9166666666666666
nw_retrain_0332_crossing_moderate_seed20283380,BFULL,70,0.7658450704225352,11.676898048979297,0.8666666666666666
nw_retrain_0341_converging_moderate_seed20284393,BFULL,70,0.7233606557377049,20.609632849689486,0.8
nw_retrain_0344_converging_easy_seed20284556,BFULL,70,0.7690677966101694,7.4892476649685875,0.9
nw_retrain_0346_vertically_overlapping_moderate_seed20285014,BFULL,70,0.847457627118644,9.677443320851966,0.8833333333333334
nw_retrain_0359_vertically_overlapping_moderate_seed20286026,BFULL,70,0.8961864406779662,9.391219434197058,0.8833333333333334
nw_retrain_0363_vertically_overlapping_hard_seed20286418,BFULL,70,0.9102112676056338,9.024308873331812,0.9333333333333333
nw_retrain_0365_none_easy_seed20286614,BFULL,70,0.8293650793650794,11.583876040903231,0.9
nw_retrain_0369_crossing_easy_seed20287006,BFULL,70,0.8903846153846153,2.429172872593003,0.85
nw_retrain_0380_none_easy_seed20288346,BFULL,70,0.8838235294117647,13.534156160286253,0.95
nw_retrain_0384_approximately_parallel_moderate_seed20288738,BFULL,70,0.8690476190476191,49.22558705123804,0.85
nw_retrain_0385_crossing_hard_seed20288574,BFULL,70,0.9364754098360656,32.03537340590728,0.8833333333333334
nw_retrain_0386_none_easy_seed20288803,BFULL,70,0.8353174603174603,15.021116530439873,0.8333333333333334
nw_retrain_0389_vertically_overlapping_easy_seed20289228,BFULL,70,0.8695652173913043,18.98039263972932,0.7833333333333333
nw_retrain_0392_approximately_parallel_moderate_seed20289260,BFULL,70,0.8432203389830508,19.44281138894851,0.8333333333333334
nw_retrain_0404_none_easy_seed20290436,BFULL,70,0.875,2.4601634935487424,0.85
nw_retrain_0405_vertically_overlapping_hard_seed20290534,BFULL,70,0.831989247311828,2.19739089618521,0.8666666666666666
nw_retrain_0408_crossing_easy_seed20291090,BFULL,70,0.793859649122807,22.3977969671452,0.8666666666666666
nw_retrain_0409_vertically_overlapping_easy_seed20291319,BFULL,70,0.7429577464788732,7.498046349041803,0.8333333333333334
nw_retrain_0413_vertically_overlapping_easy_seed20291842,BFULL,70,0.9367088607594937,17.616307271507758,0.9333333333333333
nw_retrain_0415_approximately_parallel_easy_seed20291645,BFULL,70,0.7634615384615384,1.7791432931571276,0.85
nw_retrain_0416_approximately_parallel_easy_seed20291743,BFULL,70,0.8516949152542372,45.263182090577764,0.9333333333333333
nw_retrain_0420_converging_moderate_seed20292004,BFULL,70,0.725,9.556970178460336,0.8666666666666666
nw_retrain_0426_vertically_overlapping_hard_seed20292592,BFULL,70,0.782608695652174,6.499002321489533,0.8666666666666666
nw_retrain_0431_none_easy_seed20293082,BFULL,70,0.8837719298245614,11.29178119479261,0.8666666666666666
nw_retrain_0432_converging_moderate_seed20293311,BFULL,70,0.9003164556962026,13.171517541543926,0.9
nw_retrain_0436_none_easy_seed20293834,BFULL,70,0.7923076923076923,21.217780536216054,0.8666666666666666
nw_retrain_0437_none_easy_seed20293670,BFULL,70,0.8311688311688312,34.247883241000395,0.8666666666666666
nw_retrain_0445_none_easy_seed20294454,BFULL,70,0.782608695652174,6.656393672948137,0.8166666666666667
nw_retrain_0446_none_easy_seed20294552,BFULL,70,0.7610759493670886,7.603204586815947,0.7833333333333333
nw_retrain_0453_converging_hard_seed20295238,BFULL,70,0.7245762711864406,7.871545031535175,0.8333333333333334
nw_retrain_0455_converging_easy_seed20295434,BFULL,70,0.7757936507936508,16.917233571421516,0.8666666666666666
nw_retrain_0459_vertically_overlapping_moderate_seed20296088,BFULL,70,0.8253424657534246,7.275415093899821,0.9
nw_retrain_0465_vertically_overlapping_hard_seed20296545,BFULL,70,0.6881720430107527,29.715153321417393,0.8833333333333334
nw_retrain_0468_converging_moderate_seed20296839,BFULL,70,0.8051948051948052,1.660824784910011,0.8166666666666667
nw_retrain_0471_none_easy_seed20297002,BFULL,70,0.7936507936507936,3.3401314993948694,0.85
nw_retrain_0472_vertically_overlapping_moderate_seed20297231,BFULL,70,0.847457627118644,8.849153233379678,0.8666666666666666
nw_retrain_0473_converging_moderate_seed20297198,BFULL,70,0.875,30.973269094160752,0.9
nw_retrain_0479_converging_easy_seed20297786,BFULL,70,0.8524590163934426,7.254844670323952,0.85
nw_retrain_0486_none_easy_seed20298603,BFULL,70,0.9466292134831461,29.543724130493274,0.9
nw_retrain_0487_converging_easy_seed20298701,BFULL,70,0.825,2.881513538105462,0.8666666666666666
nw_retrain_0493_approximately_parallel_easy_seed20299158,BFULL,70,0.7865384615384615,21.780549915082858,0.8333333333333333
nw_retrain_0495_vertically_overlapping_moderate_seed20299354,BFULL,70,0.9156626506024096,36.91202945823042,0.9666666666666666
nw_retrain_0500_crossing_easy_seed20299975,BFULL,70,0.8339552238805971,16.56485166564308,0.85
nw_retrain_0505_crossing_easy_seed22078110,BFULL,70,0.903169014084507,21.846039398355263,0.9
nw_retrain_0516_none_easy_seed22079712,BFULL,70,0.9683098591549296,1.947552057698869,0.9166666666666666
nw_retrain_0523_converging_easy_seed22079874,BFULL,70,0.81,2.1312164220784657,0.8333333333333334
nw_retrain_0541_crossing_hard_seed22081769,BFULL,70,0.6941176470588235,3.9481364466254343,0.8333333333333334
nw_retrain_0546_none_easy_seed22082128,BFULL,70,0.8022388059701493,6.062806699635362,0.85
nw_retrain_0547_approximately_parallel_moderate_seed22082619,BFULL,70,0.6772388059701493,1.4655052048761659,0.8166666666666667
nw_retrain_0553_none_easy_seed22082814,BFULL,70,0.9295774647887324,11.336477636608077,0.8666666666666666
nw_retrain_0562_crossing_moderate_seed22083696,BFULL,70,0.785958904109589,14.760888569239402,0.9166666666666666
nw_retrain_0566_vertically_overlapping_moderate_seed22084088,BFULL,70,0.7561475409836066,2.330462172407868,0.8833333333333334
nw_retrain_0570_crossing_easy_seed22084742,BFULL,70,0.9042207792207793,11.989077552324991,0.85
nw_retrain_0581_converging_hard_seed22085689,BFULL,70,0.6612318840579711,1.565764134209493,0.8166666666666667
nw_retrain_0596_approximately_parallel_hard_seed22087028,BFULL,70,0.8090909090909091,15.281797050206077,0.8
nw_retrain_0600_converging_easy_seed22087551,BFULL,70,0.704225352112676,2.331563659536531,0.8833333333333334
