protocol,params_sha256,budget,seed,scenario_uid,J_star_cont,cont_target,cont_safety,cont_dls,cont_constructability,cont_mechanical,J_star_old,R_k_eng,joint_pass_ratio,n_completions,n_feasible,any_feasible,evals_total,n_errors,best_method,best_tail_params,elapsed_sec
P1,297d5c072bf1bcb9,200,1363709273,nw_dual_val_012,3.7034446002122787,1.8296435131905016,0.0,0.0,1.8738010870217772,0.0,2.8296435131905016,0.0,0.0,110,0,0,230,0,slsqp,"[599.9959870955976, -3.61212546666951, 5.999999999994508, 501.250919382438, -0.013665200662910834, 0.005135693304621433]",20.02
P1,a7a58d7785f31b18,200,3491649919,nw_dual_val_012,6.996543998726297,5.305762067931782,0.0,0.0,1.6907819307945153,0.0,6.305762067931782,0.0,0.0,110,0,0,230,0,sobol,"[451.52399911545217, -5.792744569480419, 5.574279069900513, 590.744647225365, -1.2315236292779446, 1.2047292329370975]",21.4
P1,49b5da94d11d94a3,200,3680319697,nw_dual_val_012,5.58579958794089,3.603862626010982,0.0,0.0,1.9819369619299085,0.0,4.603862626010982,0.0,0.0,110,0,0,230,0,sobol,"[563.8519624248147, -0.13076308742165565, 4.566162195056677, 336.3213888555765, 4.10082758590579, 4.073948822915554]",22.84
P1,2f7b918a5180c88a,200,1174743928,nw_dual_val_012,3.7873394681687564,1.9510597873010256,0.0,0.0,1.8362796808677306,0.0,2.9510597873010256,0.0,0.0,110,0,0,230,0,sobol,"[588.687829496339, 1.6358450129628181, 5.893185161054134, 435.11027994565666, -4.041374668478966, 0.7478999085724354]",23.53
P1,645287833e274dc6,200,363301618,nw_dual_val_012,1.444037612486262,0.6483829218377031,0.0,0.0,0.795654690648559,0.0,1.4483829218377031,0.0,0.0,110,0,0,230,0,slsqp,"[307.2167890639776, -0.10687463298627876, 3.2013669866130345, 302.0127949662646, 0.4929978342820629, 2.9694090514478533, 291.17048985075155, 0.5549682143174373, 2.924009448566823, 311.06939879137565, -0.013780753970652381, 1.8071928360989802, 292.44971099056244, -0.3360143642312022, 2.4794623345349667, 333.0712153743329, -0.248775605491447, 2.4370420917014237, 339.50375840529483, -0.22619805871231255, 1.214855930451912, 253.2349308189643, -0.361310730024905, 0.6062642803600382]",23.91
P1,f9775c397b749a48,200,3616722299,nw_dual_val_012,2.213611816162363,1.5075114231908775,0.0,0.0,0.7046631422443658,0.0014372507271197164,2.508948673917997,0.0,0.0,110,0,0,230,0,slsqp,"[307.2567103531693, -0.09446303889770373, 3.5621768188217153, 302.0174657729931, 0.3985158466843648, 3.4114691588645725, 291.18002001798243, 1.1490960373988237, 3.4307970149903553, 311.0691679205713, -0.013780753970652381, 2.600388450047529, 292.4533969278169, -0.4829425604773732, 3.061345644147496, 333.07441490810646, -0.4158230357161386, 2.875768581891817, 339.4981844470862, -0.15906565300452835, 1.8176331679425006, 253.21812790682125, -0.8495131559333545, 0.3741467969707555]",26.8
P1,8ca8c632faefb439,200,551480406,nw_dual_val_013,1.3650254067003365,0.7378443184017696,0.0,0.0,0.6271810882985669,0.0,1.2217382582177865,0.0,0.0,110,0,0,230,0,slsqp,"[240.91018056742882, 0.3709909533518209, 2.0372225638151145, 236.8568288339645, 0.5786604075317502, 1.8485554379757205, 228.35444321281082, 0.8287811004854664, 1.9802626109634962, 243.93287816997346, 0.9955606703716877, 1.8683172883231478, 229.33345467911795, 0.9333781772915869, 1.6945235897610529, 261.1832494256362, 0.7791010988171464, 1.5186911990039595, 266.2247001191147, 0.20365352100095058, 0.8458813409493713, 186.68711444838604, -0.031233346721890168, 0.021308689713920918]",26.36
P1,13d23354750c1b18,200,2649321138,nw_dual_val_023,1.527372851094439,0.0,0.6839568374065553,0.0,0.8,0.043416013687883885,1.527372851094439,0.0,0.0,110,0,0,230,0,slsqp,"[286.994086877991, -0.1390031678230644, -0.8579449106870606, 299.65027239496953, 0.34261728931668317, -0.18719995077461082, 305.41663614521667, 0.3396337487767198, -0.18693491846433108, 248.06680613693584, 0.3734445753755628, -0.17086455668739792, 326.561022168984, 0.38697698267981984, -0.18797233417872744, 300.5741135937336, 0.3506839156226867, -0.1696712281515286, 282.0105359053881, 0.26452092142562245, -0.1501351212953211, 250.72348577385625, -0.0003066685139083441, -0.003775729202152992]",26.09
P1,8428b3fd14b42611,200,4129632428,nw_dual_val_023,1.7408261889719605,1.112884072075292,0.0,0.0,0.6279421168966687,0.0,2.1128840720752917,0.0,0.0,110,0,0,230,0,slsqp,"[286.994397797346, -0.0007562516202489489, -1.6307478282045524, 299.6494546331201, -0.9697249175686754, -1.6997274180349677, 305.41711266974374, -1.0068038633991363, -1.8052859116717077, 248.06714730077437, -1.0550291127675313, -1.8880009804298536, 326.56124663543454, -1.042396496968908, -1.9702979520451924, 300.57384708832313, -1.0624951687168593, -1.9947805761934412, 282.0107323134837, -1.1291631068349666, -1.9759961191889053, 250.7254051793305, -1.8088267026411955, 0.09396180918213565]",26.12
P1,8cbdfe80b49691fc,200,2652361116,nw_dual_val_012,2.4125730018417357,1.081816583767292,0.0,0.0,1.330756418074444,0.0,1.4913368099716544,0.0,0.0,110,0,0,230,0,sobol,"[69.75930743850768, 5.073317617177963, 1.0336575843393803, 466.6181833203882, -2.6716463528573513, -5.327068895101547, 421.2196253333241, -4.040387526154518, -5.862951245158911, 279.46938794106245, -3.291453156620264, -0.6685629487037659, 184.068266088143, -0.06834706664085388, 1.8247063010931015, 141.86381123028696, 2.3844345062971115, 0.1384757123887539, 203.00936937332153, -2.7669647857546806, -3.6766755916178226, 576.1409799568355, 0.4375382401049137, 2.208097882568836]",27.09
P1,9c6ba0bf2d30dd8e,200,2990814635,nw_dual_val_023,193.32598102728,192.02431668996994,0.0,0.2612387857142962,0.9488379131724338,0.09158763842333127,11.352826424137627,0.0,0.0,110,0,0,196,0,slsqp,"[30.0, 0.0, 0.0, 30.0, 0.0, 0.0]",26.68
P1,bcf94e3e57069524,200,1705261021,nw_dual_val_023,0.6716326454351927,0.0,0.0,0.0,0.6,0.07163264543519275,0.6716326454351927,0.0,0.00909090909090909,110,0,0,230,0,slsqp,"[286.99550821652394, 0.26136222480220916, -0.2916203591562433, 299.6516772974677, 0.30030127506654014, -0.15221238649076554, 305.41799970249645, 0.20597368001181887, -0.14004048317950096, 248.06790928902169, 0.16280755586120052, -0.13034393713858364, 326.5624300021804, 0.18001684913082439, -0.14337801194441746, 300.57550827314935, 0.1940295595605993, -0.139314385130159, 282.01194857496387, 0.17883398389024543, -0.13283043779213025, 250.7249460543446, 0.0, -0.005512325040997205]",27.12
P1,86ae0acfb5dacbfa,200,3704062221,nw_dual_val_015,1.291796575395105,0.2921120790216577,0.0,0.0,0.9996844963734473,0.0,1.2921120790216576,0.0,0.0,110,0,0,230,0,slsqp,"[315.15306864505885, -1.5360245079177228, 4.072296554968409, 309.84187182458163, -1.4052890474622117, 3.660901377531232, 298.7081547693472, -1.138577623458821, 3.2463828956404144, 319.1146287190241, -1.556109157499613, 2.619893379320791, 300.01230281607474, -0.031067734061169527, 2.1898398709296907, 341.6504787944282, -0.04845769026551849, 1.9408224842892983, 348.2435908553959, -1.2757108983656609, 1.6058611034456027, 236.05359740547524, 0.11792572869754284, 0.45559966447902805]",27.5
P1,42910349d754864d,200,321015857,nw_dual_val_013,37.88045434667769,36.51166543632152,0.0,0.01604902701590394,1.1295472844711998,0.22319259886906137,10.616049027015903,0.0,0.0,110,0,0,230,0,slsqp,"[241.20000481543926, -5.908524866926005, 5.98828210898844, 236.88469176288658, -5.999999999704948, 5.634826425082007, 228.39041954011623, -5.999999999836263, 4.904154587891736, 243.96605323064938, -5.99999999989459, 4.938711760835724, 229.3551898689069, -1.253551312387354, 2.737137653332739, 261.17444614155073, -1.170735043343711, 2.022728948676916, 266.2260816123816, -1.4043740396591131, 1.5421478720407127, 186.68886874091942, -5.955939075589494, 0.1949526352004026]",27.92
P1,968e52e85b503433,200,2621931399,nw_dual_val_013,1.0329170382826112,0.14765291367703556,0.0,0.0,0.8852641246055756,0.0,1.1476529136770355,0.0,0.0,110,0,0,230,0,slsqp,"[240.906652144722, 1.181346162256915, 2.094178607326423, 236.85323661586807, 1.1580595177279536, 1.7095769811265333, 228.3525373657827, 1.155232079164675, 1.7622837986734297, 243.93144806382867, 1.1902834226110364, 1.6612720859705492, 229.33202232751495, 0.845960108666574, 1.4826434854924722, 261.1818581501307, 0.019315144560635995, 1.2903164411587658, 266.22557355196085, -0.4574660537423114, 0.8360153405535624, 186.68876471577198, -0.05069618699396236, 0.029246580589849056]",27.98
P1,4a6cfdab85b0000c,200,920125334,nw_dual_val_013,5.4311531147278505,3.3902856168065254,0.0,0.14847093088844213,1.3786834780940391,0.5137130889388444,5.052469636633813,0.0,0.0,110,0,0,230,0,sobol,"[569.6426655817777, 5.9690123945474625, -3.4437720738351345, 552.4367117788643, 3.6367736980319023, -3.5899698100984097]",28.49
P1,fc433e8b7d0021fa,200,4190371874,nw_dual_val_013,24.65086973948727,23.458643493135458,0.0,0.0,1.1730448536541414,0.01918139269767162,11.019181392697671,0.0,0.0,110,0,0,225,0,slsqp,"[30.0, 0.0, -1.0775133070010598e-06, 30.0, 0.0, 0.0]",28.61
P1,a412444d9b688d39,200,1598808286,nw_dual_val_015,124.43108136122113,123.39711385523955,0.0,0.0,0.9689429617161022,0.06502454426548004,11.06502454426548,0.0,0.0,110,0,0,230,0,slsqp,"[30.0, 0.0, 0.0, 30.0, 0.0, 0.0]",28.44
P1,235a7c8b4f6be992,200,3015161584,nw_dual_val_023,193.32016882034182,192.02431668996994,0.0,0.2612387857142962,0.9666927413976211,0.06792060325996942,11.329159388974265,0.0,0.0,110,0,0,229,0,slsqp,"[30.000000000000203, -0.01160173934401234, 0.00020135933866964535, 30.0, -0.0024120094522660216, -0.0006030023630662828]",28.46
P1,810ca02ee80c8ff4,200,3878743377,nw_dual_val_013,24.67568896213193,23.458643493135458,0.0,0.0,1.206779248021482,0.010266220974986891,11.005339432905709,0.0,0.0,110,0,0,203,0,sobol,"[31.9258205126971, -0.5853189267218113, -2.5654773339629173, 41.841045347973704, -0.9013891071081161, 2.5081517659127712]",28.76
P1,26b21bdfd8aabe1c,200,2642614487,nw_dual_val_023,193.1517707270708,192.02431668996994,0.0,0.2612387857142962,0.7769296575295539,0.0892855938570337,11.350524379571329,0.0,0.0,110,0,0,166,0,slsqp,"[30.000000000000487, 0.0, -0.005859258616513804, 30.0, 0.0, 0.0]",28.81
P1,c75f0b47cd74aeae,200,3785770497,nw_dual_val_015,1.796586841709373,0.21838219199643286,0.0,0.0,1.5782046497129403,0.0,1.2183821919964328,0.0,0.0,110,0,0,230,0,sobol,"[323.41564600355923, -1.3103040754795074, 0.4096728377044201, 299.9267685972154, -1.764468714594841, 4.077238719910383, 345.85994739085436, 0.7760082073509693, 4.918355964124203, 313.7365338206291, 0.628605779260397, 3.936853587627411, 177.02419359236956, -4.3033464923501015, 5.932763993740082, 113.701724242419, 2.874922703951597, -2.02205016463995, 255.44416073709726, -1.3978413976728916, -1.291299495846033, 499.26596319302917, -2.559457629919052, -0.3673052005469799]",29.15
P1,bcad1e4f4b996373,200,3026464079,nw_dual_val_015,124.5882458987898,123.39711385523955,0.0,0.0,1.0682189534516129,0.12291309009862056,11.064281280489851,0.0,0.0,110,0,0,229,0,sobol,"[178.94174605607986, -0.9754671826958656, 4.576200295239687, 53.707752702757716, -5.452684108167887, 4.562500689178705]",29.49
P1,420ffa13d87ebc54,200,4261871423,nw_dual_val_015,124.54455495187878,123.39711385523955,0.0,0.0,1.059613239607917,0.08782785703131406,11.087827857031314,0.0,0.0,110,0,0,229,0,slsqp,"[30.0, 0.0013483635987631272, -0.003400415374472839, 30.0, -0.006408060851971815, 0.0004937486877339753]",31.28
P1,03a7bddb65276d90,200,506833903,nw_dual_val_023,193.3161927648372,192.02431668996994,0.0,0.2612387857142962,0.8316371284410305,0.19900016071195867,11.40862681853027,0.0,0.0,110,0,0,166,0,sobol,"[156.65711648762226, 4.276075914502144, -0.7048612050712109, 251.08050637878478, 5.632173545658588, -0.008383266627788544]",31.14
P1,e48910469e51ea48,200,4212386308,nw_dual_val_025,0.6985513292590482,0.023672252424554393,0.0,0.0,0.6719895474672262,0.002889529367267581,0.826561781791822,0.0,0.00909090909090909,110,0,0,230,0,slsqp,"[303.5000824916048, 0.31811831662233103, -1.439240298559266, 298.38764236685205, 0.3006693105794369, -1.2167662688205507, 287.6790379854411, 0.2988653026924071, -1.3988499696434065, 307.308717664686, 0.3241233502844696, -1.4079557029732812, 288.9097868670098, 0.3295533290152515, -1.3834640128087607, 329.0265760102091, 0.31086752851400656, -1.3703264003237374, 335.37635076689406, 0.25821296845397107, -1.31769202426185, 220.97392612317094, -0.005484811329853593, -0.004903112499427764]",37.02
P1,b64a9ed46ce26f0e,200,1099606608,nw_dual_val_025,16.018903824355657,13.954236853942712,0.7142960528002759,0.02170743692238597,1.328663480690285,0.0,11.73600348972266,0.0,0.0,110,0,0,229,0,sobol,"[162.23463881760836, 3.2170183919370174, -0.7162078656256199, 159.06347759999335, 2.9583955965936184, -2.4588985964655876]",36.75
P1,28874b4934a7c7b8,200,1674322556,nw_dual_val_025,1.0355906529451313,0.0,0.0845538616173503,0.0,0.9141844972136829,0.03685229411409813,1.0,0.0,0.02727272727272727,110,0,0,230,0,slsqp,"[303.498682053449, 0.2574301613291231, -1.3713494227173342, 298.3845131354686, 0.23979478252295613, -1.1604024646510476, 287.67682311425386, 0.2379953371473557, -1.347082667793076, 307.3064855982775, 0.2640374037975181, -1.3550404485349392, 288.90744463667085, 0.26965163437449136, -1.3367848556793296, 329.0241461416416, 0.22857398298999904, -1.332986495787671, 335.3739282141952, 0.1586560815880866, -1.301769410022803, 220.97175365380855, -0.006820553513633306, -0.0049882690781542]",38.14
P1,5213224e4b322e81,200,3000116299,nw_dual_val_025,16.01955136777495,13.954236853942712,0.7142960528002759,0.02170743692238597,1.3293110241095794,0.0,11.73600348972266,0.0,0.0,110,0,0,213,0,slsqp,"[30.00000000000001, -0.011701045159128363, -0.011701045247318447, 30.0, -0.004578971450377542, -0.004578971450377097]",40.04
P1,4b26fd5a99aaee54,200,3142832354,nw_dual_val_027,69.75069283008118,68.89053783758399,0.0,0.0,0.70283872132502,0.1573162711721572,11.128289770819823,0.0,0.0,110,0,0,166,0,sobol,"[84.79558663442731, 5.098652958869934, -2.2697139345109463, 76.32995118387043, -5.259152166545391, -3.834423243999481]",40.74
P1,0104a0697d340c5e,200,3785594353,nw_dual_val_012,0.7822914843984295,0.0,0.0,0.0,0.7822914843984295,0.0,1.0,0.0,0.01818181818181818,110,0,0,229,0,slsqp,"[307.18487763661324, -0.24943442451428424, 2.4681844055306743, 301.9931602147585, 0.6441417439404259, 2.2577247845282264, 291.15050826944605, 0.6134720857877728, 2.2979596168188166, 311.0462416915463, -0.013780753970652381, 1.117945785256407, 292.4273075794022, 0.08551910569020138, 2.0276490013261244, 333.0487048636299, 0.15854540536576406, 2.0928892852657275, 339.4807353768211, -0.08775535929041779, 1.038496659981638, 253.21223855574033, -0.06123379635182112, 0.39785737586168385]",51.89
P1,231377105cf61891,200,3758519963,nw_dual_val_013,11.544981172439494,9.810007517490108,0.0,0.2983826675760155,1.2371133293460455,0.19947765802732495,11.0,0.0,0.0,110,0,0,230,0,sobol,"[586.8718936108053, 5.174682755023241, -5.826906066387892, 312.5093610584736, 4.671297043561935, -2.516549002379179]",52.0
P1,39c9fc455629d1d3,200,2274797998,nw_dual_val_023,1.7069183214971364,0.9006281317276772,0.1279805204289032,0.0,0.6,0.07830966934055579,1.7069183214971364,0.0,0.0,110,0,0,230,0,slsqp,"[287.014162405539, -0.0399858703750171, -0.7455321815670625, 299.6703331524189, 0.39517516542055137, -0.22235156663064862, 305.43655315230467, 0.271119587206956, -0.19982201618545192, 248.08645113003934, 0.18309232422638722, -0.162078365730155, 326.58059266252866, 0.15942699999042592, -0.15065270839967315, 300.5941446401272, 0.17418585287415103, -0.13304949874166733, 282.0305825863287, 0.15415645649365298, -0.12893407772660126, 250.74358966604154, -0.00010095093723374924, -0.003778381510178873]",52.14
P1,95034cf0f06e6492,200,819727076,nw_dual_val_030,1.5324584674370527,0.6691279249879123,0.0,0.0,0.7948368590669589,0.0684936833821816,1.737621608370094,0.0,0.0,110,0,0,230,0,slsqp,"[287.45460985691534, -1.270462154358435, -4.037150708802047, 282.60781048972166, -1.4560984555240555, -3.925034196451734, 272.4764959674338, -1.5366297664902344, -3.9948711067509564, 291.04365018638595, -1.5798541745145709, -3.5188997167639253, 273.6205981269824, -1.6617710301239124, -2.988115871959101, 311.60818205601015, -1.7013155600624181, -2.614394198197056, 317.6286625032873, -1.8310806763334886, -2.7586755558880807, 224.2535121078556, -1.3279834667622068, 0.13067762687618437]",33.35
P1,c91d04593c20aa57,200,1973112896,nw_dual_val_013,0.8441862308813018,0.005778952846421251,0.0,0.0,0.8362333411222528,0.0021739369126277676,1.0,0.0,0.00909090909090909,110,0,0,230,0,slsqp,"[240.9120173672952, 0.25900427104704704, 1.642588934615579, 236.85917505891922, 0.4621583539817864, 1.3622926796509842, 228.35813661520965, 0.45942191121839326, 1.5484255174689079, 243.93647543002075, 0.49989057198298503, 1.5577587330633953, 229.3370488289738, 0.5105615947864377, 1.5400663232589156, 261.1868950578132, 0.4828469816381416, 1.5354293285005232, 266.228206634359, 0.04803420919759965, 1.1536226926962394, 186.68885963042862, -0.01828613861235567, 0.009386422141024883]",53.5
P1,24bb28fe78d6a8cc,200,2123740860,nw_dual_val_030,47.682008307461274,45.78983564586893,0.91107471387626,0.0,0.981097947716078,0.0,11.91107471387626,0.0,0.0,110,0,0,210,0,sobol,"[128.45862513408065, -5.325827345252037, 2.381931658834219, 163.66455422714353, -4.122770860791206, 3.8164733089506626]",30.51
P1,1506dc5981e074f8,200,1908362284,nw_dual_val_030,0.9223318204725712,0.0,0.0,0.0,0.9223318204725712,0.0,1.0,0.0,0.01818181818181818,110,0,0,230,0,slsqp,"[287.40670520249677, -1.0620348007159663, -3.0844474694630217, 282.56361124938724, -1.4039164997241556, -2.753209822398939, 272.4272768818218, -1.405363216591649, -2.909177744292866, 291.00638257840654, -1.3828149134524352, -2.9169904347246947, 273.5911583047069, -1.3769111068025743, -2.9035928417420864, 311.57508107173066, -1.392077414084181, -2.905234962601409, 317.5889271828533, -1.9459095782755822, -1.8460769569466526, 224.21563138248317, -1.1342604896011401, 0.23909593083092875]",31.73
P1,a7906845ab77929b,200,2617781299,nw_dual_val_037,63.91451029047249,63.195299452158125,0.0,0.0,0.7192108383143712,0.0,11.0,0.0,0.0,110,0,0,176,0,sobol,"[33.5440993309021, -3.9959717206656933, -2.4429414086043835, 202.5076259393245, 2.322309348732233, 1.5823874920606613]",26.83
P1,92e1d5de99aef304,200,3068611537,nw_dual_val_030,1.24133216793778,0.0,0.616824380707092,0.0,0.6245077872306879,0.0,1.0,0.0,0.00909090909090909,110,0,0,230,0,slsqp,"[287.36119331434594, 0.41446834252744313, -1.7484061178090105, 282.52015721103334, 0.3624695948456113, -1.505417411424214, 272.3812350284072, 0.36040795724810126, -1.7213363517035423, 290.9612809029701, 0.391582868267694, -1.732163761132462, 273.54714034497744, 0.39972379984929196, -1.7116374698566466, 311.532846474923, 0.3787170299711531, -1.7062693032462117, 317.54537661881835, 0.11839080200916514, -1.3119088906192433, 224.17353458881618, -0.0077092297336242, -0.00546086484576184]",33.09
P1,f12b8f0ae501d39f,200,3421884377,nw_dual_val_030,0.9178695869657442,0.20424982369645914,0.0,0.0,0.7080892474219712,0.005530515847313812,1.009780339543773,0.0,0.0,110,0,0,230,0,slsqp,"[287.3903336188799, -1.0318463583447628, -4.429838208456187, 282.54416355928646, -1.3944548712755347, -3.6342991690729574, 272.410521566209, -1.4335479067344226, -3.136708881652768, 290.97939816558966, -1.4545479884270636, -2.428236397450923, 273.57059008042677, -1.4696298320841996, -2.429303786310073, 311.5633314464712, -1.4957590711539714, -2.9732618840892524, 317.5763415890602, -2.0091448223483326, -2.506978368482825, 224.20109748621877, -1.2202103247208569, 0.25710588627800784]",34.6
P1,3971a8be6e99e199,200,1796189626,nw_dual_val_037,63.92452320387009,63.195299452158125,0.0,0.0,0.7292237517119625,0.0,11.0,0.0,0.0,110,0,0,208,0,sobol,"[74.50277234427631, -3.9491523429751396, 5.662373263388872, 193.72335819527507, -3.944164752960205, -4.439449947327375]",28.24
P1,3b21adf160b45f29,200,1526079981,nw_dual_val_015,124.57514149661792,123.39711385523955,0.0,0.0,1.0832853096643742,0.09474233171398089,11.051296780382703,0.0,0.0,110,0,0,229,0,sobol,"[146.94451751187444, -3.287252761423588, 0.16378304734826088, 155.0599571596831, -5.222250659018755, -2.0018753483891487]",55.88
P1,f21a866ead8514b7,200,1566981962,nw_dual_val_015,0.5565299708297292,0.0,0.0,0.0,0.5565299708297292,0.0,0.6,0.0,0.01818181818181818,110,0,0,229,0,slsqp,"[315.42085299102837, 0.051900476275984764, 2.077483312224408, 310.1066464905911, 0.03366982540060462, 1.898381042984535, 298.96073699243817, 0.0286946584150459, 1.9982264162990537, 319.38289911256845, -0.465310955383667, 1.734521912956609, 300.2636090807224, -0.031067734061169527, 1.4549625669927826, 341.94407949239644, -0.04845769026551849, 1.4103681288025165, 348.54295101019244, -0.6163240910411587, 1.3336348611368207, 236.24348906693288, -0.38072964379370944, 0.7667781347137744]",56.12
P1,16016184643e8b6d,200,3251140387,nw_dual_val_015,108.05362029339506,107.21169802761388,0.0,0.0,0.6793529452734711,0.1625693205077086,10.6,0.0,0.0,110,0,0,230,0,slsqp,"[315.6308811603905, -3.874117055273104, 1.8448194563142937, 310.2950972361585, -3.18575386881232, 1.4028231812624354, 298.8913779754229, -3.830757534541733, 3.6262657845626873, 319.4050181408648, -4.008121918283914, 4.4623560266119435, 300.2628174347744, -0.031067734061169527, 2.8745278544833184, 341.9337627626498, -0.04845769026551849, 1.1484497043518025, 348.53323040012395, -0.6198634308098321, 1.286957429502952, 236.23382834295074, -4.948864760399541, 0.28956374004322016]",58.66
P1,47fe1aff5dca5f13,200,977628201,nw_dual_val_030,47.91271452262218,45.78983564586893,0.91107471387626,0.0,1.2118041628769842,0.0,11.91107471387626,0.0,0.0,110,0,0,230,0,sobol,"[35.78791086561978, 4.814511626958847, 2.6784772239625454, 142.9261352866888, -3.372650194913149, 3.0185405127704144]",35.12
P1,dfb036fb426efd59,200,1744655742,nw_dual_val_037,1.2572515436173233,0.0,0.3010444166143141,0.0,0.9191056766980378,0.03710145030497127,1.1569375052426947,0.0,0.00909090909090909,110,0,0,230,0,slsqp,"[290.2885625008626, -1.0596431633435062, 1.8890677381393393, 269.00941219145193, -0.2248563098468292, 1.7344551073579575, 250.85405591236045, 0.1281139672270503, 1.9225687071005577, 270.58507933909954, 0.3954968450956068, 1.8785092183095462, 277.4146760518488, 0.5438363505744652, 1.7971383388753666, 302.30580276341465, 0.6176917385327259, 1.622745885490938, 275.0281355278874, 0.36484747886561975, 1.4901156311934967, 240.88760242777514, -0.019072794226187875, 0.02766714806850153]",34.37
P1,1b12d50eabb2ef5d,200,2307332483,nw_dual_val_037,63.876485208588555,63.195299452158125,0.0,0.0,0.6811857564304332,0.0,11.0,0.0,0.0,110,0,0,201,0,slsqp,"[30.000000000001496, -0.0058593186116916935, -0.005859319498018736, 30.0, 0.0, 0.0]",33.71
P1,dfaa29cd466b4d4e,200,684569265,nw_dual_val_037,1.1532113903273826,0.006423610454683919,0.0,0.2604477662586624,0.8863400136140364,0.0,1.005161294941405,0.0,0.0,110,0,0,230,0,sobol,"[165.7035347353667, -5.8540655337274075, -5.014535363763571, 344.39137254841626, -4.040294531732798, 0.5582007542252541, 319.43690741434693, -2.387054890394211, 0.732381597161293, 141.14855783991516, -1.490120105445385, 4.158318143337965, 323.53611001744866, -5.41331921517849, 1.5733087845146656, 563.302854616195, -2.007445201277733, 1.4503134861588478, 599.4490214623511, 4.9819676131010056, 5.693842146545649, 394.14670184254646, 3.0593578554689884, 4.508931018412113]",37.39
P1,d22da36bc21b5bbf,200,2703532311,nw_dual_val_037,63.922748642059815,63.195299452158125,0.0,0.0,0.7274491899016884,0.0,11.0,0.0,0.0,110,0,0,230,0,sobol,"[31.530852494761348, -1.4765466637909412, -2.8296082578599453, 74.71849596127868, 4.778390597552061, 3.3583917282521725]",36.29
P1,a57c1b35fe921d80,200,84159084,nw_dual_val_037,1.0449591864375196,0.25472668067877396,0.06567070785898421,0.0,0.6740715673451738,0.050490230554587505,1.1708876190923458,0.0,0.0,110,0,0,230,0,slsqp,"[290.3013138481578, -0.6224951076666336, 1.9676697534626841, 269.0221257232397, -0.6189015225194829, 1.8371991557794534, 250.86809442561153, -0.6244480407342204, 2.0004575989820976, 270.5990638433173, -0.5201656424836973, 1.9425593804380794, 277.4286900971646, -0.42560410102152224, 1.8433228353192121, 302.31974117855196, -0.20137174844996264, 1.6543988666655105, 275.04207988750437, -0.05168887766169414, 1.5019008801377163, 240.90168482306453, -0.017588124088579377, 0.03160351280539908]",37.32
P1,c7d69bcffd861897,200,3577223201,nw_dual_val_030,47.87717845830349,45.78983564586893,0.91107471387626,0.0,1.176268098558297,0.0,11.91107471387626,0.0,0.0,110,0,0,229,0,sobol,"[153.24911853298545, 4.351117640733719, 3.889355644583702, 214.94602734223008, 2.0227728076279163, 3.2169168926775455]",39.37
P1,af78090b1bc8efd3,200,3528208955,nw_dual_val_037,1.4644385515218414,0.20817085052593762,0.0,0.0,1.1335498950902365,0.12271780590566721,1.0821990650441122,0.0,0.00909090909090909,110,0,0,230,0,slsqp,"[290.2822118418155, -1.5908974466478334, 2.0464886078145734, 269.00299546946763, -1.5863352157657786, 1.8691254555024506, 250.84878914964395, -1.0678938935069742, 2.044877681223965, 270.5797334852199, -0.4936085254012589, 1.9989688832289498, 277.40933832500855, -0.018103730764670055, 1.8953895738114075, 302.3004039105723, 0.2838762112413997, 1.6812078361604434, 275.02273826824666, 0.1496113211205238, 1.48489226211654, 240.88254306646746, -0.02221176918844065, 0.03615366034485727]",39.38
P1,47481d63adf08840,200,4232568651,nw_dual_val_025,0.950276374682015,0.0,0.2755274899255751,0.0,0.6127781930390273,0.061970691717412645,1.0,0.0,0.00909090909090909,110,0,0,230,0,slsqp,"[303.49882794210737, 0.21377839113855948, -1.3645468167432562, 298.38646809988074, 0.18665284755993014, -1.1524959563517365, 287.67877023270927, 0.17281665889596698, -1.341323145907707, 307.3084195162664, 0.1884757854185774, -1.3514277397246306, 288.90935770767953, 0.18472935823594722, -1.335147947399067, 329.0260433055438, 0.1663477412636086, -1.331113609355281, 335.37582402847136, 0.1590025723631825, -1.296495328121059, 220.9734951428179, -0.008134370406581125, -0.004371986103688151]",66.19
P1,5953f23375dc8af3,200,1375851104,nw_dual_val_030,47.71753972453654,45.78983564586893,0.91107471387626,0.0,1.0166293647913478,0.0,11.91107471387626,0.0,0.0,110,0,0,229,0,slsqp,"[30.000000000000455, 2.768980927410992e-05, -0.006194754077352797, 30.0, -7.278457023022647e-05, -0.0002911382809210838]",41.06
P1,4b7a903a529f72a2,200,2210107067,nw_dual_val_039,0.5509863704200428,0.0,0.0,0.0,0.5509863704200428,0.0,0.6,0.0,0.01818181818181818,110,0,0,230,0,slsqp,"[320.78711757813437, 0.05377471164956869, -2.674783911341898, 315.354435657227, 0.8203866182138506, -2.449320533601967, 304.0521512896273, 0.889198618685623, -2.5744627860495024, 324.7971173936381, 0.6201485733954156, -2.2653439379140297, 305.3413585732439, -0.3071548786725842, -1.4387182874017186, 347.73133113022243, -0.16130735997887216, -1.1844404721234636, 354.4719101914471, -0.33538442190116013, -1.0146188791595872, 279.6067676801491, -0.06254333912973456, 0.018406259968906654]",39.13
P1,dc77d13ffd9d91d7,200,1706650176,nw_dual_val_039,0.743106910573109,0.0,0.0,0.0,0.743106910573109,0.0,0.8,0.0,0.01818181818181818,110,0,0,230,0,slsqp,"[320.77916340827727, 0.2924600680924175, -2.318561616504862, 315.3506571237035, 1.0370862493576058, -2.112509393299922, 304.04779368888546, 1.084362375944829, -2.2876645234292368, 324.7928543526531, 0.8291354082103748, -1.9978689077030334, 305.337316140627, 0.0599317784300839, -1.1761048026740404, 347.7275454248819, -0.16130735997887216, -0.9353613716040846, 354.46807672129114, -0.251793965177174, -0.8227661440710209, 279.6032359410602, 0.045789034851986196, -0.028441585982947104]",39.23
P1,7acd20dae9cc7735,200,1715353841,nw_dual_val_039,3.725662561382448,2.3058150275213496,0.0,0.0,1.4198475338610983,0.0,3.3058150275213496,0.0,0.0,110,0,0,230,0,sobol,"[489.9616901110858, 3.010236918926239, -2.6711698584258556, 415.8199671842158, 2.725032515823841, -3.821006163954735]",38.5
P1,cd31553c2824a79a,200,3042105738,nw_dual_val_025,16.016455554005994,13.954236853942712,0.7142960528002759,0.02170743692238597,1.3262152103406213,0.0,11.73600348972266,0.0,0.0,110,0,0,230,0,sobol,"[36.42327977344394, 4.660329390317202, 3.861324705183506, 320.82474575378, -4.675871014595032, -0.2853179946541786]",67.75
P1,05241630f3f92916,200,2775392117,nw_dual_val_025,1.616555064084172,0.8579560012689935,0.0,0.0,0.7585990628151784,0.0,1.8579560012689935,0.0,0.0,110,0,0,230,0,slsqp,"[303.59723977494605, -1.3483134774256655, -3.019128040279231, 298.4820841440475, -1.522404451537843, -2.745295372562104, 287.7787280805974, -1.5459515533518284, -2.8252286773312942, 307.4067093928355, -1.5410708224889038, -2.782741693271649, 289.0061192516455, -1.558195291198001, -2.716218677232606, 329.11639504579176, -1.5884896185733939, -2.681491847071989, 335.46615640718716, -1.7528955657273173, -2.541984808090069, 221.0618857962118, -1.209678021417486, 0.22390880560430412]",68.47
P1,7ea127f5c6c9acbb,200,2685430226,nw_dual_val_027,0.521603995573556,0.0,0.0,0.0,0.521603995573556,0.0,0.6,0.0,0.00909090909090909,110,0,0,230,0,slsqp,"[289.965848051322, 0.38826559636304797, -2.585842911850276, 285.0796968542779, 0.6075663931696421, -2.362298902151396, 274.85362900634675, 0.6178762846313961, -2.465260939879821, 293.6111247156812, 0.3862242488947266, -2.4131644737045197, 276.0355611372102, -0.19442612791495106, -1.6366661929440864, 314.3693462699972, -0.21640797162623443, -1.187257435515988, 320.4395779774288, -0.27829843836934853, -1.8025977909276625, 242.9063296129336, -0.30014896729334856, 0.04781419295350479]",67.87
P1,dfcae99e57676d0d,200,526933364,nw_dual_val_039,1.061872926930545,0.0697900394537547,0.0,0.0,0.9920828874767903,0.0,1.0697900394537547,0.0,0.0,110,0,0,230,0,slsqp,"[320.80020431812625, -0.936798724470848, -3.008518191674246, 315.3584125294126, 0.95258878109877, -2.8420933266129613, 304.0574401263404, 1.3295406226010213, -2.9900366723215077, 324.80123795805184, 1.1283223772522597, -2.7871360867282826, 305.34290800580715, -0.6596100495383658, -2.0324107794357253, 347.7319595942069, -0.16130735997887216, -1.6785962872572995, 354.47203772652676, -0.35930291373138823, -1.4201440195299087, 279.6060044421749, -0.17339686760319273, 0.06652711210490357]",40.92
P1,9dd43feb14ed606b,200,3363707729,nw_dual_val_025,16.017506405267394,13.954236853942712,0.7142960528002759,0.02170743692238597,1.3272660616020213,0.0,11.73600348972266,0.0,0.0,110,0,0,230,0,sobol,"[237.75797741487622, 1.7189675979316235, -0.14900252223014832, 122.81782502308488, 2.425274793058634, -1.9895516820251942]",68.81
P1,4ba0d91cfd5b299c,200,3394540055,nw_dual_val_041,0.599802880928644,0.0,0.0,0.0,0.599802880928644,0.0,0.6,0.0,0.02727272727272727,110,0,0,230,0,slsqp,"[246.26491205634107, 0.6088467232677378, -0.92055959055902, 242.11571694466068, 0.5822571954519001, -0.8625225994153458, 233.42703611434922, 0.5792036929485873, -0.9409725808887267, 249.3507496421781, 0.6182568961695135, -0.9388302659327367, 234.4253074747531, 0.6069400311655111, -0.6614032988478433, 266.9742891132597, 0.5838408800433799, -0.827835155532021, 272.1316477856945, 0.5095323570445598, -0.7380573763454185, 178.02770114369162, 0.021302012439559915, -0.0054149518762552995]",38.18
P1,4346b78576895a19,200,983084128,nw_dual_val_027,2.434187832744696,0.26054361263994674,0.0,0.0,1.8074204666805471,0.3662237534242021,1.6267673660641488,0.0,0.0,110,0,0,230,0,sobol,"[241.00291988812387, -0.24576840922236443, -1.7523699514567852, 503.8283835723996, -0.7144619151949883, -5.223389983177185, 87.24165190011263, 3.1056492179632187, -1.3303788118064404, 180.531187299639, 4.862686682492495, 3.929360009729862, 577.7719132695347, -3.3782561123371124, -3.9573031961917877, 526.819382160902, -0.5295567959547043, -5.615134298801422, 520.162444403395, -5.7229781448841095, 4.552540764212608, 214.15175263769925, 3.076043263077736, -0.7737607285380363]",68.85
P1,b61524e0365b52c2,200,2891014238,nw_dual_val_039,2.947401768874848,1.320597424682753,0.0,0.0,1.623549756340514,0.003254587851581482,2.3238520125343345,0.0,0.0,110,0,0,166,0,sobol,"[516.4316007681191, 5.015293825417757, -3.13078111410141, 316.4365463051945, -1.9370288997888565, -1.9215364940464497]",42.09
P1,df71e4c432257994,200,318382108,nw_dual_val_039,2.8417062689656305,1.1650788696208265,0.0,0.0,1.6766273993448042,0.0,2.1650788696208263,0.0,0.0,110,0,0,230,0,sobol,"[543.5743862204254, 0.7447348460555077, -3.1993094198405743, 380.43261241167784, 4.372596111148596, 1.9833820313215256]",40.14
P1,b628035e91dff01f,200,103214963,nw_dual_val_039,3.0181211710602187,1.3646922230770127,0.0,0.0,1.653428947983206,0.0,2.3646922230770127,0.0,0.0,110,0,0,230,0,sobol,"[338.1569243967533, 0.20901907235383987, -5.742916624993086, 513.3666278421879, 3.1001512482762337, -4.263506691902876]",42.83
P1,ac88892d36246b1e,200,2711431251,nw_dual_val_027,0.6540175748585899,0.03561942742838758,0.0,0.0,0.6183981474302024,0.0,1.0356194274283876,0.0,0.0,110,0,0,230,0,slsqp,"[289.92601409259095, -1.4680197511447586, -0.4968935301797791, 285.02115465586064, -1.3257216938450647, -0.44804348913021863, 274.7958460996068, -1.3019515378233728, -1.8180324749700574, 293.5755329292364, -1.337461772648478, -3.175206714163559, 276.0349393843588, -0.19442612791495106, -2.3232966010086034, 314.3667239268121, -0.21640797162623443, -1.683763526333686, 320.4330940950351, -1.140799887406625, -2.004999156030709, 242.8998900171234, -1.3102526475700094, -0.17409454905306726]",71.2
P1,83f082baf0208dad,200,1801779615,nw_dual_val_039,0.9617566679024651,0.0013817500098144756,0.0,0.0,0.9603749178926506,0.0,1.0013817500098146,0.0,0.0,110,0,0,230,0,slsqp,"[320.7788067296984, 0.11299710749306978, -2.2356889817350756, 315.3503441354315, 0.9832412690249843, -1.9887252378639706, 304.04740035748017, 1.0000324981857394, -2.175803349777354, 324.79259386451076, 0.7432090415151932, -1.916279616052107, 305.3373584601459, 0.012510095737128997, -1.1437398682757092, 347.727573715738, -0.16133027616095877, -0.9404354906236986, 354.4680577697939, -0.23513858564233425, -0.8275209925238765, 279.6032153668434, -0.011062324958181827, -0.003569064819195995]",46.4
P1,d5198db1b7827836,200,1235871157,nw_dual_val_027,1.4377353269094517,0.5222507967008412,0.0,0.0,0.9047274034227575,0.010757126785853062,1.5330079234866942,0.0,0.0,110,0,0,230,0,slsqp,"[290.03574998202447, -4.148214252660301, -5.999999999999999, 285.10318790829547, -3.52544571435227, -5.712074561154173, 274.8906406853632, -3.1557689062531957, -3.697937935331123, 293.6639519004524, -3.0057882858855063, -1.834916090676962, 276.0867453522834, -0.19442612791495106, -0.8995210708425022, 314.39117514460554, -0.21640797162623443, -0.7036019696688995, 320.4771999425579, -2.5585050403285643, -1.9947713461023582, 242.9171235204945, -1.8978165770919078, 0.2998139176473067]",77.23
P1,8aac8627c19c4efd,200,1194240896,nw_dual_val_041,1.0703435119237241,0.0,0.0,0.04442146519248347,1.0259220467312407,0.0,1.0303743272159107,0.0,0.01818181818181818,110,0,0,230,0,nsga2,"[158.88260234000808, -5.197376859884157, 0.6934076307664929, 170.66330437805388, -0.6003268588888355, 3.450314519597928, 177.1985875694497, 3.3581239674759527, -4.21017266161725, 310.2417127864031, -5.504837041541778, -1.6199360055759708, 111.31848061464943, 0.13305673838103083, 5.849929176917433, 497.7926424135773, -0.08251504506709573, -3.652177465659529, 229.86492587575637, 0.7886108978259747, -1.939947108488786, 314.321804008544, 3.4533796711693334, -5.924225400428421]",39.72
P1,9c4444863fc727c8,200,1353127647,nw_dual_val_041,1.4275469696838372,0.4829382014014084,0.0,0.21800544611456033,0.7266033221678685,0.0,1.631879631129288,0.0,0.0,110,0,0,166,0,sobol,"[301.6617975756526, 0.7481960467994213, -4.758158963173628, 248.73881016857922, 4.088884446769953, -5.08991327136755]",41.96
P1,23e51d296a356c2d,200,1094484442,nw_dual_val_027,69.71203865862041,68.89053783758399,0.0,0.0,0.6931210133435155,0.12837980769290383,11.094927758768502,0.0,0.0,110,0,0,230,0,sobol,"[127.5920221209526, 0.4520900174975395, 1.6001769080758095, 130.07993459701538, 5.430643033236265, 0.2429935187101364]",82.07
P1,422f1badd9a4af49,200,4208776114,nw_dual_val_041,0.8161900189875526,0.0,0.0,0.0,0.7798220092077953,0.03636800977975728,0.8363680097797573,0.0,0.02727272727272727,110,0,0,230,0,slsqp,"[246.26588928932995, -1.5538948284138616, -2.004224065608584, 242.1167919198421, 0.3976065741776662, -0.7250876266735713, 233.42806334462435, 0.3947025167150535, -0.8177769556296502, 249.35252260870044, 0.4351712553941534, -0.8224338833262554, 234.4271771688531, 0.4340034520760201, -0.5696234404034237, 266.97611012488545, 0.4183491343936218, -0.7505967439868149, 272.1334906127442, 0.3991276774001408, -0.6941537870300687, 178.0296923835438, 0.0084773328508193, -0.005870713943034021]",49.26
P1,63084358a2538a0d,200,3135628110,nw_dual_val_027,69.86971341883171,68.89053783758399,0.0,0.0,0.7382171033327461,0.24095847791496974,11.199036928245581,0.0,0.0,110,0,0,166,0,sobol,"[114.26879242993891, 3.1583619005978107, -3.6584087423980236, 67.92567660100758, 3.4933262541890144, -2.661619495600462]",89.41
P1,f36b350932da86a3,200,2995081389,nw_dual_val_041,1.2124596407292572,0.4315223789788104,0.0,0.0,0.7809372617504466,0.0,1.1905494798196272,0.0,0.0,110,0,0,229,0,sobol,"[531.9216894172132, 4.930773016065359, -1.9459811970591545, 345.4581536538899, 5.698031052947044, -1.122169565409422]",39.51
P1,969c1d122cab45ae,200,717368420,nw_dual_val_048,0.7183392774929216,0.028189444428229085,0.0,0.0,0.6166970987397521,0.07345273432494032,0.9016421787531694,0.0,0.00909090909090909,110,0,0,230,0,slsqp,"[311.6398871537686, -0.16121331285461502, 1.491939001847414, 288.1406851703949, 0.16351801469312535, 1.4165763567583916, 330.522678769766, 0.23262073285792112, 1.2686297862717868, 258.2598758643181, 0.2380785435715486, 1.3055663879596047, 254.78624816959777, 0.22748266463903286, 1.2480439199473192, 309.4397943710885, 0.24586605637242026, 1.2232619562244593, 279.77909672376245, 0.17211916962823925, 1.3723123454145534, 276.7578181996665, -0.01797510657527507, 0.026727082109001113]",38.21
P1,747d2d5fd116cc4d,200,2883691778,nw_dual_val_041,83.6350117025536,83.6350117025536,0.0,0.0,0.0,0.0,10.2,0.0,0.0,110,0,0,202,0,slsqp,"[30.000004097677067, 0.0, -0.00585917158176802, 30.000004097677067, 0.0, 0.0, 30.000004097677067, 0.0, 0.0, 30.000004097677067, 0.0, 0.0, 30.000004097677067, 0.0, 0.0, 30.000004097677067, 0.0, 0.0, 30.000004097677067, 0.0, 0.0, 30.000004097677067, 0.0, 0.0]",55.42
P1,4220ca36949468fb,200,232655901,nw_dual_val_041,2.0058589061596774,0.995543948155136,0.0,0.0,1.0103149580045414,0.0,1.995543948155136,0.0,0.0,110,0,0,216,0,sobol,"[213.87010015547276, 4.737741932272911, 1.154313001781702, 581.3644100166857, 0.35560474544763565, 3.4924186617136]",43.21
P1,5bd426d7e9be55e7,200,2555342352,nw_dual_val_048,117.67721449690066,116.52219860092512,0.0,0.0,1.1290662744358126,0.025949621539720566,11.002567620373751,0.0,0.0,110,0,0,176,0,sobol,"[82.43126277811825, 4.184105638414621, 4.5559450797736645, 72.24481780081987, 3.0172506272792816, 2.5796180181205273]",39.76
P1,cd54c0fdae3ea56f,200,4178942752,nw_dual_val_048,0.5500799017482054,0.0,0.0,0.0,0.5500799017482054,0.0,0.6,0.0,0.00909090909090909,110,0,0,229,0,slsqp,"[311.62653460904704, -0.09197374667013841, 1.497133978831013, 288.12729211347454, -0.0821330344275314, 1.4635985427834015, 330.50992372797697, -0.08101128465766737, 1.3303657959644337, 258.2471315011619, -0.08016620736810676, 1.3878535065258102, 254.77344141133446, -0.09290241509642107, 1.3256151483797052, 309.4269098040635, -0.08109507556321933, 1.3147907359268725, 279.76628136433374, -0.09259816359203833, 1.4608718132078424, 276.7446630032454, -0.09009263146585175, 0.10562508557090383]",42.54
P1,5f04ca1611a2d5f5,200,730477977,nw_dual_val_048,0.8269842843724089,0.0,0.0,0.0,0.7450773798525583,0.08190690451985062,1.0072467562413094,0.0,0.02727272727272727,110,0,0,230,0,slsqp,"[311.6258840561087, -0.12666631013410112, 1.4723718232156071, 288.1266713570586, -0.08157927589003122, 1.4236392912126696, 330.50933493625337, -0.010237005036334415, 1.2771691351194954, 258.2465239649886, 0.08375420123305788, 1.313541151046212, 254.7729005265959, 0.10932865793444164, 1.2568601756345013, 309.4264451040055, 0.14882366476690767, 1.2339924174190908, 279.7657543935556, 0.11598199901853286, 1.3809354883440057, 276.7444626341236, -0.017803786383631625, 0.026828000731477602]",41.66
P1,9951a0ad3b6524d8,200,2441086525,nw_dual_val_027,69.96473918337624,68.89053783758399,0.0,0.0,0.8641516694812601,0.2100496763109927,11.210049676310993,0.0,0.0,110,0,0,210,0,slsqp,"[30.00000000000019, -0.005859374687432695, 0.0, 30.0, 0.0, 0.0]",94.31
P1,8a687a58cf15d9af,200,21802971,nw_dual_val_048,114.801976244699,112.8494156334128,0.0,0.0,1.4849050236671797,0.467655587619017,11.025211178730522,0.0,0.0,110,0,0,176,0,sobol,"[562.5905267614871, -1.7001571990549564, 5.719564609229565, 524.2604021541774, 2.5096220523118973, -3.5987766422331333]",40.86
P1,9ea057aca98fea22,200,604299585,nw_dual_val_049,53.230322487883946,52.085480710114204,0.0,0.07310654090967923,1.0717352368600632,0.0,11.073106540909679,0.0,0.0,110,0,0,177,0,slsqp,"[280.7038361199675, -0.07954952922134712, 1.8541924708468283, 212.5109109688722, -0.01006053696502472, 0.014309549627574025]",35.73
P1,2092103fa0317bf1,200,3897345826,nw_dual_val_048,109.49726156267329,107.64161869096256,0.0,0.0,1.330977029650988,0.5246658420597505,11.064475259726413,0.0,0.0,110,0,0,207,0,sobol,"[553.8922833558172, 3.2568420208990574, 5.265355635434389, 485.1205130573362, 2.7648557536303997, -3.1044264547526836]",42.28
P1,63ae032f1c6dc07c,200,3444244546,nw_dual_val_049,1.288557185480543,0.4885571854805431,0.0,0.0,0.8,0.0,1.0999956153998844,0.0,0.0,110,0,0,230,0,slsqp,"[254.07362498713155, 0.42025126537450436, 4.49668232178931, 249.7792284218793, 0.0592704397315566, 3.9310373931416436, 240.8305968924335, -0.38131919572127837, 3.5474101369028874, 257.296695942789, -0.9169239154833269, 2.314391444649135, 241.90116143052714, -0.5594854468395609, 1.5691515660394966, 275.54242927134743, -0.0547183966058374, 2.460524012345844, 280.75623761810357, -0.14577122351599078, 2.210535415694248, 212.56195969634373, -0.2220369886245185, 0.2833991769574352]",42.26
P1,99889fbd7c5327ca,200,2215478079,nw_dual_val_048,117.85473386166048,116.52219860092512,0.0,0.0,1.33253526073536,0.0,11.0,0.0,0.0,110,0,0,229,0,slsqp,"[30.0, -0.012109327660418973, 0.005297637932642428, 30.0, -0.002345846908262917, -0.0005819331567754975]",43.61
P1,d13f2ac4021c487b,200,88992387,nw_dual_val_041,1.618006696098336,0.6846733627650027,0.0,0.0,0.9333333333333332,0.0,1.6846733627650026,0.0,0.0,110,0,0,179,0,sobol,"[536.4702805224806, -1.593684196472168, -0.3914860971271992, 447.668045964092, 5.0617002211511135, 1.272428322583437]",58.86
P1,fc900fe2cc2add7b,200,2377930699,nw_dual_val_049,53.3514387595004,52.085480710114204,0.0,0.07310654090967923,1.1928515084765179,0.0,11.073106540909679,0.0,0.0,110,0,0,185,0,slsqp,"[280.7038361199675, 0.2653279885694298, 1.8685266392707165, 212.5109109688722, -0.010064089278860468, 0.01525655079536894]",40.13
P1,2aae226891eb9ab6,200,2385709575,nw_dual_val_049,53.25512736267479,52.085480710114204,0.0,0.07310654090967923,1.0965401116509084,0.0,11.073106540909679,0.0,0.0,110,0,0,230,0,slsqp,"[30.0, 0.0, 0.0, 30.0, 0.0, 0.0]",38.39
P1,c0d90ad00bf0dd85,200,4156411660,nw_dual_val_049,53.41015892030033,52.085480710114204,0.0,0.07310654090967923,1.2515716692764487,0.0,11.073106540909679,0.0,0.0,110,0,0,211,0,slsqp,"[30.000000000000114, -0.005859374836644005, 0.0, 30.0, 0.0, 0.0]",41.38
P1,2a51700d7fb2b860,200,2114272621,nw_dual_val_050,0.8858535158056443,0.0635440352928998,0.0,0.0,0.7888463056584609,0.03346317485428368,0.8970072101471834,0.0,0.0,110,0,0,230,0,slsqp,"[241.67822200305113, 0.12189594241399962, -2.4823228082075337, 307.1361321640594, 0.12271520491726007, -2.394721123418319, 273.9176475145089, 0.13372961709314135, -2.3496513831379517, 288.75727824768256, 0.1264298510617829, -2.421100373768578, 261.96726571726816, 0.11929097374093613, -2.519955398305216, 282.00934960584283, 0.13643456239116705, -2.5382215517612106, 306.9392540636511, 0.13770705175895587, -2.64968100311766, 336.70360111563326, -0.007691093012355962, -0.005479214635075831]",40.91
P1,1d7141c08bdf4490,200,3358184533,nw_dual_val_049,155.23063891865812,153.5255459951843,0.0,0.11422723971765943,1.1773889509612963,0.4134767327948658,10.514227239717659,0.0,0.0,110,0,0,230,0,nsga2,"[583.4396518868881, 4.16578214685072, -2.310427394529321, 323.37845162991186, 3.399522958967408, -5.255461089437382, 493.6416559327567, -5.760452530320557, -5.257129757931661, 563.856288176981, -4.492964394418465, 1.531043938135987, 293.4086524413448, 5.167400706877345, -4.247561224774464, 115.8861833525186, 4.559407637983261, -4.396847952267969, 199.80700891457266, -3.269940081543138, 0.695438198904446, 236.49303630558958, -3.6573699552668475, 2.247618388985833]",46.53
P1,380744e244a67407,200,3777505280,nw_retrain_0010_crossing_moderate_seed20251824,5.402156407119342,0.30607742457244375,0.0,1.7530495412647369,2.6820098945850512,0.6610195466971106,3.720146512534291,0.0,0.0,110,0,0,230,0,sobol,"[381.379709681496, -4.388129275292158, 8.412028670310974, 811.2142229173332, -1.0653204023838043, -8.603428490459919, 914.9254875257611, -2.0249384455382824, 12.473911553621292, 215.19733966328204, -5.7339994087815285, -15.606873739510775, 910.3221626579762, 4.430501706898212, 2.2104264199733734, 546.1229573190212, -2.318187139928341, 9.401476733386517, 869.9229698255658, 4.433097615838051, 3.1960793249309063, 175.1820303592831, -1.1446189060807228, 16.518297247588634]",38.76
P1,9e60d62975aed7db,200,900692618,nw_retrain_0077_none_easy_seed20258521,5.241868430827082,1.0919166060800896,0.0,0.9436881269572455,2.6750251347892258,0.5312385630005206,3.5668432960378555,0.0,0.0,110,0,0,230,0,slsqp,"[904.6974735581226, -0.012818533143561232, -6.509292194381194, 837.0814882155247, 8.938009462365273e-06, -0.0002547137168285806]",16.34
P1,8a38341d77279f72,200,3222762870,nw_retrain_0010_crossing_moderate_seed20251824,1.3366749287837973,0.0,0.0,0.0,1.2851452005698951,0.051529728213902164,1.0515297282139022,0.0,0.01818181818181818,110,0,0,230,0,slsqp,"[369.80481829093924, 0.08145943606199257, 3.6168999969245506, 713.1152594322834, 0.1726927023997269, 1.3536717842918116, 352.24311986509946, 0.16495222705012952, 1.9177699979121592, 391.34086703598393, 0.1536368609971601, 1.3286787354342433, 315.63431640824166, 0.15266116561540424, 0.6747376769908698, 439.42353009574157, 0.10987592604441879, 1.6535591229480417, 295.097213706935, 0.009404901487855995, 1.1583779165621508, 369.07452883179303, 0.11111099735335539, 0.20985015187905032]",41.44
P1,9b31be95720326b2,200,1405889244,nw_dual_val_050,1.7535072701663355,0.14196223108322628,0.6455510658155549,0.0,0.9630621599100804,0.0029318133574740084,1.656119599669718,0.0,0.0,110,0,0,230,0,nsga2,"[99.0381634195891, -4.485130864187518, 1.6713703608569563, 183.52976355850294, -5.854246450924483, 5.8241620275043395, 77.92727159297922, 3.8308646018435493, -4.284724967099091, 548.8540234385025, -1.3521740585564306, 3.9653413204686476, 136.03101368404367, 2.624717433694249, 4.486985658589306, 235.01928090558673, -5.996605624640223, 0.9184883419516598, 364.0388545212615, -0.1981983108170411, 2.4133077752541663, 493.7675409777516, -1.3488024583574783, 2.8519547429619045]",47.28
P1,470bc502b3b7bb74,200,2762849996,nw_retrain_0010_crossing_moderate_seed20251824,1.0427515777200769,0.0,0.0,0.0,0.6,0.44275157772007684,1.0427515777200769,0.0,0.00909090909090909,110,0,0,230,0,slsqp,"[369.5018144328847, -0.02904129546072785, 3.7834243227399567, 712.5358106054307, -0.14383875669228824, 1.9244008138008246, 352.04655663511613, -0.3693325642921597, 3.492270476137602, 391.07117739086686, -0.3715502664401798, 3.3338770296301745, 315.39472217276335, -0.4267713876326538, 2.803299698559949, 439.1351959303937, -0.43095918330906596, 3.669074511088018, 294.86860640521087, -0.09531922500646037, 3.0157442602277813, 368.74340136992254, 0.10514311565863087, 0.9633107167242643]",44.43
P1,869e0518523c48ca,200,1684794292,nw_retrain_0077_none_easy_seed20258521,1317.3492568243514,1312.2451007611041,0.0,1.2870415397041182,2.3727837513013426,1.4443307722416696,11.943688126957245,0.0,0.0,110,0,0,229,0,nsga2,"[858.9147968423154, -0.642329099305412, -9.356403548174427, 465.83410229514897, -1.3828327548451105, 13.761004786396771]",19.12
P1,1869f6ad2db72370,200,912790608,nw_dual_val_050,125.80193825425198,124.59747265948712,0.0,0.0,1.1400711324630797,0.0643944623017766,11.037839309847403,0.0,0.0,110,0,0,229,0,sobol,"[54.255194161087275, -3.7722700349986553, 4.738908212631941, 103.64470568485558, -2.8295590840280056, 3.282916322350502]",46.17
P1,8f65e4c4bb3c9560,200,3737587671,nw_retrain_0014_vertically_overlapping_hard_seed20252216,9.604868635466051,5.164247973950437,0.0,1.1529104892160227,2.213824446412711,1.07388572588688,8.39104418905334,0.0,0.0,110,0,0,230,0,sobol,"[288.17680630450593, -2.2427377179265022, -13.981491923332214, 759.9027495224777, -3.016237299889326, -6.93289577588439, 371.61213618971954, -3.0995008125901222, 4.2850237637758255, 340.98577738716796, -3.9355619698762894, 0.33877701312303543, 582.0990101082856, 3.818120162934065, 12.87451247870922, 669.7311327002675, 5.000019550323486, 11.161108206957579, 200.60360049071363, 3.756309248507023, 7.276909198611975, 778.1676666476149, -4.721475183963776, -3.1790358312427998]",42.43
P1,d74bf6be74af3731,200,4248687177,nw_dual_val_050,125.62132193037534,124.59747265948712,0.0,0.0,0.9840298262781081,0.03981944461012,11.03981944461012,0.0,0.0,110,0,0,230,0,slsqp,"[30.0, 0.0, 0.0, 30.0, 0.0, 0.0]",47.8
P1,73cc894e1727ae69,200,798368656,nw_retrain_0077_none_easy_seed20258521,1805.6124960943193,1801.8603240701623,0.0,0.9828744009137672,2.4236915776247936,0.3456060456185106,11.943688126957245,0.0,0.0,110,0,0,216,0,sobol,"[341.42765586791984, 5.405568759888411, -11.897246405482292, 899.3731920590353, -1.1234295442700386, -2.199099149554968]",20.86
P1,408430aab1841b21,200,2535345819,nw_retrain_0014_vertically_overlapping_hard_seed20252216,2198.930288348678,2190.9085836830745,0.0,1.5666299657706864,2.0385586766705153,4.416516023162227,14.405153449256687,0.0,0.0,110,0,0,229,0,sobol,"[652.1227844664735, -5.667151439934969, 7.897759649902582, 246.32352884588147, -1.9851830899715424, -0.42759957164525986]",37.31
P1,0eb786fcfd8a7118,200,2579369322,nw_dual_val_048,0.7071796553512691,0.0,0.0,0.0,0.6711249129664807,0.03605474238478848,1.0,0.0,0.03636363636363636,110,0,0,230,0,slsqp,"[311.6265610869007, 0.30183868487199755, 1.378322269201338, 288.1273845642652, 0.311473813562102, 1.3302991764130807, 330.5084568663759, 0.31240677667153144, 1.175198027845174, 258.2456273682579, 0.2894672004317723, 1.2395113847670536, 254.77200243636037, 0.20134210734461316, 1.191812729902367, 309.4252068231872, 0.14697987242750632, 1.1710750842824664, 279.7641998601219, 0.12085683348494271, 1.342889671887508, 276.7430292863415, -0.013329703568765375, 0.017573880359267328]",65.35
P1,193ae399d56945cf,200,3642626665,nw_retrain_0010_crossing_moderate_seed20251824,10049.293118846537,10035.810470731061,0.0,1.8289538418541806,1.9496870172761345,9.704007256345577,22.532961098199756,0.0,0.0,110,0,0,230,0,slsqp,"[30.0, 0.0, 0.0, 30.0, 0.0, 0.0]",49.32
P1,b4bc677d3d547cbb,200,2149198480,nw_retrain_0010_crossing_moderate_seed20251824,10048.52436658508,10035.810470731061,0.0,1.5789941052154202,2.136465361340739,8.998436387463007,21.577430492678427,0.0,0.0,110,0,0,230,0,slsqp,"[30.0, 0.0, 0.0, 30.0, 0.0, 0.0]",49.41
P1,69b115e46c4b326f,200,3126352710,nw_retrain_0014_vertically_overlapping_hard_seed20252216,5.084246013741784,4.526252694156368,0.0,0.0,0.5579933195854154,0.0,5.326252694156368,0.0,0.0,110,0,0,230,0,slsqp,"[271.6443845155856, 0.4358210576202533, 0.743323317026926, 255.65506014014204, 1.1395181830463068, -1.736118252018638, 256.4991767738491, 0.42812326972179005, 0.6237195755661622, 232.49329856738012, 0.43309758641033064, 0.47793767186319647, 301.91556221572245, 0.44325107460109603, 0.3740249177106689, 271.9428883978348, 0.31639058250557317, 0.1255480938178838, 299.56425556240504, 0.8021742630844182, -0.32072117254633287, 272.1376369719039, 0.3614889539736074, 0.25133023063919874]",48.03
P1,aa4a83234a0b84b2,200,1056614021,nw_retrain_0014_vertically_overlapping_hard_seed20252216,39.95226871871111,3.150396080262263,0.0,1.5182146174761095,2.1802950763351965,33.10336294463754,10.4,0.0,0.0,110,0,0,230,0,nsga2,"[644.4242471190088, -5.0894128417684925, -5.495889468703307, 823.2511481716745, -0.6187642461011995, -17.41936123363014, 527.5529548715768, -0.07363584083054064, -15.140491111414404, 552.4049504299498, -3.3734188346059257, 5.874388350771614, 652.1081877206681, -2.6066484055395014, 5.709914395793067, 83.78074482884007, -3.35945745018815, 17.213922526232707, 287.5703985796519, -2.974504690802013, 10.020743420714002, 133.50243850474476, -3.952379282123646, -1.1307077352622947]",47.44
P1,3ffaa05f939463ad,200,1073849018,nw_retrain_0077_none_easy_seed20258521,9.407885528372292,6.805579013876124,0.0,0.5622576478047469,1.9663921820236099,0.0736566846678123,8.441493346348683,0.0,0.00909090909090909,110,0,0,230,0,sobol,"[779.5474576805385, -1.5124920420348644, -2.195285215973854, 54.597164948461284, -4.654451943933964, 0.05728323385119438, 370.65771091461465, -4.887188460677862, 5.599516466259956, 60.18558306454502, 2.9054986238479614, 12.333360984921455, 342.62844562986, 3.742552936077118, 10.439890030771494, 577.5300399932496, 0.477243572473526, 10.656267084181309, 124.07453509884482, -4.45867820084095, -11.082784619182348, 40.774139148726036, 2.7383627705276012, 4.009706508368254]",29.5
P1,bee5f16975dddb3c,200,4292994408,nw_retrain_0010_crossing_moderate_seed20251824,10055.281426415773,10035.810470731061,0.0,1.5789941052154202,2.0051362796592254,15.886825299837534,22.578994105215422,0.0,0.0,110,0,0,206,0,slsqp,"[30.0, -0.005859375, 0.0, 30.0, 0.0, 0.0]",54.48
P1,6cc7ea2626180c3f,200,1752595982,nw_retrain_0010_crossing_moderate_seed20251824,10057.628068912387,10035.810470731061,0.0,1.5789941052154202,1.939717412128872,18.298886663979847,22.578994105215422,0.0,0.0,110,0,0,181,0,slsqp,"[30.0, -0.00585963743990625, -0.017578912319718754, 30.0, 0.0, 0.0]",57.54
P1,c68f3bf3ca633592,200,369871235,nw_retrain_0014_vertically_overlapping_hard_seed20252216,2209.915445030349,2197.620943943202,0.0,1.5666299657706864,1.9624626249681687,8.765408496408236,15.897822363989528,0.0,0.0,110,0,0,230,0,nsga2,"[309.28548185960693, -0.8804019825545568, -14.524531046054017, 662.5181227054635, -1.0914295384622967, 2.4137481175025783]",44.56
P1,5637d39c6320b761,200,313313987,nw_dual_val_049,0.8885999363250034,0.0,0.0,0.0,0.8885999363250034,0.0,1.0,0.0,0.00909090909090909,110,0,0,230,0,slsqp,"[254.05272219283597, 1.0534961014662396, 2.8066472769944517, 249.76394733320382, 1.4469772245126353, 2.410925091487559, 240.79332597928087, 0.9504602946445856, 2.403888215813989, 257.2473675843981, 0.2171829956718617, 1.208203458970375, 241.85244210006053, -0.5594854468395609, 0.5455169596837657, 275.4905171692615, -0.0547183966058374, 1.8071620761625573, 280.7038361199675, -0.08204007705434928, 1.8540875952352467, 212.5109109688722, -0.010068663600136012, 0.014325381354652842]",75.75
P1,2db3aee899df1209,200,1891484202,nw_retrain_0077_none_easy_seed20258521,15.613286309347027,10.699106223296424,0.0,0.9436881269572455,2.7324465534296722,1.2380454056636852,12.023777089049624,0.0,0.0,110,0,0,230,0,slsqp,"[675.5523156688323, -4.252317372084713, -4.162277664582898, 520.3054975978939, -0.6927181589252327, -1.455984323404942]",40.62
P1,d68c5eb186c765f6,200,1977430955,nw_dual_val_049,1.132732405325401,0.20450209127264327,0.0,0.0,0.9282303140527578,0.0,1.2045020912726432,0.0,0.0,110,0,0,230,0,slsqp,"[254.07474301648907, 0.6671752933943563, 3.3900669544435433, 249.7841261205047, 0.976481579410277, 3.1387645980631045, 240.81916714287482, 0.5971911818949536, 3.0444237037877158, 257.2754563953971, -0.36990603168040215, 1.894939188415278, 241.87977964825268, -0.5594854468395609, 1.1570949181956607, 275.51939563967176, -0.05552057923218239, 2.194351390706169, 280.7327013041519, -0.13747803968507444, 2.051511585732247, 212.53898940195376, -0.17757462210022537, 0.5300478254734475]",78.93
P1,919ddf7684eea617,200,2309331070,nw_dual_val_050,1.0811582700549478,0.28115827005494776,0.0,0.0,0.8,0.0,1.0,0.0,0.00909090909090909,110,0,0,230,0,slsqp,"[241.76095213801662, 0.13456862048873858, -3.683320249994659, 307.2184812010429, -0.2716284111202239, -3.7025018283987743, 273.9997225628811, -0.40171739057282246, -3.5517186589387144, 288.8397206364243, -0.5360959560123708, -3.5428017843151673, 262.04999308017864, -0.597094691182323, -3.363365722215127, 282.0920002638902, -0.21138303221661542, -3.1457902149101087, 307.0226087459557, 1.0596569026278593, -3.025253109007986, 336.7846084078996, -0.35320581919952243, 0.0742620408656305]",70.33
P1,54353be04ef4af16,200,170944444,nw_retrain_0119_converging_moderate_seed20262637,13.63782235139062,7.314094631696548,0.0,1.8950402941553772,1.6229771040328285,2.8057103215058645,10.6,0.0,0.0,110,0,0,230,0,sobol,"[188.92143178731203, -5.0780896581709385, 1.1443138159811497, 432.5170383043587, -3.3774437606334686, -7.590366158634424, 804.5148979593068, -5.913723260164261, -1.3035908974707127, 719.5219844486564, -1.7497699186205864, 6.817335247993469, 883.2666046265513, -2.454772509634495, -8.066279590129852, 894.4137732218951, 5.672178078442812, -0.9048689268529415, 812.708196900785, 5.047798611223698, 2.223466381430626, 278.9998796954751, -3.8441274985671043, -17.37024176493287]",38.84
P1,a1c2d20a608ecdf2,200,1072909954,nw_retrain_0119_converging_moderate_seed20262637,2.655103679767886,1.8830322426041164,0.0,0.0,0.7720714371637698,0.0,2.8830322426041164,0.0,0.0,110,0,0,230,0,slsqp,"[347.9976382836713, 0.14072121925538547, 1.6256335794742378, 310.8271672106421, 0.4335522431843129, 2.6589853752620716, 290.5674708515468, 0.4288880199296176, 1.479755600175457, 364.9730609682176, 0.3557047647218329, 1.4996076993743312, 393.8824571079894, 0.9335293484089582, 1.2506509311263359, 364.3098307751098, 1.6789941101488386, 1.2836606340511285, 483.7627152790085, 0.8485652170772158, 1.5354433620121009, 511.8364488515053, 5.905057410944992, 0.1754606781408686]",40.75
P1,b9cbc361818bb762,200,4194610530,nw_retrain_0119_converging_moderate_seed20262637,909.8345470252834,900.6080535533471,0.0,0.9265590033236867,2.215592552837662,6.0843419157750995,10.917732082432629,0.0,0.0,110,0,0,230,0,sobol,"[687.848370084539, -3.2937376722693443, 12.74647481739521, 523.2630093861371, -2.3411002345383167, -0.4937966577708721, 40.59572651050985, 4.615349896252155, -9.186070304363966, 411.65634899400175, -5.044211067259312, 2.1366264447569847, 744.538733754307, -0.057031530886888504, 5.036435801535845, 608.0671592336148, -1.6153016611933708, 2.4646467939019203, 373.2391683012247, -3.799622755497694, -4.233887381851673, 777.5123937986791, -2.97715487703681, -2.9993480779230595]",42.73
P1,e141a115ad67744a,200,153487796,nw_retrain_0077_none_easy_seed20258521,7.176436526285704,3.7239824244513415,0.0,0.7017306725011784,2.548297164433276,0.2024262648999077,5.628139361852427,0.0,0.0,110,0,0,230,0,sobol,"[607.1452328706669, -5.636985059827566, 17.252573791891336, 454.2025890122169, 1.310553040355444, 13.63870745524764, 237.87519172596734, 1.6825657188892365, 15.567637581378222, 177.74378780419593, 0.16784195601940155, 15.9581299982965, 72.70181025637282, -4.81193407997489, -4.257507216185331, 545.2771247657436, -5.402183968573809, 1.7256401404738426, 268.37973814774284, 2.1679613068699837, -12.459628723561764, 98.60911947968272, 0.6058133952319622, 11.748622119426727]",58.99
P1,fc1020fbdc9464ed,200,1446404946,nw_retrain_0077_none_easy_seed20258521,5.449806211716995,0.0,0.0,1.838680233674636,2.6819309394366817,0.9291950386056772,3.7678752722803135,0.0,0.00909090909090909,110,0,0,230,0,sobol,"[290.1582271684899, -5.097380451858044, 1.4370366632938385, 302.2628224643584, -5.845070209354162, 5.523332711309195, 53.938118253207435, 4.600058041512966, -4.335744436830282, 550.011686643766, 0.9076317138969898, -1.559149794280529, 641.5527193208846, -1.3393951915204525, 3.8040874265134335, 86.49056068806581, 3.805161528289318, -8.20614830777049, 824.7333527317439, -1.0183135382831097, 14.375766355544329, 381.33446973070204, 4.434028834104538, -16.45063477009535]",64.32
P1,2f12d0eb59a5e64f,200,4161801451,nw_retrain_0119_converging_moderate_seed20262637,4692.61456267851,4670.803691158909,0.0,1.2550704683201976,1.713382901292352,18.842418149988188,22.2550704683202,0.0,0.0,110,0,0,230,0,slsqp,"[893.3011996902703, 5.950131657928324, 0.49957278549402373, 925.576754482997, 5.964050547373105, 0.08134470619043306]",45.27
P1,74240cc9867f8c61,200,3245400,nw_retrain_0010_crossing_moderate_seed20251824,7941.627024776314,7882.177875371156,0.0,1.4704505409467081,1.7703405743700436,56.20835828984131,11.847076281618174,0.0,0.0,110,0,0,230,0,nsga2,"[277.92539671478494, -3.3067242838166764, 0.4670084414737161, 806.4927262937863, -5.430082978163577, 2.170276406269714, 307.5651707441546, -1.4863452499919543, 9.963782017029004, 966.2653361523376, -2.0849087895433347, 11.079698681965674, 113.86686711481659, -1.2532615506260019, 9.966655848085502, 891.2723131541126, 2.424195022954004, 14.623654957289425, 992.7085600535548, 1.295591766770622, 1.6643469931494792, 596.3263610643179, 1.227318702269276, 12.218942009057635]",82.32
P1,86bff60647a2401e,200,3695973441,nw_retrain_0099_vertically_overlapping_easy_seed20260677,3.152255360239342,0.0,0.0,0.5220590295838351,2.0492398444728708,0.5809564861826365,2.1030155157664714,0.0,0.00909090909090909,110,0,0,230,0,sobol,"[549.7040434487512, -2.9328978918492794, 2.402619704604149, 626.6169552630735, -2.2683693766593933, -3.2123653292655945, 299.46714151376716, 2.3553249947726727, 14.08291570097208, 247.3321334216348, -1.453595381230116, 0.6711645685136318, 364.3360368228041, -4.981906324625015, 3.3297048658132553, 416.08491814785305, -5.024880599230528, 16.29136684164405, 211.713197325971, -5.523210972547531, 9.510711841285229, 427.22810435233515, 4.94479851052165, -7.301102254539728]",57.53
P1,a0533142611d84ff,200,2394097195,nw_dual_val_050,1.2936566911636118,0.05087912637979113,0.0,0.0,1.1640227157150718,0.07875484906874879,1.12963397544854,0.0,0.0,110,0,0,230,0,slsqp,"[241.67810698384005, 0.11404251729391533, -2.481519919883484, 307.1354144133796, 0.12037846939976608, -2.3944625199869027, 273.9169302767804, 0.13689739233672898, -2.349614723624554, 288.75656185228996, 0.13259421060032625, -2.4212157296330865, 261.966553421979, 0.12453942788766109, -2.5201733152121455, 282.0086334618347, 0.13871002592543163, -2.5383546768959406, 306.9385311032604, 0.1332326981964238, -2.6496622224139452, 336.702893977525, -0.010271488550125045, -0.004857343585302117]",88.95
P1,8ab847b11c65b361,200,1626299681,nw_retrain_0077_none_easy_seed20258521,1.7316690349243566,0.37484440230879645,0.0,0.0,1.183255226353263,0.17356940626229714,1.5484138085710937,0.0,0.00909090909090909,110,0,0,230,0,slsqp,"[243.17824094052463, -1.0763747221111801, 4.844996244619899, 256.30010459424415, -1.1784129429957022, 2.0112929715792855, 679.4845884259627, -0.2616089989141649, -2.121700878552448, 76.25202905997718, -1.7989200546742208, -2.588075968368802, 290.1323686594882, -0.9181743198836203, -9.881535365560802, 249.43559369831252, -0.7333042849325053, -7.7911375920741595, 324.8522774700515, -0.012818533143561232, -1.4758565712015341, 155.607234449237, 8.938009462365273e-06, -0.0002547137168285806]",64.02
P1,e02925304f131aa9,200,3210037377,nw_retrain_0119_converging_moderate_seed20262637,4695.171745429615,4670.816220031519,0.0,1.2550704683201976,1.731514699793312,21.36894022998258,22.2550704683202,0.0,0.0,110,0,0,230,0,slsqp,"[818.2786810736025, 6.0, 1.298263906372808, 857.5722657061347, 5.990261611774826, 0.016246047223345262]",49.85
P1,d8cbf86a562150ab,200,1352821337,nw_retrain_0119_converging_moderate_seed20262637,4748.678399985251,4728.542776389685,0.0,1.2550704683201976,1.4590549186186272,17.42149820862758,21.295905740831394,0.0,0.0,110,0,0,230,0,nsga2,"[437.92111708799877, -5.87270330240198, -6.076555727539935, 886.8346874361441, 5.6294605252647205, -0.4452305848842073]",47.76
P1,a667c88f73f63d23,200,259763615,nw_dual_val_050,125.62592949604303,124.59747265948712,0.0,0.0,1.0032933958568333,0.02516344069907005,11.02516344069907,0.0,0.0,110,0,0,166,0,slsqp,"[30.000000000000043, -0.00585931867158878, -0.00585931867158878, 30.0, 0.0, 0.0]",89.11
P1,a92edec57bbc409c,200,978091339,nw_retrain_0119_converging_moderate_seed20262637,4800.1668461439585,4759.338017484458,0.0,1.7337851481975797,1.6272425715309908,37.46780093977242,22.73378514819758,0.0,0.0,110,0,0,230,0,slsqp,"[30.0, 0.0, 0.0, 30.0, 0.0, 0.0]",49.75
P1,6e87b9370b834aa0,200,2300879455,nw_retrain_0122_vertically_overlapping_easy_seed20262800,51.099463633182864,48.91337562830123,0.16951178552905613,0.1186410220873871,1.6492932036368628,0.24864199362832765,11.118641022087386,0.0,0.0,110,0,0,230,0,slsqp,"[40.37893203856558, -2.1752224454483224, 1.2194406890857172, 914.338911413689, -4.195446416415295, -0.737961977739068, 913.886425784313, -1.3313787700356357, 5.562002937109492, 366.2213763526337, -1.091647664836831, 4.005825642411706, 343.5401511064322, -2.075948288856191, 4.39701187390387, 412.92792244338, -0.41238724276275285, 2.6115059659758164, 339.99044061944664, -0.3355264112238291, -1.3823297313988219, 355.24524826177117, -0.579174257384255, -7.336812051284284]",52.41
P1,270fbb8ae3471439,200,4253762262,nw_retrain_0099_vertically_overlapping_easy_seed20260677,6.2771094684711235,3.769115906078771,0.7538607198096429,0.0,1.752658981414028,0.0014738611686808175,5.524450487057095,0.0,0.0,110,0,0,230,0,slsqp,"[303.95656779326816, 0.9572945772698976, -0.6607158827433516, 316.5962694693836, 0.7738637481633817, -0.509232266586741, 256.01056016278966, 0.407961382051882, 0.028736306410993673, 298.003133085925, -2.4830683112719787, 0.2780618042228199, 423.4283513743875, -0.1843107838250883, 0.12962104506782066, 271.24630287838147, -0.015799117963635714, 0.8570701698879798, 277.1820574186564, 3.6280397045544905, 4.951954932211194, 382.57687343563236, -2.673966921602401, -1.805030455493303]",67.64
P1,487ae23158f46824,200,3082714485,nw_dual_val_050,125.81333068756747,124.59747265948712,0.0,0.0,1.128404689348948,0.08745333873139198,11.055491403667006,0.0,0.0,110,0,0,195,0,sobol,"[41.92477692849934, -2.869363758713007, -3.579246874898672, 156.9513719715178, -5.076045144349337, -2.8052104376256466]",95.95
P1,efd5e7934f35d54d,200,2402708375,nw_retrain_0099_vertically_overlapping_easy_seed20260677,4749.401846220469,4383.786718874214,0.0,1.9191116336057934,1.9953501238656877,361.7006655887838,11.90702883672968,0.0,0.0,110,0,0,230,0,sobol,"[909.3709911805084, -2.9894116893410683, 15.785379778593779, 231.50155316957967, -1.3558763153851032, 5.067854225635529, 385.11845727460747, -0.19110646471381187, -2.7357444651424885, 539.2898763302136, -3.3037800528109074, 7.040669213980436, 439.67359608304355, -4.9587807431817055, 16.585018772631884, 786.644554445138, -1.9162986986339092, -17.63260978460312, 167.7855088455051, -0.821986723691225, 3.13474790006876, 631.5070314802376, 0.8832303397357464, -10.312157437205315]",67.14
P1,c72cd977815406e5,200,2708600894,nw_retrain_0122_vertically_overlapping_easy_seed20262800,1.1991730828124947,0.20245945568550608,0.0,0.0,0.9802183958653128,0.016495231261675816,1.218954686947182,0.0,0.0,110,0,0,230,0,slsqp,"[39.86601607812195, -2.218079142871955, 1.4224331419647516, 913.8278504996748, -4.201590853791752, 1.022862440762216, 913.5247228080289, 0.11271784346593686, 0.89376957833933, 368.0456420898329, 2.2417408781182195, 0.6743481588175347, 343.9162944617936, 0.5863518894376202, 0.8067597473288174, 412.96779311905664, -0.5853666565346822, 0.4250523130267559, 340.00468394794495, 0.14342233677921412, 0.03602992002002302, 355.21540708887323, 0.008478121319910617, -0.01757499581863932]",51.26
P1,dc136d64b4acd5ef,200,1239945012,nw_retrain_0014_vertically_overlapping_hard_seed20252216,2197.9061534131115,2190.855858358724,0.0,1.5666299657706864,1.9493365999737535,3.5343284886432538,16.10095845441394,0.0,0.0,110,0,0,194,0,slsqp,"[30.0, 0.0, 0.0, 30.0, 0.0, 0.0]",90.61
P1,02876f54d01b3ad7,200,3822463584,nw_retrain_0099_vertically_overlapping_easy_seed20260677,3995.3381953726594,3942.4891196979884,0.0,1.8129148998359004,1.7568185308271809,49.279342244007516,22.812914899835903,0.0,0.0,110,0,0,230,0,slsqp,"[30.0, 0.0, 0.0, 30.0, 0.0, 0.0]",69.09
P1,86093254f9f982f7,200,1818334257,nw_retrain_0122_vertically_overlapping_easy_seed20262800,2.858114024052474,1.4472131337971035,0.0,0.0,1.3792014335909273,0.03169945666444341,2.478912590461547,0.0,0.0,110,0,0,230,0,slsqp,"[39.86501025710907, -2.231220399743932, 1.6057403250174263, 913.824002626632, -4.198423280540965, 1.6357896387391033, 913.5224819334798, 0.24803486900450109, 1.4810506136725174, 368.05775173632884, 2.2879454325271027, 1.0116373858936363, 343.91981810863695, 0.7065126695962505, 0.820659454583418, 412.96763358574935, -0.5259306143678752, 0.20285329860644738, 340.00492003982833, -0.10110930131436426, -0.24020107505065377, 355.2165969139994, 0.11456270511540582, -0.3978605745659613]",54.52
P1,6165ea6157c52472,200,383759243,nw_retrain_0099_vertically_overlapping_easy_seed20260677,3955.217382340959,3917.121365240186,0.22087681712767177,1.8129148998359004,1.930759789834679,34.13146559397443,22.812914899835903,0.0,0.0,110,0,0,230,0,nsga2,"[262.9017713810247, -5.003960955172763, 14.960753390404285, 162.45505951300223, 3.291994481184968, 2.0697520754848213]",68.97
P1,d300e5408e4a4f28,200,3696987089,nw_retrain_0099_vertically_overlapping_easy_seed20260677,3997.457359462072,3942.4891196979884,0.0,1.8129148998359004,1.7489105777876994,51.4064142864601,22.812914899835903,0.0,0.0,110,0,0,230,0,slsqp,"[30.0, 0.0, 0.0, 30.0, 0.0, 0.0]",68.26
P1,d177a9b64921bb13,200,2147046838,nw_retrain_0151_approximately_parallel_moderate_seed20265773,13.495871720205589,8.689765870119102,0.0,1.3794437761733247,2.292659333087421,1.13400274082574,10.942857142857143,0.0,0.0,110,0,0,230,0,nsga2,"[293.220294664686, -0.16659953335303612, 16.947506027533557, 726.1455299624382, 0.17822436949464482, -0.8645045503772053, 152.90735425719362, -0.36029124927331235, 14.05157546195857, 259.5836799312807, -2.535912390618928, -0.9003197323118037, 111.38657255641708, -0.4515176173260187, 10.943687807064236, 471.83466722650644, 2.687158692941267, -15.932427841581429, 753.2734688289945, -2.57669123642617, -5.629450337685405, 762.5188596164685, 3.053120578134802, 13.94890129530891]",49.06
P1,880e9b24b99b3a7a,200,907342574,nw_retrain_0151_approximately_parallel_moderate_seed20265773,11.122607909766904,7.066694546458979,0.0,1.2817615238068456,2.1362169017696506,0.637934937731428,9.986391007997254,0.0,0.0,110,0,0,230,0,sobol,"[804.2411352457367, -2.532848160713911, -15.197627283632755, 957.7895029012379, 0.22416584193706512, -8.926255412399769, 181.24781110989963, 0.47554541006684303, 9.079130362719297, 255.5105501951828, -3.945473212748766, -1.5482059121131897, 365.68420876760564, 4.254031732678413, -14.137743338942528, 540.8067352061935, -1.5568824224174023, 7.6846065782010555, 115.25448516594086, 2.1630089543759823, 6.400738567113876, 98.67986020557287, 5.761150550097227, -2.281333766877651]",49.2
P1,615356cb61b92576,200,4026085924,nw_retrain_0122_vertically_overlapping_easy_seed20262800,4.7861420214829815,3.0580249339389862,0.0,0.0,1.6640733808640866,0.06404370667990811,4.122068640618894,0.0,0.0,110,0,0,230,0,slsqp,"[39.85179776770706, -2.250801624170018, 0.8468540223709938, 913.8167374156646, -4.195660989900035, -0.7860179217385901, 913.5168274829109, 0.6945883212359785, -0.8732863433320348, 368.03613835455417, 2.5705082762962403, 0.03696472180756738, 343.91815730904557, 0.6442341178764572, 1.354668844599386, 412.96820115308685, -0.3330540562976608, 0.7411738109317315, 340.0051888290584, 0.20250647976965921, 0.16754862004443735, 355.21591409821775, 0.44582340796294817, 0.1667337010920797]",55.43
P1,759d001eac78ff28,200,1261630641,nw_retrain_0099_vertically_overlapping_easy_seed20260677,4000.3818856477446,3942.4891196979884,0.0,1.9163293243783468,1.6489105777876993,54.327526047590176,22.916329324378346,0.0,0.0,110,0,0,230,0,slsqp,"[30.0, 0.0, 0.0, 30.0, 0.0, 0.0]",69.81
P1,f99e4a114cb891f3,200,276617953,nw_retrain_0014_vertically_overlapping_hard_seed20252216,2203.199101664667,2191.04048152903,0.0,1.5666299657706864,1.77539224579862,8.816597924068061,18.817428880426053,0.0,0.0,110,0,0,230,0,nsga2,"[81.64278334979238, -5.691396803924153, 14.301548317903887, 444.6955431456679, 2.7526295884264638, -0.06534916198445018]",92.52
P1,6dad749a1b12b932,200,4083717406,nw_retrain_0014_vertically_overlapping_hard_seed20252216,23.66412958053714,22.22659267195849,0.0,0.0,1.4375369085786498,0.0,11.0,0.0,0.0,110,0,0,230,0,slsqp,"[271.6194154154447, -2.061701651636934, 3.251378257454707, 255.45975778017967, 3.364852607817474, -3.6977918167175376, 256.46513838201764, -1.8505810020210935, 3.0162838355869477, 232.45792829059533, -1.293495023852083, 2.8471920335576595, 301.880530608589, -1.347637797821054, 2.9207245275331086, 271.91467519825653, -0.5128027437388576, 2.727446289260942, 299.5393179149228, -2.943488941730391, 0.7158802514569391, 272.1383993127199, 0.521441736664855, 0.22857641219448774]",99.34
P1,c89c4ba3b4333528,200,1997902762,nw_retrain_0151_approximately_parallel_moderate_seed20265773,1745.932764258301,1738.9086645592806,0.30641173421691864,1.393283248709379,2.6830746680440436,2.6413300480499253,13.979419874257061,0.0,0.0,110,0,0,166,0,sobol,"[407.00645080120336, 5.756737802177668, -7.601988807320595, 275.868069255245, 1.1617605574429035, -0.014475814998149872]",53.82
P1,d8eaa0dc4c03a849,200,1443001648,nw_retrain_0122_vertically_overlapping_easy_seed20262800,11291.584414189369,11279.046761862386,0.444186340980046,1.1604005974652676,2.046189045204954,8.886876343332736,21.49146328177805,0.0,0.0,110,0,0,230,0,slsqp,"[30.0, 0.0, 0.0, 30.0, 0.0, 0.0]",59.55
P1,a31f4d2905807024,200,855104166,nw_retrain_0151_approximately_parallel_moderate_seed20265773,10.696467264899669,4.458628326657634,0.0,1.5601057358362052,2.350437369063703,2.327295833342126,9.346029895835965,0.0,0.0,110,0,0,230,0,nsga2,"[629.2968230020547, -5.980415553458565, -5.012259417010398, 189.88029819994364, 4.015889128533578, -16.912916806333577, 83.33596065863374, -0.578184485444968, 16.87615901757144, 370.6064432149017, -0.14828985685322582, -14.032601760690193, 222.52939237441763, 3.191276415111446, 9.917119563705409, 407.4761763767651, -4.783885834021402, -14.635522744318521, 480.2967052273501, 2.7894161698214006, 15.10972189115654, 358.96471080224836, -5.76004622040663, -13.368616980553487]",58.7
P1,01a6cd55d483a59f,200,3499964511,nw_retrain_0158_vertically_overlapping_easy_seed20266328,6826.341981394636,6823.191092509477,0.0,2.0300372997693636,0.8195359684449673,0.30131561694492287,12.830037299769364,0.0,0.0,110,0,0,230,0,slsqp,"[345.58901596139896, 1.4743977566870188, 0.7563479309630093, 309.69315761979175, 0.425601201873373, 0.45765207329764795, 282.5750024984161, 1.505197969001204, 0.5598326747157147, 214.01051647861976, 1.1696549286019509, -1.5420618887639115, 384.36460351512807, 0.45803835835253753, -0.48418397040936845, 760.3829883205411, 0.3877456910347036, -0.6073577311432401, 319.32379576886575, 0.8184511411109028, -1.989524086432105, 603.6308851243996, 0.30948762617518405, -0.7346295993720043]",47.53
P1,4715b38bf11ffe13,200,4049343140,nw_retrain_0158_vertically_overlapping_easy_seed20266328,12.45285782579896,11.010397570665171,0.0,0.0,1.2,0.24246025513378858,10.942857142857147,0.0,0.0,110,0,0,230,0,slsqp,"[345.70949301436355, 2.2540575099868736, 0.7318033988234082, 309.791509549785, 1.399510944045438, 0.27449136548985875, 282.67457241851326, 1.1283716147484493, 0.5464972606816998, 214.12032453937687, 0.3666151207821152, -1.9016579289851627, 384.4644418409639, -0.08841296827963914, -2.4925386988319134, 760.4330634118667, -0.7282648393757785, -3.6453900422831573, 319.32379576886575, 0.8184511411109028, -1.989524086432105, 603.6512336203931, 0.30948762617518405, -0.7346295993720043]",47.6
P1,2997107775fef743,200,1762837905,nw_retrain_0151_approximately_parallel_moderate_seed20265773,1748.5138198041116,1739.8436371029302,0.30641173421691864,1.596855234354682,2.6226542265310546,4.14426150607864,13.678634341521386,0.0,0.0,110,0,0,204,0,sobol,"[358.9100031748313, 4.046089455485344, 15.581131406128407, 657.5578807266328, 0.052673209458589554, -2.750034671276808]",54.99
P1,2754a1ebf8937df2,200,3414151724,nw_retrain_0158_vertically_overlapping_easy_seed20266328,47.5737773564956,29.787465141405807,0.0,1.2404773756861909,1.8242162190571332,14.721618620346467,11.802369758264081,0.0,0.0,110,0,0,230,0,sobol,"[884.4217878408517, -0.023363202810287476, -12.965079110115767, 653.9608454816207, -2.9326209984719753, 4.798803146928549, 319.2742399621507, -5.423061925917864, 16.399356063455343, 140.3029476774857, -5.8897496201097965, 6.113162979483604, 635.382481085827, 4.3465477377176285, 5.778406362980604, 290.57957377353284, 5.231971979141235, -13.442864254117012, 311.09694307325503, 3.260068818926811, 12.380819018930197, 430.59849975913585, -1.134628839790821, -3.443508345633745]",46.22
P1,5c6e1f37b00ba4b1,200,2934040899,nw_retrain_0151_approximately_parallel_moderate_seed20265773,1747.1698829833513,1738.5085912429665,0.30641173421691864,1.393283248709379,2.7583350500239243,4.203261707434508,14.35298350354701,0.0,0.0,110,0,0,166,0,nsga2,"[431.2358572641227, 4.141304506833247, -7.978887460401538, 872.4732598294203, -4.370150778940204, 0.25865900167520905]",59.09
P1,a921497d6c1e7d25,200,603414929,nw_retrain_0187_vertically_overlapping_easy_seed20269170,0.46336997627209736,0.0,0.0,0.0,0.46336997627209736,0.0,0.8,0.0,0.00909090909090909,110,0,0,230,0,slsqp,"[118.44786611127569, 0.9758328833596628, 0.4597551962922088, 134.1678250961527, 0.9366802460160295, 0.40820382850403714, 161.96843021434913, 2.4795045631228847, 0.3093731277610176, 171.93273333640698, 0.906110940480923, 0.2599431051070194, 148.46986932743275, 0.8706256009649848, 0.34473616283839054, 284.94172744568016, 2.6004453516975867, 2.135758061423176, 147.63725412210806, 0.8613901525586396, 0.6991517619526124, 251.23923816875723, -0.18922810920394512, 0.25586086696641613]",21.64
P1,bc48398d8caf8855,200,2912203584,nw_retrain_0187_vertically_overlapping_easy_seed20269170,4.265607314017668,0.0,0.0,1.1738146170574435,2.608754135136137,0.4830385618240874,2.656853178881531,0.0,0.00909090909090909,110,0,0,230,0,sobol,"[221.74071395063575, -3.0386875346302986, -3.3838738538324833, 394.26315166002234, 0.5533088408410549, -9.466173727065325, 342.7267261118525, 5.962472040206194, 12.045648202300072, 351.0775594681766, 0.07544641569256783, 1.5498076602816582, 240.40358480896236, 2.6092926152050495, -4.328321356326342, 348.47615511055966, -1.8063708655536175, 11.437493417412043, 207.9642474518613, -3.2734530977904797, -6.018902108073235, 426.35283804811905, 1.0250340700149536, -9.354594435542822]",25.01
P1,61a77e2e953545eb,200,241504721,nw_retrain_0122_vertically_overlapping_easy_seed20262800,11303.145868314621,11279.046761862386,0.444186340980046,1.1604005974652676,1.994265857893429,20.500253655896206,22.604586938445316,0.0,0.0,110,0,0,230,0,slsqp,"[30.0, 0.0, 0.0, 30.0, 0.0, 0.0]",66.41
P1,6692bc53f8b112c1,200,2343297306,nw_retrain_0119_converging_moderate_seed20262637,13.710641516350115,12.795944473858912,0.0,0.0,0.9146970424912032,0.0,10.942857142857143,0.0,0.0,110,0,0,230,0,slsqp,"[348.0482933354589, -0.01764290864954269, 1.991152635734437, 310.87748351887075, 0.14139677685312274, 3.069931585199022, 290.6174462358854, -0.06405953763742944, 1.8984007061358625, 365.0238714667184, -0.08761705680056617, 1.9651272989400692, 393.9183895548989, 0.6632648648109171, 1.7635276569625404, 364.33243536212075, 1.30906913193678, 1.7756847489517325, 483.8087567369056, 0.047037671458852244, 1.8950929884614858, 511.84300567501265, 5.502389803315212, -0.20949999792866003]",82.45
P1,b17791f3be415bd3,200,3477429786,nw_retrain_0158_vertically_overlapping_easy_seed20266328,5735.522237507031,5720.021213093431,0.0,1.0084537450293773,1.959961541182086,12.532609127389561,15.309786835765587,0.0,0.0,110,0,0,230,0,slsqp,"[759.9508595001988, 1.5299870116811598, 7.712647681157714, 319.3120405542791, 4.11949250390763, -0.8580478312963646, 603.2637191616051, 0.3742592248900432, -2.100228455812872]",44.83
P1,e7cb39f19192ac83,200,756118092,nw_retrain_0151_approximately_parallel_moderate_seed20265773,1753.502107012728,1743.2915917010441,0.30641173421691864,1.7220220130989563,2.637577536827546,5.544504027540266,18.57293777485614,0.0,0.0,110,0,0,229,0,slsqp,"[30.000000000000593, -0.014328294191309989, 0.017331564760272193, 30.0, -0.00011698895219172977, -2.8023482575341286e-05]",61.71
P1,47b703e3f85e0451,200,1579532706,nw_retrain_0122_vertically_overlapping_easy_seed20262800,11294.74576834593,11279.046761862386,0.444186340980046,1.1604005974652676,1.8735817613560308,12.22083778374347,22.604586938445316,0.0,0.0,110,0,0,221,0,slsqp,"[30.000000000000632, -0.005859396387992739, -0.017578193349653777, 30.0, 0.0, 0.0]",71.28
P1,6783fd7f5d59c022,200,3083940009,nw_retrain_0187_vertically_overlapping_easy_seed20269170,653.765717077516,652.601903998777,0.0,0.26069754013802154,0.9031155386009843,0.0,11.260697540138022,0.0,0.0,110,0,0,222,0,slsqp,"[147.63666484376256, 0.8247618154752012, 0.9190262039013303, 251.2377997243397, 0.0057650941975223744, 0.017694379689211243]",24.68
P1,15ad2e247bebd62c,200,1658924463,nw_retrain_0187_vertically_overlapping_easy_seed20269170,647.9116644126393,644.0861917220003,0.0,1.5718826390803227,1.8235986742471098,0.42999137731155224,11.682683602983023,0.0,0.0,110,0,0,201,0,sobol,"[277.17115517923895, 0.7623833231627941, -15.431295834481716, 405.38339786352117, 1.9134471528232098, -3.089484214782715]",23.32
P1,b3af913176fc0194,200,4180843903,nw_retrain_0158_vertically_overlapping_easy_seed20266328,5668.824714363025,5653.422740741601,0.0,1.0084537450293773,2.0352433443808993,12.358276532013818,15.450709868747689,0.0,0.0,110,0,0,230,0,slsqp,"[755.9636411537808, 0.7333193868621486, -6.4734106773460365, 320.7649953257453, 1.7356035389067106, 4.236584036750906, 600.5868773121807, 1.9239720429256963, -0.39770784285161187]",44.47
P1,79c5f1f5fd42bb80,200,253305160,nw_retrain_0187_vertically_overlapping_easy_seed20269170,652.4424503435334,648.2832124591151,0.0,1.2707448638975924,1.8426157192690606,1.0458773012516762,11.320682644482767,0.0,0.0,110,0,0,187,0,sobol,"[382.5166817357771, -5.065623890608549, -13.624469183385372, 345.8847977199957, -3.2580478191375732, 10.496614459902048]",26.02
P1,9b6b782314c7e6e1,200,3518798212,nw_retrain_0187_vertically_overlapping_easy_seed20269170,0.6367931811668812,0.0,0.0,0.0,0.6367931811668812,0.0,0.8,0.00909090909090909,0.00909090909090909,110,1,1,230,0,slsqp,"[118.42653668164526, 0.9967600620631104, 0.9574226471439979, 134.14636609155838, 1.076964422852293, 0.8516888678196172, 161.9664335266372, 2.6695508768125205, 0.7660000343606502, 171.9113156217761, 1.0940283986689732, 0.7102813514559834, 148.44677879418228, 1.01757071594647, 0.7444140597900547, 284.9424988519863, 2.8528544387673236, 2.6187935953341226, 147.622713685467, 0.9069713951192554, 1.0007493687774585, 251.22034839518295, -0.02717169198357647, 0.05810803818796428]",40.02
P1,1fecccf0bd48349d,200,233518726,nw_retrain_0122_vertically_overlapping_easy_seed20262800,11297.37413173031,11279.046761862386,0.444186340980046,1.1604005974652676,1.823834073774642,14.898948855704015,22.604586938445316,0.0,0.0,110,0,0,230,0,slsqp,"[30.0, 0.0, 0.0, 30.0, 0.0, 0.0]",82.63
P1,c5afdc4abde96328,200,3535673182,nw_retrain_0175_vertically_overlapping_easy_seed20267994,43.41570844219618,25.00213825057671,0.0,1.8840014450252578,2.805125859082792,13.724442887511417,11.0,0.0,0.0,110,0,0,230,0,sobol,"[128.16669787280262, -2.736141487956047, -8.734004326164722, 983.3537816163152, -5.545685928314924, -3.2690582424402237, 757.2988943196833, 1.1710118316113949, 1.1231298632919788, 846.7062850203365, 4.027438636869192, -1.4124726243317127, 714.2266059480608, -2.577016644179821, -14.774060413241386, 83.08988144621253, -1.8643422983586788, -7.277386732399464, 330.2189283352345, 0.9135968796908855, 14.30825736746192, 859.3396666366607, -4.670563582330942, 17.304008670151234]",51.35
P1,5c4d346342c9ba06,200,2986809563,nw_retrain_0270_approximately_parallel_easy_seed20277435,8.59869729062545,6.368027913599977,0.0,0.0,2.2306693770254733,0.0,7.368027913599977,0.0,0.0,110,0,0,230,0,sobol,"[223.30213606280083, -0.9349489733576775, -17.85498885065317, 120.85209507448762, 3.362619861960411, -7.311819523572922]",10.77
P1,ed22d614f340d83c,200,298445174,nw_retrain_0270_approximately_parallel_easy_seed20277435,3.295359831562158,0.6182514790372142,0.0,0.8802337209071416,1.7968746316178024,0.0,2.498485199944356,0.0,0.0,110,0,0,230,0,sobol,"[39.86912541370284, 5.976711139082909, 17.761184591799974, 202.8549134821961, -4.3258510529994965, 15.381848338991404, 96.60960525659344, -2.018707875162363, 5.876369453966618, 46.37672242887248, -0.4780783876776695, -10.21758046746254, 56.86743295498526, 0.1272684596478939, 13.554587345570326, 139.66047640289088, -2.3622727543115616, -8.216981280595064, 168.7730953131012, 4.462495923042297, 10.886006601154804, 156.20864471214918, -4.258264694362879, 4.450643498450518]",13.99
P1,aa6f146cc1605979,200,1065856854,nw_retrain_0270_approximately_parallel_easy_seed20277435,9.118488910649393,6.86556193662113,0.0,0.0,2.2296616401693994,0.023265333858864562,7.86556193662113,0.0,0.0,110,0,0,193,0,nsga2,"[205.04896777292882, -3.7415482775376625, 7.3137022162107215, 178.89925546806913, -1.3948571276316342, 17.4142461413741]",12.31
P1,e838fc8174f4945a,200,2649417944,nw_retrain_0270_approximately_parallel_easy_seed20277435,1.3281263966606212,0.0,0.0002606610843721343,0.0,1.327865735576249,0.0,1.000260661084372,0.0,0.00909090909090909,110,0,0,230,0,slsqp,"[103.1891281191609, -1.4816542061036317, 15.07865028266336, 214.07165068069267, 2.820186001322435, 7.930392418297633, 82.96979296358086, 2.6845278361187677, -4.630468809432531, 72.64290467642431, -1.730404638857188, 7.334129909674098, 174.94213135426315, -5.552159729368644, -4.001972714630697, 106.29016738841148, -4.048877532209945, 4.827189343243407, 155.1877946950913, -5.142580370681956, 7.170149299360274, 62.93060609643631, -0.08731736560287337, 6.8786772153696845]",13.64
P1,afb9fc7aa7b446ef,200,4241699321,nw_retrain_0270_approximately_parallel_easy_seed20277435,4.010969280416361,2.400264075782284,0.0,0.0,1.6107052046340768,0.0,3.1962252805564386,0.0,0.0,110,0,0,230,0,slsqp,"[103.20538686869314, -1.7373669706222794, 15.092786014582927, 214.08347079066843, 2.5351206858810746, 8.295892489082124, 82.95751500448068, 2.3594492268895353, -4.629232812610431, 72.65810885458335, -1.730404638857188, 7.501189314319537, 174.93541779545248, -5.400342103270382, -3.974094362553372, 106.29142117786202, -3.9551851980732957, 4.929929811907735, 155.1877946950913, -5.142580370681956, 7.170149299360274, 62.93060609643631, -0.08731736560287337, 6.8786772153696845]",13.17
P1,dea4bf503507218b,200,4045278315,nw_retrain_0270_approximately_parallel_easy_seed20277435,8.581678429583194,6.489387477614529,0.0,0.0,2.036087291425026,0.05620366054363938,7.48230169915397,0.0,0.0,110,0,0,230,0,sobol,"[131.05920267628971, -1.5244251899421215, -15.719351336359978, 63.4832993230346, -4.071445103734732, -5.595466196537018]",11.54
P1,0b6cecc88a322c80,200,1932814856,nw_retrain_0270_approximately_parallel_easy_seed20277435,3.818555598671008,1.9787054193735016,0.0,0.0,1.8398501792975064,0.0,2.978705419373502,0.0,0.0,110,0,0,230,0,nsga2,"[136.15152764220664, 2.3124017683461204, 17.05908113792499, 183.93919644183316, -4.496881521476423, 4.882099560778233, 30.96052925710539, 1.804750856553878, -9.066792860590386, 189.4847279925136, -3.3745829957924087, 8.161613986028485, 205.1746366130796, -2.247210589366228, -12.738781268760281, 75.88721888120025, -5.555110755640081, -3.604714306772557, 105.3895524391229, -2.672051520553305, -9.398900560479333, 31.703514518982413, -4.614858519932534, -15.996892112732551]",14.51
P1,7f4677953f21e6be,200,1661767383,nw_retrain_0175_vertically_overlapping_easy_seed20267994,67.20430541111413,61.047284323115484,0.0,1.5020694375439094,2.6416415858256146,2.013310064629119,11.082348568556927,0.0,0.0,110,0,0,230,0,nsga2,"[694.4867822637266, -4.44469552863287, 9.421065126921295, 225.18398659726006, -1.464586367082644, 13.378817909088543, 790.8685287536542, -0.1655379145652276, 17.788692649600534, 440.6701953137721, 5.133197008659026, 14.637821036537325, 655.038820025349, 3.9300343205578834, -3.679088110805253, 746.3386840887737, -1.6295769404496134, 12.774921112030498, 127.97318937875947, 1.0582324642808327, -12.617583591947902, 851.4558176879937, -3.6127584276470976, 1.1284354310085654]",50.47
P1,8f26449901401093,200,75456367,nw_retrain_0175_vertically_overlapping_easy_seed20267994,255.21291817771794,253.1978420493314,0.0,0.0,2.002038746515592,0.013037381870966933,11.0,0.0,0.0,110,0,0,230,0,sobol,"[301.90351974219084, 3.643047720193863, -6.139955967664719, 347.49132838100195, 4.178462650626898, -1.5869493149220943]",50.74
P1,6874710068ebf2d8,200,4015272914,nw_retrain_0221_converging_moderate_seed20272633,356.7174893626679,337.53074635777864,0.0,1.7006552876527217,1.8100109673648859,15.67607674987169,11.905173030495279,0.0,0.0,110,0,0,230,0,sobol,"[689.379446906969, -2.424473572522402, 8.793453678488731, 415.7312879152596, -0.6500689722597599, 11.098445065319538, 912.9753593821079, -4.206756256520748, -3.5339501537382603, 515.8324962481856, -2.711258288472891, -14.705237377434969, 670.1587182562798, -4.673535984009504, -1.0235117822885513, 509.05525090172887, -1.950699269771576, 2.55388006567955, 188.70306516997516, 4.002367336302996, 15.996294882148504, 432.98180441372097, -5.52251160889864, 8.403220195323229]",40.77
P1,5c5018d89821054c,200,1323724177,nw_retrain_0175_vertically_overlapping_easy_seed20267994,756.0543289686565,753.4703161626385,0.0,0.613794281422343,1.751372245883833,0.2188462787117992,11.633314246961964,0.0,0.0,110,0,0,230,0,slsqp,"[628.1016499348866, -5.999999999999999, -2.5430084623429643, 897.6152332375082, -2.475137193508321, -0.2075778595174048]",55.07
P1,de625c10964bcd3b,200,1272824698,nw_retrain_0187_vertically_overlapping_easy_seed20269170,3.0859388979631857,0.7681213248366398,0.0,0.2830774579197149,2.034740115206831,0.0,2.0511987827563547,0.0,0.0,110,0,0,230,0,sobol,"[205.0451863084231, -3.396258495748043, 15.116068080067635, 323.75290103339614, -1.1797453165054321, -13.897867184132338, 308.42146760659153, 4.734347574412823, -1.610883504152298, 365.1156788743126, 5.400490030646324, -4.0973100028932095, 179.3320193135719, -5.69143733382225, 1.407016072422266, 295.6479526686962, -5.819764327257872, -7.698464747518301, 273.10862256586626, -1.9899809248745441, -3.957701124250889, 398.9131247351787, -0.27414121851325035, 2.7825276888906956]",51.57
P1,f7b41d40da2cd601,200,1729418040,nw_retrain_0221_converging_moderate_seed20272633,4361.589518191932,4339.785214310489,0.0,1.8502765751348675,2.2817865568024667,17.672240749506127,12.850276575134867,0.0,0.0,110,0,0,230,0,sobol,"[643.1548355333507, -4.814441274851561, -10.93106784671545, 671.7816221434623, -4.197954911738634, -3.5688884742558002, 173.31400526687503, -0.5713161416351795, 9.529435202479362, 369.41930496133864, -1.2232337146997452, -1.0327529646456242, 315.5627974309027, -4.743233911693096, 13.202368140220642, 291.07884980738163, -0.41968274116516113, -13.778517935425043, 796.3258638884872, -2.8468106277287006, 7.192836798727512, 331.0039210971445, -2.944206990301609, -13.654643129557371]",42.25
P1,014e9d8f33f64eea,200,2035724951,nw_retrain_0224_crossing_easy_seed20273058,26.48993879715276,15.09711386137486,0.0,0.6313636848324341,2.378041659601056,8.383419591344412,11.287727748876907,0.0,0.0,110,0,0,230,0,sobol,"[518.0328180920333, -1.0343193747103214, -14.100787729024887, 774.7080213669688, -5.4008664563298225, 4.435463167726994, 416.64107128046453, 0.6104332208633423, 8.06578753888607, 800.887042330578, -2.563793074339628, -11.475837338715792, 607.7551145199686, -0.1944361925125122, 4.844924636185169, 933.4149421751499, -1.8060096614062786, -14.151381634175777, 239.17662598192692, -5.1712519861757755, -17.718060102313757]",42.9
P1,1c46475552c9edba,200,2551523961,nw_retrain_0151_approximately_parallel_moderate_seed20265773,7596.614752967438,7592.763051858012,0.0,1.633211843299738,0.9881584974638322,1.2303307686623415,12.708726825642707,0.0,0.0,110,0,0,230,0,slsqp,"[285.61587775163, 0.23169635725640886, 8.045425820394755, 290.30109412632834, 0.39913964838343075, -0.11781462971771428, 324.18599759560243, 0.21361251540384196, -0.46107925915412984, 263.3665917573679, 0.19529283770857497, -1.32685074325813, 307.60251589345387, 0.19386803388725818, -0.48561518091412537, 345.86889498574556, 0.1908633603700454, -0.41106310762690124, 348.55097837232375, 0.013922461584640278, -0.5739344591006492, 340.3339144387618, -0.6681476777265674, 0.0481759971013505]",93.72
P1,dd26bf3fda45dbf2,200,3390062484,nw_retrain_0221_converging_moderate_seed20272633,10862.337950926414,10846.603723301976,0.0,1.9129699394107404,1.8865144904490332,11.934743194579758,12.756110157385189,0.0,0.0,110,0,0,230,0,sobol,"[122.90788198821247, -5.47910039126873, -3.899688061326742, 571.6551913600415, -1.0527495257556438, -9.055440690368414, 837.1539395581931, -1.487036906182766, -4.233515962958336, 303.3022907190025, -0.08114366233348846, 17.47781963646412, 132.56989903748035, -0.9302510842680931, 6.028854612261057, 907.0891106501222, -5.812285356223583, 2.831561788916588, 107.93249466456473, -5.6283439211547375, 0.5209267660975456, 111.80325007997453, -0.04199064150452614, 5.362294189631939]",48.45
P1,b7224c8e3c36b33c,200,3212713022,nw_retrain_0187_vertically_overlapping_easy_seed20269170,653.8637275070621,652.601903998777,0.0,0.26069754013802154,1.0011259681471136,0.0,11.260697540138022,0.0,0.0,110,0,0,190,0,slsqp,"[30.0, 0.0, 0.0, 30.0, 0.0, 0.0]",50.47
P1,ca86b15f50dca1cf,200,608383699,nw_retrain_0099_vertically_overlapping_easy_seed20260677,5.364999088395746,2.7771519790427903,0.0,0.29515339989933426,1.898203510938903,0.3944901985147189,4.466795577456843,0.0,0.0,110,0,0,230,0,nsga2,"[414.0635771549365, -0.3623992896350803, -15.500780374220513, 190.97923425699935, -1.4660245711261108, 9.627784474704356, 590.0479376082991, -4.070721824049844, 8.446699129239747, 33.924793970144826, -3.459830699738262, -1.1611811802630712, 732.2635716519349, -2.6254436605899794, 4.965227124562471, 289.1898516711105, -1.9080178225797217, -6.538818446126793, 406.3266511709717, 4.545207715495923, 5.437510977563338, 126.3312043368092, -1.3885023081616712, -7.994133507014515]",117.5
P1,03ccbca202f6e54a,200,2487343198,nw_retrain_0224_crossing_easy_seed20273058,10142.400983028167,10132.369712015545,0.0,1.5364921251149237,1.9364135753324612,6.558365312173085,11.287727748876907,0.0,0.0,110,0,0,230,0,nsga2,"[76.43257449230128, -1.9733371446127244, 15.218952750689482, 440.5744561016154, 2.3299709952305196, 7.183594451440495, 361.4732362286831, 0.31867201567313685, -3.4663832117431674, 99.97434255360093, -5.14033924516869, -7.9306811793176095, 635.3622528715721, -3.9141206570482585, 14.438443553127598, 254.70176021480145, 3.0731093914523555, -6.621597786024951, 950.3994928395924, -1.1982388791883984, 5.488031382770366]",47.05
P1,933f3a0057934d19,200,344499463,nw_retrain_0158_vertically_overlapping_easy_seed20266328,46.29809843539065,45.13278714644965,0.0,0.0,1.0811743031610532,0.08413698577994244,11.084136985779942,0.0,0.0,110,0,0,230,0,slsqp,"[345.79021488389077, -0.4255041299500093, -6.179369336193274, 309.505124464344, -1.1351951043823838, -6.565364667637608, 282.2277290084927, -0.5939962707363513, -3.9447716023440127, 213.80373051960052, -0.4934210886597761, -3.9211677968948027, 383.98833209775205, 1.846116834988677, 1.952600587393715, 759.9298985568673, 2.153401506747043, 3.478953722602, 318.7754511548949, 2.4486039047323382, 4.299324833590671, 603.311208657278, 2.099763994873692, 5.159420433870006]",84.35
P1,8c99497cf49abfcd,200,2262806429,nw_retrain_0270_approximately_parallel_easy_seed20277435,9.100044919871369,6.920693020328279,0.0,0.0,2.173867539022632,0.005484360520459614,7.891832049827077,0.0,0.0,110,0,0,212,0,sobol,"[200.2154636039453, -1.4929150566458702, -16.517090789973736, 97.88737084670076, 1.6673839576542377, 7.360870219767094]",22.05
P1,d054fd8056c96156,200,2042987357,nw_retrain_0221_converging_moderate_seed20272633,12298.79326651788,12144.281651772748,0.0,1.8135604118795097,1.5532155183058332,151.14483881494587,22.813560411879507,0.0,0.0,110,0,0,230,0,slsqp,"[30.0, 0.0, 0.0, 30.0, 0.0, 0.0]",53.97
P1,9cd81f37d3ddae2b,200,3157143058,nw_retrain_0221_converging_moderate_seed20272633,12349.894533829183,12108.510778979673,0.0,1.8135604118795097,1.6405920519722692,237.9296023856581,22.813560411879507,0.0,0.0,110,0,0,230,0,slsqp,"[30.0, 0.0, 0.0, 30.0, 0.0, 0.0]",55.01
P1,8712b037981623e5,200,886785964,nw_retrain_0233_converging_hard_seed20273809,14.290541777627618,9.37635083187081,0.0,1.3560774389994263,2.633305009300055,0.9248084974573256,11.0,0.0,0.0,110,0,0,230,0,sobol,"[506.99751630425453, -3.512265544384718, -14.596194550395012, 610.0467232055962, 0.26808274537324905, 10.414580404758453, 532.9087131470442, -1.6388436444103718, -6.375261873006821, 900.9413687046617, -5.020517818629742, -16.943133506923914, 676.5475767105818, 5.419684790074825, -13.05869571492076, 58.1882818415761, -2.203366197645664, 6.870555941015482, 502.66596966423094, 5.776598107069731, 12.1458833925426, 43.28471074812114, -4.474078215658665, -8.66356049850583]",50.21
P1,0f3a6a7825804338,200,3036199683,nw_retrain_0224_crossing_easy_seed20273058,7087.263264096106,7078.192801302993,0.0,1.6013164218296059,1.630852088909419,5.838294282373247,18.439610704202853,0.0,0.0,110,0,0,160,0,slsqp,"[30.0, 0.0, 0.0, 30.0, 0.0, 0.0]",54.01
P1,3b64aeac64e68a5d,200,3996727607,nw_retrain_0233_converging_hard_seed20273809,1393.262649984363,1387.0054711906641,0.0,1.542358430916212,2.250159944148558,2.4646604186339496,12.719365230728087,0.0,0.0,110,0,0,230,0,nsga2,"[426.4239775039879, -2.2698401509940953, 15.254150585496824, 694.9880882211545, -0.1416579865413805, -3.347198348231391]",49.07
P1,678cdf40151e5a31,200,1389955749,nw_retrain_0221_converging_moderate_seed20272633,12692.776018602985,12144.281651772748,0.0,1.8135604118795097,1.5325531251314792,545.1482532932255,22.813560411879507,0.0,0.0,110,0,0,230,0,slsqp,"[30.0, 0.0, 0.0, 30.0, 0.0, 0.0]",62.02
P1,8324c43b624272a0,200,3584410336,nw_retrain_0224_crossing_easy_seed20273058,7087.4710883003645,7078.192801302993,0.0,1.6013164218296059,1.9729928147639135,5.70397776077905,18.305294182608655,0.0,0.0,110,0,0,229,0,slsqp,"[30.00000000000059, -0.018421557915641682, 0.05150566049830266, 30.0, 0.001020497785789954, -0.0011502915914019475]",55.9
P1,be62b770e0d217cc,200,784771951,nw_retrain_0221_converging_moderate_seed20272633,12891.97646817319,12144.281651772748,0.0,1.8135604118795097,1.5716914652526779,744.3095645233107,22.813560411879507,0.0,0.0,110,0,0,230,0,slsqp,"[30.0, 0.0, 0.0, 30.0, 0.0, 0.0]",62.41
P1,d84814a01ce1ac15,200,1581906460,nw_retrain_0224_crossing_easy_seed20273058,7095.602378332656,7078.192801302993,0.0,1.6013164218296059,1.7919228822285767,14.016337725605817,22.60131642182961,0.0,0.0,110,0,0,183,0,slsqp,"[30.000000000000647, -0.005859624247444439, -0.017578873713124013, 30.0, 0.0, 0.0]",58.2
P1,70aaab7e30fc95b0,200,59770901,nw_retrain_0233_converging_hard_seed20273809,4.252715462069853,0.0,0.0,0.3894526361636223,3.0244686261924505,0.8387941997137798,2.2282468358774024,0.0,0.00909090909090909,110,0,0,230,0,sobol,"[558.0810891278088, -1.7097857929766178, 11.494789458811283, 629.4503209460527, -5.4333769753575325, 5.557089082896709, 412.24135807715356, 2.709005668759346, -11.695806574076414, 745.6220244523138, 0.38006479293107986, -5.549330826848745, 745.9689162578434, -5.378702100366354, 9.278470627963543, 326.16976383142173, -0.3608733080327511, -1.434247400611639, 58.13521170988679, -5.411496587097645, -11.46139632537961, 119.0498209092766, -3.4767774268984795, -3.1552500687539577]",57.47
P1,b878fbced5e12817,200,1375367739,nw_retrain_0158_vertically_overlapping_easy_seed20266328,5692.122785509199,5676.612891027352,0.0,1.0084537450293773,1.9039364293738772,12.59750430744412,16.74611221287735,0.0,0.0,110,0,0,230,0,slsqp,"[760.5140326336327, 2.3291701925757535, 4.624085010488672, 320.3581785785141, 5.999999999999991, -1.9446116793506008, 604.4487125345629, 0.32055428440456746, 0.41111896360609457]",97.7
P1,6ba8647bf6677397,200,2528325562,nw_retrain_0233_converging_hard_seed20273809,621.0995721262201,607.7773206633046,0.0,0.9046727216327284,2.195224428402208,10.22235431288051,10.4,0.0,0.0,110,0,0,230,0,sobol,"[727.0099066663533, -2.971757736057043, -16.252908524125814, 392.6282188668847, -5.000311240553856, 15.394117265939713, 425.87931141257286, -2.2628378346562386, 14.048672072589397, 176.056038858369, -2.6877241171896458, -3.836979255080223, 91.45704997703433, -3.9776463992893696, 13.77471275255084, 514.1223020851612, -5.34135439619422, 3.5936194136738777, 100.46673152595758, -5.367674175649881, 6.279757596552372, 733.23964596726, -0.8680977299809456, 4.856651488691568]",56.05
P1,33c16bee681da479,200,3999614628,nw_retrain_0233_converging_hard_seed20273809,18.312305751609507,11.689537368569125,0.0,1.0266253083408363,2.525171530729113,3.0709715439704333,13.524615982892042,0.0,0.0,110,0,0,230,0,slsqp,"[581.6267205427354, -1.8675174012941882, -3.151961550170096, 516.4999919172227, -6.0, 0.7805623634659697]",54.18
P1,1f8dfadaf4b15b8f,200,3397032410,nw_retrain_0233_converging_hard_seed20273809,1334.4180669629616,1328.756563758752,0.0,1.5435076393187417,2.1367190976012163,1.9812764672896925,12.733461452335659,0.0,0.0,110,0,0,230,0,sobol,"[300.4346661269665, 1.216416735202074, -15.261045835912228, 906.8137423787266, -4.575440391898155, 1.412343643605709]",57.52
P1,eff23100db70f39e,200,2115583831,nw_retrain_0233_converging_hard_seed20273809,11739.920885385593,11733.740073650164,0.0,1.0834121052176409,1.9687578403544026,3.128641789858064,11.690060276337366,0.0,0.0,110,0,0,230,0,sobol,"[656.6945595294237, -2.6570264250040054, 0.8643506057560444, 319.0855733677745, 5.711948599666357, 8.102417260408401, 96.66001060046256, 0.7397104874253273, 9.956895969808102, 231.98771356604993, 3.90609398111701, -2.0218775533139706, 593.5983791016042, 4.892027758061886, 7.421583663672209, 465.3883721679449, -2.953606031835079, 3.715877451002598, 205.00175124965608, 1.3771390914916992, -1.7481372691690922, 374.711015727371, -3.6557498574256897, 12.500472631305456]",59.78
P1,7e29d345908af98e,200,3424934762,nw_retrain_0224_crossing_easy_seed20273058,7090.069432588317,7078.192801302993,0.0,1.6013164218296059,1.7619175752251608,8.513397288269731,21.114713710099338,0.0,0.0,110,0,0,229,0,slsqp,"[30.0, -2.4532841098225933e-09, 0.0, 30.0, 0.0, 0.0]",64.24
P1,37b669d44fd4a484,200,3625287239,nw_retrain_0158_vertically_overlapping_easy_seed20266328,5734.03455077305,5666.401259800351,0.0,1.7578622624278768,2.0935012918363087,63.78192741843515,22.719388169077376,0.0,0.0,110,0,0,230,0,sobol,"[331.5463698357976, -1.674663282930851, -16.54717357456684, 774.8797635695341, 4.50496232137084, 0.9638073854148388, 471.0528437203891, -0.5324206575751305, -8.75983440130949]",106.31
P1,72e9bc01ff4132a8,200,3866177556,nw_retrain_0344_converging_easy_seed20284556,94.55644243572813,89.61204945494102,0.0,1.822559574618967,2.33949375733031,0.7823396488378332,12.14783524350618,0.0,0.0,110,0,0,204,0,sobol,"[632.7821922884661, 4.932525996118784, 9.913711566478014, 283.25128142827975, -5.711202252656221, -16.935357447713614]",34.74
P1,8787b763cbd5f548,200,1689851707,nw_retrain_0344_converging_easy_seed20284556,45.78438368705915,41.41871648051651,0.0,1.0756365656852889,2.516872626011826,0.7731580148455306,11.0,0.0,0.0,110,0,0,230,0,sobol,"[245.3405531247282, 4.069319620728493, 8.359252654016018, 69.02163405216103, -1.2321225553750992, 15.23951343074441, 218.2977384473137, -2.171091668307781, 3.5813953801989555, 129.44044998718002, -3.3466794714331627, -12.000434640794992, 495.5826161636118, 0.02529403567314148, 13.790299404412508, 816.8390881051846, 2.0338908657431602, -1.2800909578800201, 445.1280630264622, 1.528673429042101, 3.6488710083067417, 284.76673662256235, 2.8424346819519997, 12.453819394111633]",44.3
P1,aa6f6ebccdc5c7fa,200,885261466,nw_retrain_0344_converging_easy_seed20284556,41.01106493346943,30.092405813524966,0.7880679008557376,1.4998972264609065,1.9642449908407194,6.6664490017871,10.781441579309849,0.0,0.0,110,0,0,230,0,sobol,"[572.0734930973623, -1.070633813738823, 7.419995125383139, 351.63617975757677, -4.96729227527976, 4.405461587011814, 357.46201421301333, 0.2147020697593689, -2.104450598359108, 762.0973140649685, -1.9240540601313114, -3.9868216328322887, 472.8479046300099, 1.4730727672576904, 13.83795652538538, 352.8829952133557, -5.423099812120199, 9.737421233206987, 540.1215623151325, 2.201308786869049, 14.837518896907568, 718.2223368437973, 2.228624112904072, 1.4533033221960068]",41.44
P1,108dc8ca0802fa9f,200,2776405319,nw_retrain_0344_converging_easy_seed20284556,194.88459180891638,192.9928185311857,0.0,0.0,1.89177327773069,0.0,11.0,0.0,0.0,110,0,0,230,0,slsqp,"[30.0, 0.0, 0.0, 30.0, 0.0, 0.0]",38.55
P1,c9cb9103804444aa,200,2840058762,nw_retrain_0344_converging_easy_seed20284556,54.19215304674039,28.063066973498923,0.0,1.1899023645736042,2.4620170639175902,22.47716664475027,11.407687524079304,0.0,0.0,110,0,0,230,0,sobol,"[772.9790434155857, -1.6903166212141514, -6.695743873715401, 611.0827389448697, -3.4763627238571644, 7.020858887583017, 745.1755981021221, -5.371764030307531, -16.381217155605555, 603.2508624674138, 1.8977487199008465, 6.939300589263439, 173.0805738156364, -1.2557494528591633, -1.3978267572820187, 384.1325173565635, -5.529884073883295, -13.4763885140419, 658.5736949692111, 4.19960156455636, 9.799911238253117, 775.3703926781437, 0.20955291017889977, -5.213211681693792]",41.38
P1,e9f8aa0d1c706fa9,200,772942477,nw_retrain_0175_vertically_overlapping_easy_seed20267994,255.26565683964478,253.1978420493314,0.0,0.0,2.055233579595444,0.012581210717934381,11.00516087799432,0.0,0.0,110,0,0,230,0,sobol,"[634.5825259108096, 2.7184407748281956, 2.516623981297016, 210.74423924088478, -5.384126376360655, -0.9196317046880722]",98.23
P1,f5804b8736c0d32d,200,2233713254,nw_retrain_0221_converging_moderate_seed20272633,119.7880013864743,51.6799238570457,0.0,1.246010520133497,2.125123828849955,64.73694318044515,10.4,0.0,0.0,110,0,0,230,0,sobol,"[825.9651909582317, -5.446376256644726, 8.964681778103113, 270.2306389249861, -0.5259461849927902, 11.212158020585775, 807.5344290956855, -5.903789520263672, -11.78881773725152, 769.720904212445, -4.926170837134123, -16.34237528219819, 895.9133228845894, -1.7107528857886791, 8.244227964431047, 270.3541530482471, 0.1496158093214035, 16.409502256661654, 92.11413275450468, -3.9148493371903896, 17.53367144241929, 331.96124860085547, -2.0883849039673805, -13.55112149566412]",86.35
P1,441309b8a47b0db6,200,1073915642,nw_retrain_0344_converging_easy_seed20284556,285.24245519574555,283.3191276268016,0.0,0.0,1.923327568943921,0.0,11.0,0.0,0.0,110,0,0,229,0,slsqp,"[30.000000000001254, -0.005665539569578729, -0.01699662978967868, 30.0, -2.0639204395390064e-07, -4.3279132578888756e-07]",41.57
P1,2e4aecab31640330,200,1207806801,nw_retrain_0322_converging_moderate_seed20282662,6.921051115214607,3.5069394976630774,0.0,0.8782667029582806,2.16953831988194,0.36630659471130894,5.751512795332667,0.0,0.0,110,0,0,230,0,sobol,"[180.6150598240672, 2.768357791006565, -7.669562604278326, 473.9878979691945, -4.756004624068737, -9.048752401024103, 792.5192803166574, -1.0591786466538906, -2.149056136608124, 464.61609374145326, -3.5497975945472717, 5.293667357414961, 487.04052409847975, -5.140973221510649, 15.506029956042767, 356.17570182072154, 4.155755862593651, -3.2707398533821106, 138.71956540689104, 4.061927430331707, 10.568028878420591, 245.03160674284607, -3.524260349571705, 5.644463986158371]",54.82
P1,b2c5eacf4f14dfc2,200,3231725575,nw_retrain_0322_converging_moderate_seed20282662,14.810099204364816,10.015883311115518,0.0,1.1408394963190949,2.8138220980377726,0.8395542988924322,12.140839496319096,0.0,0.0,110,0,0,230,0,sobol,"[461.4038573914079, -5.810948174446821, 9.115412402898073, 636.9663547931658, 0.30520299822092056, 3.261853192001581]",54.91
P1,7f7389246f5a7a9f,200,4184958576,nw_retrain_0322_converging_moderate_seed20282662,298.5116302092016,292.0111689296953,0.0,2.0687085549951907,2.674753199691825,1.7569995248192403,13.43326578514089,0.0,0.0,110,0,0,230,0,sobol,"[166.4528963126872, -2.952419176697731, 14.81561852619052, 896.243425699821, 1.2840605042874813, 3.004161637276411]",57.12
P1,78db291104ed2d5c,200,1222493898,nw_retrain_0322_converging_moderate_seed20282662,0.9174515323353092,0.0,0.0,0.0,0.9174515323353092,0.0,1.0,0.0,0.00909090909090909,110,0,0,230,0,slsqp,"[477.74930373837816, 0.34904529540170853, 1.2425593623121605, 278.0809971349129, 0.3212848006852152, 1.2653274136209125, 292.605679685589, 0.2893790496761284, 1.3737067965022771, 337.0159056386128, 0.2645070545623283, 1.1316688477677612, 305.4483887717991, 1.2297607549788774, 1.2516158874640497, 292.15187773935094, -4.641551370343989, 2.6815564715672244, 283.54612994641474, 0.3966264288611996, 1.3041751182381223, 507.2156744143683, 5.767677052568774, 0.04338354564912212]",60.09
P1,a1a975e291333146,200,1558624362,nw_retrain_0346_vertically_overlapping_moderate_seed20285014,2.934075378375984,1.7644424788124813,0.0,0.0,1.1696328995635024,0.0,2.764442478812481,0.0,0.0,110,0,0,230,0,slsqp,"[320.41699739790585, 0.20475783225159275, 3.808942849279161, 287.3264162694304, 0.8272855592454789, 3.664268605483075, 265.70034695228435, 0.8565666930007305, 3.5526701721092806, 273.51199111132365, -0.8305643529140156, 3.49913301289615, 229.03179308710233, -2.14379993853313, 3.3268949871739055, 221.50212764741866, 0.1955796959893928, 3.7306977734851503, 351.0358238463991, 2.8222861568426647, 3.392532362329147, 416.51264002689544, 0.4106761457969348, 1.1581065503671886]",44.72
P1,73dd305ea22b9ea0,200,2270039157,nw_retrain_0322_converging_moderate_seed20282662,283.2854100711999,278.94800176093736,0.0,1.3271504016031415,2.583957311444211,0.42630059721518876,12.140839496319096,0.0,0.0,110,0,0,230,0,slsqp,"[291.8021525277226, 6.0, 13.962902409618538, 524.2471493530957, 5.910018287122059, 0.0713471282651678]",59.25
P1,48c30ee02afff98d,200,1520419834,nw_retrain_0346_vertically_overlapping_moderate_seed20285014,8.447028825072934,7.374344176233393,0.0,0.0,1.072684648839541,0.0,8.374344176233393,0.0,0.0,110,0,0,230,0,slsqp,"[320.1041354942425, -0.5255590540717323, 4.078185347656407, 287.0206891108665, 0.7663034150943463, 3.9581347804881633, 265.40976950952364, 1.3622892729247473, 3.8963811484792266, 273.22466995885986, 1.3118644233948584, 3.4861271041177115, 228.72572433317876, -2.076214687566213, 2.451018732659436, 221.19277779717152, 1.3920164617770112, 0.09513542402907132, 350.88349552595116, 4.182616884770585, -1.6858539377169248, 416.50739793690326, -0.381151527355082, -3.3379110395292058]",47.21
P1,9f8209f79ddbc1ed,200,3542197664,nw_retrain_0346_vertically_overlapping_moderate_seed20285014,1.5260617882774081,0.0,0.0,0.22432443780529635,0.8537756817447868,0.44796166872732485,1.6722861065326213,0.0,0.00909090909090909,110,0,0,230,0,slsqp,"[320.40593929753254, -0.8547261139216789, 6.3211093748417255, 287.3099923124637, -0.951386626408272, 5.67327234222579, 265.68293942275864, -1.0169165666075175, 4.37502971899336, 273.51202926774295, -1.1061097050968316, 3.01537612200159, 229.04432913436727, -2.14379993853313, 2.0837192377461418, 221.49241426171093, -1.131825894326914, 2.1840885870974995, 350.9762025132728, 2.979145814417848, 1.47750300085562, 416.47898285725904, 1.4591765714967821, -0.6303819029693616]",48.27
P1,004a917f85a49d3f,200,4285682547,nw_retrain_0224_crossing_easy_seed20273058,43.91773546656945,31.734671904186413,0.0,0.5833987419828356,2.4485578324218307,9.151106987978366,11.287727748876907,0.0,0.0,110,0,0,230,0,sobol,"[564.4326252210885, -2.4798587523400784, 13.486120875924826, 63.48361878655851, -1.886545803397894, -5.540512628853321, 995.2421966567636, -5.637030500918627, 12.844286564737558, 208.79794234409928, -2.145318802446127, 15.123215563595295, 976.6840821970254, -4.761073619127274, 7.349593911319971, 402.9947228077799, -5.7416392005980015, 13.843084808439016, 332.9212781228125, -3.2568298168480396, -17.648466266691685]",90.9
P1,900503a41eb63453,200,1662921276,nw_retrain_0386_none_easy_seed20288803,11.96747091934463,6.834888164210597,0.0,0.7293785939800159,2.6109168710581483,1.792287290095868,10.35655404828648,0.0,0.0,110,0,0,230,0,sobol,"[637.3627482075244, -2.987531952559948, 3.5544819608330727, 608.5001244582236, 0.1270666904747486, -4.754988290369511, 515.1426568068564, -2.182811915874481, 17.01142244786024, 39.31428600102663, 3.4973648115992546, 7.261287074536085, 986.219753921032, 0.9475770927965641, -0.893483217805624, 99.53085394576192, 5.991616778075695, -1.7512797452509403, 707.3931548278779, -5.225985310971737, -9.034427963197231, 924.1861740127206, -5.346125956624746, 12.211020905524492]",29.95
P1,a8dcaecb2673d490,200,410381615,nw_retrain_0322_converging_moderate_seed20282662,277.8079770827933,268.4075266860579,0.0,1.3096830411944211,2.653165765495788,5.437601590045205,13.3438542043499,0.0,0.0,110,0,0,230,0,sobol,"[686.1380811067862, -0.12261879444122314, -8.202173944562674, 647.164337567542, 2.024293642491102, 3.903251577168703]",65.18
P1,70b721f692d835b3,200,2176445188,nw_retrain_0346_vertically_overlapping_moderate_seed20285014,1333.0005555612995,1324.9973549206209,0.7165274049838172,1.985343150148682,2.345766750967214,2.955563334579084,16.657433889711584,0.0,0.0,110,0,0,230,0,slsqp,"[30.0, 0.0, 0.0, 30.0, 0.0, 0.0]",48.8
P1,cad3381340d030c0,200,3135565766,nw_retrain_0386_none_easy_seed20288803,1.433662138377214,0.0,0.0,0.0,1.3859357258409624,0.04772641253625162,1.0477264125362515,0.0,0.00909090909090909,110,0,0,230,0,slsqp,"[338.2875728369005, 0.5436556504907276, 1.915485004045532, 854.9020645562208, 0.4459825306222447, 1.569201079829984, 357.10710212502516, -5.027025088166593, 5.688515585819381, 295.7579007755978, 0.1690432009263571, 1.7624814436074394, 355.91555401412285, 0.31005176784796684, 1.5479255069973958, 402.6528549375333, 0.43552568604925246, 1.6713832430174744, 366.09534452242514, -0.015567144087064284, 1.9274114889704796, 261.32623409072085, 0.06943221857659237, -0.5635872968456692]",33.24
P1,f220dedee6ebcf1c,200,569791701,nw_retrain_0386_none_easy_seed20288803,2.2213635110705963,0.0,0.0,0.0,2.200277720897332,0.021085790173264313,1.0210857901732644,0.0,0.00909090909090909,110,0,0,230,0,slsqp,"[338.25702586251634, -0.6206065469780698, 2.463489939409438, 854.8611349740993, -0.8841897280058083, 4.0814734536645885, 357.1059942573328, -5.027025088166593, 6.994964354846804, 295.742476395876, -0.48196851620548575, 2.5238955893120525, 355.90051990649755, 4.1280326685885695, 1.7056013248372501, 402.63759691866653, -0.36309646570108806, 0.43613083391822893, 366.0929677114678, 0.13288827909754364, 1.9086575031438135, 261.32623409072085, 0.06943221857659237, 2.54467317730644]",30.3
P1,83808856b13a6130,200,410253240,nw_retrain_0386_none_easy_seed20288803,9958.354523817783,9955.25220218886,0.0,0.6559507478430829,1.2710927287494778,1.1752781523296745,10.4,0.0,0.0,110,0,0,230,0,slsqp,"[338.26930972303444, -5.999999999960074, 7.042036271723303, 854.8249065269524, -0.5105164876549017, 5.823246054883337, 357.07262370724817, -5.027025088166593, 1.890942639996569, 295.759508382306, 0.09288453191710705, -1.2778972947269112, 355.9193369106746, 0.2973196973845636, -1.620831401184273, 402.65703577595707, 0.4558657876649911, 0.5333924957182646, 366.1039966708271, 0.37839237296693234, 3.7649006268122815, 261.32131846011583, 0.06451453209987468, 9.93570448705826]",32.99
P1,ece94a440a994ff0,200,2029385355,nw_retrain_0175_vertically_overlapping_easy_seed20267994,3.414602625643448,1.9920763029002841,0.0,0.0,1.2724276179896927,0.15009870475347098,3.1421750076537553,0.0,0.0,110,0,0,230,0,slsqp,"[289.8977260180387, 0.8300978480555972, 2.4251928787499963, 198.97306682156514, 0.07040504026695141, 1.229766780378839, 525.0175513594875, 0.2837803907329235, 0.9483918082962918, 288.16098778960253, -4.928385835306562, -5.706379504422018, 707.1417878163727, 3.452748565989612, 0.061738054022402844, 398.94741945912097, 0.13161966887662158, 1.7134079010877132, 629.7048861106863, -4.427158698966302, 1.7235490341326305, 898.4521304235698, -2.4268099961059795, -3.939198000707837]",120.86
P1,663dedc449aead04,200,2060619412,nw_retrain_0346_vertically_overlapping_moderate_seed20285014,1340.1985638158096,1325.5115056895077,0.37293120868556595,1.985343150148682,2.345766750967214,9.983017016500568,16.653964268062744,0.0,0.0,110,0,0,230,0,slsqp,"[351.52757044135365, 3.7404748818927063, 13.745885183705457, 416.1799539803933, 0.5870304208846138, 1.6563549256742085]",47.38
P1,bf4525ee269338d9,200,1356333426,nw_retrain_0175_vertically_overlapping_easy_seed20267994,255.39299329191962,253.1978420493314,0.0,0.0,2.141234997087353,0.053916245500845,11.053916245500846,0.0,0.0,110,0,0,230,0,slsqp,"[30.0, 0.0, 0.0, 30.0, 0.0, 0.0]",113.44
P1,1ec7180790a32d2a,200,1046386117,nw_retrain_0322_converging_moderate_seed20282662,5.038625768721446,3.5642446066991815,0.0,0.0,1.4743811620222647,0.0,4.564244606699182,0.0,0.0,110,0,0,230,0,slsqp,"[477.6051914205184, -0.5908328219006425, 2.711494316955548, 277.93681644389886, -0.563482929127262, 2.6136728147940973, 292.4629264442098, -0.5743692607299495, 2.7414840981752753, 336.8711530070733, -0.5697273094922365, 2.56010451566483, 305.32492468525425, 1.7140186821922287, 2.5707423517980237, 292.01445028547244, -4.618004289512745, 3.685279573653103, 283.4000742834637, -0.1622895989801, 1.9083060741917017, 507.2574767151002, 5.643665467549879, -0.2267511079562129]",73.58
P1,d3c4f9de8993c324,200,3868703297,nw_retrain_0363_vertically_overlapping_hard_seed20286418,58.74315102327505,47.26274926170578,0.0,0.31103059399245403,2.491039047155075,8.678332120421732,11.155587120552138,0.0,0.0,110,0,0,230,0,sobol,"[880.9526290837675, -0.23220959678292274, -6.815626312047243, 207.71427312865853, -2.623783215880394, 11.163962043821812, 167.78383484110236, 0.368489608168602, -7.957540221512318, 296.918049454689, -1.6633352525532246, 4.452499788254499, 238.91496925614774, -4.236150462180376, 14.490708198398352, 655.8354369737208, -0.25603037327528, 13.473418068140745, 944.0614080894738, -3.126008056104183, -15.231023836880922, 500.2613396476954, -1.5770208612084389, 12.25176640972495]",51.76
P1,28ca4fdd65def095,200,3682744813,nw_retrain_0175_vertically_overlapping_easy_seed20267994,5921.11010515853,5895.224102854543,0.0,1.8470846059255408,1.9286923825553242,22.110225315505584,13.010352162305745,0.0,0.0,110,0,0,230,0,nsga2,"[108.27157105434759, 5.878879420781935, -4.698379919229186, 329.82252816149065, 5.746091546112389, 10.648175931281852, 283.288472489922, 3.7436736046566033, 2.493468285740061, 101.08355574317977, 4.34635521378306, 11.7609167554407, 839.4138821001467, -4.612756934400364, 0.4835618760947398, 776.0575462774007, -1.9597493070201795, -14.173756122612291, 552.8765443918971, 4.077377855957806, 7.084902611303804, 511.3322086656248, -1.8037942134647542, -2.0376534854398294]",126.46
P1,6c9456d6bca98454,200,1319757219,nw_retrain_0363_vertically_overlapping_hard_seed20286418,244.49455996281245,178.93705563617547,0.0,1.9976739129136583,2.0389936184682895,61.52083679525503,10.418584778343696,0.0,0.0,110,0,0,230,0,nsga2,"[291.7188389076457, -5.726063329656941, 10.669000733018525, 936.5884313253604, -2.017107238272152, -4.972349838927286, 495.05539485794736, 0.14670169573259884, 16.91914971453491, 867.4101242533809, -2.3660215668413174, 15.46895565872655, 616.0976892917837, -0.911501381415377, -16.63580573840411, 343.4968988488081, -2.0014080032833808, -0.09066680049805242, 454.8553213810716, 3.3462604148018933, -17.677411418094824, 565.7212524581842, -0.9165973132928169, 10.635218698031796]",49.27
P1,23bff3630805ba9b,200,3579291446,nw_retrain_0363_vertically_overlapping_hard_seed20286418,3705.455667782649,3691.5376702223384,0.0,1.283345551700753,1.8934603363166058,10.741191672293198,11.042576505899108,0.0,0.0,110,0,0,230,0,sobol,"[669.0627305116504, -2.8940193727612495, 7.895053502172232, 864.9060410354286, -4.712778724730015, 7.984940093010664, 777.117723878473, -4.374601531773806, 1.425634827464819, 442.44116738438606, -0.18897981941699982, 8.261507324874401, 155.423565749079, -0.5360704064369202, 8.20040650293231, 439.85731071792543, -5.803792543709278, 3.8119394928216934, 377.1426180470735, 5.260422796010971, 12.65907909348607, 910.7816755957901, 2.763328827917576, -0.9388795383274555]",53.0
P1,71157b33424bdc46,200,2771828957,nw_retrain_0224_crossing_easy_seed20273058,10248.987623588962,10241.995047882749,0.0,1.5541712823164124,1.7310698741797517,3.707334549716821,12.806051272979555,0.0,0.0,110,0,0,230,0,sobol,"[212.24969341419637, -1.0547055266797543, -1.4007999189198017, 140.3831041418016, -4.351570878177881, 3.2439831756055355, 498.69144175201654, 2.7173257917165756, 8.9841193780303, 162.221425389871, 0.21330572292208672, 3.7734104320406914, 101.67893677018583, -1.9514409005641937, 4.121032431721687, 245.8928749151528, -2.9533473774790764, -6.787673771381378, 460.76530838385224, 5.5272829458117485, 3.873594392091036]",108.77
P1,366fd48747c281fb,200,1816884734,nw_retrain_0386_none_easy_seed20288803,10133.628583523883,10103.006624789608,0.0,1.7302041571623146,1.8546056691530548,27.03714890795958,22.730204157162312,0.0,0.0,110,0,0,230,0,slsqp,"[30.0, 0.0, 0.0, 30.0, 0.0, 0.0]",43.31
P1,5fb7a8ca033cb884,200,4003835376,nw_retrain_0420_converging_moderate_seed20292004,3567.472751828194,3565.089022619708,0.0,0.9393318575044155,1.4068589040431412,0.0375384469383448,11.97687030444276,0.0,0.0,110,0,0,230,0,slsqp,"[30.0, 0.0, 0.0, 30.0, 0.0, 0.0]",22.29
P1,a08548b0f5c5c56b,200,4064597685,nw_retrain_0386_none_easy_seed20288803,10213.347936938368,10103.006624789608,0.0,1.7775910429538524,1.871885950039749,106.69183515576594,22.77759104295385,0.0,0.0,110,0,0,230,0,slsqp,"[30.0, 0.0, 0.0, 30.0, 0.0, 0.0]",44.04
P1,4af91d15595aeb4f,200,1282908141,nw_retrain_0409_vertically_overlapping_easy_seed20291319,3.506677927903937,2.482195652098687,0.0,0.0,1.02448227580525,0.0,2.588720171021971,0.0,0.01818181818181818,110,0,0,230,0,slsqp,"[282.3500000200578, 0.7068174504143426, 1.9222131268831373, 233.27975386656254, -0.19315663106578299, -0.19013330366612102, 236.11153139308828, 0.3000344573234844, 1.6832703943636056, 270.75663212908216, 0.9996712568245035, 1.408034114893866, 243.54672638228246, -2.5308210220559157, 1.4193404590081122, 243.81113650111212, 0.6595589912245502, 1.2337352186618415, 235.79161270586602, 0.7244764313202993, 1.1390727981878506, 520.6872687517451, 0.36935930983471604, 1.9471284184402682]",40.08
P1,98f58b7071df2f70,200,3722325562,nw_retrain_0420_converging_moderate_seed20292004,3567.649667649423,3565.089022619708,0.0,0.8989299970210857,1.5551828002832742,0.10653223241058878,12.005462229431673,0.0,0.0,110,0,0,230,0,slsqp,"[30.0, 0.0, 0.0, 30.0, 0.0, 0.0]",25.07
P1,977447dc00134758,200,1943305610,nw_retrain_0420_converging_moderate_seed20292004,3567.300942292595,3565.089022619708,0.0,0.7560192310095607,1.4352956147885554,0.020604827088956886,11.776624058098516,0.0,0.0,110,0,0,230,0,slsqp,"[30.0, 0.0, 0.0, 30.0, 0.0, 0.0]",24.2
P1,f31147ad786f8c97,200,3721732946,nw_retrain_0420_converging_moderate_seed20292004,25.834410295251164,22.36983959849788,0.0,0.14422175517624783,1.9354767270845514,1.3848722144924857,10.744221755176248,0.0,0.0,110,0,0,230,0,sobol,"[495.4501031435721, -4.363167900592089, -2.50323037058115, 239.01520814627872, -2.5220338962972164, 4.342487275600433, 344.8124803449487, -0.641912542283535, -14.21683755889535, 468.1500944152207, -3.705092880874872, -10.45746698230505, 294.1729799188104, -0.7977225445210934, 5.928015522658825, 593.9647800526955, -3.2748518250882626, 13.15347596257925, 278.89718736970167, -0.5434833504259586, 12.419171959161758, 441.42848641903146, 5.4826731495559216, -3.6658756099641323]",28.6
P1,70f5b5e0c882cd0c,200,1008387830,nw_retrain_0409_vertically_overlapping_easy_seed20291319,304.05040738688444,298.5130422500071,0.0038806836206239925,1.6030910710889266,2.08241618375682,1.8479771984108717,13.33300592541819,0.0,0.0,110,0,0,230,0,slsqp,"[235.50718607292578, 5.999999999999999, -5.822532667620666, 520.6566247820818, -0.8557875037848154, -5.656636699313399]",35.2
P1,3e6b7cb8a6dbda46,200,131609238,nw_retrain_0420_converging_moderate_seed20292004,0.9649461690920595,0.0,0.0,0.0,0.9649461690920595,0.0,1.0,0.0,0.00909090909090909,110,0,0,230,0,slsqp,"[254.6439633211125, -1.7376640820311562, 4.591620338097204, 200.41210323549194, -1.1052051704679844, 3.8166290292433187, 211.87050733716214, -1.3578857239437132, 4.410261598417942, 190.9268583805373, -0.9978394091949205, 4.843876298222309, 242.99049024575305, 2.7344126825848916, 0.2955357443038878, 582.6933272951675, 0.5437496247523121, -0.4370174541465465, 239.03463198378796, 0.4472389080754795, -0.10081024238638074, 316.8867991499004, 4.5519612318064615, 0.0]",29.8
P1,59dcbe3f60ba0e63,200,4072429812,nw_retrain_0409_vertically_overlapping_easy_seed20291319,9.59139828353953,1.5050560176196115,0.0,2.0482986614334746,2.7031476898793625,3.334895914607081,7.8882505936601675,0.0,0.0,110,0,0,230,0,sobol,"[542.347830764643, 0.15859945490956306, -7.150066763162613, 649.9728299992902, -2.9613337107002735, 0.8225873708724976, 152.75058352208418, 5.635586991906166, 15.416146852076054, 215.55387453819225, 4.5126670226454735, -15.167934726923704, 382.44379410638624, -1.5225826911628246, 1.8431093953549862, 666.7574686108193, -5.538161046802998, 10.263045217841864, 715.5179196064088, 4.409005131572485, 17.76082856208086, 315.37515835703925, 0.7700557261705399, -0.26684603467583656]",38.9
P1,34977f9b5c8d2160,200,2890834577,nw_retrain_0386_none_easy_seed20288803,10142.699059220857,10103.006624789608,0.0,1.7302041571623146,1.8989133761709311,36.06331689791504,22.730204157162312,0.0,0.0,110,0,0,229,0,slsqp,"[30.00000000000169, -0.013582343234189616, 0.018327771346797875, 30.0, -0.0010056463739979502, -0.0002484581592986846]",46.8
P1,3525897f35434aa6,200,3044739639,nw_retrain_0420_converging_moderate_seed20292004,3559.8575499422354,3556.49852569762,0.0,0.7560192310095607,1.8460836462466301,0.7569213673585496,11.888237594064487,0.0,0.0,110,0,0,230,0,sobol,"[663.5509716662189, -1.9105034172534943, 5.201268944889307, 147.1032851680827, -2.54733495041728, -8.564453613013029]",24.51
P1,0df47b21fd3c52a8,200,2227675494,nw_retrain_0436_none_easy_seed20293834,1.4083829688988683,0.0,0.0,0.0,1.4083829688988683,0.0,1.0,0.0,0.00909090909090909,110,0,0,230,0,slsqp,"[276.3090231282107, 0.6012229635788737, -4.919364044696964, 526.8719039152452, 0.23633119044233095, -0.83112612518855, 500.8233891829072, -4.7605456948011815, 1.8269443436752717, 260.118390296211, 2.9328077980433562, -1.3783971518713363, 599.0083962347641, 0.5403078253837463, -0.7066112477542579, 228.74848984960346, -0.023658704596377533, 5.2429937491403775, 291.9997163682671, -1.4222308897271114, 1.77054193938617, 234.6839494957253, 0.16616147826009525, -3.0615558587714027]",22.13
P1,8c983eb4e99b1818,200,2755289273,nw_retrain_0420_converging_moderate_seed20292004,36.42311281129338,22.45531379165979,0.0,1.6879680361599714,2.507452460095215,9.772378523378398,11.051478478184013,0.0,0.0,110,0,0,230,0,sobol,"[544.0521378381042, 0.22309726104140282, 11.723157025873661, 591.948446535454, -2.045369826257229, 14.820726189762354, 600.1901558770918, 0.5202583596110344, -0.32508889585733414, 480.71743099428545, 2.428708288818598, -3.565697517246008, 232.86393871244093, 1.2524239607155323, 12.510235235095024, 165.35380018798125, -3.075669016689062, -14.46684991568327, 630.1449356947661, -5.4857055097818375, 3.4617592692375183, 562.1362220509585, -0.8347257412970066, -16.127808216959238]",30.05
P1,52c060526f47aa95,200,1612342015,nw_retrain_0420_converging_moderate_seed20292004,7.982487876372596,6.69522350773222,0.0,0.0,1.269852850046615,0.017411518593759705,7.71263502632598,0.0,0.0,110,0,0,230,0,slsqp,"[254.78390455502375, -1.3311435223256045, -5.941511538547899, 201.1899044954713, -1.136090143965949, -6.687990034827519, 212.23188723367417, -1.3881871896895948, -6.040723330660411, 191.03119094278267, -1.4234167372080158, -5.699710718237723, 243.04029486217442, 2.9918778643699087, -0.47087415444257585, 582.6928816409875, 1.0725930414062304, -0.5837643089628681, 239.0333071330204, 0.37577579349783546, -0.169796366087544, 316.887147129534, 4.6315163128681816, 0.0]",30.07
P1,f044636ddc3f67d9,200,432217801,nw_retrain_0363_vertically_overlapping_hard_seed20286418,5.770238885265832,4.594316095900819,0.0,0.0,1.1085144395717135,0.0674083497932995,5.6617244456941185,0.0,0.0,110,0,0,230,0,slsqp,"[326.65291572687556, 0.3285981760487642, 0.44158356983421354, 367.1351056176108, 0.4348615987484721, 0.40301933057896633, 554.9877718099883, 0.6324636874465297, 0.37784473138112984, 342.95163144481313, 0.3613855749214357, 0.3467800992965546, 157.7894912414184, 0.24215823891179583, 1.9344829261627767, 419.30910928581073, 1.754519249069003, 0.4941359219582291, 748.0445941899593, 0.1995489414615384, 0.7750605322571503, 574.5460861950951, -0.7504589894981801, -0.0735614630588556]",59.62
P1,92530df635918eb9,200,1344249292,nw_retrain_0436_none_easy_seed20293834,8.870287404890956,6.15610538776751,0.0,0.14106174980445893,1.6638547115166336,0.9092655558023529,8.206432693374321,0.0,0.0,110,0,0,230,0,slsqp,"[275.27027238216596, -0.8254011687652053, -2.4566918117747893, 526.9561890643653, 0.9374873719858807, -2.431570037239375, 502.19401656335066, -4.825431485599912, 7.425889940368326, 256.8031876222611, -6.0, 7.071608633647665, 598.8729363941949, -3.7046735398316413, 11.447990735481149, 228.74623316898712, -0.1388319901523563, 5.124978978468039, 291.9997164622843, -2.026142657518494, 1.27303218391825, 234.68329031398733, -0.41638149011888237, -3.0365167435854845]",22.78
P1,8d4bc7ec6a5bd6c6,200,795873875,nw_retrain_0409_vertically_overlapping_easy_seed20291319,2.7780129632333828,1.7800525327636418,0.0,0.0,0.997960430469741,0.0,2.7800525327636416,0.0,0.0,110,0,0,230,0,slsqp,"[282.323709407569, 0.989592406108158, 0.8775346469958085, 233.25466860210767, 0.6159315040215607, 0.06938924101938898, 236.08052333375633, 0.631901969408359, 0.5818237556258289, 270.7277137680322, 0.9977113106206973, 0.5999034037500002, 243.5161270055183, -2.5793008996618956, 0.6045702205757864, 243.77898201383348, 0.14911217560161374, 0.6130450211970055, 235.76055025017195, 0.18866973015577562, 0.6156869566739956, 520.6553018801104, -0.15249342400571542, 1.4878439311369847]",42.93
P1,4e5f6975fc83636f,200,2058704268,nw_retrain_0436_none_easy_seed20293834,89.57718952905854,85.65665623589253,0.0,1.4343797945873582,2.486153498578654,0.0,12.434379794587358,0.0,0.0,110,0,0,229,0,sobol,"[51.736325815022084, 5.483648490160704, -0.6374591924250126, 95.16205543866616, 4.226809233427048, 4.4662448689341545]",22.1
P1,30abd764dd169d82,200,1947461962,nw_retrain_0436_none_easy_seed20293834,89.55933300065416,85.65665623589253,0.0,1.4343797945873582,2.431352151181935,0.03694481899233495,12.434379794587358,0.0,0.0,110,0,0,229,0,sobol,"[34.925112439790176, 4.0396143682301044, -10.572864465415478, 525.3093457591272, 1.603225976228714, -0.6387426629662514]",22.95
P1,c6abca57f596a9ec,200,3615347312,nw_retrain_0436_none_easy_seed20293834,1.651306175992762,0.17396475547543963,0.0,0.0,1.4523124081666834,0.02502901235063904,1.1989937678260787,0.0,0.0,110,0,0,230,0,slsqp,"[276.3510693807144, 1.1825956812761262, -5.716372144236366, 526.8862310324045, 0.9405099151756992, -1.4373247164820329, 500.81915431850507, -4.743651309002987, 1.0830362804018703, 260.13449614957005, 3.1323044093461867, -1.759302405273796, 599.0118195535576, 0.5838392966187117, -1.1845223566059195, 228.74755037892294, -0.036096581280133724, 5.1972670345578855, 291.9997164219077, -1.3989709173340081, 1.7873778424499827, 234.68406779059535, 0.18747082817077765, -3.0690346520811937]",24.49
P1,f54ef001f06eb139,200,1262189797,nw_retrain_0436_none_easy_seed20293834,89.58152962242906,85.65665623589253,0.0,1.4343797945873582,2.4682644932498943,0.022229098699291083,12.434379794587358,0.0,0.0,110,0,0,200,0,sobol,"[217.5695967141405, 3.2196230180561543, -4.549482062458992, 182.6566734952985, -4.676977448165417, -2.582232154905796]",24.29
P1,ddfbc21edf047143,200,2235705403,nw_retrain_0409_vertically_overlapping_easy_seed20291319,0.8371436806052774,0.0,0.0,0.0,0.8371436806052774,0.0,1.0,0.00909090909090909,0.00909090909090909,110,1,1,230,0,slsqp,"[282.27558230460687, -0.14812979569438406, 0.254730382206553, 233.2472250840068, -0.3307819265673832, -0.4543881859237443, 236.07040559512615, -0.22700843425170777, -0.026222315496205312, 270.6868766052036, -0.04212983645953575, 0.03048509750278965, 243.51765216618065, -2.579189876807698, 0.03245797866283053, 243.76992858674166, -0.15408425740662415, 0.1858385640284982, 235.74995663614723, -0.19075513480116757, 0.6798975403806875, 520.6543908632492, -0.3055286276940571, 1.9405249404639628]",42.67
P1,842d254688867ba8,200,3449655180,nw_retrain_0363_vertically_overlapping_hard_seed20286418,8403.689250847357,8335.196269385391,0.0,1.8999697701089016,2.122193190225097,64.47081850163143,22.899969770108903,0.0,0.0,110,0,0,230,0,slsqp,"[30.0, 0.0, 0.0, 30.0, 0.0, 0.0]",61.08
P1,61595a3fe26c229d,200,4092949680,nw_retrain_0409_vertically_overlapping_easy_seed20291319,328.7619235813248,322.5175343257073,0.0,1.720501584383636,2.0977413714024884,2.426146299831416,13.679190983192038,0.0,0.0,110,0,0,230,0,sobol,"[308.71008774326947, 2.163370046764612, -12.404400698840618, 420.1527575158279, 2.062765371054411, -1.0977970361709595]",38.4
P1,8ec88461dbd87082,200,4176075476,nw_retrain_0344_converging_easy_seed20284556,155.8792979752147,153.80262643096822,0.0,0.0,1.961228634001887,0.11544291024460644,11.115442910244607,0.0,0.0,110,0,0,230,0,slsqp,"[30.0, 0.0, 0.0, 30.0, 0.0, 0.0]",84.43
P1,b98d40bebbb74b0d,200,1122161277,nw_retrain_0233_converging_hard_seed20273809,13.108876409627944,6.184850395902795,0.0,1.0266253083408363,2.6182802044604907,3.2791205009238222,11.490596205167455,0.0,0.0,110,0,0,230,0,slsqp,"[731.1315374057967, -0.57305651059658, 3.1362257424924906, 672.7373930756601, -4.071361218680079, 0.6284058615707759]",111.86
P1,3cc256e61511c45b,200,4277165991,nw_retrain_0363_vertically_overlapping_hard_seed20286418,8473.100365815422,8335.196269385391,0.0,1.8999697701089016,2.2588490307548623,133.74527762916708,22.899969770108903,0.0,0.0,110,0,0,230,0,slsqp,"[30.0, 0.0, 0.0, 30.0, 0.0, 0.0]",65.2
P1,7e17435021dd1939,200,4123013262,nw_retrain_0453_converging_hard_seed20295238,774.867658604382,765.5538169084394,0.0,1.740912344851034,1.797721256954113,5.7752080941373976,11.216423719058248,0.0,0.0,110,0,0,230,0,nsga2,"[294.1130536106702, -0.5665941335197058, -4.629207400699832, 334.28414321107647, -4.482299948661841, -10.616903935950358, 463.54481643781213, -5.719136082977849, -16.6076519338662, 428.610257459709, -3.9198474836211163, -8.531920474932384, 245.8047025343803, -0.4819177850929677, -5.82985406734759, 258.5817583867906, -0.4457897767854133, 2.0375811825180676, 518.6492263289771, 3.6154708312736616, -7.867377209302337, 108.19741502572657, -4.29490649944184, 4.860265494080693]",30.21
P1,7758d306fdffe310,200,3899887817,nw_retrain_0344_converging_easy_seed20284556,2.4694300246915635,0.588968404366588,0.0,0.07732367019076107,1.6400750059360072,0.1630629441982072,1.8293550187555563,0.0,0.0,110,0,0,230,0,slsqp,"[262.36251000536134, 1.4425215961929254, 10.015589426924741, 254.95017963878894, -1.4732518971569013, 7.675638235425361, 792.6133868857333, 1.6374000493210197, 1.7167149422306804, 416.545594361314, 2.0614533560970036, -2.2200344255682265, 253.13082378056328, 2.676870269689755, 0.18715464707397864, 261.52698628224664, 2.1927678136056783, 2.2919874317691757, 572.0504986504232, 2.243572605446277, 6.463942021144415, 625.489372448565, 0.022388812385847393, 0.17888872303292344]",97.94
P1,c4fcc77648346b32,200,2388330985,nw_retrain_0363_vertically_overlapping_hard_seed20286418,8418.717652323705,8335.196269385391,0.0,1.8999697701089016,2.180367554250713,79.44104561395406,22.899969770108903,0.0,0.0,110,0,0,229,0,slsqp,"[30.0000000000019, -0.005826300628122218, -0.017478909632080476, 30.0, -6.275816354677693e-08, -1.3159996803392243e-07]",68.7
P1,28a07ab3f333452c,200,456287841,nw_retrain_0363_vertically_overlapping_hard_seed20286418,8422.812076556382,8335.196269385391,0.0,1.8999697701089016,2.1828427424257097,83.5329946584544,22.899969770108903,0.0,0.0,110,0,0,230,0,slsqp,"[30.0, 0.0, 0.0, 30.0, 0.0, 0.0]",70.03
P1,cab3ed19b5c76ac6,200,174013579,nw_retrain_0453_converging_hard_seed20295238,42.06162993400699,38.0784886533,0.0,1.1399847883731002,2.1061398059511776,0.7370166863827103,11.0,0.0,0.0,110,0,0,230,0,sobol,"[303.05848284429266, -3.976729318499565, 10.16541800647974, 467.79668641012273, 1.3166573010385036, 2.3129281774163246, 96.20636720006993, -0.6653395146131516, -13.013490602374077, 252.35513495696705, 3.3065925501286983, -0.40820636227726936, 514.4888074401872, 2.610940530896187, 8.02417192608118, 488.83507216274506, 2.928405102342367, -1.8222441226243973, 136.75004822697707, 3.9801179207861423, 12.839908730238676, 357.8180363651917, 4.111422020941973, 10.760046411305666]",30.68
P1,74787c3681201165,200,2162709293,nw_retrain_0453_converging_hard_seed20295238,81.24338945692497,75.3971609760321,0.0,1.7701943115905039,2.092549010410891,1.9834851588914837,14.753679470481988,0.0,0.0,110,0,0,229,0,slsqp,"[30.000000000000174, -0.020795649027554805, 0.028984220647109902, 30.00000000020317, 0.002216153893149773, -0.0016026589609290838]",33.75
P1,ac948149faee173e,200,1523109804,nw_retrain_0436_none_easy_seed20293834,71.777835619316,60.34183728416756,0.0,0.9561786105929558,2.5029764463183444,7.976843278237134,11.956178610592955,0.0,0.0,110,0,0,230,0,sobol,"[552.8325646866808, -1.4396848641335964, 14.468601431697607, 357.8326014377978, -1.7339904494583607, 5.028212785720825, 578.3938841608099, -1.3407404199242592, 15.275634672492743, 142.2559857207684, -5.128696091473103, -12.682062607258558, 688.1647739528664, -1.8781348541378975, -5.59890478849411, 512.2181032497949, -4.321550779044628, -3.0730279572308064, 314.90119425615944, -0.23792816698551178, 16.15103866159916, 375.2691292464619, -2.50863603875041, 3.1653165332973003]",48.96
P1,c433baf8ca59c1ee,200,159374872,nw_retrain_0453_converging_hard_seed20295238,81.14988027557085,75.3971609760321,0.0,1.7701943115905039,2.0906243866197562,1.8919006013285067,14.662094912919011,0.0,0.0,110,0,0,181,0,slsqp,"[30.0, 0.0, 0.0, 30.0, 0.0, 0.0]",32.03
P1,27e1774918003b62,200,1131418420,nw_retrain_0346_vertically_overlapping_moderate_seed20285014,29.284072093204045,13.313882283998774,0.0,0.9211957367400752,2.3773837465120033,12.671610325953194,11.497009839440341,0.0,0.0,110,0,0,230,0,sobol,"[646.4380964002194, -1.3731760941445827, -10.045144334435463, 549.2681714405354, -3.472108941525221, -17.694755896925926, 448.609866696718, -4.926435101777315, -5.011741541326046, 478.2337749611244, -3.5018282644450665, -17.52318524569273, 295.4519717375046, -1.8818188905715942, 14.355149153620005, 52.56375886423521, 1.0105564892292023, 15.769509818404913, 41.919523777290536, 2.0665449164807796, -8.378901343792677, 461.37801175736143, 1.2618021927773952, 10.294283330440521]",99.25
P1,058ae6c0c6bf69ee,200,1804616988,nw_retrain_0472_vertically_overlapping_moderate_seed20297231,1.5336418559528004,0.5176628652002485,0.0,0.0,1.015978990752552,0.0,1.5176628652002484,0.0,0.0,110,0,0,230,0,slsqp,"[200.319323728403, 2.2763214983156352, -4.528689333159033, 167.656510503867, 1.179671110685029, -2.552168833135198, 154.2546681444991, 0.9140436726821864, -2.640867971453382, 150.84134877162035, 1.0182938859674264, -1.7128576697081985, 198.533196222292, 0.19963421627381722, -1.4168978635413794, 253.6968229934988, 0.4622098041237505, 0.40822818751242435, 235.1331956327986, -1.1842424774747242, 0.6513120593017192, 268.73636661994544, -1.0836392347115589, 4.634340588184861]",27.5
P1,cc4e5f4dcbb4a6df,200,801766568,nw_retrain_0346_vertically_overlapping_moderate_seed20285014,1332.347776805513,1324.8255207210525,0.0,1.985343150148682,2.4124334176338804,3.1244795166779213,15.382440651328498,0.0,0.0,110,0,0,222,0,sobol,"[140.58838170263368, 4.9399861469864845, 6.625350471585989, 174.35640486871083, 5.858654972165823, -0.9009317792952061]",95.3
P1,0a871cc314eb02dd,200,221785681,nw_retrain_0472_vertically_overlapping_moderate_seed20297231,49.731807119415315,47.480435265547705,0.0,0.0,2.1085147110104714,0.14285714285713721,11.002942675613765,0.0,0.0,110,0,0,164,0,sobol,"[263.78376984571366, -3.3531241714954376, -6.949627764523029, 377.10044043919197, -2.371939916163683, -7.65396911278367]",26.98
P1,1b6fdf4611354242,200,3178939863,nw_retrain_0346_vertically_overlapping_moderate_seed20285014,1336.8914781750693,1325.0926070339974,0.0,1.985343150148682,2.479100084300547,7.33442790662247,15.498609157754807,0.0,0.0,110,0,0,210,0,sobol,"[375.5056545316663, -3.8264308534562588, -15.932157028466463, 286.52356721772077, 4.695729732513428, 3.91944682225585]",96.2
P1,61f7a8540abd0bb5,200,237244860,nw_retrain_0472_vertically_overlapping_moderate_seed20297231,3.975624557847155,0.0,0.0,1.3683279305696303,2.394465304340433,0.21283132293709173,2.581159253506722,0.0,0.00909090909090909,110,0,0,230,0,sobol,"[279.6090839600839, -3.577406845986843, -13.192183054983616, 328.9495884641054, 3.0580216459929943, 6.763384222984314, 122.75099176886496, -5.677269425243139, -5.338666141033173, 244.62494357792318, -3.1377213299274445, -9.93331965431571, 528.5268933324785, 3.935617782175541, 1.9492350183427334, 205.7014665210732, -1.385688353329897, 8.788198962807655, 292.0227006279354, 1.7873501926660538, -14.209967583417892, 117.48276262688461, -4.608987562358379, -13.312785565853119]",30.8
P1,e6de313061567d12,200,532071503,nw_retrain_0453_converging_hard_seed20295238,0.4,0.0,0.0,0.0,0.4,0.0,0.6,0.00909090909090909,0.00909090909090909,110,1,1,230,0,slsqp,"[231.98014854118327, 1.5591182930257985, 0.15891343665954072, 183.47823891019658, 2.5710943620543363, -1.380922355935141, 171.5281931368035, -1.4357279211437584, -1.3458311296211194, 198.1648461079539, 0.81603456984072, -0.8105816819627296, 203.98904639732356, -0.09391455414440034, -0.6997269694686783, 324.4747475367321, 1.429182863296962, 0.09876077551627716, 176.5259637218602, 0.835286461059853, 1.5003809250298419, 218.29401810085793, 0.06155830403890586, 0.9902606045554676]",44.09
P1,a39f9b7b971841b8,200,683423826,nw_retrain_0409_vertically_overlapping_easy_seed20291319,19.59406487662491,12.404155901863083,0.0,1.6858799715819714,2.472443726421789,3.031585276758065,13.492065439362177,0.0,0.0,110,0,0,194,0,nsga2,"[586.4546830423016, -3.9744712321248232, -3.646739491909635, 711.2951080453585, -3.095788417009616, -1.811559878298958]",66.11
P1,a17576fca19aa0ea,200,851193054,nw_retrain_0472_vertically_overlapping_moderate_seed20297231,49.71786849279569,47.480435265547705,0.0,0.0,2.237433227247982,0.0,11.0,0.0,0.0,110,0,0,166,0,sobol,"[405.03189100017, -1.467883363366127, -4.985528949648142, 508.58828698566396, 5.465064749121666, -0.8361366838216782]",29.62
P1,7aa5e84a51bde11f,200,2124908919,nw_retrain_0436_none_easy_seed20293834,89.57072397321274,85.65665623589253,0.0,1.4343797945873582,2.4796879427328453,0.0,12.434379794587358,0.0,0.0,110,0,0,193,0,slsqp,"[30.0, 0.0, 0.0, 30.0, 0.0, 0.0]",49.21
P1,1cda849fd56b4e78,200,3933870828,nw_retrain_0322_converging_moderate_seed20282662,215.55503583335775,200.29731275960697,0.0,1.2926573535597434,1.8776729185811003,12.087392801609909,12.292657353559743,0.0,0.0,110,0,0,230,0,nsga2,"[611.6949401836953, -5.7914315523202236, -7.949482644286935, 535.610308470255, -1.887514571378503, 11.22109252784146, 242.68726198265753, -0.543451485442425, 9.888436486050587, 500.31943710847605, -5.255673727910146, -17.625590188757762, 308.8019636996221, -4.697478235172448, 4.9163455414639685, 369.94828737302566, -0.3540950304256416, -10.378238996845308, 170.19925139068818, -0.9689588093458266, 7.693187167695449, 605.0298015247465, 3.646286535829585, 0.47018001846402413]",120.21
P1,d1bccd35e7e96adb,200,4137039990,nw_retrain_0472_vertically_overlapping_moderate_seed20297231,49.70230150302321,47.480435265547705,0.0,0.0,2.079009094618363,0.142857142857141,11.0,0.0,0.0,110,0,0,230,0,sobol,"[139.83237583975608, -2.632448270916939, 11.595576781779528, 110.74332460270489, -5.518342427909374, 7.338510453701019]",30.78
P1,0ea25bff115829a8,200,3634258873,nw_retrain_0472_vertically_overlapping_moderate_seed20297231,6.645641701915057,1.5354069962932073,0.0,1.763972250744717,2.288303661564232,1.0579587933129004,5.357338040350825,0.0,0.0,110,0,0,230,0,sobol,"[165.60059829035592, 2.5794612541794777, 2.7298475950956345, 525.0310382921837, 2.3604285791516304, -9.722911421209574, 206.36246542664097, -2.843674913048744, -9.562935322523117, 118.20814331562347, 0.5183680281043053, -10.002519205212593, 137.18187966757137, -5.745356440544128, -13.124509245157242, 246.27101715488544, -0.39940762147307396, 14.879412185400724, 391.9888181237222, 5.244701731950045, -4.368198528885841, 262.81177313710305, 4.957143075764179, 16.583833504468203]",31.58
P1,c7b79e7da450c3be,200,2112105308,nw_retrain_0472_vertically_overlapping_moderate_seed20297231,51.31216669815617,47.480435265547705,0.0,1.3935646321964832,2.424987624537928,0.013179175874058322,12.393564632196483,0.0,0.0,110,0,0,230,0,sobol,"[59.56466060811789, 4.790051031857729, 14.826086081564426, 264.23525648776274, 2.2338579408824444, 9.05088247731328]",30.78
P1,eaaf1c339bb43cc4,200,337053904,nw_retrain_0453_converging_hard_seed20295238,16.986612630769027,12.749091295841636,0.0,1.304644673166947,1.9523938679565962,0.9804827938038473,10.837949253789315,0.0,0.0,110,0,0,230,0,nsga2,"[199.13879755661267, -5.460512433923041, 14.389828491098172, 48.067621607645606, 1.772380914087595, 15.946829247740602, 382.76929715044764, -1.436744571521464, 7.105571911398268, 245.8277059920161, 3.7676087935962244, -13.701409945235419, 288.6054662673921, 0.24776354035144266, 2.1701991302603894, 275.060127145911, -4.820496166735344, 12.022104253645882, 462.6928016897782, -1.4872778892020815, 0.7111792881041374, 137.83325217107964, -3.1540523627593195, -1.354169343860569]",49.93
P1,130e3bf5b2e00d83,200,3854423730,nw_retrain_0386_none_easy_seed20288803,10129.19651597319,10103.006624789608,0.0,1.7302041571623146,1.843074497322418,22.61661252909602,22.730204157162312,0.0,0.0,110,0,0,230,0,slsqp,"[30.0, 0.0, 0.0, 30.0, 0.0, 0.0]",78.36
P1,5549ce4841f4b678,200,3781788049,nw_retrain_0472_vertically_overlapping_moderate_seed20297231,15.0691915799342,6.661773881153484,0.0,1.8545951782392975,2.640324874128971,3.9124976464124472,11.0,0.0,0.0,110,0,0,230,0,sobol,"[397.92770055026546, -5.078371033072472, -2.2580343894660473, 47.24134518525999, 3.4818368554115295, 11.960412662476301, 301.03224935445377, 3.9705906808376312, -11.372930232435465, 343.52588100402335, 2.608606528490782, 15.902140963822603, 381.4015945496427, -4.629076257348061, 12.107920479029417, 313.2932999076687, -5.759064070880413, 2.149977508932352, 273.70563437734256, -2.4938246123492718, 17.506791785359383, 514.1891339626752, 1.7957197241485119, -17.034258540719748]",34.04
P1,f920e41245c41376,200,959057762,nw_retrain_0487_converging_easy_seed20298701,5.464840116731004,0.7375023460454981,0.8008870273535339,1.374085560441049,2.4689269528150986,0.0834382300758243,3.9959131639159056,0.0,0.00909090909090909,110,0,0,230,0,sobol,"[378.7325433194254, -5.230571944266558, 6.85185008123517, 460.0310015461793, 0.5252323485910892, -1.4206727407872677, 380.7260473638037, 1.1749009899795055, -10.304529000073671, 37.04478129549983, 2.424183424562216, 6.927283488214016, 330.91956496443737, -5.218610968440771, -4.010647092014551, 471.6510539068329, -0.444296233355999, -2.904459334909916, 585.9258754690304, 4.773270562291145, 4.00146072730422, 261.70035022653724, 0.08361215516924858, -14.244513362646103]",31.92
P1,b26ee594b8de78d1,200,2333775827,nw_retrain_0516_none_easy_seed22079712,1303.52133108443,1272.0177741900993,0.0,1.915451199062888,2.08069177046933,27.507413924798414,11.74832539192542,0.0,0.0,110,0,0,230,0,sobol,"[672.3152035658467, -1.3044888004660606, -7.099669061601162, 125.0159655734228, -5.3123116828501225, 15.712500270456076, 596.3042046600193, -0.5216178707778454, 7.3038752898573875, 746.6366313182408, -2.911813884973526, -4.676464006304741, 154.98686034943046, -3.794112626463175, -17.973284728825092, 850.5356701868385, -5.557595808058977, -6.706621941179037, 145.97340924321955, -5.375474877655506, -12.830072332173586, 476.85357398429494, -0.29845942184329033, 14.336335133761168]",29.96
P1,ae5d7de2059d1395,200,3556050330,nw_retrain_0516_none_easy_seed22079712,3917.356975622412,3911.509952899221,0.0,1.231507627414379,2.726555111621726,1.8889599841548854,14.120467611569264,0.0,0.0,110,0,0,230,0,slsqp,"[30.0, 0.0, 0.0, 30.0, 0.0, 0.0]",24.64
P1,045bfbdb37076634,200,967120668,nw_retrain_0516_none_easy_seed22079712,3917.0011164374296,3911.922148092383,0.0,1.231507627414379,2.687181212734204,1.1602795048981007,13.39178713231248,0.0,0.0,110,0,0,230,0,slsqp,"[30.0, 0.0, 0.0, 30.0, 0.0, 0.0]",24.36
P1,8c3c0b4c4fcb7f37,200,2429781330,nw_retrain_0487_converging_easy_seed20298701,163.21523507051072,156.06179183340268,0.0,1.6241762932974122,2.2990796886233973,3.230187255187221,12.253250878704241,0.0,0.0,110,0,0,230,0,nsga2,"[430.33599023130313, -2.406823072871046, -0.4354145012704862, 152.19379436099916, -4.727295631348721, 17.005596599954636, 664.9693863517736, -0.9684899338364206, 16.16266774811163]",33.81
P1,f1b5a8da2e584026,200,2518559713,nw_retrain_0516_none_easy_seed22079712,1.5472346766715668,0.20041745036671058,0.0,0.0,1.3468172263048561,0.0,1.2004174503667107,0.0,0.0,110,0,0,230,0,slsqp,"[339.4373614625001, -4.150883431145597, 4.5500214722698695, 449.2248430241769, 0.11056371056964143, 1.0733778017592066, 327.2645009409341, 0.32639772050943827, 1.3719434649877236, 209.4989347689024, -0.6030363592547922, -10.253984208694508, 759.6638586153415, 2.4129567396079854, 4.11844216109684, 337.21503059470444, 3.8728861065068174, 0.5259619037602765, 299.44578142640466, -2.3855362936381295, 1.3822889356533545, 350.9295121994261, -2.3944541301015114, -0.17416896841467017]",26.89
P1,c07f587e6a9ed552,200,265208979,nw_retrain_0487_converging_easy_seed20298701,862.9940010044747,858.4073701467779,0.0,1.15021051581508,2.192312892977127,1.2441074489045718,12.532121010335036,0.0,0.0,110,0,0,230,0,sobol,"[325.0067162669412, -4.434887073934078, -8.81965547427535, 143.79668576626094, -5.3688825108110905, -4.726918537169695, 147.32630763222218, 1.5196015946567059, 9.836263485252857]",34.68
P1,86558e8a668e60b6,200,995769717,nw_retrain_0487_converging_easy_seed20298701,875.8377644932209,869.962670258933,0.0,1.8259501757145287,2.068271998808118,1.9808720597652074,13.069064860155146,0.0,0.0,110,0,0,230,0,sobol,"[369.489045884627, -2.875943172723055, 15.93422182649374, 156.1546857443391, 4.212939854711294, -8.564020704478025, 208.03413203347938, 3.6072811111807823, 8.51231113448739]",34.3
P1,e49718fb160d275e,200,3435308721,nw_retrain_0409_vertically_overlapping_easy_seed20291319,75.84811983590629,67.2896332566116,0.0,1.4342654421008574,2.2862926742120737,4.837928462981771,13.373413891304867,0.0,0.0,110,0,0,230,0,sobol,"[713.0294748810816, 5.22883864492178, -10.66614991798997, 505.9715761049906, 2.8496775180101395, 9.179987322539091]",72.35
P1,d7b6157c98f05b8f,200,1266837758,nw_retrain_0453_converging_hard_seed20295238,80.78939628779086,75.3971609760321,0.0,1.7701943115905039,2.0804213733812436,1.5416196267870212,14.311813938377526,0.0,0.0,110,0,0,229,0,slsqp,"[30.000000000000977, -0.014611840123631238, 0.03276406809428307, 30.00000000095804, -0.0008786102828999324, -0.0014269395257375203]",50.49
P1,c60b7f2b4bd07fc5,200,2125034763,nw_retrain_0516_none_easy_seed22079712,3917.378982952082,3911.5293896685557,0.0,1.3603156101365428,2.72902445699582,1.760253216393609,14.120568826530151,0.0,0.0,110,0,0,229,0,slsqp,"[30.0, 0.0, 0.0, 30.0, 0.0, 0.0]",24.75
P1,de47ac33dd3c4fc3,200,3664544857,nw_retrain_0487_converging_easy_seed20298701,3.7684781048193967,0.0,0.0,1.1842927969991852,2.4130580796744776,0.1711272281457337,2.3554200251449187,0.0,0.00909090909090909,110,0,0,230,0,sobol,"[482.9146222852369, -0.10895321890711784, -10.852023113518953, 181.38302787336343, 4.5592321045696735, 3.2126585617661476, 246.4998882811457, -0.3101094514131546, 5.795919947326183, 359.6401599838281, 0.1055040992796421, 15.439377564936876, 154.7363167400107, -4.456401005387306, 13.824189517647028, 598.5736671339257, 5.286749191582203, 4.90182676166296, 49.71642149962054, 3.6138176657259464, 4.611995939165354, 132.99756861105112, -5.6455400213599205, -13.105756781995296]",35.77
P1,a664de82d01a683d,200,1967060669,nw_retrain_0487_converging_easy_seed20298701,7.078919966267222,2.494282552023592,0.0,1.3364870194345626,2.1191211733330486,1.1290292214760191,5.867345215126357,0.0,0.00909090909090909,110,0,0,230,0,sobol,"[229.30138118505891, -0.8029051199555397, -10.71192580461502, 82.71838475696416, 0.1512664519250393, -8.962721452116966, 608.5054859106194, -4.9734878316521645, 8.630535028874874, 127.31384477497704, -0.5101189836859703, 5.055663585662842, 489.55424067528406, 5.4698164612054825, 5.741460107266903, 530.647361147058, 5.374319102615118, 9.086744248867035, 150.4323410954783, 2.1679981537163258, -14.018922116607428, 664.8986527197713, -3.0987697765231133, -12.30702779442072]",37.06
P1,c8be10bb591f498b,200,3654014929,nw_retrain_0516_none_easy_seed22079712,24.371174536399018,22.8487539131846,0.0,0.0,1.522420623214419,0.0,11.0,0.0,0.0,110,0,0,230,0,slsqp,"[339.7257010315609, -4.161585722287348, 4.231715718148268, 449.4765118077441, -0.2597878700775172, 0.825536099832755, 327.53002452080074, -0.2581313477553928, 1.100011720744858, 209.8089119485517, -0.6182145062346842, -10.328319792796691, 759.6935749742449, 1.5464762563443937, 3.93343166816414, 337.2114184429073, 3.062702777402871, 1.4233090874053984, 299.45101525754944, -2.3901150087676157, 2.244365726761894, 350.92959012668445, -2.3944541301015114, 0.1577573627069515]",33.13
P1,eb354a496d1b1786,200,1958068971,nw_retrain_0487_converging_easy_seed20298701,3482.210936022506,3472.4059223109775,0.0,1.5386295348359,1.7885227949130038,6.477861381779515,12.5386295348359,0.0,0.0,110,0,0,230,0,sobol,"[535.7841706946756, -4.250817876309156, 4.7835479490458965, 540.8819508726654, -0.043654248118400574, 4.1224536672234535, 145.2647202961209, -1.0293760746717453, -11.747452810406685, 527.1235310352116, -2.6553282402455807, 11.909325364977121, 502.36533792136987, -1.5889451578259468, -4.1131365448236465, 194.7787836373096, -3.841339845210314, 2.0706732384860516, 522.4705312876388, 2.3890565559267998, 6.137337561696768, 478.0394502789073, 1.7269463427364826, 2.816233467310667]",39.01
P1,aeb957c09444dd7f,200,3723872533,nw_retrain_0516_none_easy_seed22079712,3917.1200209081976,3912.0073668121927,0.0,1.231507627414379,2.6867612827571454,1.1943851858333896,13.425892813247769,0.0,0.0,110,0,0,230,0,slsqp,"[30.0, 0.0, 0.0, 30.0, 0.0, 0.0]",28.24
P1,e1b65b486f9b3b92,200,369652505,nw_retrain_0453_converging_hard_seed20295238,80.85524748832987,75.3971609760321,0.0,1.7701943115905039,2.0212605542010094,1.6666316465062658,14.43682595809677,0.0,0.0,110,0,0,230,0,slsqp,"[30.0, 0.0, 0.0, 30.0, 0.0, 0.0]",48.6
P1,18b118ea3557af54,200,284054679,nw_retrain_0487_converging_easy_seed20298701,848.5703516764797,844.6023248506212,0.0,1.15021051581508,2.184861723936619,0.632954586106877,12.502978162146794,0.0,0.0,110,0,0,230,0,nsga2,"[335.27561960156106, -1.9554380946877377, 0.17183985519758238, 83.94702095920505, 4.68610558183177, 11.457405495955701, 73.03412137686578, -4.36556154513006, -10.004869517705144]",36.61
P1,aaead72209127055,200,3424256235,nw_retrain_0516_none_easy_seed22079712,525.5690244818402,432.9306019286667,0.0,1.550454748554248,1.922564304458256,89.16540350016096,10.6,0.0,0.0,110,0,0,230,0,sobol,"[678.5026333164907, -1.0276844054460526, 13.948505111038685, 34.23049379770842, -1.069947313517332, 8.041576948016882, 797.6341716443582, -1.8266835138201714, -8.736162465065718, 872.8117575620894, -3.3400306217372417, -13.867662627249956, 79.26902815479986, -1.3382743522524834, 16.609164990484715, 438.18781988945, 0.6704804711043835, -14.823845230042934, 875.2124310838279, -3.708001110702753, -5.684309843927622, 268.73870453668167, 5.84849126636982, -7.860546749085188]",36.83
P1,5910971d5b90d085,200,3194922557,nw_retrain_0455_converging_easy_seed20295434,5.6305679876945725,2.4653147437787495,0.0,0.0,2.6324870402987273,0.5327662036170951,3.9980809473958447,0.0,0.0,110,0,0,230,0,sobol,"[796.4744387567043, -2.9874506816267967, 14.972553636878729, 927.3993859253824, -1.067552737891674, -7.825824078172445, 323.5135172866285, 0.9390330836176872, -7.253280747681856, 349.5281117223203, 0.7316814623773098, 6.457715023308992, 924.9818077217788, -2.455765563994646, -10.734756264835596, 990.8608465176076, -1.44474745541811, 4.835043478757143, 407.6560069154948, -0.565255232155323, 1.5465553477406502, 134.9284393619746, -2.912282109260559, -16.81161866337061]",55.33
P1,a41ab041a29ee23b,200,2565090633,nw_retrain_0455_converging_easy_seed20295434,20.378030863102925,8.077013731423966,0.0,1.2373459078371978,2.2290803899027325,8.83459083393903,10.6,0.0,0.0,110,0,0,230,0,sobol,"[919.4206106103957, -4.127230267971754, -4.536356471478939, 648.150381250307, -0.4611258991062641, -9.622638780623674, 673.7268006522208, 0.057565927505493164, -2.326037038117647, 556.0771636292338, 0.9025054983794689, 13.251016270369291, 862.6008021086454, -1.2180958315730095, 0.4461316242814064, 945.2406868338585, -4.505402762442827, 5.79381850361824, 965.7627764903009, 4.021681822836399, -6.109318803995848, 671.8088239058852, -4.896681301295757, 13.424075447022915]",54.17
P1,947cc63e119926bf,200,1670874006,nw_retrain_0455_converging_easy_seed20295434,2.904839130252907,1.7956143940130858,0.0,0.0,0.9978269691619438,0.11139776707787731,2.677332609413069,0.0,0.00909090909090909,110,0,0,230,0,slsqp,"[324.9670808623024, -0.10335245598327093, -0.6861804185612812, 354.30715041182157, -0.13735849283585133, -1.3354308880402224, 442.50506712005404, 0.23661294772659658, -0.5138976340318696, 304.568686236366, -0.14516023968873448, -0.7879971900109286, 331.26121353928335, -0.1361001948067557, -0.822179967487667, 354.31991757509525, -0.1482430823435619, -0.6748128347800851, 435.76211912257816, -0.13883598237293274, -0.8073274059559226, 563.7177538527468, -0.03599738848177217, -0.009691333226280349]",55.6
P1,6bc281417dd5fe6d,200,1927413285,nw_retrain_0455_converging_easy_seed20295434,3.220164911144633,0.5582742453083996,0.0,0.3086523701200942,2.2693789437583196,0.08385935195781959,1.9507859673863135,0.0,0.00909090909090909,110,0,0,230,0,nsga2,"[553.7848299982992, -0.9974067080946103, 2.0798580926810963, 853.9847067226532, -4.55003256963816, 15.168145651202124, 61.133013113733334, 4.977326181848305, 8.064708590544413, 706.5188162203499, -2.1845763628335684, 2.8162493846900887, 38.387242542257255, -1.8034161990098863, 12.424152646444131, 322.70165310784205, 3.1224656778982354, -10.40377987533351, 261.210449853256, 0.3799666445025629, 10.728773679057856, 561.6601037539021, 4.172817545907996, -1.594786991705739]",58.38
P1,8125b8a03a23c584,200,3597387807,nw_retrain_0455_converging_easy_seed20295434,11480.857330988027,11397.370507580441,0.0,1.7300638045738832,1.4937469583198593,80.26301264469109,22.73006380457388,0.0,0.0,110,0,0,166,0,slsqp,"[30.0, -0.005859632819737392, -0.017578898459212178, 30.0, 0.0, 0.0]",60.79
P1,f84a0a5af85bf4a8,200,3664270668,nw_retrain_0455_converging_easy_seed20295434,11431.631177767338,11397.370507580441,0.0,1.6526402286017918,1.4919729327277196,31.116057025566988,22.65264022860179,0.0,0.0,110,0,0,166,0,slsqp,"[30.00000000000032, 0.0, -0.017578638809316937, 30.0, 0.0, 0.0]",61.8
P1,9ff8bf610f5b5c7d,200,708076899,nw_retrain_0455_converging_easy_seed20295434,11435.02990356258,11397.370507580441,0.0,1.6526402286017918,1.497063373718539,34.50969237981684,22.65264022860179,0.0,0.0,110,0,0,166,0,slsqp,"[30.000000000000718, -0.005859444023778022, -0.01757833325189352, 30.0, 0.0, 0.0]",61.18
P1,b0f1032824f73c2d,200,3189248340,nw_retrain_0455_converging_easy_seed20295434,11433.126090714237,11397.370507580441,0.0,1.6526402286017918,1.3084950095871473,32.79444789560706,22.65264022860179,0.0,0.0,110,0,0,223,0,slsqp,"[30.0, -0.005858981618177457, -0.01757694607460997, 30.0, 0.0, 0.0]",63.21
P1,235a7c8b4f6be992,400,3015161584,nw_dual_val_023,193.32016882034182,192.02431668996994,0.0,0.2612387857142962,0.9666927413976211,0.06792060325996942,11.329159388974265,0.0,0.0,210,0,0,355,0,slsqp,"[30.00000000000022, -0.012542546460836412, 0.010246699998668013, 30.0, -0.0023666510885331266, 0.0009196575099160344]",73.25
P1,9c6ba0bf2d30dd8e,400,2990814635,nw_dual_val_023,193.32598102728,192.02431668996994,0.0,0.2612387857142962,0.9488379131724338,0.09158763842333127,11.352826424137627,0.0,0.0,210,0,0,296,0,slsqp,"[30.0, 0.0, 0.0, 30.0, 0.0, 0.0]",74.02
P1,3b21adf160b45f29,400,1526079981,nw_dual_val_015,124.57514149661792,123.39711385523955,0.0,0.0,1.0832853096643742,0.09474233171398089,11.051296780382703,0.0,0.0,210,0,0,332,0,sobol,"[146.94451751187444, -3.287252761423588, 0.16378304734826088, 155.0599571596831, -5.222250659018755, -2.0018753483891487]",74.09
P1,26b21bdfd8aabe1c,400,2642614487,nw_dual_val_023,193.1517707270708,192.02431668996994,0.0,0.2612387857142962,0.7769296575295539,0.0892855938570337,11.350524379571329,0.0,0.0,210,0,0,266,0,slsqp,"[30.000000000000487, 0.0, -0.005859258616513804, 30.0, 0.0, 0.0]",77.28
P1,3971a8be6e99e199,400,1796189626,nw_dual_val_037,63.91344573064155,63.195299452158125,0.0,0.0,0.7181462784834206,0.0,11.0,0.0,0.0,210,0,0,308,0,sobol,"[81.80273232981563, 4.489158187061548, 5.0750678814947605, 115.94828453846276, -5.964840732514858, 4.687556192278862]",80.79
P1,297d5c072bf1bcb9,400,1363709273,nw_dual_val_012,3.495622767668875,1.6096867222954234,0.0,0.0,1.8859360453734517,0.0,2.6096867222954234,0.0,0.0,210,0,0,429,0,slsqp,"[600.0, -2.3337694588198516, 5.9999999999999485, 591.9967953660079, -0.028284141159767337, 0.04849290704639892]",81.4
P1,968e52e85b503433,400,2621931399,nw_dual_val_013,1.0202707588314845,0.13571635740281007,0.0,0.0,0.8845544014286745,0.0,1.1231409579820937,0.0,0.0,210,0,0,430,0,slsqp,"[240.90548807508867, 1.2366714345605214, 2.1486608971848007, 236.85208157072788, 1.2173864486037567, 1.671504807714725, 228.35176768365378, 1.0927457983105053, 1.6906497521940336, 243.9316932042756, 1.1602428736158088, 1.6578050477006934, 229.33226915215715, 0.8343731215170902, 1.4845034384231106, 261.1821096240723, 0.0335589544567914, 1.2983887341269404, 266.2257401971017, -0.42416294688027584, 0.8431458095304519, 186.68885963042862, -0.05058029672665796, 0.02923328450247974]",83.12
P1,a7906845ab77929b,400,2617781299,nw_dual_val_037,63.91331039729728,63.195299452158125,0.0,0.0,0.7180109451391568,0.0,11.0,0.0,0.0,210,0,0,276,0,sobol,"[41.62254324182868, 5.929539296776056, -3.157441947609186, 142.12110654450953, -0.2861363813281059, 1.1152735725045204]",83.42
P1,420ffa13d87ebc54,400,4261871423,nw_dual_val_015,124.54455495187878,123.39711385523955,0.0,0.0,1.059613239607917,0.08782785703131406,11.087827857031314,0.0,0.0,210,0,0,357,0,slsqp,"[30.0, 0.0004891264272871087, 0.0035892508780174855, 30.0, 0.00040661931064144436, 0.0016264772425388983]",84.54
P1,bcad1e4f4b996373,400,3026464079,nw_dual_val_015,124.5882458987898,123.39711385523955,0.0,0.0,1.0682189534516129,0.12291309009862056,11.064281280489851,0.0,0.0,210,0,0,360,0,sobol,"[178.94174605607986, -0.9754671826958656, 4.576200295239687, 53.707752702757716, -5.452684108167887, 4.562500689178705]",84.82
P1,2f7b918a5180c88a,400,1174743928,nw_dual_val_012,3.7873394681687564,1.9510597873010256,0.0,0.0,1.8362796808677306,0.0,2.9510597873010256,0.0,0.0,210,0,0,430,0,sobol,"[588.687829496339, 1.6358450129628181, 5.893185161054134, 435.11027994565666, -4.041374668478966, 0.7478999085724354]",88.84
P1,1506dc5981e074f8,400,1908362284,nw_dual_val_030,0.9148843394202111,0.0,0.0,0.0,0.9148843394202111,0.0,1.0,0.0,0.009523809523809525,210,0,0,430,0,slsqp,"[287.41248695663387, 0.22068333156855685, -3.7590852964634496, 282.5691599078369, -1.7882004930289825, -2.9295460898314074, 272.4331549714284, -1.7443180407653358, -3.0754256569440273, 291.01214123539955, -1.6936785161393286, -3.080503511192919, 273.59677911722207, -1.6434684439988454, -3.057044001362021, 311.5804750097811, -1.6342758498120473, -3.058440438565104, 317.59448748266186, -2.5519029374540345, -1.6630659061163955, 224.22100596764753, -1.238045322117306, 0.2615441039073847]",95.89
P1,24bb28fe78d6a8cc,400,2123740860,nw_dual_val_030,47.682008307461274,45.78983564586893,0.91107471387626,0.0,0.981097947716078,0.0,11.91107471387626,0.0,0.0,210,0,0,310,0,sobol,"[128.45862513408065, -5.325827345252037, 2.381931658834219, 163.66455422714353, -4.122770860791206, 3.8164733089506626]",96.52
P1,dfb036fb426efd59,400,1744655742,nw_dual_val_037,1.0449276392791909,0.0,0.0,0.0,1.0449276392791909,0.0,1.0,0.0,0.01904761904761905,210,0,0,430,0,slsqp,"[290.2866515150129, -1.825539753864692, 1.5268963966699012, 269.00743018491903, -0.26584687179010724, 1.883567447206974, 250.85350007699316, 0.34793181516199007, 2.0599140374012954, 270.5847833441182, 0.7016097630451446, 2.019882105040829, 277.4145142208364, 0.8661708242752676, 1.9230242113273972, 302.30565699693324, 0.8966842424591613, 1.7198862912599746, 275.02779622621676, 0.4450307882607556, 1.535121699142687, 240.88862622572523, -0.01895620117313818, 0.027715006824386997]",98.01
P1,92e1d5de99aef304,400,3068611537,nw_dual_val_030,1.241012715842497,0.0,0.6165048699986463,0.0,0.6245078458438508,0.0,1.0,0.0,0.004761904761904762,210,0,0,430,0,slsqp,"[287.3612012706376, 0.41493612373811595, -1.7484088229998114, 282.52015721103334, 0.3624695948456113, -1.505417411424214, 272.3812350284072, 0.36040795724810126, -1.7213363517035423, 290.9612809029701, 0.391582868267694, -1.732163761132462, 273.54714034497744, 0.39972379984929196, -1.7116374698566466, 311.532846474923, 0.3787170299711531, -1.7062693032462117, 317.54537661881835, 0.11839080200916514, -1.3119088906192433, 224.17353458881618, -0.007737311522560588, -0.0054547902189993214]",104.59
P1,4ba0d91cfd5b299c,400,3394540055,nw_dual_val_041,0.7874357038529218,0.0016760508358805298,0.0,0.0,0.7857596530170413,0.0,0.8016760508358806,0.0,0.009523809523809525,210,0,0,430,0,slsqp,"[246.26531897479856, 0.78951919294134, -0.7390868613926811, 242.11620625130328, 0.6300909492749618, -0.7567620326779111, 233.42748660303732, 0.6269146798850045, -0.8461016827059096, 249.3519534204589, 0.6655650223570376, -0.8491359257246475, 234.42659344341575, 0.5862763119342904, -0.5904342568307263, 266.97554188919185, 0.509417461932566, -0.7680596284269661, 272.1329260785124, 0.4248487737854848, -0.703919827180971, 178.02909394373748, 0.01904651423898021, -0.0054039294462051544]",104.67
P1,c91d04593c20aa57,400,1973112896,nw_dual_val_013,1.0401949136092985,0.0,0.0,0.0,1.0401949136092985,0.0,1.0,0.0,0.014285714285714285,210,0,0,429,0,slsqp,"[240.91121309326707, 0.11209008025353495, 1.8331939339275074, 236.85861668288607, 0.7193608562660921, 1.3838801798426092, 228.35758986442843, 0.5719242888420459, 1.5602314911468382, 243.93593572925818, 0.45361955279831, 1.5593986630610117, 229.33672759560272, 0.40580763476368964, 1.537264346385008, 261.1868950578132, 0.4828469816381416, 1.5354293285005232, 266.228206634359, -0.7864718378113797, 1.365504214112428, 186.68885963042862, -0.021366636975982945, 0.009374391050333896]",104.93
P1,47481d63adf08840,400,4232568651,nw_dual_val_025,0.8066167339256959,0.0,0.0,0.0,0.8066167339256959,0.0,1.0,0.0,0.014285714285714285,210,0,0,430,0,slsqp,"[303.50460026129116, -0.48959058387125426, -1.2942865581402887, 298.390747375122, 0.630632833557937, -1.0236949472832584, 287.6825774851149, 0.9508032646557241, -1.2350452815285782, 307.3132243289955, 0.28650280302809, -1.2925797911917525, 288.91377727431853, -0.25349582507110724, -1.3509086719566548, 329.02969425217384, -0.14462425546841587, -1.3670912784583238, 335.37935545385403, 0.1473018597441525, -1.322751345624339, 220.97562781315935, -0.007368881718553301, -0.00456399187138168]",105.14
P1,df71e4c432257994,400,318382108,nw_dual_val_039,2.8417062689656305,1.1650788696208265,0.0,0.0,1.6766273993448042,0.0,2.1650788696208263,0.0,0.0,210,0,0,430,0,sobol,"[543.5743862204254, 0.7447348460555077, -3.1993094198405743, 380.43261241167784, 4.372596111148596, 1.9833820313215256]",106.98
P1,b628035e91dff01f,400,103214963,nw_dual_val_039,3.0181211710602187,1.3646922230770127,0.0,0.0,1.653428947983206,0.0,2.3646922230770127,0.0,0.0,210,0,0,430,0,sobol,"[338.1569243967533, 0.20901907235383987, -5.742916624993086, 513.3666278421879, 3.1001512482762337, -4.263506691902876]",108.01
P1,9dd43feb14ed606b,400,3363707729,nw_dual_val_025,16.01420001592865,13.954236853942712,0.7142960528002759,0.02170743692238597,1.3239596722632772,0.0,11.73600348972266,0.0,0.0,210,0,0,415,0,sobol,"[48.89934525825083, -1.941434919834137, -0.8948079384863377, 171.43845364451408, -1.3518985770642757, -0.1921890266239643]",108.61
P1,cd31553c2824a79a,400,3042105738,nw_dual_val_025,13.975551117716636,11.716831312685636,0.7142960528002759,0.02170743692238597,1.400393644885558,0.12232267042278054,11.73600348972266,0.0,0.0,210,0,0,360,0,sobol,"[588.0683421436697, 0.6639976166188717, 5.782439902424812, 566.9717614073306, 3.365760114043951, 3.395109683275223]",111.26
P1,b61524e0365b52c2,400,2891014238,nw_dual_val_039,2.947401768874848,1.320597424682753,0.0,0.0,1.623549756340514,0.003254587851581482,2.3238520125343345,0.0,0.0,210,0,0,266,0,sobol,"[516.4316007681191, 5.015293825417757, -3.13078111410141, 316.4365463051945, -1.9370288997888565, -1.9215364940464497]",111.57
P1,9c4444863fc727c8,400,1353127647,nw_dual_val_041,1.4275469696838372,0.4829382014014084,0.0,0.21800544611456033,0.7266033221678685,0.0,1.6285860242833126,0.0,0.0,210,0,0,266,0,sobol,"[301.6617975756526, 0.7481960467994213, -4.758158963173628, 248.73881016857922, 4.088884446769953, -5.08991327136755]",111.81
P1,dc77d13ffd9d91d7,400,1706650176,nw_dual_val_039,0.94038042555597,0.0,0.0,0.0,0.94038042555597,0.0,1.0,0.0,0.009523809523809525,210,0,0,429,0,slsqp,"[320.7791374620877, -1.2616221004043304, -2.3248051012307736, 315.3506339038901, 1.0328271548142491, -2.0943915608039307, 304.04776426744775, 1.0778670150667682, -2.279294526449654, 324.7928368106158, 0.8225827611062496, -1.9917854141228024, 305.3373209111315, 0.05636047974844258, -1.1737196619905939, 347.72754932122905, -0.16130735997887216, -0.9357710203196892, 354.46807672129114, 0.5956352195148632, -1.0955964486742724, 279.6032359410602, 0.21456527852137008, -0.10291020522154698]",113.99
P1,4b7a903a529f72a2,400,2210107067,nw_dual_val_039,0.6262349014730253,0.0,0.0,0.0,0.6262349014730253,0.0,0.8,0.0,0.009523809523809525,210,0,0,429,0,slsqp,"[320.78613437071925, 0.029559622928525077, -2.6549853444841593, 315.3539630048775, 0.7858000291636442, -2.4316646095962113, 304.05159957846763, 0.8549050960261946, -2.5615225938770614, 324.7965931984898, 0.5927995954583816, -2.2580547671485656, 305.34088904384953, -0.30327465953804994, -1.4376377369386033, 347.73088885129505, -0.16130735997887216, -1.1773920178933004, 354.47145631516844, -1.1400638554205205, -0.632250028088682, 279.60634948419835, -0.3467147110740251, 0.14340188375630492]",114.09
P1,5953f23375dc8af3,400,1375851104,nw_dual_val_030,47.71753972453654,45.78983564586893,0.91107471387626,0.0,1.0166293647913478,0.0,11.91107471387626,0.0,0.0,210,0,0,369,0,slsqp,"[30.000000000003478, 0.02973205813386332, -0.015773720974297276, 30.0, 0.0005555711380806727, -0.00016733919536406834]",115.71
P1,5213224e4b322e81,400,3000116299,nw_dual_val_025,16.01955136777495,13.954236853942712,0.7142960528002759,0.02170743692238597,1.3293110241095794,0.0,11.73600348972266,0.0,0.0,210,0,0,313,0,slsqp,"[30.00000000000001, -0.011701045159128363, -0.011701045247318447, 30.0, -0.004578971450377542, -0.004578971450377097]",116.69
P1,a412444d9b688d39,400,1598808286,nw_dual_val_015,124.43108136122113,123.39711385523955,0.0,0.0,0.9689429617161022,0.06502454426548004,11.06502454426548,0.0,0.0,210,0,0,429,0,slsqp,"[30.000000000000078, 1.2076933036700927e-06, -0.0052745159187532606, 30.0, -3.305683869267565e-06, -1.3222735477073844e-05]",117.24
P1,03a7bddb65276d90,400,506833903,nw_dual_val_023,193.29945375888585,192.02431668996994,0.0,0.2612387857142962,0.8217195604258102,0.19217872277580805,11.40862681853027,0.0,0.0,210,0,0,266,0,sobol,"[147.62750029563904, 2.428234577178955, -2.9901933409273624, 84.31133908219635, 2.2321325205266476, -2.677110504359007]",119.18
P1,ac88892d36246b1e,400,2711431251,nw_dual_val_027,0.6829147338853458,0.0,0.0,0.0,0.6829147338853458,0.0,1.0,0.0,0.004761904761904762,210,0,0,430,0,slsqp,"[290.2321152902061, -1.003072783240103, -1.055452135156393, 285.3292943118676, -1.4700059001796477, 0.43465264056905323, 274.55503269715706, -1.4755747446443164, -1.2569734308318739, 293.87563715218937, -1.4155423800334748, -3.282085972448333, 275.7982566712806, -0.20009563356778862, -2.6939492102477987, 314.09142027142303, -0.22205601063513172, -2.123734195259443, 320.1516356103921, -1.6628733338212063, -2.4994094405158616, 242.69249702308178, -1.309080328634098, -0.18896521102117597]",120.17
P1,d22da36bc21b5bbf,400,2703532311,nw_dual_val_037,63.922748642059815,63.195299452158125,0.0,0.0,0.7274491899016884,0.0,11.0,0.0,0.0,210,0,0,430,0,sobol,"[31.530852494761348, -1.4765466637909412, -2.8296082578599453, 74.71849596127868, 4.778390597552061, 3.3583917282521725]",121.13
P1,28874b4934a7c7b8,400,1674322556,nw_dual_val_025,0.9485785459032564,0.0,0.0,0.0,0.9147291619009763,0.033849384002280054,1.0,0.0,0.02857142857142857,210,0,0,429,0,slsqp,"[303.4986643481846, 0.13773458962429674, -1.4060825473989518, 298.38627799898524, 0.29466731524419815, -1.1594285265881756, 287.6785820859874, 0.2834941611959976, -1.3455354444964291, 307.30825349706237, 0.30290579311768046, -1.3529884023937826, 288.90921137223893, 0.30074648136860554, -1.3345348230923353, 329.02590619983425, 0.24893818844475976, -1.3311839642208432, 335.3756965178254, 0.15886977967336358, -1.3000017685074001, 220.97353428629526, -0.006412118085558616, -0.005041089098919422]",121.65
P1,1b12d50eabb2ef5d,400,2307332483,nw_dual_val_037,63.876485208588555,63.195299452158125,0.0,0.0,0.6811857564304332,0.0,11.0,0.0,0.0,210,0,0,301,0,slsqp,"[30.000000000001496, -0.0058593186116916935, -0.005859319498018736, 30.0, 0.0, 0.0]",122.85
P1,23e51d296a356c2d,400,1094484442,nw_dual_val_027,69.6828199879317,68.89053783758399,0.0,0.0,0.6808136941236709,0.11146845622402803,11.094927758768502,0.0,0.0,210,0,0,422,0,sobol,"[57.30897881090641, 1.236785989254713, 2.59343770891428, 52.4626508820802, -3.8276032023131847, 3.796759106218815]",123.16
P1,a57c1b35fe921d80,400,84159084,nw_dual_val_037,0.918089616562193,0.11561648918818702,0.027598534154183934,0.0,0.7360928265520628,0.03878176666775929,0.9819967900101303,0.0,0.0,210,0,0,430,0,slsqp,"[290.36018950028733, -0.25461269236585415, 2.990218347011073, 269.0804813370388, -0.6986867174729, 2.5204006293920207, 250.92681849706454, -0.8483697468949327, 2.4784783555911223, 270.65766635009066, -0.7988007670146888, 2.30362733495403, 277.4872342636236, -0.7611163137190337, 2.0795872027129407, 302.3781797682876, -0.43692651149795025, 1.8068528214340203, 275.09963275639944, -0.22497690443785814, 1.5981019314965554, 240.95576030292816, -0.009226046326896931, 0.011114723434395544]",123.72
P1,47fe1aff5dca5f13,400,977628201,nw_dual_val_030,47.85895457478503,45.78983564586893,0.91107471387626,0.0,1.1580442150398405,0.0,11.91107471387626,0.0,0.0,210,0,0,356,0,sobol,"[112.9460224416107, 5.866106361150742, 2.106669533997774, 69.70433115027845, 1.6525151655077934, 2.9310385063290596]",124.41
P1,f36b350932da86a3,400,2995081389,nw_dual_val_041,1.2124596407292572,0.4315223789788104,0.0,0.0,0.7809372617504466,0.0,1.1905494798196272,0.0,0.0,210,0,0,383,0,sobol,"[531.9216894172132, 4.930773016065359, -1.9459811970591545, 345.4581536538899, 5.698031052947044, -1.122169565409422]",127.47
P1,dfaa29cd466b4d4e,400,684569265,nw_dual_val_037,1.0745742826550473,0.018678065550935062,0.0,0.0,0.9966528733764133,0.05924334372769883,1.0,0.0,0.009523809523809525,210,0,0,430,0,slsqp,"[290.28501565422334, -4.502162069291665, 1.3094267633386112, 269.005350341662, -2.3230759397908765, 3.0697042988466356, 250.8522180885341, -1.0150051171940477, 3.0780855654762833, 270.58299355394837, -0.15022892424046017, 2.971527138312763, 277.4110399783148, -0.11489282168049249, 2.6894254586429738, 302.3012727802865, 0.4566992637841858, 2.2478503759169643, 275.0237084425492, 0.13378910502750968, 1.6889781273871614, 240.88271209530586, -0.011650495093041398, 0.014102523977861943]",130.95
P1,e48910469e51ea48,400,4212386308,nw_dual_val_025,0.669726843492535,0.0,0.0,0.0,0.669726843492535,0.0,0.8,0.0,0.014285714285714285,210,0,0,430,0,slsqp,"[303.50504545307354, -0.012050051461682554, -1.7498304336687318, 298.392353818107, 0.4283995579310781, -1.4624615845591802, 287.684835048418, 0.4541112369006721, -1.6196493610868152, 307.31458958242297, 0.510167371424515, -1.6225820562513042, 288.9158936799639, 0.580612081287127, -1.5605757301305274, 329.03281910824546, 0.6035430150792163, -1.5149357204584781, 335.3825646895978, 0.47824778897440207, -1.395287945063038, 220.97992354481983, -0.0036924218368408917, -0.005264812545841313]",132.41
P1,4b26fd5a99aaee54,400,3142832354,nw_dual_val_027,69.74239338763553,68.89053783758399,0.0,0.0,0.7004408112471514,0.1514147388043939,11.128289770819823,0.0,0.0,210,0,0,266,0,sobol,"[157.52400828525424, -0.042232777923345566, -0.9468373171985149, 33.77079835161567, 0.13960057497024536, 0.22827932238578796]",133.95
P1,422f1badd9a4af49,400,4208776114,nw_dual_val_041,0.8164673928215396,0.0,0.0,0.0,0.7798220092077953,0.03664538361374428,0.8366453836137443,0.0,0.01904761904761905,210,0,0,430,0,slsqp,"[246.26447226399267, -1.1359138232576642, -1.8931828917588234, 242.11441692231816, 0.27499772992863514, -0.8260813107926928, 233.42819775287103, 0.513107172748109, -0.7153115940229722, 249.35256714223226, 0.4662630911289294, -0.7205691656689122, 234.42723278394533, 0.4200817402874269, -0.48619629283784566, 266.9761221062499, 0.42321128749020287, -0.6772381768349114, 272.13344252601684, 0.39663949160327583, -0.6506800100767319, 178.02968935488855, 0.01529872972600759, -0.005871972987418387]",136.57
P1,7ea127f5c6c9acbb,400,2685430226,nw_dual_val_027,0.6287888595336133,0.0,0.0,0.0,0.6287888595336133,0.0,0.8,0.0,0.009523809523809525,210,0,0,429,0,slsqp,"[289.96711578220857, 0.468030614757717, -2.5613300621744153, 285.0802180507391, 0.6497505988722216, -2.3440967664420613, 274.8543458091511, 0.6284232884373153, -2.4540490919072107, 293.61233760023663, 0.38326471231419823, -2.41061198518634, 276.0374231104697, -0.19442612791495106, -1.6623011143032227, 314.370918148979, -0.21640797162623443, -1.2530800839304999, 320.4411789178267, -1.452682718191158, -1.593727151053148, 242.90778673703213, -0.11049446521325705, 0.01241984137200412]",137.0
P1,b64a9ed46ce26f0e,400,1099606608,nw_dual_val_025,16.018903824355657,13.954236853942712,0.7142960528002759,0.02170743692238597,1.328663480690285,0.0,11.73600348972266,0.0,0.0,210,0,0,388,0,sobol,"[162.23463881760836, 3.2170183919370174, -0.7162078656256199, 159.06347759999335, 2.9583955965936184, -2.4588985964655876]",140.09
P1,c7d69bcffd861897,400,3577223201,nw_dual_val_030,47.87717845830349,45.78983564586893,0.91107471387626,0.0,1.176268098558297,0.0,11.91107471387626,0.0,0.0,210,0,0,330,0,sobol,"[153.24911853298545, 4.351117640733719, 3.889355644583702, 214.94602734223008, 2.0227728076279163, 3.2169168926775455]",142.65
P1,9951a0ad3b6524d8,400,2441086525,nw_dual_val_027,69.9601243044429,68.89053783758399,0.0,0.0,0.8010521922554735,0.2685342746034361,11.210049676310993,0.0,0.0,210,0,0,310,0,sobol,"[107.77843290008605, -4.487245313823223, -3.011504217982292, 93.14293032512069, -2.3753750547766685, -3.8019731752574444]",148.4
P1,63084358a2538a0d,400,3135628110,nw_dual_val_027,69.83727214573477,68.89053783758399,0.0,0.0,0.7347143264705438,0.21201998168024686,11.199036928245581,0.0,0.0,210,0,0,266,0,sobol,"[36.57631644979119, 0.18064025044441223, -2.022370610386133, 83.58556522987783, 2.4198427386581898, 0.20090778172016144]",148.45
P1,f12b8f0ae501d39f,400,3421884377,nw_dual_val_030,1.3378959527524337,0.1159620981219056,0.0,0.07663657724232327,0.9415602275447892,0.2037370498434156,1.3963357252076445,0.0,0.0,210,0,0,430,0,sobol,"[401.2541975732893, -5.184841588139534, -4.697954177856445, 50.88499671779573, -4.1921771094202995, 4.858325500041246, 521.4303076453507, -4.481634713709354, -5.543115120381117, 70.84784081205726, -1.272415179759264, 2.5951092280447483, 329.97915188781917, -1.6506815738976002, -1.7371483258903027, 442.1410534903407, -2.8932070545852184, 1.8637897856533527, 467.8760171402246, 3.5790921226143837, -5.443901281803846, 528.0606544017792, 3.3837145417928696, 2.209357336163521]",151.4
P1,5c4d346342c9ba06,400,2986809563,nw_retrain_0270_approximately_parallel_easy_seed20277435,8.59869729062545,6.368027913599977,0.0,0.0,2.2306693770254733,0.0,7.368027913599977,0.0,0.0,210,0,0,429,0,sobol,"[223.30213606280083, -0.9349489733576775, -17.85498885065317, 120.85209507448762, 3.362619861960411, -7.311819523572922]",47.04
P1,dea4bf503507218b,400,4045278315,nw_retrain_0270_approximately_parallel_easy_seed20277435,8.581678429583194,6.489387477614529,0.0,0.0,2.036087291425026,0.05620366054363938,7.462446566696303,0.0,0.0,210,0,0,385,0,sobol,"[131.05920267628971, -1.5244251899421215, -15.719351336359978, 63.4832993230346, -4.071445103734732, -5.595466196537018]",47.2
P1,a921497d6c1e7d25,400,603414929,nw_retrain_0187_vertically_overlapping_easy_seed20269170,0.4593555235602347,0.0,0.0,0.0,0.4593555235602347,0.0,0.8,0.0,0.004761904761904762,210,0,0,429,0,slsqp,"[118.44784789412562, 0.380573421577203, 1.566060175491571, 134.16760770401322, 1.1086247331157992, 0.6096644713896036, 161.9712117348474, 2.729569324087226, -0.02169848108968353, 171.93345438437308, 1.0971079902481116, -0.06907269984831463, 148.47049686598552, 0.9815955021200724, 0.10321890536976275, 284.94052377608307, 2.688942579788736, 1.717772792224092, 147.6374560472092, 0.1985311189532603, 1.4646963776187292, 251.2398526427944, -0.08455785362373108, 0.12436730043166624]",63.62
P1,cd54c0fdae3ea56f,400,4178942752,nw_dual_val_048,0.5500799017482054,0.0,0.0,0.0,0.5500799017482054,0.0,0.6,0.0,0.009523809523809525,210,0,0,429,0,slsqp,"[311.62653460904704, -0.09197374667013841, 1.497133978831013, 288.12729211347454, -0.0821330344275314, 1.4635985427834015, 330.50992372797697, -0.08101128465766737, 1.3303657959644337, 258.2471315011619, -0.08016620736810676, 1.3878535065258102, 254.77344141133446, -0.09290241509642107, 1.3256151483797052, 309.4269098040635, -0.08109507556321933, 1.3147907359268725, 279.76628136433374, -0.09259816359203833, 1.4608718132078424, 276.7446630032454, -0.09009263146585175, 0.10562508557090383]",116.05
P1,9b6b782314c7e6e1,400,3518798212,nw_retrain_0187_vertically_overlapping_easy_seed20269170,1.190123411811442,0.0,0.36074648038157753,0.0,0.8293769314298647,0.0,1.3607464803815774,0.0,0.0,210,0,0,430,0,slsqp,"[118.42509500295027, 0.03921259501541974, 1.6989059357615384, 134.1450762319408, 1.2392811717118548, 0.7713111257492469, 161.96621734854025, 2.852748614542412, 0.6722891021062549, 171.9102879212575, 1.2586636212091704, 0.6205663241215841, 148.44669898157804, 1.1643065658713712, 0.6843609209588201, 284.9422495869356, 2.9638859896110725, 2.4955329775424913, 147.6225675843352, 0.9914403046175554, 0.744367887537033, 251.22064929399687, 0.025887550198786292, -0.008178993610000048]",85.42
P1,0df47b21fd3c52a8,400,2227675494,nw_retrain_0436_none_easy_seed20293834,1.384302076051347,0.0,0.0,0.0,1.384302076051347,0.0,1.0,0.004761904761904762,0.004761904761904762,210,1,1,430,0,slsqp,"[276.3058190189388, 0.8665797867625303, -4.756694392597888, 526.8709115886243, -0.029795710386950038, -0.9195392246499848, 500.8230782615301, -4.832462806166521, 1.4985167262136967, 260.117479976921, 2.9197991186686, -1.3543203357428684, 599.0079010860287, 0.8676350860882442, -0.20830234450785082, 228.74669688671278, 0.11742939751125744, 5.1505352342305875, 291.99971602837076, -1.6408120546084841, 1.5778938398700766, 234.68263693639713, -0.07237716694258546, -2.9737125898046317]",87.45
P1,969c1d122cab45ae,400,717368420,nw_dual_val_048,0.961997636513918,0.0,0.0,0.0,0.9183370559068601,0.04366058060705796,1.0,0.0,0.009523809523809525,210,0,0,430,0,slsqp,"[311.83388679136243, -2.7938044934115713, 1.6299362857032123, 288.334684291403, 0.1416943112095869, 2.473440495613631, 330.7166435126123, 0.41181341946993344, 2.4322148585988956, 258.45384679627324, 0.36383188582499737, 2.115758125961883, 254.97963176632993, 0.2775341701740548, 1.9098831741817333, 309.63315145340283, 0.2133479632524335, 1.7957578486048749, 279.9725996631528, 0.03254156924003444, 1.6663992004914723, 276.9503563834681, -0.01781969803808574, 0.02587910886278704]",129.04
P1,5f04ca1611a2d5f5,400,730477977,nw_dual_val_048,0.7536128626022072,0.0,0.0,0.0,0.7305479677819566,0.023064894820250592,1.0072467562413094,0.0,0.01904761904761905,210,0,0,430,0,slsqp,"[311.62564227794195, 0.5587378145253044, 1.6733752034722378, 288.12638305235623, -0.40753237458304536, 1.6062930337525003, 330.508947386324, -0.21763622224424856, 1.469639563340299, 258.2461710578678, 0.019886968958721267, 1.4458059857413716, 254.77252750298308, 0.1057710579375161, 1.3670240164507688, 309.4260661277719, 0.18883441825858668, 1.334912509789056, 279.7654172938195, 0.1556462237464493, 1.4364879947816283, 276.74393327958927, -0.01791303603275612, 0.027153848499758795]",133.95
P1,0eb786fcfd8a7118,400,2579369322,nw_dual_val_048,0.7089982996867319,0.0,0.0,0.0,0.671245828150002,0.03775247153672987,1.0,0.0,0.02857142857142857,210,0,0,429,0,slsqp,"[311.6265319238663, 0.29626877880878466, 1.3770901062316692, 288.12735505251936, 0.3059133257583491, 1.3309037604701224, 330.51006985568887, 0.3068472008315845, 1.175914177060779, 258.24723858914757, 0.28421754094485974, 1.2406599861324477, 254.77361852179035, 0.19925044069959563, 1.1931979362047322, 309.42681997415195, 0.14787678725949333, 1.1726657643674736, 279.7658380781583, 0.12247751549662847, 1.3445120046811476, 276.7446627352776, -0.01336962413302166, 0.017340904169140248]",134.17
P1,4e5f6975fc83636f,400,2058704268,nw_retrain_0436_none_easy_seed20293834,89.57718952905854,85.65665623589253,0.0,1.4343797945873582,2.486153498578654,0.0,12.434379794587358,0.0,0.0,210,0,0,330,0,sobol,"[51.736325815022084, 5.483648490160704, -0.6374591924250126, 95.16205543866616, 4.226809233427048, 4.4662448689341545]",89.25
P1,fc900fe2cc2add7b,400,2377930699,nw_dual_val_049,53.3514387595004,52.085480710114204,0.0,0.07310654090967923,1.1928515084765179,0.0,11.073106540909679,0.0,0.0,210,0,0,285,0,slsqp,"[280.7038361199675, 0.2653279885694298, 1.8685266392707165, 212.5109109688722, -0.010064089278860468, 0.01525655079536894]",126.92
P1,f54ef001f06eb139,400,1262189797,nw_retrain_0436_none_easy_seed20293834,89.58152962242906,85.65665623589253,0.0,1.4343797945873582,2.4682644932498943,0.022229098699291083,12.434379794587358,0.0,0.0,210,0,0,300,0,sobol,"[217.5695967141405, 3.2196230180561543, -4.549482062458992, 182.6566734952985, -4.676977448165417, -2.582232154905796]",92.49
P1,c6abca57f596a9ec,400,3615347312,nw_retrain_0436_none_easy_seed20293834,1.1839703004765114,0.037632481421487306,0.0,0.0,1.1463378190550242,0.0,1.0376324814214872,0.0,0.009523809523809525,210,0,0,430,0,slsqp,"[276.2606752595162, 0.9603503619097484, -3.898280470752082, 526.8494075380146, 1.41049566106264, -1.0277418719885951, 500.90265601970265, -4.822939435896696, -0.900769668920826, 260.02684892429005, 1.129162493566605, -2.7440088240285894, 599.0036090890171, 2.5976917856451656, -0.15430645645141422, 228.73636135107688, 0.6038019128555521, 4.551937573695057, 291.9997147292468, -2.4017940525741004, 0.8396757113815274, 234.6775279241697, -1.093516017746841, -2.479186272785152]",99.47
P1,30abd764dd169d82,400,1947461962,nw_retrain_0436_none_easy_seed20293834,89.54554168799751,85.65665623589253,0.0,1.4343797945873582,2.429298133399927,0.025207524117701986,12.434379794587358,0.0,0.0,210,0,0,329,0,sobol,"[150.08499354336675, 2.598349627107382, -9.270445425063372, 101.60913666670024, 3.698483470827341, -3.9930496886372566]",97.22
P1,d74bf6be74af3731,400,4248687177,nw_dual_val_050,125.62132193037534,124.59747265948712,0.0,0.0,0.9840298262781081,0.03981944461012,11.03981944461012,0.0,0.0,210,0,0,429,0,slsqp,"[30.0, -0.0048870438424140055, 0.0, 30.0, 0.0, 0.0]",121.42
P1,7aa5e84a51bde11f,400,2124908919,nw_retrain_0436_none_easy_seed20293834,89.57072397321274,85.65665623589253,0.0,1.4343797945873582,2.4796879427328453,0.0,12.434379794587358,0.0,0.0,210,0,0,293,0,slsqp,"[30.0, 0.0, 0.0, 30.0, 0.0, 0.0]",102.5
P1,a17576fca19aa0ea,400,851193054,nw_retrain_0472_vertically_overlapping_moderate_seed20297231,49.70655845304568,47.480435265547705,0.0,0.0,2.2261231874979726,0.0,11.0,0.0,0.0,210,0,0,266,0,sobol,"[551.0411695185358, 2.236132934689522, -3.393319755792618, 408.7949951132144, -4.367191269993782, -0.6332480907440186]",98.09
P1,9ea057aca98fea22,400,604299585,nw_dual_val_049,53.22246648176905,52.085480710114204,0.0,0.07310654090967923,1.0638792307451646,0.0,11.073106540909679,0.0,0.0,210,0,0,277,0,sobol,"[163.36492490954697, 1.5858157575130463, 5.042699530720711, 132.8382847364992, 3.9366860277950764, 4.2535801492631435]",143.1
P1,919ddf7684eea617,400,2309331070,nw_dual_val_050,0.9233968450709169,0.12339684507091682,0.0,0.0,0.8,0.0,0.9233968450709169,0.0,0.004761904761904762,210,0,0,430,0,slsqp,"[242.33473975931213, -0.3106172141991685, -5.352217680364627, 307.792693108111, 0.038674241938723826, -5.344691138406173, 274.57194469649556, -0.18524436371180614, -4.320717617360749, 289.4116927132138, -0.3802855677021206, -2.931217840791628, 262.6229785457885, -0.524073741920934, -1.775605322760544, 282.66691068398165, -0.17599838109672963, -0.8720898013639222, 307.6156495164533, 0.4712828189770136, -1.7907252632290305, 337.39265186598936, 0.3082503771773626, -0.07886004612067254]",131.3
P1,0a871cc314eb02dd,400,221785681,nw_retrain_0472_vertically_overlapping_moderate_seed20297231,49.64092730753617,47.480435265547705,0.0,0.0,2.1107459641149844,0.049746077873481294,11.0,0.0,0.0,210,0,0,264,0,sobol,"[59.140044668174646, 3.642958838492632, -5.9958455711603165, 418.37952477423323, 5.259107138961554, -1.3539188615977764]",95.53
P1,c0d90ad00bf0dd85,400,4156411660,nw_dual_val_049,53.41015892030033,52.085480710114204,0.0,0.07310654090967923,1.2515716692764487,0.0,11.073106540909679,0.0,0.0,210,0,0,311,0,slsqp,"[30.000000000000114, -0.005859374836644005, 0.0, 30.0, 0.0, 0.0]",145.68
P1,5637d39c6320b761,400,313313987,nw_dual_val_049,0.8977237893482606,0.0,0.0,0.0,0.8977237893482606,0.0,1.0,0.0,0.004761904761904762,210,0,0,430,0,slsqp,"[254.05182542509598, -0.3001196927701027, 3.756219957446744, 249.76529036664053, 2.150730776635538, 2.605858226333115, 240.79341016408623, 1.4306905686423896, 2.4828113928161604, 257.2463722923024, 0.2743553508976885, 1.1720310811222878, 241.85201341771446, -0.4531566881364391, 0.5667937541568887, 275.4903716233165, -0.05486394487687384, 1.8070165255655581, 280.7036905670446, -0.09268678969272372, 1.8534992454320927, 212.51076591679004, -0.010072548858200029, 0.014305154663676716]",148.72
P1,2a51700d7fb2b860,400,2114272621,nw_dual_val_050,0.8851462937053539,0.06275443918142916,0.0,0.0,0.7889380636984248,0.033453790825499964,0.8962082300069292,0.0,0.004761904761904762,210,0,0,430,0,slsqp,"[241.67836609290632, 0.12057272007811214, -2.4828537514170343, 307.13626782227675, 0.12236094082277038, -2.3953791921030603, 273.9177822956889, 0.13417519456806973, -2.350309040565839, 288.757402424301, 0.12721642337088132, -2.4219119940654656, 261.96739860444427, 0.11998962470570215, -2.5206975319033167, 282.0094827804136, 0.13692959680136269, -2.538858375390389, 306.9393844384875, 0.13788709866293222, -2.6500637188362464, 336.70371926881086, -0.008191083670750368, -0.005363560711731706]",141.89
P1,d68c5eb186c765f6,400,1977430955,nw_dual_val_049,1.0608489834709514,0.08598089675087149,0.0,0.0,0.9748680867200799,0.0,1.0859808967508715,0.0,0.0,210,0,0,430,0,slsqp,"[254.18307837508817, 0.07350061939483568, 4.203017288852813, 249.89191401671445, 1.3207069961964337, 3.745994558431252, 240.92560701993827, 0.9363511346501436, 3.2890411558141714, 257.3802844770534, -0.39426104611293217, 1.7615214449000753, 241.9859631336167, -0.5594854468395609, 0.7215039337800576, 275.62485276236333, -0.0547183966058374, 1.6577959930710362, 280.8388883220693, -0.0961408867679278, 1.7082263822827142, 212.6465699358353, -0.17021911228609324, 0.08770331126038357]",157.68
P1,d1bccd35e7e96adb,400,4137039990,nw_retrain_0472_vertically_overlapping_moderate_seed20297231,49.70230150302321,47.480435265547705,0.0,0.0,2.079009094618363,0.142857142857141,11.0,0.0,0.0,210,0,0,429,0,sobol,"[139.83237583975608, -2.632448270916939, 11.595576781779528, 110.74332460270489, -5.518342427909374, 7.338510453701019]",107.96
P1,e1b65b486f9b3b92,400,369652505,nw_retrain_0453_converging_hard_seed20295238,80.85524748832987,75.3971609760321,0.0,1.7701943115905039,2.0212605542010094,1.6666316465062658,14.43682595809677,0.0,0.0,210,0,0,380,0,slsqp,"[30.0, -0.005859590793854018, -0.017578772381562052, 30.0, 0.0, 0.0]",116.04
P1,045bfbdb37076634,400,967120668,nw_retrain_0516_none_easy_seed22079712,3916.976458570926,3911.565503759586,0.0,1.231507627414379,2.703035059809556,1.476412124115339,13.392313771510596,0.0,0.0,210,0,0,429,0,sobol,"[99.91608550931247, -2.5606107339262962, 8.908884923905134, 138.4543915679692, -3.8427981175482273, -0.3209965154528618]",102.82
P1,2aae226891eb9ab6,400,2385709575,nw_dual_val_049,53.25512736267479,52.085480710114204,0.0,0.07310654090967923,1.0965401116509084,0.0,11.073106540909679,0.0,0.0,210,0,0,429,0,slsqp,"[30.00000000000012, 9.908384263093079e-11, -0.005669506705221062, 30.0, -2.941348667925125e-10, -1.1765394671700508e-09]",154.81
P1,aeb957c09444dd7f,400,3723872533,nw_retrain_0516_none_easy_seed22079712,3917.1200209081976,3912.0073668121927,0.0,1.231507627414379,2.6867612827571454,1.1943851858333896,13.425892813247769,0.0,0.0,210,0,0,429,0,slsqp,"[30.000000000000018, -0.004338211558510792, 0.0, 30.0, 0.0, 0.0]",106.14
P1,470bc502b3b7bb74,400,2762849996,nw_retrain_0010_crossing_moderate_seed20251824,1.035911251306465,0.0,0.0,0.0,0.6,0.43591125130646496,1.035911251306465,0.0,0.004761904761904762,210,0,0,430,0,slsqp,"[369.8324680258578, -0.03264440232693204, 3.749580740329016, 711.0997537122828, -0.1727639663033564, 1.875075854106208, 352.3569705123837, -0.36506453473935724, 3.4629373317663967, 391.4210445882453, -0.37694255327545395, 3.310826349713451, 315.67223128984796, -0.42423874938776074, 2.7770881266330565, 439.53100813352427, -0.4277522998125898, 3.652820406777492, 295.1264472012493, -0.09610880507373125, 2.982119684908546, 369.07452883179303, 0.11111099735335539, 0.9444953123214443]",140.17
P1,d7b6157c98f05b8f,400,1266837758,nw_retrain_0453_converging_hard_seed20295238,80.78939628778991,75.3971609760321,0.0,1.7701943115905039,2.0804213733812436,1.5416196267860665,14.31181393837657,0.0,0.0,210,0,0,349,0,slsqp,"[30.000000000000988, -0.014720805221787325, 0.033950268149621085, 30.0, -0.002085809594090649, 0.00360200614170596]",122.65
P1,e9f8aa0d1c706fa9,400,772942477,nw_retrain_0175_vertically_overlapping_easy_seed20267994,255.2170397623405,253.1978420493314,0.0,0.0,1.9970077524593681,0.022189960549711146,11.002849229485058,0.0,0.0,210,0,0,430,0,sobol,"[437.06007410772145, 4.792842127382755, -1.5176513269543648, 536.9194802641869, 4.300231363624334, -3.5278853438794613]",147.25
P1,8f26449901401093,400,75456367,nw_retrain_0175_vertically_overlapping_easy_seed20267994,255.21291817771794,253.1978420493314,0.0,0.0,2.002038746515592,0.013037381870966933,11.0,0.0,0.0,210,0,0,360,0,sobol,"[301.90351974219084, 3.643047720193863, -6.139955967664719, 347.49132838100195, 4.178462650626898, -1.5869493149220943]",147.88
P1,8a38341d77279f72,400,3222762870,nw_retrain_0010_crossing_moderate_seed20251824,1.516256902041086,0.0,0.0,0.0,1.4724416522326427,0.04381524980844337,1.0438152498084434,0.0,0.009523809523809525,210,0,0,430,0,slsqp,"[369.80460962233934, -0.09385318657167933, 3.569602397898722, 713.098749898665, 0.27677471155848776, 1.2680029366868717, 352.24307360884205, 0.16314944297127898, 1.88184960876664, 391.34087428764667, 0.14246149574180814, 1.2979979781179791, 315.63436481604185, 0.1403951924615337, 0.6585572279504551, 439.4235426790216, 0.08607594625461282, 1.6451926605509317, 295.0972203894124, 0.007531546103147378, 1.1592029250152442, 369.07452883179303, 0.11111099735335539, 0.19028966551519158]",151.08
P1,487ae23158f46824,400,3082714485,nw_dual_val_050,125.78841223327495,124.59747265948712,0.0,0.0,1.0786277855581836,0.11231178822964949,11.055491403667006,0.0,0.0,210,0,0,295,0,sobol,"[220.01609637401998, -4.136431250721216, 3.5098411180078983, 66.1515640374273, -1.566739920526743, 4.642090816050768]",161.3
P1,1869f6ad2db72370,400,912790608,nw_dual_val_050,125.80193825425198,124.59747265948712,0.0,0.0,1.1400711324630797,0.0643944623017766,11.037839309847405,0.0,0.0,210,0,0,363,0,sobol,"[54.255194161087275, -3.7722700349986553, 4.738908212631941, 103.64470568485558, -2.8295590840280056, 3.282916322350502]",154.69
P1,a667c88f73f63d23,400,259763615,nw_dual_val_050,125.62592949604303,124.59747265948712,0.0,0.0,1.0032933958568333,0.02516344069907005,11.02516344069907,0.0,0.0,210,0,0,266,0,slsqp,"[30.000000000000043, -0.00585931867158878, -0.00585931867158878, 30.0, 0.0, 0.0]",158.01
P1,8324c43b624272a0,400,3584410336,nw_retrain_0224_crossing_easy_seed20273058,7087.471095890838,7078.192801302993,0.0,1.6013164218296059,1.972993072579193,5.703985093437436,18.305301515267043,0.0,0.0,210,0,0,349,0,slsqp,"[30.0000000000007, -0.018493692049151432, 0.05201226752161022, 30.0, 0.00038025652337865176, 0.0015089984881461003]",167.73
P1,bf4525ee269338d9,400,1356333426,nw_retrain_0175_vertically_overlapping_easy_seed20267994,255.39299329191962,253.1978420493314,0.0,0.0,2.141234997087353,0.053916245500845,11.053916245500846,0.0,0.0,210,0,0,430,0,slsqp,"[30.0, 0.0, 0.0, 30.0, 0.0, 0.0]",178.81
P1,6bc281417dd5fe6d,400,1927413285,nw_retrain_0455_converging_easy_seed20295434,2.4537471929556904,0.0,0.0,0.0,2.432964917671883,0.020782275283807442,1.0207822752838074,0.0,0.009523809523809525,210,0,0,430,0,sobol,"[90.07534028962255, 0.8082850389182568, 13.450643330812454, 770.5296893697232, -1.2801454849541187, -11.249163553118706, 53.303614631295204, -1.8273295126855373, 3.4470898658037186, 310.0258245319128, -1.5267199091613293, 7.215451307594776, 216.45370045676827, -1.3585917055606842, 13.171311512589455, 545.7376076001674, 0.5490508452057838, -5.6282784305512905, 66.32154014892876, 5.550600986927748, 3.078214645385742, 664.8284249100834, -2.8538622334599495, -4.2334018014371395]",164.28
P1,0f3a6a7825804338,400,3036199683,nw_retrain_0224_crossing_easy_seed20273058,7087.263264096106,7078.192801302993,0.0,1.6013164218296059,1.630852088909419,5.838294282373247,18.439610704202853,0.0,0.0,210,0,0,260,0,slsqp,"[30.0, 0.0, 0.0, 30.0, 0.0, 0.0]",177.52
P1,947cc63e119926bf,400,1670874006,nw_retrain_0455_converging_easy_seed20295434,1.2783907037941702,0.0,0.0,0.0,1.1833096886010046,0.09508101519316549,1.0950810151931656,0.0,0.009523809523809525,210,0,0,430,0,slsqp,"[324.9666075717802, -0.21324383333534264, 0.0808033170712217, 354.30532180524926, -0.06722449596067206, -0.5499239447236708, 442.5045068389716, 0.4801360050096367, -0.2653995782790962, 304.56912190244486, 0.007140292891790986, -0.3155544553951543, 331.26153561697794, -0.22893960603233834, -0.3355316881360567, 354.3204934073229, -0.2528331678117001, -0.27863848475482655, 435.7625392046756, -0.26333403484040746, -0.506204619562951, 563.7186879526254, 0.0061258144161875526, -0.019313728145745526]",167.1
P2,297d5c072bf1bcb9,200,3352085335,nw_dual_val_012,4.1361254202166045,2.316431430712686,0.0,0.0,1.819693989503918,0.0,3.3125511102224827,0.0,0.0,60,0,0,220,0,nsga2,"[532.141380441799, -4.922436879019761, 5.934793943469473, 506.0695517466524, -1.2370845833419013, 0.2317196332309237]",28.93
P2,a7a58d7785f31b18,200,62563205,nw_dual_val_012,5.809916003615875,4.176402952838751,0.0,0.0,1.632533203537216,0.000979847239907296,5.177382800078659,0.0,0.0,60,0,0,220,0,nsga2,"[503.1770053205212, -0.27712253645447527, 5.907651228235413, 573.5711491262964, 0.20410429462984636, 4.815124842585105]",31.19
P2,49b5da94d11d94a3,200,3705060898,nw_dual_val_012,4.7933384185629215,2.648301302070194,0.0,0.0,2.1450371164927278,0.0,3.648301302070194,0.0,0.0,60,0,0,220,0,nsga2,"[515.3378324075819, -5.172227931110356, 5.751629750476356, 456.45353717369886, -4.155056645570776, 4.995495522700805]",31.23
P2,39c9fc455629d1d3,200,3621182205,nw_dual_val_023,1.1901257387602675,0.0,0.0,0.0,1.1901257387602675,0.0,1.0,0.0,0.1,60,0,0,220,0,nsga2,"[137.67385477589153, 2.0718650258523166, 4.14085905122787, 225.36634833477245, -0.368170498937576, 0.4613409499422503, 491.86535927516445, -0.8442836036733709, 0.5379393128680139, 308.2370924134851, -3.830230867036058, 0.3696684724992012, 271.1777356604801, -3.2833256662670016, 0.5237139167198641, 466.8435594060399, -1.8425549936063157, -4.492076748494167, 217.16574733462093, 0.1882373469949793, -0.5755685918436519, 386.4073860278275, 1.2808593314475663, -1.5059731667276959]",31.85
P2,2f7b918a5180c88a,200,1169347348,nw_dual_val_012,3.810990564514915,1.867821255036627,0.0,0.0,1.943169309478288,0.0,2.867821255036627,0.0,0.0,60,0,0,220,0,nsga2,"[562.6007545761752, 1.7116379703197222, 5.866050139305083, 532.5322441229926, -0.008647020322336108, 1.2405245415497963]",32.18
P2,c91d04593c20aa57,200,3825769154,nw_dual_val_013,0.8052611231662585,0.0,0.0,0.0,0.8052611231662585,0.0,1.0,0.0,0.016666666666666666,60,0,0,220,0,slsqp,"[240.9120173672952, 0.48881591397139323, 1.5716463402986378, 236.85917505891922, 0.4621583539817864, 1.3622926796509842, 228.35813661520965, 0.45942191121839326, 1.5484255174689079, 243.93647543002075, 0.49989057198298503, 1.5577587330633953, 229.3370488289738, 0.5105615947864377, 1.5400663232589156, 261.1868950578132, 0.4828469816381416, 1.5354293285005232, 266.228206634359, 0.3299788930321041, 1.066386569713974, 186.68885963042862, 0.0, 0.0]",32.24
P2,231377105cf61891,200,1035676006,nw_dual_val_013,11.626051049777315,9.895358324264317,0.0,0.2616688616234673,1.2294748234623287,0.23954904042720118,11.0,0.0,0.0,60,0,0,220,0,nsga2,"[411.2364939799803, 5.305254736394971, -5.400952787042717, 505.968243567407, 4.98550057814905, -5.334016472290875]",33.47
P2,13d23354750c1b18,200,3188751288,nw_dual_val_023,1.3489147650550404,0.10392575168696128,0.3601365591698404,0.0,0.8,0.08485245419823884,1.0190028546499519,0.0,0.0,60,0,0,220,0,slsqp,"[286.9955081505074, 0.17412727394673905, -0.15173634725594795, 299.65167259465954, 0.1854010659094001, -0.13929592825805703, 305.4180003932498, 0.16599240887703465, -0.1347877601896175, 248.06790928902169, 0.16280755586120052, -0.13034393713858364, 326.5624300021804, 0.18001684913082439, -0.14337801194441746, 300.57550827314935, 0.1940295595605993, -0.139314385130159, 282.01194857496387, 0.17883398389024543, -0.13283043779213025, 250.7249460543446, 0.0, 0.0]",33.7
P2,bcf94e3e57069524,200,298528104,nw_dual_val_023,0.8336876190985685,0.0,0.14891552076063874,0.0,0.6,0.0847720983379297,0.8336876190985685,0.0,0.08333333333333333,60,0,0,220,0,slsqp,"[286.9955081505074, 0.17412727394673905, -0.15173634725594795, 299.65167259465954, 0.1854010659094001, -0.13929592825805703, 305.4180003932498, 0.16599240887703465, -0.1347877601896175, 248.06790928902169, 0.16280755586120052, -0.13034393713858364, 326.5624300021804, 0.18001684913082439, -0.14337801194441746, 300.57550827314935, 0.1940295595605993, -0.139314385130159, 282.01194857496387, 0.17883398389024543, -0.13283043779213025, 250.7249460543446, 0.0, 0.0]",34.74
P2,9c6ba0bf2d30dd8e,200,3949316168,nw_dual_val_023,193.32598102728,192.02431668996994,0.0,0.2612387857142962,0.9488379131724338,0.09158763842333127,11.352826424137627,0.0,0.0,60,0,0,220,0,slsqp,"[30.0, 0.0, 0.0, 30.0, 0.0, 0.0]",35.27
P2,8cbdfe80b49691fc,200,2220116604,nw_dual_val_012,2.416338237610751,0.7859404686935123,0.0,0.0,1.630397768917239,0.0,1.7154539260481554,0.0,0.0,60,0,0,220,0,nsga2,"[430.6229174632058, -3.087489824139599, 5.01892807376807, 356.38526130238176, -3.1191850986441425, 1.3194941617447178, 155.5248969719235, 1.7221773073730375, 2.431546041149305, 35.68060988857964, 2.869364626213617, 5.115052448256797, 577.8024906347886, -2.8090343931017117, 2.0923741533826243, 72.78508029031497, 5.101637602593735, 5.282165586321431, 526.6791580680189, 0.44207341760786323, 5.70950569585035, 250.09675698053175, -3.0335184347909587, 3.943379941282922]",35.63
P2,968e52e85b503433,200,505458972,nw_dual_val_013,1.1920249089201373,0.028895417312699328,0.0,0.0,1.163129491607438,0.0,1.0288954173126994,0.0,0.0,60,0,0,220,0,sobol,"[277.8276241477579, 1.9262922517955303, 5.081936113536358, 36.587233459576964, -0.9514767453074455, -0.75307722017169, 61.1343595571816, 1.5162165351212025, -0.8333633691072464, 227.3559733852744, -4.641290534287691, 4.347057983279228, 291.65667953900993, -3.364136841148138, 0.49571507424116135, 232.12856465019286, -5.041430242359638, 5.950459185987711, 556.4579123072326, -3.5916822217404842, 4.897689588367939, 181.62285058759153, -0.9760185554623604, 1.3014095351099968]",35.77
P2,645287833e274dc6,200,1192095115,nw_dual_val_012,1.2303417666508552,0.0,0.0,0.0,1.2303417666508552,0.0,1.0,0.0,0.016666666666666666,60,0,0,220,0,nsga2,"[440.34602391142613, -4.081359079332336, 2.1239251923009768, 77.18044520110635, -5.108278855739295, -4.559941953975714, 482.6520827142079, 0.9464901649892624, 5.907516878089355, 274.33453512652824, -0.39691407157836306, 2.4227084515540946, 554.0337397973393, -2.6457487436865135, 0.4759311679572631, 506.86418463649113, -2.3074959944457003, 3.2977109500194404, 170.3082795106684, -4.03786515615432, 0.3708539825720738, 246.5577395933983, -1.3963559419033167, -3.309086972317527]",35.94
P2,8ca8c632faefb439,200,1332884107,nw_dual_val_013,1.7339287440519247,0.1904621903493182,0.0,0.0,1.5366271932547837,0.006839360447822666,1.197301550797141,0.0,0.0,60,0,0,220,0,sobol,"[582.8960184473544, -3.7959261797368526, 2.915584556758404, 382.019076095894, 0.9751757383346558, 0.9656868316233158, 56.29531282000244, 5.493340618908405, -2.5120505914092064, 196.6993127670139, -2.24488864839077, -0.6559883058071136, 482.36883097328246, 2.5185088478028774, 5.393105819821358, 64.20061237178743, 5.385334376245737, 1.5407443419098854, 546.4739939197898, 0.8185859955847263, -4.333121661096811, 524.4519183039665, 0.290441170334816, -5.278866659849882]",36.1
P2,86ae0acfb5dacbfa,200,4144288953,nw_dual_val_015,1.279394587444063,0.04557867542262763,0.0,0.1728058445233199,1.0280037900006875,0.03300627749742798,1.2313536088818902,0.0,0.0,60,0,0,220,0,nsga2,"[443.6380590103356, -4.1805236744706695, 4.220774095270351, 451.340922176488, 0.09842356873599933, 2.5890295441874094, 585.248926043448, -2.1318381901691126, 2.2713447776589355, 93.03594792899246, -1.5364506572298042, 5.8263037845932075, 584.9224659866438, -3.596748684119598, 3.8888068127743267, 457.13643447429354, 5.531878691443605, -4.35032632863574, 390.1222434222508, -5.211832282435841, 2.9870916741419133, 286.0772873197443, 2.9441342287632897, 5.468150525384829]",36.17
P2,0104a0697d340c5e,200,4034615375,nw_dual_val_012,1.2552426556367604,0.06206236900563145,0.0,0.0,1.1896463719219155,0.0035339147092134406,1.043183479100707,0.0,0.0,60,0,0,220,0,nsga2,"[508.67330093619967, -3.100171416589305, 2.2466784532278345, 377.1035659929365, -3.697484550338391, 5.394051570184262, 590.9785726080881, -4.7841167404550475, 1.3081807315658238, 358.818455798797, -3.6137753011780127, -1.619289312385341, 220.21940292680273, -3.893664656515697, -5.056084157292828, 457.3329501316303, 5.386388210711546, -1.307272215605903, 508.0163380393946, -0.9021021297244887, 4.681918610632932, 288.2100623239069, 0.559374002176281, 3.997928411745339]",36.5
P2,bcad1e4f4b996373,200,819540262,nw_dual_val_015,124.67459245764029,123.39711385523955,0.0,0.0,1.1777507958014923,0.09972780659925279,11.064281280489851,0.0,0.0,60,0,0,220,0,nsga2,"[112.52983489066668, -1.7404052002853379, 3.955815704870299, 50.4164071288986, -5.515395356905286, 4.8168002931707]",36.57
P2,f21a866ead8514b7,200,1216562193,nw_dual_val_015,0.7565210738098763,0.0,0.0,0.0,0.7565210738098763,0.0,0.8,0.0,0.13333333333333333,60,0,0,220,0,nsga2,"[591.7011743860118, -3.235272338233412, 2.9913307653822474, 408.25007731429537, -3.0533953337586244, 0.26219200679410115, 210.28240413513393, -4.774498445323679, 2.4755565742454233, 407.59315919249593, -2.9161763682451345, 1.811870466179947, 58.88019732113449, -0.6356494941294533, 0.25620573668131974, 178.67202114231478, -1.1420698463062797, 0.157754254556278, 266.7322141734817, -1.4518384903820127, 5.6698011466847555, 478.2124075014683, -3.7243994398105205, 1.8290828071886631]",36.61
P2,810ca02ee80c8ff4,200,1934221322,nw_dual_val_013,24.76451660255283,23.458643493135458,0.0,0.0,1.2679108920942834,0.03796221732308981,11.005339432905709,0.0,0.0,60,0,0,220,0,sobol,"[96.53906051069498, -4.098710082471371, -1.881373219192028, 145.77202429063618, 1.5499114282429218, -3.8453562408685684]",36.67
P2,c75f0b47cd74aeae,200,1542716743,nw_dual_val_015,1.3689717526817988,0.0,0.0,0.048676633385797974,1.3202951192960009,0.0,1.0464810913927833,0.0,0.05,60,0,0,220,0,nsga2,"[580.5870607584054, -4.411102382029913, 3.0423657962202633, 453.8179222797664, 1.4745327291995025, 4.908788454267903, 454.19864227451865, -5.006022030857867, 4.313931182992455, 76.38510803284481, -0.09694823413815623, -2.950309354162177, 513.3140776029363, -3.543902360776202, -2.3463794621224108, 255.2932268068181, 4.988812588868047, 0.606486270209116, 168.9159932967153, 5.618968123004451, 2.833280976585386, 267.7344905745726, 3.7903261137523803, 0.8097362944673632]",36.82
P2,a412444d9b688d39,200,1805848239,nw_dual_val_015,124.43108136122113,123.39711385523955,0.0,0.0,0.9689429617161022,0.06502454426548004,11.06502454426548,0.0,0.0,60,0,0,220,0,slsqp,"[30.0, 0.0, 0.0, 30.0, 0.0, 0.0]",37.52
P2,235a7c8b4f6be992,200,153828696,nw_dual_val_023,193.32016882034182,192.02431668996994,0.0,0.2612387857142962,0.9666927413976211,0.06792060325996942,11.329159388974265,0.0,0.0,60,0,0,220,0,slsqp,"[30.0, 0.0, 0.0, 30.0, 0.0, 0.0]",37.63
P2,3b21adf160b45f29,200,1335683369,nw_dual_val_015,124.54484058635101,123.39711385523955,0.0,0.0,1.066267598497189,0.08145913261427189,11.051296780382703,0.0,0.0,60,0,0,220,0,nsga2,"[81.19482314521707, -2.3247165982810793, 2.2593170921277315, 85.5240942901145, -1.4234839610214816, 4.219758471311965]",37.82
P2,f9775c397b749a48,200,4058586285,nw_dual_val_012,1.8252563981402,0.6892138384395248,0.0,0.0,1.1186819118296074,0.017360647871067777,1.7065744863105925,0.0,0.0,60,0,0,220,0,nsga2,"[318.2721651879897, -1.9089319169208185, -5.460941787661079, 430.8752701444848, -1.7972241130612718, -4.863195620294103, 138.4466796143886, -0.35402066173724434, -1.5951247062905274, 188.5522470364437, -2.4910971403030704, -4.64002440161715, 556.4154191740795, -1.45770978510183, -1.2214295562350217, 288.7046123982112, 2.752465853073315, -1.8825725358082632, 354.1196134017617, -2.7129868096300758, -2.907989634020015, 308.5411766855331, 2.902611793086109, 1.7903644915176486]",37.99
P2,fc433e8b7d0021fa,200,3524713764,nw_dual_val_013,24.65086973948727,23.458643493135458,0.0,0.0,1.1730448536541414,0.01918139269767162,11.019181392697671,0.0,0.0,60,0,0,220,0,slsqp,"[30.0, 0.0, 0.0, 30.0, 0.0, 0.0]",38.18
P2,4a6cfdab85b0000c,200,3010338420,nw_dual_val_013,5.689617268379157,3.7211711236630998,0.0,0.1458034798854778,1.318928054516301,0.5037146103142787,5.370689213862856,0.0,0.0,60,0,0,220,0,nsga2,"[593.0003973900273, 4.693040716216936, -5.026474656203513, 383.83880284895923, -5.707751129316412, 3.711774383223429]",38.44
P2,42910349d754864d,200,2321119759,nw_dual_val_013,15.805892810679495,13.304030745477938,0.0,0.01604902701590394,1.0682602397219487,1.417552798463704,10.616049027015903,0.0,0.0,60,0,0,220,0,nsga2,"[590.8009204031938, -5.0980759479135855, -4.838863532957695, 266.8090511574388, -2.1152471485010222, -2.0563074950872657, 475.7516578119521, -5.381450136969079, -5.403674275936128, 594.3896270514211, -3.2170766107733426, -3.795251823334311, 146.4918808014537, -0.451872597370814, -5.177854279019687, 468.648634999848, 0.3946591289529149, 3.3653628678246257, 377.79855096867254, -1.9075833763903947, 1.4517710319422708, 450.56434301615064, 2.6284697169919493, 3.668377196665883]",38.49
P2,8428b3fd14b42611,200,4255341536,nw_dual_val_023,1.0028899605282517,0.0,0.0,0.0,0.8253884013035655,0.17750155922468633,1.1775015592246862,0.0,0.13333333333333333,60,0,0,220,0,nsga2,"[253.33631264697075, -0.15059551331467502, -1.1889582771084815, 393.9871071478035, -1.1291170259748842, -0.29311034275590964, 468.6353833220885, -1.6428754873998577, -1.302264153737322, 267.4279916542515, -1.4111621112540274, -2.851629355236205, 439.9897235423505, -3.150178723040524, -4.605868574099215, 454.095703834561, -2.972733637340885, -3.160359984649995, 498.0171258244961, -0.6270347366770521, -2.204841544036833, 512.7411790930782, -5.050480074311237, -5.864436847258107]",38.58
P2,16016184643e8b6d,200,2041243504,nw_dual_val_015,101.60502607657418,99.95292203166434,0.0,0.0,1.1924262434085686,0.459677801501277,10.4,0.0,0.0,60,0,0,220,0,nsga2,"[455.66872525733265, -5.13611498357842, 3.3377816922318657, 46.30273425824541, -3.718421395054356, 3.6810930601334646, 526.869980646424, -5.3071788884115225, 1.8344719003695658, 281.608366867973, -4.153578191016177, 5.208325318337161, 130.4822096028534, -4.183097585769626, -1.982199044238909, 521.5176377135731, -2.422913879408139, 4.596528975012212, 378.32570614060637, -4.878288346969743, 1.3403834603500606, 332.26019136461844, -3.853315670094867, 3.364368056099945]",40.47
P2,47481d63adf08840,200,3380425654,nw_dual_val_025,0.8069732526292044,0.0,0.0,0.0,0.7888456069471812,0.018127645682023144,1.0181276456820232,0.0,0.06666666666666667,60,0,0,220,0,nsga2,"[391.92817062093417, -3.948099050944494, -5.311782253111481, 293.5660398377661, -0.3678304810212989, -0.6340206253993774, 224.84150485040877, -0.0749230786201509, 0.39859416439618744, 190.54142650221732, -3.3903490877168485, 0.9059726646225008, 420.38700817803374, -2.9579536619233178, 0.14262932710646403, 546.877859629458, -1.3128713644307584, -1.520831181190566, 363.0938064573787, 3.475804012538976, -1.1413522990538834, 438.29732668923873, 5.694708812387293, -1.671281426691261]",42.44
P2,420ffa13d87ebc54,200,2579489752,nw_dual_val_015,124.54455495187878,123.39711385523955,0.0,0.0,1.059613239607917,0.08782785703131406,11.087827857031314,0.0,0.0,60,0,0,220,0,slsqp,"[30.0, 0.0, 0.0, 30.0, 0.0, 0.0]",42.6
P2,03a7bddb65276d90,200,1951856929,nw_dual_val_023,193.2964246888344,192.02431668996994,0.0,0.2612387857142962,0.8235312388874402,0.18733797426277013,11.40862681853027,0.0,0.0,60,0,0,220,0,nsga2,"[155.02520108593274, 1.0676819987987447, -1.7187468988641288, 91.18665080002866, 3.5558342200644057, -2.1256598414148264]",43.58
P2,9dd43feb14ed606b,200,3699732505,nw_dual_val_025,16.013771833079154,13.954236853942712,0.7142960528002759,0.02170743692238597,1.323531489413782,0.0,11.73600348972266,0.0,0.0,60,0,0,220,0,nsga2,"[168.9423152373287, 1.5316812546036858, -0.7260529677449803, 54.693478350156255, 4.116444766530382, -0.11952780592058665]",44.57
P2,e48910469e51ea48,200,854606233,nw_dual_val_025,1.1659871412308924,0.10560578405696595,0.29998232731476165,0.0,0.6948601833696719,0.06553884648949275,1.0,0.0,0.05,60,0,0,220,0,slsqp,"[303.4988408512438, 0.18228675959960938, -1.3695031192185207, 298.38647846509264, 0.1644206161022661, -1.157861414680324, 287.67878392526404, 0.16259762439604442, -1.3460310826032875, 307.3084334803632, 0.18961937383289304, -1.3554680272449275, 288.90938691887806, 0.1970630842802433, -1.3375813520702975, 329.02608692483665, 0.17846231137679203, -1.3328773672195582, 335.3758671041518, 0.16610741197883938, -1.2973842944212044, 220.97353428629526, 0.0, 0.0]",45.57
P2,05241630f3f92916,200,1137452214,nw_dual_val_025,1.3178167614327876,0.031178110553608165,0.0,0.0,1.0690776131114212,0.21756103776775812,1.2487391483213663,0.0,0.03333333333333333,60,0,0,220,0,nsga2,"[574.8694552172431, -0.6455122374357097, -5.44123937578388, 424.8443405924562, -2.601434185248253, 0.43825551200312884, 528.0644534414746, -3.708600087781161, -0.5938626802437933, 295.20255146144217, -1.088814168477732, -2.500071746307467, 331.7568517678177, -2.729516720282475, -3.5151496973726974, 252.56477798072117, -2.505481516649261, 0.9809878916597381, 530.433707895346, 0.8320458563059999, 4.386028877777849, 121.133509188334, 2.521439613733621, 0.4358593964349149]",46.42
P2,4346b78576895a19,200,2793416862,nw_dual_val_027,1.3869871804856087,0.38403563668980467,0.0,0.0,1.0029515437958039,0.0,1.3837495315329202,0.0,0.0,60,0,0,220,0,nsga2,"[431.3016190683271, -1.9589942201551827, -5.979910829041839, 443.4465182448915, -5.596885288386492, -5.910169009780624, 402.72903919896527, -2.7173477333746234, -1.5993626525067492, 149.05019672491892, -2.062027044311197, 3.4026721264729045, 390.41574908264755, -4.300154762580245, 1.880655079076304, 396.36811495681764, 5.3668201658168675, -1.001192739971433, 450.6489593304108, -2.3076415625202658, -2.9760515324269807, 43.356362725688726, -1.1314563848759378, 3.683309826813927]",46.76
P2,cd31553c2824a79a,200,502157397,nw_dual_val_025,16.02215277929796,13.954236853942712,0.7142960528002759,0.02170743692238597,1.3319124356325878,0.0,11.73600348972266,0.0,0.0,60,0,0,220,0,sobol,"[325.9497884195298, 1.8144601620733738, -1.8115546815097332, 98.06878653354943, 3.1649540439248085, -0.3520319201052189]",47.43
P2,26b21bdfd8aabe1c,200,221397612,nw_dual_val_023,193.1517707270708,192.02431668996994,0.0,0.2612387857142962,0.7769296575295539,0.0892855938570337,11.350524379571329,0.0,0.0,60,0,0,220,0,slsqp,"[30.0, 0.0, 0.0, 30.0, 0.0, 0.0]",48.26
P2,7ea127f5c6c9acbb,200,1556253926,nw_dual_val_027,1.2485763239283039,0.0,0.0,0.0,1.2485763239283039,0.0,1.0,0.0,0.05,60,0,0,220,0,nsga2,"[77.31373911103061, 4.280724164114081, -0.9280831534763772, 161.3383004318793, -1.359586412112037, -2.02407095121088, 539.0045789009507, -5.141956165276664, -4.896426636418401, 341.01453563437246, -1.048358186756253, 1.313003680704477, 519.0685257343176, 0.8243390255389009, -1.0477064864803243, 520.3858762983266, -5.198927997454021, -2.6134599469984505, 68.70656899709758, -3.3798840015776017, 2.7027250469654156, 155.8924696753205, -1.2805469885892895, -2.153940694393799]",48.37
P2,ac88892d36246b1e,200,1336646120,nw_dual_val_027,1.6138106192338426,0.055452966432313254,0.0,0.0,1.1785395705446682,0.3798180822568611,1.4352710486891744,0.0,0.016666666666666666,60,0,0,220,0,nsga2,"[538.6013771604142, -5.926339173643407, -5.674654289083921, 480.2512615958174, -4.513172281944007, 1.7225784042771917, 445.91632431050976, -1.334849175327513, 1.956404260130089, 444.59977085144845, -5.7607903991365035, 3.0059272155449928, 417.6261328593752, -5.685624643354244, 0.4019364849969087, 466.4309637562706, 3.4618465579339106, 2.3986105020081006, 143.7827779406009, -1.8052691970108181, 3.6589141828605687, 119.83047066083732, 5.061327177950237, 2.7327767610227003]",48.78
P2,b64a9ed46ce26f0e,200,400009427,nw_dual_val_025,16.02342331244507,13.954236853942712,0.7142960528002759,0.02170743692238597,1.3331829687796954,0.0,11.73600348972266,0.0,0.0,60,0,0,220,0,sobol,"[152.991325808689, -0.8018535263836384, 2.4577051363885403, 267.8658880200237, 0.9368709325790405, -0.8032758012413979]",49.02
P2,d5198db1b7827836,200,1428798469,nw_dual_val_027,2.2310144794862414,1.0201335495631016,0.0,0.0,1.04454873344632,0.16633219647681977,2.1864657460399215,0.0,0.0,60,0,0,220,0,nsga2,"[480.87773452543837, -0.2163229568760312, -3.3416056064218798, 392.8248163836334, -4.175532477688504, -4.46445128038211, 193.3915793305653, 2.399664998062323, -2.522652058726151, 322.4434924629353, -0.8357535905357754, -4.768329631950412, 398.5583606933632, -3.857295540976743, 1.8152495264491084, 135.5268186666972, -3.359567107087444, 1.6772306606557348, 330.1882261524284, -4.268874617465232, 0.3001133221567063, 445.17670171247516, -3.5109986942420557, 3.1058959251727445]",49.66
P2,5213224e4b322e81,200,366834973,nw_dual_val_025,16.01955136777495,13.954236853942712,0.7142960528002759,0.02170743692238597,1.3293110241095794,0.0,11.73600348972266,0.0,0.0,60,0,0,220,0,slsqp,"[30.0, 0.0, 0.0, 30.0, 0.0, 0.0]",50.16
P2,28874b4934a7c7b8,200,4290540874,nw_dual_val_025,0.8260517677869705,0.0,0.0,0.0,0.8260517677869705,0.0,1.0,0.0,0.15,60,0,0,220,0,nsga2,"[334.66618243807966, -4.798868711152677, -0.8401106947292798, 483.6042629893787, -3.425005325010832, -1.180236798441766, 430.4035723367739, -0.04250010992315689, -3.039171174964607, 296.9269711456829, 5.039042232728347, -3.0518000719118645, 387.2774536449577, -0.22063744301954147, 3.2418014714958083, 194.98570512471696, -3.291518159159143, 2.350350651296882, 243.08394003081838, 5.880030588916556, -0.27486333597426116, 337.3879844772552, 2.6867267899321554, 0.0060279395222120336]",51.21
P2,23e51d296a356c2d,200,2725585923,nw_dual_val_027,69.71237724746611,68.89053783758399,0.0,0.0,0.6858075732713652,0.13603183661075302,11.094927758768502,0.0,0.0,60,0,0,220,0,sobol,"[180.17404952086508, -5.740957226604223, 1.8537883087992668, 88.21749933063984, -5.518390607088804, 1.199606392532587]",52.74
P2,4b26fd5a99aaee54,200,61397193,nw_dual_val_027,69.75314832752112,68.89053783758399,0.0,0.0,0.6907044293906486,0.17190606054647803,11.128289770819823,0.0,0.0,60,0,0,220,0,sobol,"[127.87100918591022, 0.16285837814211845, -1.5511111468076706, 148.74095991253853, 3.3730330243706703, 1.4824880920350552]",53.05
P2,63084358a2538a0d,200,1044871858,nw_dual_val_027,69.85718494491913,68.89053783758399,0.0,0.0,0.7376830723306502,0.22896403500447635,11.199036928245581,0.0,0.0,60,0,0,220,0,sobol,"[112.02840437181294, 1.9504392072558403, -2.0584869906306267, 70.21739663556218, 4.190712388604879, 0.661270659416914]",56.85
P2,9951a0ad3b6524d8,200,3795800862,nw_dual_val_027,69.89354527282052,68.89053783758399,0.0,0.0,0.786231712689602,0.2167757225469323,11.210049676310993,0.0,0.0,60,0,0,220,0,nsga2,"[35.97582028580108, -4.978776829873698, 2.180992892271023, 37.47704017262304, -2.0250832876815217, 1.3119814563420202]",56.95
P2,3971a8be6e99e199,200,956670560,nw_dual_val_037,63.93478494901247,63.195299452158125,0.0,0.0,0.739485496854345,0.0,11.0,0.0,0.0,60,0,0,220,0,nsga2,"[76.06868272215385, 4.441229460517263, 3.4970127313091766, 54.305383170510595, 3.6022512101969006, 1.6937098920021059]",37.38
P2,24bb28fe78d6a8cc,200,3965598578,nw_dual_val_030,47.716116069930315,45.78983564586893,0.91107471387626,0.0,1.01520571018512,0.0,11.91107471387626,0.0,0.0,60,0,0,220,0,nsga2,"[439.4121711451369, -2.0068525455441453, 2.239046950272119, 257.1780705471442, -0.4926609568335669, 3.062069668919081]",41.83
P2,1506dc5981e074f8,200,1089019990,nw_dual_val_030,1.2192175890345953,0.0,0.0,0.0,1.2192175890345953,0.0,1.0,0.0,0.08333333333333333,60,0,0,220,0,nsga2,"[493.27397536380573, -3.314325375611253, -5.728595243863234, 93.37507854960015, -2.552137690648716, -0.5294604009459672, 119.44738072678129, -4.189947526440639, 0.9745760828469415, 121.05099479987135, -0.27206800808458786, 5.113878004338284, 425.9712486374747, -3.4085862057797947, -0.748587062501815, 501.7401687010232, -1.6141715167057018, -5.772448098468397, 456.4827351435232, -1.9285518057953188, -0.23695401007372396, 429.6214652482203, -1.970645098943264, -1.540442959596566]",42.61
P2,a7906845ab77929b,200,2513931847,nw_dual_val_037,63.9208438132817,63.195299452158125,0.0,0.0,0.7255443611235746,0.0,11.0,0.0,0.0,60,0,0,220,0,slsqp,"[30.0, 0.0, 0.0, 30.0, 0.0, 0.0]",38.93
P2,d22da36bc21b5bbf,200,3111742471,nw_dual_val_037,63.922774041195126,63.195299452158125,0.0,0.0,0.7274745890369989,0.0,11.0,0.0,0.0,60,0,0,220,0,sobol,"[31.81277995929122, -5.198601353913546, 1.9513305388391018, 96.36795993894339, 5.043292544782162, 1.8410678319633007]",39.78
P2,95034cf0f06e6492,200,2641604913,nw_dual_val_030,1.9733683179583348,0.7525304693322277,0.0,0.0,0.9161874511993899,0.30465039742671723,2.0258990711731144,0.0,0.0,60,0,0,220,0,nsga2,"[511.4864810634538, -1.46129542904014, 5.243552705355374, 203.67436655591146, -4.60716683108641, 4.753590059859995, 495.9678778273282, -1.2644126558572955, 4.83704467990228, 122.01650627087686, -3.925268454262342, 1.309143517709873, 187.46568230129986, -5.485783089318987, -2.278054749677462, 419.1447107089026, 0.7787070009528305, 2.1611997631740465, 306.6828627059253, -5.086641335118758, 1.2297385675680959, 432.49360944125607, 1.8571626492127589, 1.526413756363776]",47.02
P2,dfb036fb426efd59,200,3805953969,nw_dual_val_037,1.16195707414105,0.1269225013588887,0.0,0.0,0.9522599364082442,0.08277463637391723,1.0,0.0,0.08333333333333333,60,0,0,220,0,slsqp,"[290.28192543098794, 0.15212119782186548, 1.4324968861980159, 269.00292094319366, 0.1562324300390128, 1.3518619318320473, 250.84845351677512, 0.1490641767599526, 1.5839875192114348, 270.5795169953051, 0.15758360661822987, 1.5472831389718438, 277.409165184802, 0.14631150596471545, 1.5113333006664913, 302.30037443557563, 0.16606644225002884, 1.3919450341299047, 275.02273533251997, 0.16422196877767828, 1.3560242885182903, 240.88271221110912, 0.0, 0.0]",40.45
P2,47fe1aff5dca5f13,200,867243792,nw_dual_val_030,47.86861355268006,45.78983564586893,0.91107471387626,0.0,1.167703192934864,0.0,11.91107471387626,0.0,0.0,60,0,0,220,0,sobol,"[61.421993700787425, 2.3005294650793076, 3.87012080848217, 268.4010062366724, 5.875489164143801, 1.992708832025528]",44.03
P2,c7d69bcffd861897,200,3683934945,nw_dual_val_030,47.87118014780669,45.78983564586893,0.91107471387626,0.0,1.1702697880614967,0.0,11.91107471387626,0.0,0.0,60,0,0,220,0,nsga2,"[244.9520523929208, 3.620716465085243, 3.0665209756795817, 129.66286175584997, 3.4536455945559785, 3.4208203225357456]",43.43
P2,92e1d5de99aef304,200,3203167909,nw_dual_val_030,1.302113557575387,0.0,0.6382338373242359,0.0,0.663879720251151,0.0,1.438233837324236,0.0,0.0,60,0,0,220,0,slsqp,"[287.36144041793426, 0.38301190751825664, -1.7482729435244582, 282.52015721103334, 0.3624695948456113, -1.505417411424214, 272.3812350284072, 0.36040795724810126, -1.7213363517035423, 290.9612809029701, 0.391582868267694, -1.732163761132462, 273.54714034497744, 0.39972379984929196, -1.7116374698566466, 311.532846474923, 0.3787170299711531, -1.7062693032462117, 317.54537661881835, 0.11839080200916514, -1.3119088906192433, 224.17353458881618, 0.0, 0.0]",46.18
P2,1b12d50eabb2ef5d,200,599428438,nw_dual_val_037,63.876485208588555,63.195299452158125,0.0,0.0,0.6811857564304331,0.0,11.0,0.0,0.0,60,0,0,220,0,slsqp,"[30.0, 0.0, 0.0, 30.0, 0.0, 0.0]",41.3
P2,a57c1b35fe921d80,200,3584865666,nw_dual_val_037,0.9651954424946202,0.008349112928215824,0.0,0.0,0.9568463295664044,0.0,1.0,0.0,0.06666666666666667,60,0,0,220,0,nsga2,"[447.33791161181415, -2.578853632448014, 4.842117324319371, 229.6101256082012, -1.5433749948780415, 3.5562908775244715, 583.6217564993, -2.754598244734182, 2.2904959383931236, 36.798446350834496, -4.160638159600072, -2.5278322978170142, 420.97756825415854, -3.723199695441685, -3.949252716829605, 291.6333741743518, -1.3235794667697225, -3.6540478248276593, 268.7408709281517, 3.3979455231092506, -4.227942576933482, 586.1911594712313, 2.911970838449659, -2.4946573180223846]",41.7
P2,4ba0d91cfd5b299c,200,3510589177,nw_dual_val_041,0.6731436153944135,0.05969531931183422,0.0,0.0,0.6,0.013448296082579227,0.6731436153944135,0.0,0.08333333333333333,60,0,0,220,0,slsqp,"[246.26588928932995, 0.42401156089227504, -0.8293385990663902, 242.1167919198421, 0.3976065741776662, -0.7250876266735713, 233.42806334462435, 0.3947025167150535, -0.8177769556296502, 249.35252260870044, 0.4351712553941534, -0.8224255183557376, 234.42718465596525, 0.4340109391881904, -0.5696134125050282, 266.9761220583735, 0.4183625923534214, -0.7505820156339027, 272.13350643000547, 0.40010390901168474, -0.6935910274736985, 178.02971469806832, 0.0, 0.0]",41.02
P2,dfcae99e57676d0d,200,1366473252,nw_dual_val_039,1.5817533624554958,0.5014796507737922,0.0,0.06711327458539114,1.0131604370963125,0.0,1.4395472383106684,0.0,0.0,60,0,0,220,0,nsga2,"[55.402256194683304, -5.251949409603636, -1.3079462049314834, 491.9928870521873, -4.84070312239462, -1.8379563253601472, 375.22620232167463, -5.4870157298511195, -1.5708288152674101, 163.7694600752494, -1.162050009847165, -5.049544829941089, 441.46358402332976, 2.0829468906681807, -3.9679346255575263, 285.52690108326954, -4.689762377326366, 1.4662657268137644, 421.23288659705736, -2.913168668135248, -3.7738677237400715, 349.4867651456156, 5.666538607239458, 2.9823572455297747]",43.16
P2,5953f23375dc8af3,200,1058253672,nw_dual_val_030,47.71753972453654,45.78983564586893,0.91107471387626,0.0,1.0166293647913478,0.0,11.91107471387626,0.0,0.0,60,0,0,220,0,slsqp,"[30.0, 0.0, 0.0, 30.0, 0.0, 0.0]",46.25
P2,dfaa29cd466b4d4e,200,91552210,nw_dual_val_037,1.1200374499195385,0.0,0.0,0.26679828030205827,0.8532391696174801,0.0,1.1516090566818855,0.0,0.11666666666666667,60,0,0,220,0,nsga2,"[505.2405452082948, -2.4523842610635347, 0.2478366103106564, 577.9639548775258, -1.9178095171184895, 3.336287875006189, 214.38204871991238, -4.595938376384635, 2.519001608055205, 175.4319478451116, -3.508160512591603, 3.105447136309503, 328.4562939230706, -3.1429328195280934, 5.003890145084455, 219.34632689217995, 4.698610691214648, -0.6267004603117368, 464.6859837659421, 5.748079572023646, -4.976895725323327, 364.8043246485543, -3.070656156165471, -4.2614448866372605]",45.22
P2,4b7a903a529f72a2,200,1596741360,nw_dual_val_039,1.1856355341207139,0.0,0.0,0.0,1.1856355341207139,0.0,1.0,0.0,0.03333333333333333,60,0,0,220,0,nsga2,"[56.62789319373696, -4.738421001364544, 0.022310653017513005, 343.3573518168233, 0.6023304768306416, -2.778299986878001, 451.3739850409074, 0.8374863019017897, -2.809669238472928, 349.5762101582156, -0.41851212811721605, -5.724791282674148, 493.5103724808913, 0.6059817506340845, 0.9135649031589325, 262.2695680103195, -5.0017446856266865, -0.7368095388759327, 320.98737862989213, 0.9622323129894013, 2.3298239308112247, 332.87163061020306, -3.4604740143806922, -2.3187145491448926]",44.17
P2,dc77d13ffd9d91d7,200,2740090141,nw_dual_val_039,0.8155866087516397,0.06447711921524664,0.0,0.0,0.751109489536393,0.0,0.8644771192152467,0.0,0.016666666666666666,60,0,0,220,0,slsqp,"[320.7787981992587, 0.3342921509841312, -2.194684698854546, 315.3503275636665, 0.9771897700218161, -1.9829839010271266, 304.04738019291864, 0.9935120281432905, -2.1711752768063635, 324.7926061903207, 0.7375523008388408, -1.9130755281064393, 305.33738083181595, 0.009866616049759212, -1.1426805931123032, 347.7275990449152, -0.16130735997887216, -0.9408050729730041, 354.46807672129114, -0.2351199989218254, -0.8275037458371424, 279.6032359410602, 0.0, 0.0]",44.2
P2,af78090b1bc8efd3,200,2388427030,nw_dual_val_037,0.925941052609599,0.0,0.0,0.0,0.925941052609599,0.0,1.0,0.0,0.11666666666666667,60,0,0,220,0,nsga2,"[73.50434466293261, -0.09540957655183302, 4.860465253126636, 487.5975155164052, -4.885491101670972, 2.452172622872753, 446.09655048677547, -0.34688836602216266, 0.11902665961016032, 188.19179810599624, 1.603840517300559, 2.267693251131165, 404.0960297751484, -0.010470247233250296, 1.7059451321736447, 499.77181695094765, 3.2703337906834187, 4.7811246102487335, 97.95780408819232, 1.0321789870409759, 5.526052028382455, 552.4298249740763, 4.445199268819538, 0.7455884865359129]",45.66
P2,422f1badd9a4af49,200,2324850533,nw_dual_val_041,0.792893011131537,0.0,0.0,0.0,0.7798220092077953,0.013071001923741644,0.8130710019237417,0.0,0.13333333333333333,60,0,0,220,0,slsqp,"[246.26588928932995, 0.42401156089227504, -0.8293385990663902, 242.1167919198421, 0.3976065741776662, -0.7250876266735713, 233.42806334462435, 0.3947025167150535, -0.8177769556296502, 249.35252260870044, 0.4351712553941534, -0.8224255183557376, 234.42718465596525, 0.4340109391881904, -0.5696134125050282, 266.9761220583735, 0.4183625923534214, -0.7505820156339027, 272.13350643000547, 0.40010390901168474, -0.6935910274736985, 178.02971469806832, 0.0, 0.0]",42.81
P2,83f082baf0208dad,200,2117251596,nw_dual_val_039,0.753312320423558,0.0,0.0,0.0,0.753312320423558,0.0,0.8,0.0,0.06666666666666667,60,0,0,220,0,slsqp,"[320.7787981992587, 0.3342921509841312, -2.194684698854546, 315.3503275636665, 0.9771897700218161, -1.9829839010271266, 304.04738019291864, 0.9935120281432905, -2.1711752768063635, 324.7926061903207, 0.7375523008388408, -1.9130755281064393, 305.33738083181595, 0.009866616049759212, -1.1426805931123032, 347.7275990449152, -0.16130735997887216, -0.9408050729730041, 354.46807672129114, -0.2351199989218254, -0.8275037458371424, 279.6032359410602, 0.0, 0.0]",44.89
P2,f12b8f0ae501d39f,200,4119947683,nw_dual_val_030,2.0755947917382906,0.7794239989751599,0.0,0.0,1.0183274204214996,0.2778433723416311,2.057267371316791,0.0,0.0,60,0,0,220,0,nsga2,"[261.05445530672176, -4.963071400141376, 5.377335420162164, 78.7811556881139, 0.4461499969082108, 4.6360425120326525, 544.1771260949819, 0.3057766059555188, 4.620809445840519, 422.9634657731755, -0.03386647701189448, 1.9418434772337858, 443.77460921973693, -1.7169348438905478, 5.058269875877788, 145.73965488759058, 4.221585872335385, 5.093466789592004, 523.5316171157813, -4.08157074331207, -0.5391975930045476, 406.77193490312663, -2.3005899215372576, 1.2241988010934945]",50.87
P2,7acd20dae9cc7735,200,1185124846,nw_dual_val_039,2.541913971620332,1.0589919461982147,0.0,0.0,1.4829220254221174,0.0,2.0589919461982147,0.0,0.0,60,0,0,220,0,nsga2,"[525.3264597425073, 2.0671117014360476, -5.205905619145687, 572.5210776310615, 3.3932209162313085, -1.034893923191777]",45.25
P2,b628035e91dff01f,200,674173463,nw_dual_val_039,3.180470021470004,1.2582012337840711,0.0,0.0,1.9222687876859332,0.0,2.258201233784071,0.0,0.0,60,0,0,220,0,nsga2,"[573.0207107767961, 0.40538362175364023, -4.643050080489263, 560.8053059471316, 1.8803564321184612, -3.4603676038899107]",45.61
P2,8aac8627c19c4efd,200,3850489402,nw_dual_val_041,0.9030696162644325,0.0,0.0,0.0,0.9030696162644325,0.0,0.9582843271644738,0.0,0.15,60,0,0,220,0,nsga2,"[333.88418135571374, -1.873970318580311, -4.0300285109363845, 188.72749065476933, 2.866166752873927, 1.0754247327242674, 531.2903345405598, 1.2563050866773937, -0.06981348993854604, 199.01967945089126, -0.1709890590350831, -2.0113002778987075, 502.7461835484939, -1.5741833947134964, -0.012420820980944228, 206.90319231279636, -1.7932032103363083, -4.463140586134787, 96.31089102818298, 1.3398386838752827, -4.263409344792296, 203.83040229338098, 1.2643556534130758, -3.4828103576962417]",45.13
P2,747d2d5fd116cc4d,200,2670670986,nw_dual_val_041,83.6350117170772,83.6350117170772,0.0,0.0,0.0,0.0,10.2,0.0,0.0,60,0,0,220,0,slsqp,"[30.0, 0.0, 0.0, 30.0, 0.0, 0.0, 30.0, 0.0, 0.0, 30.0, 0.0, 0.0, 30.0, 0.0, 0.0, 30.0, 0.0, 0.0, 30.0, 0.0, 0.0, 30.0, 0.0, 0.0]",46.2
P2,df71e4c432257994,200,700011293,nw_dual_val_039,2.676456705351674,1.0582294439586621,0.0,0.0,1.6182272613930118,0.0,2.058229443958662,0.0,0.0,60,0,0,220,0,nsga2,"[577.0231816327866, 1.3092643318229926, -2.2655562908890188, 473.6385862689201, 3.223413627987994, -3.165982211036816]",47.4
P2,b61524e0365b52c2,200,2894289307,nw_dual_val_039,2.660538124411528,1.092096361320447,0.0,0.0113294030522062,1.5571123600388748,0.0,2.1034257643726533,0.0,0.0,60,0,0,220,0,nsga2,"[444.2392831836196, 5.142256138137054, -3.300615160648492, 470.6058574777515, 5.551232959453828, -1.6339212854285037]",49.19
P2,f36b350932da86a3,200,3264815039,nw_dual_val_041,1.0641268223002918,0.19758145285344353,0.0,0.0,0.8665453694468482,0.0,1.19408195494574,0.0,0.0,60,0,0,220,0,nsga2,"[273.6685553744576, 5.914776351068476, -0.8601182607909418, 275.7039658269265, 5.363594561408236, 2.9585876145230294]",44.41
P2,d13f2ac4021c487b,200,367249385,nw_dual_val_041,1.7103634718910157,0.6846733627650027,0.0,0.0,1.0256901091260129,0.0,1.6846733627650026,0.0,0.0,60,0,0,220,0,sobol,"[82.8403520397842, -5.680127821862698, -0.13894979283213615, 560.4426744952798, 5.1285305544734, 2.204220972955227]",45.83
P2,cd54c0fdae3ea56f,200,1761788310,nw_dual_val_048,0.9281495132868856,0.0,0.0,0.0,0.8760951379275465,0.05205437535933912,1.0366169848935924,0.0,0.13333333333333333,60,0,0,220,0,nsga2,"[465.882272335494, -5.92203622936684, 2.932070783210673, 380.3402458804417, -4.08695404326904, 2.764457234901909, 205.87750888632345, -3.5630390950172903, 4.4839289245065315, 450.3184922707933, -4.500814966777526, 3.0615176548406495, 384.05491642170887, -1.1240425253354924, 0.28495956164186603, 547.0134120580897, -1.4511376217747292, -0.2774091624267314, 80.65048683224475, -5.421573561251398, 5.73960466987911, 412.3046865461207, 4.127326867711319, -3.167481871835663]",45.66
P2,969c1d122cab45ae,200,3100423710,nw_dual_val_048,0.7573261292416349,0.061741062676130214,0.0,0.0,0.6043142914221628,0.09127077514334192,0.9530118378194722,0.0,0.0,60,0,0,220,0,slsqp,"[311.6259153730867, 0.12473663766481706, 1.3538334601270454, 288.1267299034413, 0.13493831386404986, 1.3117618800402207, 330.5094528407088, 0.1361012101714099, 1.1590804665382293, 258.2466188397461, 0.13697728546544669, 1.2322999548371303, 254.77300665483992, 0.12377390505485027, 1.1891421972122855, 309.42655537898816, 0.13601434575898505, 1.1719007942749322, 279.7658380781583, 0.12250136320631645, 1.3445098318616382, 276.7446627352776, 0.0, 0.0]",43.55
P2,9c4444863fc727c8,200,3014994062,nw_dual_val_041,1.4708069966048498,0.4829083331941647,0.0,0.21800544611456033,0.7698932172961247,0.0,1.624624525241676,0.0,0.0,60,0,0,220,0,nsga2,"[488.6996554464722, 2.633783621574208, -4.682880077139227, 447.5798673572804, 5.695664849314771, -2.9216486414670784]",50.79
P2,0eb786fcfd8a7118,200,2858872601,nw_dual_val_048,1.1715667335191253,0.0,0.0,0.0,1.1715667335191253,0.0,1.0,0.0,0.06666666666666667,60,0,0,220,0,nsga2,"[552.4909193368235, -5.5006380222368785, 1.7211977653956314, 246.02705417613885, 0.5863444061976288, 5.644870953764144, 496.83408430482376, -3.605663450216225, 1.7568862882067826, 295.46258323993766, -4.573826242771556, -4.108937073997661, 201.67053345379588, -2.715538845212332, -1.3866043502482128, 82.8493894122426, -2.96152678098117, 4.584514219572625, 138.4879165126648, 1.5473606428823408, 4.704975393460845, 479.9133989026049, 4.009011243742142, 0.25417088717086433]",47.1
P2,4220ca36949468fb,200,2001000376,nw_dual_val_041,1.9943169958365643,0.995543948155136,0.0,0.0,0.9987730476814283,0.0,1.995543948155136,0.0,0.0,60,0,0,220,0,sobol,"[534.7468607872725, 2.5762027949094772, 1.4312940649688244, 139.17352876625955, 0.9884683415293694, 0.7713543623685837]",50.35
P2,5f04ca1611a2d5f5,200,1424041064,nw_dual_val_048,0.8753606897387207,0.06942346944565247,0.0,0.0,0.7539063669496235,0.05203085334344474,1.0,0.0,0.05,60,0,0,220,0,slsqp,"[311.6259153730867, 0.12473663766481706, 1.3538334601270454, 288.1267299034413, 0.13493831386404986, 1.3117618800402207, 330.5094528407088, 0.1361012101714099, 1.1590804665382293, 258.2466188397461, 0.13697728546544669, 1.2322999548371303, 254.77300665483992, 0.12377390505485027, 1.1891421972122855, 309.42655537898816, 0.13601434575898505, 1.1719007942749322, 279.7658380781583, 0.12250136320631645, 1.3445098318616382, 276.7446627352776, 0.0, 0.0]",46.94
P2,5bd426d7e9be55e7,200,2936727587,nw_dual_val_048,114.72885702479925,113.06059604752443,0.0,0.0,1.3388793353854342,0.32938164188939395,11.002567620373751,0.0,0.0,60,0,0,220,0,nsga2,"[471.06900786191954, -1.9384470109410208, 5.659476406920214, 530.8849157296659, -5.664431980784079, 3.2017843533202375]",50.66
P2,d68c5eb186c765f6,200,3120120246,nw_dual_val_049,1.3073546025552505,0.09695843489728605,0.0,0.0,1.2103961676579644,0.0,1.0075847326207812,0.0,0.0,60,0,0,220,0,sobol,"[270.7472847774625, 2.2578006461262703, 5.9115308448672295, 552.763318028301, -1.892695102840662, 2.5242474004626274, 145.01709328964353, -3.6719900853931904, -0.5291224457323551, 199.22407287172973, -3.5666017904877663, 3.8488150388002396, 205.2205997519195, -1.222898941487074, -0.002527836710214615, 99.59950047545135, 2.0421692356467247, 1.6918944753706455, 215.68951631896198, 2.2432860396802425, -1.284831963479519, 454.57958335988224, -0.04377635568380356, 4.1235635206103325]",50.55
P2,9ea057aca98fea22,200,4208521300,nw_dual_val_049,53.23032288420044,52.085480710114204,0.0,0.07310654090967923,1.0717356331765597,0.0,11.073106540909679,0.0,0.0,60,0,0,220,0,slsqp,"[280.7038361199675, -0.07807827479146619, 1.854254417539877, 212.5109109688722, 0.0, 0.0]",46.8
P2,99889fbd7c5327ca,200,2546820092,nw_dual_val_048,117.85473386166048,116.52219860092512,0.0,0.0,1.33253526073536,0.0,11.0,0.0,0.0,60,0,0,220,0,slsqp,"[30.0, 0.0, 0.0, 30.0, 0.0, 0.0]",52.06
P2,5637d39c6320b761,200,2491950810,nw_dual_val_049,0.8801616398268621,0.0,0.0,0.0,0.8801616398268621,0.0,1.0,0.0,0.06666666666666667,60,0,0,220,0,slsqp,"[254.05272219283597, 1.3980035050057347, 2.623283180980568, 249.76394733320382, 1.4469772245126353, 2.410925091487559, 240.79332597928087, 0.9504602946445856, 2.403888215813989, 257.2473675843981, 0.2171829956718617, 1.208203458970375, 241.85244210006053, -0.5594854468395609, 0.5455169596837657, 275.4905171692615, -0.0547183966058374, 1.8071620761625573, 280.7038361199675, -0.07807827479146619, 1.854254417539877, 212.5109109688722, 0.0, 0.0]",50.57
P2,63ae032f1c6dc07c,200,2569399025,nw_dual_val_049,1.5998180037412881,0.5938867843890971,0.0,0.05515087144273941,0.9507803479094514,0.0,1.376915404080493,0.0,0.0,60,0,0,220,0,nsga2,"[331.45177714212014, -3.945636649084144, 5.018774566893678, 175.36621481982868, -4.611075934983546, -5.508855335081181, 430.1173425451715, -1.3567342581971684, 0.22318334044682392, 496.96792458236075, 0.38771231777447546, 3.99019039826161, 88.93005284722, 2.385550324224485, -4.5497335859537245, 144.26343888179233, 2.442756215454425, 5.48334450338025, 237.3998381325015, 3.832045967675062, 5.642931675192002, 483.76890701785567, 0.933683920878885, 3.964619141959579]",52.31
P2,8a687a58cf15d9af,200,3629863357,nw_dual_val_048,114.51750865374558,112.78122407789868,0.0,0.0,1.4428384203942328,0.29344615545265224,11.025211178730522,0.0,0.0,60,0,0,220,0,nsga2,"[408.835800665942, -0.9816545253499334, 5.995324291351799, 598.249769364927, 1.0224222888945167, 1.063566962686465]",53.83
P2,2aae226891eb9ab6,200,3963351804,nw_dual_val_049,53.25512736267479,52.085480710114204,0.0,0.07310654090967923,1.0965401116509084,0.0,11.073106540909679,0.0,0.0,60,0,0,220,0,slsqp,"[30.0, 0.0, 0.0, 30.0, 0.0, 0.0]",47.11
P2,c0d90ad00bf0dd85,200,1065200013,nw_dual_val_049,53.35045046912824,52.085480710114204,0.0,0.07310654090967923,1.1918632181043622,0.0,11.073106540909679,0.0,0.0,60,0,0,220,0,nsga2,"[67.99915830106501, -5.053192243924634, 4.859931801771242, 83.64172647987618, -1.7877810228938098, 4.026454489625799]",53.75
P2,fc900fe2cc2add7b,200,1915423784,nw_dual_val_049,53.35133167016155,52.085480710114204,0.0,0.07310654090967923,1.1927444191376677,0.0,11.073106540909679,0.0,0.0,60,0,0,220,0,slsqp,"[280.7038361199675, -0.07807827479146619, 1.854254417539877, 212.5109109688722, 0.0, 0.0]",51.59
P2,1d7141c08bdf4490,200,2196303621,nw_dual_val_049,154.65906073282173,153.3048138027889,0.0,0.11422723971765943,0.9688809891293193,0.2711387011858296,10.514227239717659,0.0,0.0,60,0,0,220,0,sobol,"[559.9025004263967, -4.178224828094244, 4.733570594340563, 138.53152896277606, -0.8139787875115871, 3.828446064144373, 562.5714574288577, -0.5322057232260704, 5.092933472245932, 69.44519005715847, -0.2261480838060379, -2.3727784641087055, 301.9772771280259, 0.4113750234246254, 3.1032945960760117, 302.80964219011366, -0.6216263137757778, -1.7498396895825863, 182.1126450318843, -0.031156372278928757, -4.5487234108150005, 77.37012430094182, 1.255935039371252, -1.6490537077188492]",58.43
P2,9e60d62975aed7db,200,2427447920,nw_retrain_0077_none_easy_seed20258521,34.13200737367996,30.151827255091444,0.0,0.9436881269572455,2.572973811101255,0.4635181805300134,11.943688126957245,0.0,0.0,60,0,0,220,0,nsga2,"[826.5301702860094, -2.0607270925997425, -4.690713945816664, 808.3219810913754, -3.562309668666365, -4.0032798042925375]",24.51
P2,2092103fa0317bf1,200,3221988131,nw_dual_val_048,109.17741373285014,107.65025566799447,0.0,0.0,1.1682736323333631,0.3588844325223018,11.064475259726413,0.0,0.0,60,0,0,220,0,nsga2,"[524.9576651743503, 3.354605344292778, 4.304145594434793, 513.42309772376, 2.6460999182935585, 0.2553177380208055]",65.32
P2,2db3aee899df1209,200,3968885678,nw_retrain_0077_none_easy_seed20258521,14.22733800419304,4.33569436251583,0.0,0.9436881269572455,2.956771715255003,5.991183799464962,12.023777089049624,0.0,0.0,60,0,0,220,0,nsga2,"[839.7580130396682, -0.9019643706399617, -14.431284876199099, 803.8541878279885, -3.377777529576647, -6.833457935099269]",27.18
P2,869e0518523c48ca,200,320357054,nw_retrain_0077_none_easy_seed20258521,1268.6683581860332,1264.7514055283948,0.0,0.9436881269572455,2.439118797727918,0.5341457329532654,11.943688126957245,0.0,0.0,60,0,0,220,0,nsga2,"[882.997812238536, -3.8235033552841675, 7.812217295075463, 418.4800463334575, -3.225629468442617, -3.6293129058647593]",26.46
P2,e141a115ad67744a,200,203685694,nw_retrain_0077_none_easy_seed20258521,4.853788215810938,0.0,0.0,0.7082673602773829,2.994017218121888,1.1515036374116672,2.8597709976890497,0.0,0.03333333333333333,60,0,0,220,0,nsga2,"[630.5222770741491, -4.319721864164764, -7.810212136006323, 518.6724666503613, -3.439272951948525, -12.459903487957215, 317.56218511258504, 5.053593642086316, 1.5858262399145513, 866.1776849036277, 0.28051135260576565, 3.950855929256494, 364.56800085196795, -1.216802970568706, 11.165627997177339, 598.6626282077244, -0.19313097666212542, 10.259131732204086, 191.42161628247482, -1.021327262791683, -2.2045041687418063, 62.766079363332366, -2.8262051262094894, -11.653206060868927]",35.75
P2,73cc894e1727ae69,200,1430509567,nw_retrain_0077_none_easy_seed20258521,2063.7801026226743,2061.0202659862466,0.0,0.9436881269572455,1.8161485094708034,0.0,11.943688126957245,0.0,0.0,60,0,0,220,0,slsqp,"[30.0, 0.0, 0.0, 30.0, 0.0, 0.0]",30.27
P2,fc1020fbdc9464ed,200,2484268450,nw_retrain_0077_none_easy_seed20258521,3.538116776535875,0.6172603077041684,0.0,0.2534141463708468,2.6082769667101973,0.059165355750663035,1.9298398098256782,0.0,0.0,60,0,0,220,0,nsga2,"[223.83946527884362, 0.6539722151246647, -6.9766119989435715, 144.19504520599114, -0.879390668820681, 11.200205735475379, 285.9415441390698, -1.3472609728309797, 14.009980649233885, 473.8047792922166, -4.816685776853698, -13.844468749896654, 251.94495162734955, 3.1230060878195336, 13.45108372018597, 244.35080685295867, 1.9095507053235217, 5.828389087783045, 459.8861483783507, -0.6037395236100824, -2.5389712419849135, 323.77162691331034, -5.777232423282861, 8.853829679518018]",40.89
P2,3ffaa05f939463ad,200,1788743483,nw_retrain_0077_none_easy_seed20258521,5.023882510685439,0.0,0.0,1.0957313362842676,2.643259211798973,1.2848919626021986,3.3806232988864666,0.0,0.1,60,0,0,220,0,sobol,"[420.40278060227956, -5.288264203816652, 11.317011304199696, 280.6704957367036, -3.472733963280916, -2.7990382947027683, 254.88294135010003, 1.9085944779217243, 2.842545870691538, 491.3213707148344, 2.1584498696029186, -2.907085318118334, 484.79208621070495, 0.43182559311389923, 10.058451410382986, 690.5292134705296, -1.3809460178017616, -14.741962518543005, 47.996284638116826, 0.9403613805770874, -7.3717817813158035, 167.32499726079558, -2.041264146566391, 8.965737998485565]",39.48
P2,2a51700d7fb2b860,200,2867034141,nw_dual_val_050,0.8892422078358785,0.06822869713683395,0.0,0.0,0.7886045392278955,0.03240897147114899,0.900637668607983,0.0,0.0,60,0,0,220,0,slsqp,"[241.6781017133974, 0.12889628264106454, -2.4803634799252285, 307.13601260428186, 0.12805463394683705, -2.3922494382507327, 273.9175286940765, 0.13534610276227574, -2.347566855915666, 288.75715877389, 0.1255577782058093, -2.4191581118802015, 261.96714568717704, 0.11703065336449633, -2.5185272398245497, 282.0092292066508, 0.13348910560862662, -2.5371162426550558, 306.9391333644716, 0.13511643166136297, -2.64899218001228, 336.7034846785144, 0.0, 0.0]",54.54
P2,8a38341d77279f72,200,4194782137,nw_retrain_0010_crossing_moderate_seed20251824,2.6614500066816635,0.0,0.0,0.309294780031584,1.937965976562022,0.4141892500880573,1.7234840301196412,0.0,0.11666666666666667,60,0,0,220,0,nsga2,"[943.0915192571844, 0.3011985676124356, -11.875336935511806, 634.6986706109387, -2.156630752156877, -13.889000779478357, 481.3631464377628, 0.6953273576139475, 1.2199783886975963, 426.7839501007264, -1.384986632196739, 9.214690599243113, 241.8490708577631, -1.57014757869251, -1.0194028780131426, 345.3569922344814, 2.470187532431302, -9.933939317049783, 383.84338268767993, 5.767072380093147, -4.183220273609955, 164.86271881384454, -0.7358458481102497, 5.415869676739533]",51.95
P2,8ab847b11c65b361,200,1831515445,nw_retrain_0077_none_easy_seed20258521,4.256675839136861,0.0,0.0,0.41538073856536756,2.043898060077595,1.7973970404938988,3.2127777790592664,0.0,0.03333333333333333,60,0,0,220,0,nsga2,"[497.73532557640965, -0.09128131244700259, -15.411062639236434, 529.0495075063427, -2.4800438057273455, -6.2287570570535955, 784.2408241449981, -4.628105451909459, -1.0188314167053187, 90.16009565851914, 2.2441179104383027, -13.26184027309362, 629.9255110745046, -4.0069171170716515, 1.9834452842767112, 557.0331316208441, -4.018786644263647, -17.546127366575806, 74.51573596131196, 5.806599237450872, -5.862415917690434, 191.448947326831, 5.79389183719191, 5.708486412297012]",43.92
P2,919ddf7684eea617,200,2416446722,nw_dual_val_050,1.1060910335652274,0.12872873427944714,0.0,0.0,0.9773622992857802,0.0,1.011310814055697,0.0,0.0,60,0,0,220,0,sobol,"[280.77538400888443, -5.638436414301395, -5.658785697072744, 454.8553290311247, -4.98114724829793, -3.7820460833609104, 187.1260209940374, -4.452875230461359, -1.8985324501991272, 470.39141988381743, -0.07271021604537964, -4.89598448574543, 569.1221575252712, 1.9290376268327236, 0.10104375332593918, 322.90821500122547, -4.67587236687541, -2.763527277857065, 368.2122879009694, -2.647084414958954, -2.872990384697914, 235.6917168572545, 5.419327240437269, -2.509809046983719]",55.29
P2,74240cc9867f8c61,200,818362873,nw_retrain_0010_crossing_moderate_seed20251824,4711.1036387847325,4701.357983883768,0.0,1.4320423892777312,1.9455659615172411,6.368046550169967,11.847076281618174,0.0,0.0,60,0,0,220,0,nsga2,"[652.064852442298, -5.45147324085546, -2.807267807147644, 827.5921248744922, -0.5392295231164432, 1.2191817659824613, 685.7950956331579, -5.281620649517974, 7.320243815210546, 887.9086814571629, -0.6323759881341414, 4.812653196349573, 518.5925358585673, -3.613650547264695, -1.9998863821020922, 717.6459709992907, -4.677873867661755, -1.869225723659329, 900.4092465686433, -1.581577629331282, -2.327838102246976, 241.2547041051166, 0.33185406641710036, -14.759939007541595]",54.75
P2,380744e244a67407,200,3566395820,nw_retrain_0010_crossing_moderate_seed20251824,3.595180210627792,0.0,0.15495737157123046,0.0,2.5336756648353402,0.9065471742212216,2.0507355205238698,0.0,0.05,60,0,0,220,0,nsga2,"[223.14609951328603, -1.5602831735489358, 14.769081051911375, 343.37576840207527, 1.1939701155390896, -16.746178531652323, 922.4078340693133, 0.10449145190432073, -12.393782574383621, 907.4771725061566, -1.0844782544018354, -1.400974795612143, 677.4673810661144, -0.365050578152073, -13.470901032218372, 60.71100222762147, 0.27205551779457693, -4.1770320117382695, 375.0066611191644, 2.0940401670368463, -6.706684306141014, 328.62248912340544, -1.424368879664101, -6.222989809009022]",55.58
P2,408430aab1841b21,200,2915775201,nw_retrain_0014_vertically_overlapping_hard_seed20252216,2198.254925711326,2190.837785938345,0.0,1.5666299657706864,1.9796511386482123,3.870858668562516,14.405153449256687,0.0,0.0,60,0,0,220,0,nsga2,"[242.0814421128437, 5.324232268180745, 14.065534409662753, 482.50377345888376, 1.9084383332342933, 2.2643335505190634]",51.15
P2,470bc502b3b7bb74,200,2889431169,nw_retrain_0010_crossing_moderate_seed20251824,16.059439979773227,2.2915759374929627,0.0,0.9241450472648071,2.1763689963709743,10.667349998644482,10.6,0.0,0.016666666666666666,60,0,0,220,0,nsga2,"[880.8960458649608, -2.4200515433765264, 11.099987759718111, 526.5278143001328, -1.8558863123595124, 3.7708001128729007, 742.8986216219272, 0.3629391420457293, 10.701893383478954, 379.93056553125996, -1.6825789496538626, -17.58442740718074, 885.347190933966, -5.8675006706353106, 7.522303124813467, 689.259998039553, 2.133101640235048, -5.376125807234316, 261.493232186669, -5.649238071226504, -5.744944011470947, 229.33252028043037, -3.9305083079125565, 0.23549471328748428]",57.36
P2,8f65e4c4bb3c9560,200,2250792060,nw_retrain_0014_vertically_overlapping_hard_seed20252216,6.557120589776013,2.382100396585603,0.0,0.748439046736474,2.623013613650463,0.8035675328034727,4.934106976125549,0.0,0.0,60,0,0,220,0,sobol,"[713.5801243970186, 0.8007981218397617, 8.461444985121489, 223.27029691007067, -3.4696550332009792, -3.094580478966236, 273.3625090007708, -4.560023199766874, -2.772853698581457, 145.27824425707212, 3.1566890068352222, 9.39723538979888, 267.23436863976485, 1.7027932293713093, 13.671706773340702, 639.8101137551921, -0.8320385366678238, -1.9140055105090141, 556.3782361817597, -2.4657060988247395, 6.737677663564682, 628.1031646756658, 1.670230083167553, 4.357326664030552]",54.11
P2,a0533142611d84ff,200,2719485077,nw_dual_val_050,1.2987870891152533,0.057193098409343154,0.0,0.0,1.1637937112248307,0.07780027948107938,1.1349933778904227,0.0,0.0,60,0,0,220,0,slsqp,"[241.6781017133974, 0.12889628264106454, -2.4803634799252285, 307.13601260428186, 0.12805463394683705, -2.3922494382507327, 273.9175286940765, 0.13534610276227574, -2.347566855915666, 288.75715877389, 0.1255577782058093, -2.4191581118802015, 261.96714568717704, 0.11703065336449633, -2.5185272398245497, 282.0092292066508, 0.13348910560862662, -2.5371162426550558, 306.9391333644716, 0.13511643166136297, -2.64899218001228, 336.7034846785144, 0.0, 0.0]",61.01
P2,9b31be95720326b2,200,4293960883,nw_dual_val_050,1.886480162329062,0.12874668900095354,0.7222864863539157,0.0,0.9564414848597309,0.07900550211446178,1.930038677469331,0.0,0.0,60,0,0,220,0,nsga2,"[392.90845434042757, -3.243253187014954, 2.54115646771676, 311.64963285855407, -1.767483809115462, 3.8785766952424505, 386.47177357871766, -3.625549361673822, 2.4988555619228183, 564.6994599701488, -5.308193913318809, 2.1683455786146015, 372.985409027827, -2.72654447393675, -4.493941523393022, 306.09525748804504, -2.156885147688617, -3.537082845014958, 76.59770320306563, -3.4373885264144626, -2.0658206170002513, 535.0194070140604, 3.6073042414712084, -3.2300076875619688]",62.0
P2,a667c88f73f63d23,200,3281918492,nw_dual_val_050,125.62592949604303,124.59747265948712,0.0,0.0,1.0032933958568333,0.02516344069907005,11.02516344069907,0.0,0.0,60,0,0,220,0,slsqp,"[30.0, 0.0, 0.0, 30.0, 0.0, 0.0]",61.34
P2,dc136d64b4acd5ef,200,1109534389,nw_retrain_0014_vertically_overlapping_hard_seed20252216,2197.9061534131115,2190.855858358724,0.0,1.5666299657706864,1.9493365999737535,3.5343284886432538,16.10095845441394,0.0,0.0,60,0,0,220,0,slsqp,"[30.0, 0.0, 0.0, 30.0, 0.0, 0.0]",56.56
P2,1869f6ad2db72370,200,4259684973,nw_dual_val_050,125.87773257890724,124.59747265948712,0.0,0.0,1.2424206095727193,0.03783930984740363,11.037839309847403,0.0,0.0,60,0,0,220,0,slsqp,"[30.0, 0.0, 0.0, 30.0, 0.0, 0.0]",62.58
P2,b4bc677d3d547cbb,200,1703062505,nw_retrain_0010_crossing_moderate_seed20251824,10048.52436658508,10035.810470731061,0.0,1.5789941052154202,2.136465361340739,8.998436387463007,21.577430492678427,0.0,0.0,60,0,0,220,0,slsqp,"[30.0, 0.0, 0.0, 30.0, 0.0, 0.0]",60.17
P2,487ae23158f46824,200,2048186631,nw_dual_val_050,125.74829665983115,124.59747265948712,0.0,0.0,1.0675866275456107,0.08323737279842115,11.055491403667006,0.0,0.0,60,0,0,220,0,nsga2,"[193.41835332673844, -2.181174856914198, 1.2846737798902372, 44.02707649424782, -0.5444476296366911, 0.3474675985009932]",64.42
P2,69b115e46c4b326f,200,680225949,nw_retrain_0014_vertically_overlapping_hard_seed20252216,4.840621309790916,1.5304539210600243,0.0,0.7568869755411175,2.149264007296708,0.4040164058930659,3.6913573024942075,0.0,0.0,60,0,0,220,0,nsga2,"[527.9171075981703, -4.2290092827091215, 10.765354906559708, 85.08934616068426, -1.9339296620128186, -1.1211522528136952, 653.4163326251692, -4.943902079408614, 12.97623442625578, 634.2861827152774, 3.996543997898658, -8.409315830234393, 202.10386477853547, 5.218082397235192, 2.438451947395354, 277.81215365787733, 0.5335803357973895, 6.689897905335249, 671.5400518412313, -3.667195373415762, 5.4019055544320365, 92.16993478229932, 2.2413382321411106, -10.541321853246735]",60.99
P2,193ae399d56945cf,200,2930662524,nw_retrain_0010_crossing_moderate_seed20251824,10049.293118846537,10035.810470731061,0.0,1.8289538418541806,1.9496870172761345,9.704007256345577,22.532961098199756,0.0,0.0,60,0,0,220,0,slsqp,"[30.0, 0.0, 0.0, 30.0, 0.0, 0.0]",62.06
P2,f99e4a114cb891f3,200,4228281098,nw_retrain_0014_vertically_overlapping_hard_seed20252216,2204.7504299766465,2192.94926182187,0.0,1.5666299657706864,1.7742597717560553,8.460278417249663,18.817428880426053,0.0,0.0,60,0,0,220,0,sobol,"[66.45593663939381, -4.609020486474037, 12.374466575682163, 387.7678521325352, 2.1133530735969543, -0.7931616269052029]",61.06
P2,d74bf6be74af3731,200,3854449470,nw_dual_val_050,125.62132193037534,124.59747265948712,0.0,0.0,0.9840298262781081,0.03981944461012,11.03981944461012,0.0,0.0,60,0,0,220,0,slsqp,"[30.0, 0.0, 0.0, 30.0, 0.0, 0.0]",67.51
P2,6dad749a1b12b932,200,1220936479,nw_retrain_0014_vertically_overlapping_hard_seed20252216,5.270006598822023,0.0,0.8098386340778333,1.7186827999981453,2.344244870612974,0.39724029413306966,3.9257617282090482,0.0,0.0,60,0,0,220,0,nsga2,"[215.1173143286743, -3.903926496804659, -1.9821329031823467, 502.71538269751824, -3.2483078310504254, 3.347154865759944, 516.3401455051626, -5.328053893883694, 15.93183622179286, 284.93741645633827, 5.743434950714905, 6.8407468720920335, 58.1209167034296, 3.0002691411913105, -6.792049528816916, 543.2739564010523, 1.503855365787642, 5.5747781527974425, 212.70229822695012, 5.616274127677517, -5.157758825382843, 474.0263253186009, 0.5526379613056132, 16.312096799988453]",62.72
P2,c68f3bf3ca633592,200,2822867796,nw_retrain_0014_vertically_overlapping_hard_seed20252216,2204.025156099098,2190.8368231052573,0.0,1.5666299657706864,1.8531578238148185,9.768545204255329,15.897822363989528,0.0,0.0,60,0,0,220,0,nsga2,"[495.63667933169427, 0.5071325450381782, -9.940975513174056, 782.7405454918713, 2.9422381513047107, 1.6685090325499634]",60.76
P2,6cc7ea2626180c3f,200,3506365236,nw_retrain_0010_crossing_moderate_seed20251824,10057.628068912387,10035.810470731061,0.0,1.5789941052154202,1.939717412128872,18.298886663979847,22.578994105215422,0.0,0.0,60,0,0,220,0,slsqp,"[30.0, 0.0, 0.0, 30.0, 0.0, 0.0]",68.8
P2,aa4a83234a0b84b2,200,3222629854,nw_retrain_0014_vertically_overlapping_hard_seed20252216,35.24100939493997,14.870178593804853,0.0,1.2184484234649628,2.234598967235141,16.917783410435018,10.4,0.0,0.016666666666666666,60,0,0,220,0,nsga2,"[726.3809408258334, -2.9573248501355076, -3.6418780165299616, 487.27567255560405, -2.361568302586237, -12.060363741099815, 481.10245891430196, -2.088816161728262, -3.029950363026366, 125.0770671711585, 0.6229009164574884, 9.687557634808453, 738.0153414056481, -3.9188845963839047, -11.287937547543248, 40.61284308905681, -5.506701193886442, 10.39594998558217, 324.24259722807915, -4.481914979654661, 8.446364534293146, 775.5888441242807, -5.943359951593891, -14.971487047050674]",67.6
P2,bee5f16975dddb3c,200,1134285508,nw_retrain_0010_crossing_moderate_seed20251824,10055.281426415773,10035.810470731061,0.0,1.5789941052154202,2.0051362796592254,15.886825299837534,22.578994105215422,0.0,0.0,60,0,0,220,0,slsqp,"[30.0, 0.0, 0.0, 30.0, 0.0, 0.0]",69.23
P2,6692bc53f8b112c1,200,1775526992,nw_retrain_0119_converging_moderate_seed20262637,12.543099676737665,7.095383372970183,0.0,1.4909028142101135,2.690959968975612,1.2658535205817576,10.852139707762053,0.0,0.0,60,0,0,220,0,nsga2,"[787.8702611621229, -5.13266427007983, -16.482593532837516, 212.6594735040423, -5.486133506197536, -5.119483538434607, 829.886091139946, -4.333765252821631, -8.479511205756658, 925.3769508701137, 1.7210864164148314, 5.6596173447334195, 124.20562222891243, 3.4187611684946484, 14.757338954909223, 984.6264129866598, 4.078447057642887, -4.3095546034050125, 389.8464437052389, 4.086622878791456, 14.945416885259771, 675.7712635195386, -3.931757288623645, 3.2049707579112976]",53.32
P2,54353be04ef4af16,200,1911318931,nw_retrain_0119_converging_moderate_seed20262637,16.754629693851484,2.897346860196542,0.0,1.0934399317927734,1.8237065846567666,10.940136317205402,10.6,0.0,0.0,60,0,0,220,0,nsga2,"[718.2844922288037, -5.508565021679699, 15.342998786567607, 908.2123565433741, -5.001011774415181, -7.824349132265535, 593.9713952966273, -5.904796405140807, -1.5803804421289656, 473.9769684536729, -2.326526039759983, 8.356120932411663, 944.3006690909448, 2.0398547940037046, -12.395507642235483, 588.9520897849985, -1.3997232678204963, 0.17356817033969296, 169.3393156808655, 4.367647576252242, -11.859085017379005, 649.6139728591176, 4.056534714332632, -0.16690272416818175]",60.67
P2,a1c2d20a608ecdf2,200,2985067849,nw_retrain_0119_converging_moderate_seed20262637,10.441813454826633,0.5694423854303698,0.0,1.6261909802605972,2.7065689014136285,5.539611187722037,8.735244553413004,0.0,0.0,60,0,0,220,0,nsga2,"[256.54971624014195, 1.2971865607248354, -0.442259028189234, 334.6251084907845, 1.2718950176086046, 11.679893006843294, 771.5979047842096, -1.3582205836031136, -17.059375119322226, 228.38763351046848, -3.511368427227322, 13.800391072514746, 726.047015702656, -0.28379244584089647, -3.354126639467913, 792.6271406047232, 5.832518926868253, 4.769319052070428, 537.8226257801231, 0.6317704302766707, 15.757145881563453, 718.1164750296826, -5.321691810353477, -3.438614548335761]",60.4
P2,b9cbc361818bb762,200,581479466,nw_retrain_0119_converging_moderate_seed20262637,161.1501821390332,95.35498600610606,0.0,1.1592617786242938,2.2300857295241783,62.40584862477866,10.917732082432629,0.0,0.0,60,0,0,220,0,nsga2,"[36.94607445255372, -0.19298134741751172, 4.755771144774539, 993.0051330079647, -2.9683442671476947, -11.452075583116791, 102.40492480231089, -2.680093032117268, -2.7574699426617206, 640.6398360777089, -5.450052492824201, -14.286234029966764, 563.6360190905259, -0.8245810816868733, -3.443956960829406, 545.5861123067693, -1.166960887622223, 11.674562096641637, 912.4856223472952, -3.764192223869346, 6.438129175165139, 805.6641364470088, -3.2258406968315216, 3.262568618778972]",62.12
P2,86bff60647a2401e,200,2756611767,nw_retrain_0099_vertically_overlapping_easy_seed20260677,3.9226557711424976,1.964012361436031,0.0,0.11747690337286176,1.8215560007297367,0.019610505603868785,3.101099770412761,0.0,0.016666666666666666,60,0,0,220,0,nsga2,"[391.19118966761727, -4.285976151175648, 2.426945824474, 344.28276743240474, -0.22002151995132047, 5.314641154772673, 385.7702067976316, -0.27047628468849605, 4.133104671335229, 572.4638012513107, -1.6936793958578207, 16.27671570272951, 33.312452783904234, 1.1528116647019457, 0.8638413793153816, 808.7667990310058, -2.7310579217221496, -1.1977255022084816, 124.36703364970535, 3.3614645221544266, 5.249032095413041, 64.70072656312814, -1.7210453660181921, -15.40545181817619]",76.99
P2,2f12d0eb59a5e64f,200,699894229,nw_retrain_0119_converging_moderate_seed20262637,4698.389772516643,4676.822106865861,0.0,1.2550704683201976,1.7877953166693552,18.524799865792186,22.2550704683202,0.0,0.0,60,0,0,220,0,nsga2,"[991.4167747715106, -4.893239043185137, 0.7045134741294695, 616.8593976580806, 0.37274190350304853, -0.4534342007209956]",61.69
P2,ca86b15f50dca1cf,200,2160679965,nw_retrain_0099_vertically_overlapping_easy_seed20260677,5.677546391486537,1.193742140133602,0.0,0.9863969712823856,1.929206537983148,1.5682007420874016,4.748339853503389,0.0,0.0,60,0,0,220,0,nsga2,"[720.9074770185381, -4.2976622269434515, -2.537762080274618, 123.88358629756854, -4.378590820998913, -1.5579573549806227, 826.2064648085817, 0.7179110431519926, 13.100219559393693, 593.3050330697783, -4.628075963288408, 10.28262650828306, 308.356223423945, -1.1006342821446782, -7.595533889191617, 112.86349831654759, 2.9696385990635696, 13.999663595625513, 286.5345487730459, 4.246846348009749, 2.1010546376678905, 333.71281513947827, 1.1730801306756908, -11.860660657329912]",78.39
P2,e02925304f131aa9,200,3405222797,nw_retrain_0119_converging_moderate_seed20262637,4714.718275532822,4690.060105804505,0.0,1.2550704683201976,1.8223433512133809,21.580755908784713,22.2550704683202,0.0,0.0,60,0,0,220,0,nsga2,"[475.7277457583382, 3.7915278387289373, 2.8802839936751, 775.0674405958752, 5.275968199794156, -1.4584431845148984]",69.06
P2,270fbb8ae3471439,200,1311968169,nw_retrain_0099_vertically_overlapping_easy_seed20260677,3.510192412458062,0.0,0.0,0.7376722315134329,2.7376646680108596,0.03485551293376962,1.7725277444472023,0.0,0.06666666666666667,60,0,0,220,0,nsga2,"[456.72365769829685, -1.0482459539133384, -7.3095736809024086, 412.6857838554513, -3.4224617383208913, 9.141756642623147, 238.6746071596051, -2.6498601476101804, -1.8727383167284517, 187.364467158172, 4.220665679946258, -7.0847293638496875, 423.28965405893223, 1.7943455282292051, 2.8248861070256277, 320.10351584761975, -1.9604031383902032, -0.7154501563271389, 252.10257918676996, 0.6782859613858797, -8.201384995318087, 275.8636904715798, 1.0916723076044335, -11.244861030928282]",89.91
P2,a92edec57bbc409c,200,805976788,nw_retrain_0119_converging_moderate_seed20262637,4800.1668461439585,4759.338017484458,0.0,1.7337851481975797,1.6272425715309908,37.46780093977242,22.73378514819758,0.0,0.0,60,0,0,220,0,slsqp,"[30.0, 0.0, 0.0, 30.0, 0.0, 0.0]",71.56
P2,d8cbf86a562150ab,200,1269199532,nw_retrain_0119_converging_moderate_seed20262637,4771.0772597712785,4759.338017484458,0.0,1.2550704683201976,1.443336545989755,9.040835272511194,21.295905740831394,0.0,0.0,60,0,0,220,0,slsqp,"[30.0, 0.0, 0.0, 30.0, 0.0, 0.0]",69.89
P2,c72cd977815406e5,200,1680824158,nw_retrain_0122_vertically_overlapping_easy_seed20262800,2.356138581818418,1.406533315996113,0.0,0.0,0.9337944077611903,0.01581085806111471,2.422344174057228,0.0,0.0,60,0,0,220,0,slsqp,"[39.86536493696455, -2.218079142871955, 1.4090616674194898, 913.8275929730491, -4.202311896392036, 0.9447229637064485, 913.5272611867285, 0.14229297889942014, 0.818585502827413, 368.04865996694105, 2.2855467508524807, 0.5930612565391499, 343.9189276975589, 0.6239975658761163, 0.7287006865451671, 412.97042451054165, -0.6030658950665739, 0.33790433588982566, 340.00738183782585, 0.1528886986777312, -0.04606612991696801, 355.21810176868985, 0.0, 0.0]",66.09
P2,bc48398d8caf8855,200,1772378425,nw_retrain_0187_vertically_overlapping_easy_seed20269170,3.884657115477529,0.5219210434972625,0.0,1.379487619071255,1.8364127864821724,0.1468356664268388,2.951452545170916,0.0,0.0,60,0,0,220,0,nsga2,"[293.19505440572203, 2.721802405475148, -0.1174200833820187, 362.3112690367482, -2.4477249297709975, 6.7652963043774985, 64.12253802439831, 4.019352267179337, -17.319621299271173, 93.54069850748186, -1.1174980194127628, -4.777895479619471, 433.5789863013883, 3.8884876461846916, -6.438639404254154, 118.35764736772337, 5.179961299764942, 14.276925714427382, 298.2417465074557, -1.774348692734736, -13.923338588789026, 117.76881015685922, -4.703822178732048, 4.296485785048999]",32.42
P2,86093254f9f982f7,200,2805969233,nw_retrain_0122_vertically_overlapping_easy_seed20262800,39.64600203684739,7.209899597349747,0.0,2.1117870853943113,2.3552880951925057,27.969027258910824,10.94285714285714,0.0,0.0,60,0,0,220,0,nsga2,"[894.4919527055844, -4.804077561507516, -4.480252676884174, 899.1861963668063, -0.4374139778342881, -7.592355437987459, 365.06372178330184, -3.154621695677006, 8.113360715277173, 794.8789550915646, 1.8178433176476543, 17.637814216290806, 849.6549030310383, 5.118710905002347, -17.96444397878193, 477.68541693311715, -4.3420017153454795, -15.397102713215183, 237.18947892480088, -0.010943755185243376, -13.985280133896183, 704.9962218278306, -4.061211151992907, 9.293079163624252]",72.05
P2,efd5e7934f35d54d,200,2903211448,nw_retrain_0099_vertically_overlapping_easy_seed20260677,4889.686029960059,4712.984673668674,0.4680343504792369,1.39771232702392,1.707357498500911,173.12825211538083,11.90702883672968,0.0,0.0,60,0,0,220,0,nsga2,"[719.719584926844, -0.01695240776315783, -9.811806640631543, 836.6429002566256, -1.4371832459984846, 9.195930425035058, 160.4259952223744, -4.5216037413285, 5.726851118158489, 630.9225359989979, -0.25990434174924704, 14.483121323752073, 550.0861622182044, -2.7365010824253737, 7.779402024730635, 729.0099357463694, 0.7789872956873136, -8.048676347567664, 283.35456160572187, 5.221375008666486, 6.787603558041087, 593.8599311591236, -3.495386368777634, 10.5176869112457]",96.02
P2,01a6cd55d483a59f,200,2375684443,nw_retrain_0158_vertically_overlapping_easy_seed20266328,6829.677751435543,6823.190071482203,0.0,2.0300372997693636,1.921308104440266,2.536334549130801,12.830037299769364,0.0,0.0,60,0,0,220,0,sobol,"[199.36943296861844, -0.28570475801825523, -4.9135609567165375, 64.37295889723248, 2.3703674264252186, 17.493025213479996, 645.2859298048224, 1.800059873610735, -0.3878313973546028, 65.3750345629407, 2.033813126385212, 7.99594734236598, 114.18971189480443, -3.907999813556671, 17.649939738214016, 795.1291455880767, 4.3643953576684, -5.4248668402433395, 686.5564591611867, -2.1233173683285713, -3.8276568688452244, 393.8203789501797, 0.5371961072087288, -6.720487520098686]",56.01
P2,d177a9b64921bb13,200,1386145210,nw_retrain_0151_approximately_parallel_moderate_seed20265773,12.717398314877547,10.815517244828742,0.0,0.0,1.9018810700488058,0.0,10.867495518415527,0.0,0.0,60,0,0,220,0,nsga2,"[386.94675858518104, -0.29606795650067586, -6.302419383265857, 439.10907601462213, -5.381922045888489, 2.3876158505969336, 48.12545903980495, 0.8859098366278486, 1.3862390926696833, 301.52028815569935, -0.5336228368816123, 8.08037185996331, 406.403094964871, 1.2563028759622692, -6.685307430235223, 926.6231304674641, -5.327714878466909, 0.37059032260215474, 82.37111662151622, -0.06155211692770157, -6.626874391986011, 75.5628741451814, 5.534574852109262, 4.116851743625375]",60.33
P2,d300e5408e4a4f28,200,260959926,nw_retrain_0099_vertically_overlapping_easy_seed20260677,3997.457359462072,3942.4891196979884,0.0,1.8129148998359004,1.7489105777876994,51.4064142864601,22.812914899835903,0.0,0.0,60,0,0,220,0,slsqp,"[30.0, 0.0, 0.0, 30.0, 0.0, 0.0]",93.36
P2,933f3a0057934d19,200,4040606374,nw_retrain_0158_vertically_overlapping_easy_seed20266328,16.82437188376019,12.854366180371045,0.0,1.0450075904821305,2.254161700837607,0.6708364120694048,11.03154781412891,0.0,0.0,60,0,0,220,0,nsga2,"[412.3611723037625, -1.0423364807499058, -15.30088481227371, 963.1921397057566, 0.1550622214567402, -6.618867096427509, 647.0725516332336, 2.4255888451508425, -6.862065738273556, 223.8559416887481, 3.992401738192856, 11.6084556058544, 947.4211572108379, -3.1973935721500113, 1.7038793014770874, 283.3134052339345, -5.295413943071351, 6.074938856454783, 78.69110500109298, 2.6934566239065783, -10.26106490967294, 554.9732690021416, -3.6157202997335602, -2.935771986295956]",55.94
P2,9b6b782314c7e6e1,200,2307377975,nw_retrain_0187_vertically_overlapping_easy_seed20269170,2.3035304321883303,0.0,0.0,1.1328208842633465,1.1707095479249838,0.0,2.123691850552542,0.0,0.11666666666666667,60,0,0,220,0,nsga2,"[101.60330626905156, -3.3919213159504222, -10.351056122375638, 34.16958428437479, 1.6999029362944704, -15.717423273096083, 212.65308447545266, 5.010092421609731, 7.0421218269462535, 411.94572577491954, -3.5316431928978878, 0.26053712042416777, 132.94660585759982, -2.110094410403295, 7.797346707145961, 275.77218330865, 1.8577046626527434, 4.994563911633613, 98.4711056632285, 4.910927598035577, -1.3684298034205793, 307.7827261601337, 3.7164323893522457, -12.249929402577683]",32.68
P2,4715b38bf11ffe13,200,477610527,nw_retrain_0158_vertically_overlapping_easy_seed20266328,23.823612146490255,17.801330760937223,0.0,1.732735775679051,1.8540988667154443,2.435446743158541,10.942857142857147,0.0,0.0,60,0,0,220,0,nsga2,"[534.7436884766325, -0.426425801728465, 1.0019682764554076, 715.4125714611782, 0.32470771319088154, 17.239560897971085, 239.77805562997705, 5.112513895708616, 17.79475845886242, 382.62923332587525, 3.7465191197408707, 15.970710046628682, 282.93781543997795, -4.599930754409987, -14.256803070386008, 425.15455410831066, 4.11190378934559, 2.362073349540097, 157.46042647270582, -3.714918150923883, 4.633673210743523, 942.247497584053, -3.1973758406752806, 6.730962507218136]",59.34
P2,615356cb61b92576,200,4197614089,nw_retrain_0122_vertically_overlapping_easy_seed20262800,5.871355077578295,3.2267383546775865,0.0,0.4672811740989686,1.9639834850033222,0.21335206379841776,4.907371592574973,0.0,0.0,60,0,0,220,0,nsga2,"[71.73184146153653, -2.7446880286168693, 1.7051003901545, 618.8143801293016, -3.0882574607947575, -16.945701102426796, 63.227241811457986, 0.7492610478865909, 12.79941510217472, 561.1147943820594, -1.1055066591880638, -0.01879654143794346, 592.1354604798432, 2.256290837680098, 11.884282247371122, 611.9790174960185, 0.4472441274761274, 3.8438264911139832, 189.90202167290198, -2.4379707642663675, -0.5986118796592743, 719.4673009397231, 2.323935801129597, -3.6330963583604445]",76.1
P2,a921497d6c1e7d25,200,477465380,nw_retrain_0187_vertically_overlapping_easy_seed20269170,3.1958692362173458,0.151966061768351,0.0,0.9614479863021117,1.9316442242722818,0.1508109638746015,2.264225011945064,0.0,0.0,60,0,0,220,0,nsga2,"[199.76273124128423, 3.944699315716983, -13.16708232018074, 141.16711432102147, -1.6456152551034147, 3.7261073668695923, 294.6046764765273, -4.116084891811957, 6.124526396304518, 325.7132187198727, 1.4818695839548015, 3.978780236332433, 134.93325361577593, 3.611986183370953, 13.2125349284019, 221.73076862793795, 2.564342205135863, -10.283309883864932, 309.3474855464529, -3.7420947150094217, 0.4408593366126195, 343.39446577280495, 0.31094569451313436, -11.851113014163783]",31.22
P2,759d001eac78ff28,200,3592852103,nw_retrain_0099_vertically_overlapping_easy_seed20260677,4000.3818856477446,3942.4891196979884,0.0,1.9163293243783468,1.6489105777876993,54.327526047590176,22.916329324378346,0.0,0.0,60,0,0,220,0,slsqp,"[30.0, 0.0, 0.0, 30.0, 0.0, 0.0]",97.1
P2,6e87b9370b834aa0,200,27560325,nw_retrain_0122_vertically_overlapping_easy_seed20262800,10.208576370410428,3.4683991160077667,0.0,0.7172508895370454,2.8563427339502807,3.166583630915335,8.352233636460147,0.0,0.0,60,0,0,220,0,sobol,"[933.8055730704218, -2.3211086578667164, -11.31992156803608, 918.991650082171, -5.77067344263196, -4.793547257781029, 377.87732851691544, -1.087340522557497, 17.36769849434495, 755.9592533670366, 1.382052730768919, -6.103727404028177, 260.03723398782313, -3.8806547820568085, 12.836929634213448, 290.1329094450921, -5.024393297731876, 4.157718915492296, 48.282610680907965, 3.9497046880424023, -10.709945362061262, 647.3048518970609, 1.5378754399716854, 7.0882518365979195]",84.42
P2,2754a1ebf8937df2,200,1821817733,nw_retrain_0158_vertically_overlapping_easy_seed20266328,13.868106558987172,4.982249372909433,0.0,1.1522970385050344,2.0369177436783152,5.6966424038943915,11.802369758264081,0.0,0.0,60,0,0,220,0,nsga2,"[541.8875657310381, -1.2439871375698184, 2.3919346588638977, 413.4786599355851, -5.198550900021659, 1.4525144555027, 250.70013045885403, 0.4687651280749414, -9.651867886044899, 233.23641894105492, -1.6408081735126576, -14.193608176143783, 683.6664413771116, -1.4797834967609287, 6.126600507322927, 886.6371226866278, 3.542135043931284, -2.992742987257243, 203.84515148154114, 3.6677750819292787, 12.913782231029723, 800.441172562322, 5.162670022987841, -8.010678408418894]",61.39
P2,02876f54d01b3ad7,200,334307132,nw_retrain_0099_vertically_overlapping_easy_seed20260677,3995.3381953726594,3942.4891196979884,0.0,1.8129148998359004,1.7568185308271809,49.279342244007516,22.812914899835903,0.0,0.0,60,0,0,220,0,slsqp,"[30.0, 0.0, 0.0, 30.0, 0.0, 0.0]",100.81
P2,b17791f3be415bd3,200,241623959,nw_retrain_0158_vertically_overlapping_easy_seed20266328,5824.083545682485,5787.788346539637,0.0,1.9589787535369971,2.094843115539655,32.24137727377218,15.309786835765587,0.0,0.0,60,0,0,220,0,sobol,"[418.69618223522167, -0.6165097989141941, 17.753872521221638, 472.9292010368459, 1.883427232503891, -11.221925117075443, 760.9620552583626, -4.6175950057804585, 3.093267235904932]",59.3
P2,de625c10964bcd3b,200,1403328057,nw_retrain_0187_vertically_overlapping_easy_seed20269170,7.547455049486548,1.499704429014532,0.0,1.560717316743635,2.693387348673736,1.7936459550546455,5.854067700812813,0.0,0.0,60,0,0,220,0,nsga2,"[189.95877261570837, -2.542318190544405, -9.745116218833509, 53.30609828761501, 4.957599209734057, 4.014814060307572, 324.1602505118072, 4.049437777259028, -3.501473984834286, 408.2762105982107, -4.153576176758576, -12.934802810062099, 449.9813564759165, 3.6983699651804742, 14.915430182861918, 435.5620664253389, -1.3196158665175972, -10.854182044264283, 448.4381009194233, -3.561373800168459, -0.07254963335470332, 250.50107130923024, 4.627987714781334, 10.165511163832269]",38.17
P2,6165ea6157c52472,200,3294430826,nw_retrain_0099_vertically_overlapping_easy_seed20260677,3956.2348052265866,3932.79331902125,0.0,1.8129148998359004,1.4489105777876992,20.179660727712974,22.812914899835903,0.0,0.0,60,0,0,220,0,slsqp,"[30.0, 0.0, 0.0, 30.0, 0.0, 0.0]",102.28
P2,880e9b24b99b3a7a,200,534493376,nw_retrain_0151_approximately_parallel_moderate_seed20265773,9.245772254935146,0.19886829240466142,0.0,1.1031671966065402,2.656981763053796,5.286755002870148,7.588790491881349,0.0,0.0,60,0,0,220,0,nsga2,"[584.5797336848173, -0.43936094046261776, 10.178131175776123, 143.4454057533278, 3.4495980137394064, -14.72853175913589, 875.6245950737358, -1.0506814562766194, -16.459743491667776, 954.5151806096443, 0.8119119127442864, -1.1979271140872114, 831.6963587020769, -4.583603741671412, -6.157976865049838, 567.601002880082, -2.0431617192482165, -16.94524852460522, 46.88736948820821, -1.978698355021054, -11.430680007662234, 581.580335398214, 3.680842190139732, -5.477736311529615]",72.41
P2,6783fd7f5d59c022,200,4188982317,nw_retrain_0187_vertically_overlapping_easy_seed20269170,651.19309730773,647.0013872012665,0.0,1.934385059401426,1.9092005950710997,0.3481244519909952,11.260697540138022,0.0,0.0,60,0,0,220,0,sobol,"[303.1676576553577, -4.16407835483551, 17.606310356408358, 391.2200495996339, -1.204574380069971, 3.079278040677309]",34.66
P2,b3af913176fc0194,200,4157398418,nw_retrain_0158_vertically_overlapping_easy_seed20266328,5656.655266639206,5627.976726342571,0.0,1.0084537450293773,1.8981096020485153,25.771976949556755,15.450709868747689,0.0,0.0,60,0,0,220,0,nsga2,"[865.1876726832896, -3.4376375075114374, -6.202091183559415, 923.5821583277615, -3.692906965228514, 2.386432968050009, 772.9282347422763, -0.9954846292889878, 5.904573464071981]",62.6
P2,2997107775fef743,200,3306251115,nw_retrain_0151_approximately_parallel_moderate_seed20265773,1747.7689975753135,1739.76941631643,0.30641173421691864,1.393283248709379,2.6930081047782624,3.6068781711789,13.678634341521386,0.0,0.0,60,0,0,220,0,sobol,"[488.8326517867422, -1.3106626085937023, 11.30418374016881, 533.9286247611269, -3.3856970965862274, -1.4506293274462223]",69.84
P2,a31f4d2905807024,200,3387505665,nw_retrain_0151_approximately_parallel_moderate_seed20265773,12.77613692694013,0.0,0.0,1.9635879159992597,2.2827948991361824,8.529754111804687,11.0,0.0,0.05,60,0,0,220,0,nsga2,"[783.1525091590672, 0.7096517256352701, 7.679037159317069, 126.6444414866156, 1.5526758923737702, 13.414427093142095, 619.8231214458907, 1.1138404168281226, 10.886832672727895, 864.3899445454862, 0.7766083631692435, -12.60304962192964, 360.84812660318306, 1.5640869838989653, -7.644826772808001, 154.54955810748947, 5.365278114740624, -17.65886804746241, 331.7362771548129, 2.1039261529165945, 15.344442362798251, 532.4752653770375, 2.8802382972887273, -6.689001813002099]",75.85
P2,b878fbced5e12817,200,3372507304,nw_retrain_0158_vertically_overlapping_easy_seed20266328,5707.180723582182,5692.84551717709,0.0,1.0084537450293773,1.6023415761837434,11.724411083878685,16.74611221287735,0.0,0.0,60,0,0,220,0,nsga2,"[699.6311489084628, -5.346293038367042, 4.119746806909269, 809.2881687201184, 1.8271657560369063, 0.7494813939361045, 138.626314151155, -0.8713737734391598, 3.6662903105751443]",65.71
P2,37b669d44fd4a484,200,720978860,nw_retrain_0158_vertically_overlapping_easy_seed20266328,5738.39325645895,5650.5244878020885,0.0,1.7193881690773754,1.9979975849486418,84.15138290283629,22.719388169077376,0.0,0.0,60,0,0,220,0,nsga2,"[655.1628755284482, -5.097775725881052, 11.598391623094239, 764.6570631461187, 4.1058886861446515, -2.599390835212552, 543.5688726459136, -3.0612164399093644, -3.177106615762632]",66.35
P2,79c5f1f5fd42bb80,200,1533163427,nw_retrain_0187_vertically_overlapping_easy_seed20269170,639.6469325741011,636.7739973348969,0.0,0.7995415265896471,1.5683305662272529,0.5050631463873206,11.320682644482767,0.0,0.0,60,0,0,220,0,nsga2,"[380.24219088033146, 1.3730179774006102, -10.797249159537824, 430.23721370530603, 4.729706273595989, 1.6041235974222539]",35.36
P2,d8eaa0dc4c03a849,200,3188956049,nw_retrain_0122_vertically_overlapping_easy_seed20262800,11291.584414189369,11279.046761862386,0.444186340980046,1.1604005974652676,2.046189045204954,8.886876343332736,21.49146328177805,0.0,0.0,60,0,0,220,0,slsqp,"[30.0, 0.0, 0.0, 30.0, 0.0, 0.0]",81.01
P2,b7224c8e3c36b33c,200,2599372475,nw_retrain_0187_vertically_overlapping_easy_seed20269170,647.3611311018872,643.8922272508347,0.0,1.1269566342235036,1.8800332727281763,0.46191394410080805,11.260697540138022,0.0,0.0,60,0,0,220,0,sobol,"[356.7143523321424, -5.102272979915142, 12.761739805340767, 438.88658516481064, -4.075571961700916, -2.769607689231634]",37.05
P2,47b703e3f85e0451,200,1002061280,nw_retrain_0122_vertically_overlapping_easy_seed20262800,11294.74576834593,11279.046761862386,0.444186340980046,1.1604005974652676,1.8735817613560308,12.22083778374347,22.604586938445316,0.0,0.0,60,0,0,220,0,slsqp,"[30.0, 0.0, 0.0, 30.0, 0.0, 0.0]",82.29
P2,15ad2e247bebd62c,200,706703487,nw_retrain_0187_vertically_overlapping_easy_seed20269170,654.3188768775148,652.601903998777,0.0,0.6826836029830222,1.0000630592218933,0.03422621653285312,11.682683602983023,0.0,0.0,60,0,0,220,0,nsga2,"[73.19799432596643, -4.140991094470255, -8.53153334266112, 90.02686497435722, -1.1527387141085732, -7.438363059578565]",34.32
P2,c5afdc4abde96328,200,214951712,nw_retrain_0175_vertically_overlapping_easy_seed20267994,20.261312806449155,17.177760068255107,0.0,0.6941688835902656,2.2125767078784904,0.17680714672528985,11.043317263863035,0.0,0.0,60,0,0,220,0,nsga2,"[592.406008328741, -1.238698488646322, 3.589401087062981, 275.27796962691195, -0.7434957787835896, 15.148732759503911, 559.2707530223291, -4.67650812856019, -14.477454526425028, 386.2138961285943, 4.1438125972570745, -8.328928045606133, 156.58773682094392, 5.094462952428126, 8.958040866358694, 331.5298956213487, -2.1869287534721122, 5.691946207522163, 400.40178279369115, -5.240306384823009, -1.7707944700244966, 583.1531399195891, -5.633347760805916, -5.604582697519856]",67.91
P2,1c46475552c9edba,200,3829049406,nw_retrain_0151_approximately_parallel_moderate_seed20265773,7602.641263556478,7593.602477390359,0.4948462417305309,1.633211843299738,1.8449975530301295,5.065730528058104,12.708726825642707,0.0,0.0,60,0,0,220,0,nsga2,"[643.4691513268734, 4.542345158099521, 4.144366119272263, 323.5238691291081, 4.550647972023118, 14.489347521526682, 507.0340120247053, -2.806223230721682, 4.342431453429047, 379.9450400085448, -4.302725711142757, -3.7848770605493094, 206.79600723418142, 3.9028813345239355, -3.1587193110593597, 85.29075855558153, 2.7074168193689037, -7.213763187847211, 88.73013273317733, -4.615546619335224, 12.134752205460053, 278.94484395632566, 0.5577180616840588, 1.6539241624597234]",80.81
P2,e9f8aa0d1c706fa9,200,1324061294,nw_retrain_0175_vertically_overlapping_easy_seed20267994,255.26771002232715,253.1978420493314,0.0,0.0,2.055233579595444,0.014634393400307569,11.014634393400307,0.0,0.0,60,0,0,220,0,sobol,"[155.6235991138965, -0.7114766724407673, -4.593423653393984, 506.203250316903, 2.3250633627176285, -0.5995195470750332]",67.81
P2,c89c4ba3b4333528,200,676998762,nw_retrain_0151_approximately_parallel_moderate_seed20265773,1746.6664263823768,1738.6476610370808,0.30641173421691864,1.393283248709379,2.858335050023924,3.460735312345928,13.979419874257061,0.0,0.0,60,0,0,220,0,nsga2,"[368.6554588232479, -4.6536153109110066, -5.070265588380341, 473.435529280565, -5.62304266414099, -6.82638914082688]",77.96
P2,7f4677953f21e6be,200,581341897,nw_retrain_0175_vertically_overlapping_easy_seed20267994,44.64621025508261,41.49678378992201,0.0,0.5400219540907166,2.1466912032040826,0.4627133078657916,11.045039036617808,0.0,0.0,60,0,0,220,0,nsga2,"[808.7404271380574, -0.7182581222934332, 9.721513913542134, 411.9419765509183, -2.703292239240212, -10.576414449626515, 565.6338783081266, -4.082544028243536, -3.2726574157752637, 535.1912338074733, 5.163159701650645, -7.668725160365146, 484.0512544125485, 5.851459087671208, -2.3084148138953378, 155.36821181756426, -2.092081642157941, 2.901144547965213, 519.7567859353911, 0.4445484546878161, 6.369466432536317, 559.5881128504726, -0.6661554789359925, 8.207339277957669]",68.65
P2,1fecccf0bd48349d,200,3953198435,nw_retrain_0122_vertically_overlapping_easy_seed20262800,11297.37413173031,11279.046761862386,0.444186340980046,1.1604005974652676,1.823834073774642,14.898948855704015,22.604586938445316,0.0,0.0,60,0,0,220,0,slsqp,"[30.0, 0.0, 0.0, 30.0, 0.0, 0.0]",94.06
P2,e7cb39f19192ac83,200,1301327709,nw_retrain_0151_approximately_parallel_moderate_seed20265773,1753.502107012728,1743.2915917010441,0.30641173421691864,1.7220220130989563,2.637577536827546,5.544504027540266,18.57293777485614,0.0,0.0,60,0,0,220,0,slsqp,"[30.0, 0.0, 0.0, 30.0, 0.0, 0.0]",79.78
P2,8f26449901401093,200,3228145356,nw_retrain_0175_vertically_overlapping_easy_seed20267994,255.21619301174348,253.1978420493314,0.0,0.0,2.0094871272546464,0.00886383515741923,11.0,0.0,0.0,60,0,0,220,0,sobol,"[122.01368739828467, -4.783225569874048, -15.763558834791183, 409.03352400287986, 5.402360904961824, 2.251252021640539]",66.73
P2,5c6e1f37b00ba4b1,200,3911751449,nw_retrain_0151_approximately_parallel_moderate_seed20265773,1747.3400403279948,1738.921271141742,0.30641173421691864,1.393283248709379,2.858335050023924,3.8607391533026103,14.35298350354701,0.0,0.0,60,0,0,220,0,nsga2,"[103.92150653236521, 1.8688077018837315, -14.174632661525557, 760.8163930369487, -3.4937104236179026, -4.034542418197623]",84.76
P2,bf4525ee269338d9,200,3085327213,nw_retrain_0175_vertically_overlapping_easy_seed20267994,255.39299329191962,253.1978420493314,0.0,0.0,2.141234997087353,0.053916245500845,11.053916245500846,0.0,0.0,60,0,0,220,0,slsqp,"[30.0, 0.0, 0.0, 30.0, 0.0, 0.0]",69.8
P2,5c5018d89821054c,200,3052045706,nw_retrain_0175_vertically_overlapping_easy_seed20267994,768.0577745779528,764.9910512358506,0.0,0.613794281422343,2.003883345058167,0.4490457156217948,11.633314246961964,0.0,0.0,60,0,0,220,0,nsga2,"[614.6095331930347, 3.8966305907881438, -4.699923354785978, 657.0151497978868, 0.4416335835154177, 4.481161748249654]",70.78
P2,5c4d346342c9ba06,200,3240590687,nw_retrain_0270_approximately_parallel_easy_seed20277435,8.686056983994272,6.498917640265392,0.0,0.0,2.102753958091693,0.08438538563718562,7.458515821627523,0.0,0.0,60,0,0,220,0,sobol,"[34.39063937844952, -2.9998008459806442, -16.829725988209248, 40.88470687602059, -2.217845533043146, -9.687207631766796]",14.56
P2,dea4bf503507218b,200,4094626458,nw_retrain_0270_approximately_parallel_easy_seed20277435,8.571786069724638,6.475801700543379,0.0,0.0,2.036087291425026,0.05989707775623206,7.4712709329251465,0.0,0.0,60,0,0,220,0,sobol,"[105.80201179794967, -1.4841702170670033, -10.453924220055342, 65.87467045497866, -2.6387471705675125, -16.07731643691659]",15.36
P2,afb9fc7aa7b446ef,200,3468870167,nw_retrain_0270_approximately_parallel_easy_seed20277435,2.226198850463166,0.0,0.0,0.5934646250784695,1.6327342253846964,0.0,1.5895605586831683,0.0,0.11666666666666667,60,0,0,220,0,nsga2,"[78.51315507176302, -5.0170699717924565, 13.29917824662843, 107.16022733267323, -1.3580347480735881, 8.164097249354572, 56.396416698578584, -1.730071169581703, 5.624636331541311, 131.45862461302053, 4.808264548852245, 12.044856070785706, 138.25850393209717, 2.3595797841648714, -0.13489142481401473, 53.03321371050794, 3.275131551929375, 14.877049126070007, 64.46800942241944, 1.7919865878118628, 10.025125922294666, 103.01380977400733, -4.067029523364485, -0.131161323632341]",15.99
P2,0b6cecc88a322c80,200,4122774138,nw_retrain_0270_approximately_parallel_easy_seed20277435,2.0183349873934375,0.14379695975662146,0.0,0.24126030042713772,1.6332777272096783,0.0,1.3850572601837592,0.0,0.1,60,0,0,220,0,nsga2,"[199.9345446227842, -5.458677801270656, 15.048704607075328, 130.17086175654632, 4.653159038217808, 6.907723628823366, 67.11195949394265, -0.05899692971709669, -0.3072418743376487, 44.97124518268987, -3.692722179442362, 1.257794398727674, 185.7437596968924, -4.450204134982828, 2.5298597871639306, 198.69540783904995, -0.9387828599853072, 16.473325781984485, 217.83265110208066, -1.5964155520829442, 15.459755531835414, 77.63424165144826, 2.5637780236836285, 12.721623166644395]",16.91
P2,e838fc8174f4945a,200,3938549113,nw_retrain_0270_approximately_parallel_easy_seed20277435,2.402127536413252,0.0,0.0,0.7511978187717077,1.6509297176415445,0.0,1.7511978187717077,0.0,0.03333333333333333,60,0,0,220,0,nsga2,"[155.38281194039496, -1.9827024541646077, 11.602083893642435, 213.95034706810168, 2.485781687156254, 6.75191558072234, 109.1653627450453, 3.052840751913994, 5.556020899107917, 121.9367837931884, -4.156774625056263, 4.414558956822457, 157.4655992740656, 1.018628495081595, 15.464238863060359, 213.1846021550989, -3.00229146073724, 4.9383106735185365, 61.406634545502584, -1.6118412424916393, 10.380096371117165, 179.54670743363832, -0.6596779792404694, 2.0392284027714602]",17.38
P2,aa6f146cc1605979,200,2396943593,nw_retrain_0270_approximately_parallel_easy_seed20277435,9.119076025093962,6.86556193662113,0.0,0.0,2.2303415980845895,0.02317249038824201,7.86556193662113,0.0,0.0,60,0,0,220,0,sobol,"[217.1839671400851, -3.581663802266121, 11.970463167876005, 191.22834099753018, -2.0530131608247757, 11.048251580446959]",17.11
P2,61a77e2e953545eb,200,182847326,nw_retrain_0122_vertically_overlapping_easy_seed20262800,11303.145868314621,11279.046761862386,0.444186340980046,1.1604005974652676,1.994265857893429,20.500253655896206,22.604586938445316,0.0,0.0,60,0,0,220,0,slsqp,"[30.0, 0.0, 0.0, 30.0, 0.0, 0.0]",95.8
P2,ece94a440a994ff0,200,3277560303,nw_retrain_0175_vertically_overlapping_easy_seed20267994,4.9352331439871975,2.0646004489793515,0.0,0.06880350307238518,2.3764484005946795,0.42538079134078205,3.5587847433925184,0.0,0.0,60,0,0,220,0,nsga2,"[199.19715670721766, 1.211507991048347, 15.407178682071983, 759.5243809029333, 0.22690559321076426, -9.581245339633135, 456.1340153656775, -5.731349586239655, -13.206378622847437, 783.8478227844558, 5.562024756603385, 0.6730063889909579, 285.29202271310106, 3.174908465328813, -6.41282101843398, 288.5305430356914, 3.3075847492854398, 0.7895994940619708, 494.4032634831817, 4.617945044137299, 0.4454969668733399, 494.5552473219257, 0.40906149384614054, -5.704528651852673]",80.73
P2,ed22d614f340d83c,200,776348280,nw_retrain_0270_approximately_parallel_easy_seed20277435,2.197523856001321,0.0,0.0,0.8802707622937017,1.317253093707619,0.0,1.8802707622937018,0.0,0.1,60,0,0,220,0,nsga2,"[128.48892804891224, -2.5969136698232758, 2.7013990998070847, 162.19179357813798, 2.4696709052800587, 17.647323683876238, 34.40359679833704, 5.749893625488072, 6.340889025806846, 221.40886837722354, 1.4735619731900629, 2.4126333957609347, 171.05503763973954, 2.0992196036940376, 8.241852129561998, 146.29926010063565, 0.6311401845957554, -4.526470946494814, 230.946789899837, 2.6273278190534626, -3.943139060100724, 132.23084969230038, -3.7351751983482413, -11.111630069172229]",19.56
P2,8c99497cf49abfcd,200,4229088640,nw_retrain_0270_approximately_parallel_easy_seed20277435,9.142970522252735,6.951722105707425,0.0,0.0,2.1694206247583594,0.021827791786950216,7.935180988991696,0.0,0.0,60,0,0,220,0,sobol,"[133.88549833740535, -0.6064435914158821, -14.179007682949305, 75.73330816581984, 5.205054681748152, 1.180815663188696]",15.93
P2,28ca4fdd65def095,200,3410007872,nw_retrain_0175_vertically_overlapping_easy_seed20267994,5878.271118896884,5850.513363462097,0.0,1.9495390459891737,2.089961805740213,23.718254583058513,13.010352162305745,0.0,0.0,60,0,0,220,0,nsga2,"[461.14042587271297, -2.9149806617186114, 13.230889130232567, 308.02995977389065, 2.5967426239633173, 5.569726631059767, 822.2833762269476, -4.525708760288562, -2.219976854797613, 168.06942211305966, -4.996055963728258, 5.036318448852132, 812.0440297326312, -4.295475040912283, -0.780630349246799, 886.2822395157281, 0.5612922188688607, 5.1394581431904784, 218.27196936047196, 2.20470788506003, 17.69723427593482, 839.3193941010067, -5.522103709301698, -2.8584403632037203]",85.6
P2,f7b41d40da2cd601,200,2348494927,nw_retrain_0221_converging_moderate_seed20272633,2267.8402496505714,2131.651354406632,0.0,1.8502765751348675,2.2354134855440533,132.10320518326014,12.850276575134867,0.0,0.0,60,0,0,220,0,nsga2,"[672.0179193067801, -0.19282124248051175, 5.149953349420805, 761.9761170685665, -0.5626712797440314, -4.202787833305107, 749.2632271201774, -3.724412922832718, -12.476669703834272, 926.7478957430751, -0.7867765401983066, -6.21961762627572, 473.73195047252096, -0.9470549328471908, -9.629286780105208, 93.4621933174873, 0.5107779870198935, -3.2314956960726766, 473.5447936407123, -5.4043158223896635, -11.22419951025465, 845.6983587854367, -2.1970198228431053, -16.612402082597555]",57.24
P2,f5804b8736c0d32d,200,1681020720,nw_retrain_0221_converging_moderate_seed20272633,46.34131902604277,12.776148014526955,0.0,1.2726180143369816,1.9640461032265464,30.328506893952284,10.4,0.0,0.0,60,0,0,220,0,nsga2,"[399.66933620814564, -4.764641364924, -4.374882088836214, 218.7293805675992, -5.129066357988777, -9.266158140598147, 266.982799047194, 0.1990088301043853, -14.897293056275878, 814.5712168704516, -4.542250534767813, -11.714365733601523, 691.8031284957451, -1.1086034034112144, 2.6118890287890544, 937.9989534692188, -4.9108264407231, -17.63343263225326, 920.8824102632988, -4.615849659313612, 1.3576674515188412, 399.6950527489553, 2.372653841913785, -0.6558250925509155]",60.42
P2,dd26bf3fda45dbf2,200,3889451868,nw_retrain_0221_converging_moderate_seed20272633,10844.359007293026,10837.12644070362,0.0,1.6392545855943228,1.594199681340794,3.9991123224724525,12.756110157385189,0.0,0.0,60,0,0,220,0,nsga2,"[278.738574294258, 0.0013474638158048613, -4.426208690613761, 235.66117034047195, 3.912501141748116, -0.7433841253596617, 566.8687822528123, 4.792832744140947, -7.00469963061435, 674.2297307571749, 5.023651174640685, -0.3970026353888929, 331.2711896835958, -3.9559684093738836, -8.512513888205579, 105.89804740228978, -5.80401062689082, -7.789096473135533, 505.86115132633813, 1.5950959643516103, 2.557860027251523, 260.84828280079813, -3.6769891352690025, 0.46859068335510834]",64.69
P2,6874710068ebf2d8,200,3129105495,nw_retrain_0221_converging_moderate_seed20272633,96.70564805647177,3.169593576106251,0.0,1.5235418282443576,1.9506538395249222,90.06185881259624,11.905173030495279,0.0,0.0,60,0,0,220,0,nsga2,"[585.3246360474758, -3.58640939593864, -1.135636987274958, 935.4459252320563, -3.912381524954915, 7.189028431043431, 852.3950451990653, -4.3137389289286165, 2.200893400704428, 193.31775679327822, 0.44361039890669873, -17.993431281589324, 946.0951038824247, -2.781843278913839, -14.673425768051942, 664.7338899195204, -2.243771044248325, -14.080774768296877, 478.8943806710495, -0.9679419170263375, 16.291100445064064, 753.2245442705324, 2.5923323092182335, -1.9897619686210395]",65.33
P2,014e9d8f33f64eea,200,2442581737,nw_retrain_0224_crossing_easy_seed20273058,7.605876103933604,0.30933329924942105,0.0,0.6050890727321768,1.8031706192358263,4.88828311271618,6.8027054846977775,0.0,0.016666666666666666,60,0,0,220,0,nsga2,"[227.08943462856288, 0.10127522841702108, 16.57197555921547, 832.5025582822952, -2.26881641060787, 1.3690535502911336, 205.57041675971394, -2.067851325035751, -9.38640057137332, 908.192872853885, -5.617439236624289, 11.050603319272447, 687.6840945664298, -0.8231317951836297, 10.324491891111144, 970.0779376591413, 5.811032567258143, -7.681855695950947, 675.4071911187282, -1.5015542624195515, -6.127864034553154]",58.37
P2,004a917f85a49d3f,200,2221874777,nw_retrain_0224_crossing_easy_seed20273058,12.323663891393828,0.42750880225301885,0.0,0.9475579136395146,1.658745693538729,9.289851481962565,11.287727748876907,0.0,0.0,60,0,0,220,0,nsga2,"[987.2518064033519, -3.870432714660261, 7.344530938825027, 615.7971114156086, -4.090494960558913, 12.5066877134838, 593.8204655851235, -3.3432770229984845, 16.84443114776134, 532.8651222560541, -2.479565946455838, 4.864415844922417, 96.8462647281282, 2.0331146758221728, -15.143268964995256, 302.9891976684663, 1.1749247585711906, -4.154806143254934, 853.7218104562736, 2.13767461784051, 11.489089665257337]",60.8
P2,03ccbca202f6e54a,200,1612935185,nw_retrain_0224_crossing_easy_seed20273058,10136.618876062976,10131.6639235809,0.0,0.9753192249861128,1.7759574472529362,2.2036758098363034,11.287727748876907,0.0,0.0,60,0,0,220,0,nsga2,"[613.0509609119902, 1.2645493687312068, 6.1809008318421395, 57.80346754314483, -4.544151911450863, -10.534768501578647, 755.837757659955, 0.28627414367074855, 0.5533707263946275, 305.9365345964669, -3.767583651400905, 11.851915349916645, 743.9245972625272, -5.4207133235691565, -0.7434208511895015, 722.5547125078799, 5.952876014726422, 3.392495306234758, 590.501117940256, 3.1821288260506098, 4.401907747760102]",66.84
P2,d054fd8056c96156,200,2202435348,nw_retrain_0221_converging_moderate_seed20272633,12298.79326651788,12144.281651772748,0.0,1.8135604118795097,1.5532155183058332,151.14483881494587,22.813560411879507,0.0,0.0,60,0,0,220,0,slsqp,"[30.0, 0.0, 0.0, 30.0, 0.0, 0.0]",74.65
P2,9cd81f37d3ddae2b,200,2824159475,nw_retrain_0221_converging_moderate_seed20272633,12349.894533829183,12108.510778979673,0.0,1.8135604118795097,1.6405920519722692,237.9296023856581,22.813560411879507,0.0,0.0,60,0,0,220,0,slsqp,"[30.0, 0.0, 0.0, 30.0, 0.0, 0.0]",73.87
P2,71157b33424bdc46,200,3859066158,nw_retrain_0224_crossing_easy_seed20273058,10249.12408778821,10244.251854116776,0.0,1.5541712823164124,1.158485061598579,2.1595773275200423,12.806051272979555,0.0,0.0,60,0,0,220,0,sobol,"[145.91073786839843, 3.865293949842453, 13.57274305075407, 60.956349121406674, 2.815625198185444, 3.689244221895933, 170.8625059388578, -2.149258106946945, 2.12946829944849, 998.5530489031225, -4.7946017906069756, -0.008894339203834534, 137.36564536578953, -5.987843580543995, -1.7316580787301064, 342.6168766245246, -3.12083050981164, 2.229284830391407, 306.45245644263923, 4.9030439257621765, 4.664988376200199]",67.55
P2,72e9bc01ff4132a8,200,2003906500,nw_retrain_0344_converging_easy_seed20284556,55.16968633120506,51.14240524327669,0.0,1.7335580262760484,2.0876005102841564,0.20612255136816268,12.14783524350618,0.0,0.0,60,0,0,220,0,nsga2,"[261.30491072141774, 5.021471342607339, 15.624290754821248, 624.7441621390414, 3.665079754997887, 1.802566676922471]",45.86
P2,8712b037981623e5,200,2608676273,nw_retrain_0233_converging_hard_seed20273809,2.7176896295232997,0.0,0.0,0.6607298645729642,2.020896285630699,0.036063479319636445,1.695815198137617,0.0,0.11666666666666667,60,0,0,220,0,nsga2,"[893.5097265909702, -3.793429349111257, -17.804631294437122, 534.3144855177466, -1.2709643199450544, 0.08328573325387634, 421.7313244987312, -4.220489883316617, 7.043696118449955, 307.19862039125803, -5.600923157817462, 4.0607304420489845, 329.099745794424, -5.882875532072651, -0.5258721147058792, 877.1185496146371, 4.180838668242151, -3.3377297964487065, 307.880512257061, 2.010116418955165, 9.964379187437807, 30.915084961179872, 2.6011571891121, 2.1875172558105596]",68.76
P2,0f3a6a7825804338,200,3774472184,nw_retrain_0224_crossing_easy_seed20273058,7087.263264096106,7078.192801302993,0.0,1.6013164218296059,1.630852088909419,5.838294282373247,18.439610704202853,0.0,0.0,60,0,0,220,0,slsqp,"[30.0, 0.0, 0.0, 30.0, 0.0, 0.0]",72.69
P2,8324c43b624272a0,200,1009775059,nw_retrain_0224_crossing_easy_seed20273058,7087.270316649144,7078.192801302993,0.0,1.6013164218296059,1.7729666032318534,5.703232321089858,18.304548742919465,0.0,0.0,60,0,0,220,0,slsqp,"[30.0, 0.0, 0.0, 30.0, 0.0, 0.0]",70.77
P2,3b64aeac64e68a5d,200,1170522059,nw_retrain_0233_converging_hard_seed20273809,1414.0759276878891,1407.5328883131015,0.0,1.702954979613476,2.181686703944691,2.65839769122951,12.719365230728087,0.0,0.0,60,0,0,220,0,sobol,"[467.6520491577685, 0.7961467579007149, -16.21772987768054, 706.0115625802428, 2.015504512935877, 2.33179684728384]",70.82
P2,678cdf40151e5a31,200,2688300193,nw_retrain_0221_converging_moderate_seed20272633,12692.776018602985,12144.281651772748,0.0,1.8135604118795097,1.5325531251314792,545.1482532932255,22.813560411879507,0.0,0.0,60,0,0,220,0,slsqp,"[30.0, 0.0, 0.0, 30.0, 0.0, 0.0]",80.8
P2,108dc8ca0802fa9f,200,707230212,nw_retrain_0344_converging_easy_seed20284556,194.7548628791645,192.51342484047663,0.0,0.17074364942436912,1.829548094860209,0.241146294403307,11.0,0.0,0.0,60,0,0,220,0,sobol,"[634.7888909109805, 5.785762578248978, -3.98672641441226, 585.7452058892503, 0.4932837300002575, 2.741400573402643]",51.78
P2,d84814a01ce1ac15,200,3426757892,nw_retrain_0224_crossing_easy_seed20273058,7095.602378332656,7078.192801302993,0.0,1.6013164218296059,1.7919228822285767,14.016337725605817,22.60131642182961,0.0,0.0,60,0,0,220,0,slsqp,"[30.0, 0.0, 0.0, 30.0, 0.0, 0.0]",76.3
P2,1f8dfadaf4b15b8f,200,263191647,nw_retrain_0233_converging_hard_seed20273809,1336.5813261451365,1329.619367090794,0.0,1.0266253083408363,2.2815221371521743,3.6538116088494834,12.733461452335659,0.0,0.0,60,0,0,220,0,nsga2,"[795.8758621696545, 2.5380753552052453, -8.046668372017788, 870.4280847607214, 2.7376160328350547, 5.047712350722589]",71.45
P2,441309b8a47b0db6,200,2196354382,nw_retrain_0344_converging_easy_seed20284556,285.24245519574555,283.3191276268016,0.0,0.0,1.923327568943921,0.0,11.0,0.0,0.0,60,0,0,220,0,slsqp,"[30.0, 0.0, 0.0, 30.0, 0.0, 0.0]",52.71
P2,8ec88461dbd87082,200,2998955132,nw_retrain_0344_converging_easy_seed20284556,155.8792979752147,153.80262643096822,0.0,0.0,1.961228634001887,0.11544291024460644,11.115442910244607,0.0,0.0,60,0,0,220,0,slsqp,"[30.0, 0.0, 0.0, 30.0, 0.0, 0.0]",54.49
P2,eff23100db70f39e,200,3616465081,nw_retrain_0233_converging_hard_seed20273809,11743.007339631233,11732.312654762756,0.0,0.8296856712549804,1.7905942382408822,8.07440495898102,11.690060276337366,0.0,0.0,60,0,0,220,0,sobol,"[168.33368516527116, 3.8501511365175247, 1.4265553280711174, 624.0166688524187, -1.7824268639087677, 6.215960148721933, 871.9026747252792, -1.7644998393952847, -3.08656882122159, 722.3881844058633, -1.3964691683650017, 7.119879372417927, 814.3811915628612, 1.4118180088698864, -1.6336542181670666, 816.787421470508, 2.5988985747098923, 2.0393781289458275, 843.6443418636918, 4.679823808372021, -0.1014685370028019, 404.40530370920897, 4.729826007038355, -10.978114027529955]",76.19
P2,7e29d345908af98e,200,3640383704,nw_retrain_0224_crossing_easy_seed20273058,7090.069432588317,7078.192801302993,0.0,1.6013164218296059,1.7619175752251608,8.513397288269731,21.114713710099338,0.0,0.0,60,0,0,220,0,slsqp,"[30.0, 0.0, 0.0, 30.0, 0.0, 0.0]",78.46
P2,c9cb9103804444aa,200,2051473741,nw_retrain_0344_converging_easy_seed20284556,15.57431497813343,4.400944146640963,0.0,1.7526920385327571,2.520349136134114,6.900329656825593,11.407687524079304,0.0,0.0,60,0,0,220,0,nsga2,"[381.2232546066431, -0.3476970649780755, -17.663670600191047, 470.26630555643754, -3.618842128177328, 7.640911971513324, 89.69336196209872, 4.176606704574664, -1.0135070188321547, 638.6189783122372, -5.3208280023415355, 1.8418827540829863, 663.7886637210713, -1.5049133937633272, 1.020447930689861, 145.00696690473825, 3.7599097299818096, 1.2295264919364572, 729.7921421353017, -4.44974947910131, 15.002053089045031, 358.8135472940214, -3.0456394771795003, 17.61497744718866]",57.15
P2,be62b770e0d217cc,200,3121510368,nw_retrain_0221_converging_moderate_seed20272633,12891.97646817319,12144.281651772748,0.0,1.8135604118795097,1.5716914652526779,744.3095645233107,22.813560411879507,0.0,0.0,60,0,0,220,0,slsqp,"[30.0, 0.0, 0.0, 30.0, 0.0, 0.0]",87.96
P2,7758d306fdffe310,200,2491433272,nw_retrain_0344_converging_easy_seed20284556,9.082763260490484,1.6745198694132533,0.0,1.8562266826469902,2.2939833470096067,3.2580333614206345,7.788779913480878,0.0,0.0,60,0,0,220,0,nsga2,"[216.75945822890338, -0.23646005860161085, -6.742363901366714, 350.3943597843301, 1.160406778882738, -15.720286585712968, 675.5812438041714, 2.7090636087277034, 17.59486038895036, 539.2890107047521, -1.259471215116326, 1.496743398722183, 163.60972001074538, -0.2895743870340084, 1.3179461840305358, 205.8865698852461, 1.5439822761997775, -5.978041452380399, 680.3164357047983, -0.881214765117155, 16.916237742445176, 262.0926550190805, -5.1915922044187255, 0.006110892747117624]",62.77
P2,aa6f6ebccdc5c7fa,200,2377254783,nw_retrain_0344_converging_easy_seed20284556,58.354213774472996,49.10531940677664,0.0,0.8916601513130011,1.8727718817787753,6.4844623346045855,10.781441579309849,0.0,0.0,60,0,0,220,0,nsga2,"[301.2359542384879, -1.5813709975405872, -2.5561866450144017, 777.0032634503359, -2.062958652781036, 7.94644196001822, 257.7330223161311, -2.4360276948475197, 15.60014793807674, 561.7777488687351, -3.4204840119365603, 16.688637919150036, 438.64307903149484, -4.489263070767884, 16.206688427710127, 132.36632960042468, 5.177341102477138, 2.4043753025927264, 289.95042977474765, 0.7907871472934889, -0.8798839450122038, 446.1306892851126, 4.4941830145749115, -7.467494773834389]",60.62
P2,b98d40bebbb74b0d,200,375148331,nw_retrain_0233_converging_hard_seed20273809,49.88766892233808,42.301324211230714,0.0,1.0266253083408363,2.566645723130221,3.993073679636312,13.254991599642553,0.0,0.0,60,0,0,220,0,sobol,"[761.271386006847, -0.6482380405068398, 5.500022906810045, 385.22910460829735, -4.196639969944954, -8.903307136148214]",76.23
P2,6ba8647bf6677397,200,1911444576,nw_retrain_0233_converging_hard_seed20273809,26.719855256178104,9.611036051283914,0.0,0.7986944422203989,2.330941207011154,13.979183555662637,10.4,0.0,0.0,60,0,0,220,0,nsga2,"[991.6317661654687, -3.711451712300426, 4.415448875403984, 852.8126932983456, -2.7966114694513227, -10.097700760641818, 280.3592300983799, -3.574515672643294, -6.967973123704683, 992.2484533182921, -2.5350694712778705, -9.81358393612284, 246.13428117756638, -4.278725463166249, 8.85421739568767, 151.7076187375208, 0.8631726390092647, 14.27545406448252, 315.84725010238606, -2.3196727633935095, -10.663742601394581, 789.3746135549341, 0.03234007069366879, 1.7524345439902778]",81.98
P2,8787b763cbd5f548,200,788227992,nw_retrain_0344_converging_easy_seed20284556,15.47809403054799,6.897043505853705,0.0,1.8279838336776901,2.3378529127965195,4.415213778220077,11.110343643675195,0.0,0.0,60,0,0,220,0,nsga2,"[697.9205048304693, -2.5368180232442272, 14.84458541093823, 375.65185322197965, 0.1760846283821791, -3.9929540994773287, 271.5008644044577, 3.965272715759565, 0.9017343242044876, 447.10151108064167, 5.142590638014104, 0.8915158777642449, 489.02676145791077, -1.5292258758553672, -6.268919300344979, 291.6597622766384, 5.0411420486507765, -16.403296474336692, 731.2718838157119, 0.9026574135213576, -16.96790300206584, 566.0921730671051, -2.1346176919151842, -4.056513556152541]",67.28
P2,a1a975e291333146,200,4125785040,nw_retrain_0346_vertically_overlapping_moderate_seed20285014,7.845511328063939,0.0,0.0,1.2440441060775587,2.1639258126041776,4.437541409382202,6.681585515459761,0.0,0.1,60,0,0,220,0,nsga2,"[218.811998170975, -5.537578457732934, 9.464204739691791, 584.7768781845199, 0.19009229650100146, 5.019806248979236, 257.91728507474886, 0.20819176684177532, 10.034154708086866, 150.49712165647168, 4.288103089104391, -6.718832465784002, 779.789698938136, -2.498654558379941, 9.448933149475884, 723.9768529397858, 5.2612047189977424, 7.3256664014247885, 711.898009652298, 4.270515793339319, -13.464264636464993, 745.496046523671, 5.678572969337021, -6.267982105947171]",61.06
P2,33c16bee681da479,200,2054996829,nw_retrain_0233_converging_hard_seed20273809,7.510295884426014,0.5420517507103394,0.0,1.0266253083408363,2.199909208534724,3.741709616840115,6.310386675891291,0.0,0.0,60,0,0,220,0,nsga2,"[800.0922872079468, -2.5996782969436465, -3.2673645282702575, 658.6976409761558, 2.7422818409807737, 3.970913848303539]",81.78
P2,9f8209f79ddbc1ed,200,2135288230,nw_retrain_0346_vertically_overlapping_moderate_seed20285014,5.024340852668137,0.3449524684684449,0.4954890192590252,0.5905893895892552,1.8167879943743934,1.7765219809770176,4.207552858293743,0.0,0.0,60,0,0,220,0,nsga2,"[769.9296848162282, -3.1435729638831504, 10.279203587259554, 593.0631961449102, -0.864909915401636, -3.163937957944227, 389.77386090853304, -2.134877010026006, -0.2169652986002193, 746.2061787375994, -0.6701515229661168, -1.3549770159151135, 538.5514759293267, -5.670444249044727, -3.4479565399350047, 94.38958424276456, 1.3458075200882713, 16.458063734675072, 259.6873106294445, -0.27048957631900006, 8.351237659892888, 51.16947802363414, -5.484706839033397, 6.15758549810202]",62.87
P2,cc4e5f4dcbb4a6df,200,886419084,nw_retrain_0346_vertically_overlapping_moderate_seed20285014,1332.7020201416726,1325.0664760235445,0.0,1.985343150148682,2.479100084300547,3.171100883678607,15.382440515733906,0.0,0.0,60,0,0,220,0,nsga2,"[227.6274523653901, 5.9793816680583145, 3.464705476964252, 87.4730167329713, 3.1069827618471106, 5.4810810363945786]",62.38
P2,48c30ee02afff98d,200,2094544355,nw_retrain_0346_vertically_overlapping_moderate_seed20285014,7.066505344689321,2.116758304876436,0.0,0.9329440023864001,2.4495532543887943,1.5672497830376912,5.616952090300527,0.0,0.0,60,0,0,220,0,sobol,"[363.1118245469307, 1.727358128875494, -14.072557277977467, 321.011226498497, -5.755305882543325, -1.4153883196413517, 591.7664318011414, -4.498924646526575, 4.960036363452673, 582.5360937244135, 3.5949907936155796, -11.028618413954973, 277.7160307746609, 4.461759064346552, 9.428737130016088, 429.1014229592585, -1.905108243227005, -9.848814748227596, 548.8837577321376, -4.7715047635138035, 5.199360251426697, 312.25078039377, 3.91784830391407, -1.3464572243392467]",64.68
P2,1ec7180790a32d2a,200,3512848657,nw_retrain_0322_converging_moderate_seed20282662,15.008506226470775,1.356905309454948,0.18015694275181776,1.2745321976607589,2.519535793442924,9.677375983160326,11.0,0.0,0.0,60,0,0,220,0,nsga2,"[37.87168332483117, -4.721295799000735, 8.950048481058255, 553.0250527891271, 2.665430160246439, -11.086171546306538, 643.0240112446468, -1.9568813690927649, 2.6006406659105776, 759.3581960837477, -1.2081953019423008, 10.571999468678184, 834.7537569990182, -0.8550447620676667, 15.099979536039902, 303.0131870951199, 1.4223699975177255, -0.19647578346475125, 417.66157143961294, 0.1031150216803155, -15.06826077189825, 157.21302768278596, -2.6234618161751064, -12.64492562483755]",78.13
P2,73dd305ea22b9ea0,200,3168694815,nw_retrain_0322_converging_moderate_seed20282662,274.01739869665386,269.804569743786,0.0,1.1408394963190949,2.5888396040562234,0.48314985249260545,12.140839496319096,0.0,0.0,60,0,0,220,0,nsga2,"[337.3604788903692, 2.8126549988881924, 11.828467882643363, 636.5028804693826, 0.8343314710036331, 0.36645962819905886]",76.23
P2,70aaab7e30fc95b0,200,1488644859,nw_retrain_0233_converging_hard_seed20273809,16.634034816955324,5.409379074496047,0.0,1.6210003402848203,2.625101930721098,6.97855347145336,11.0,0.0,0.0,60,0,0,220,0,nsga2,"[294.07529037597, -3.8010553086131975, 17.614065177827477, 217.0119910372577, -1.9891890118761264, -11.273655629359325, 342.10535105508393, 1.9895614432585913, -0.29406490307766076, 985.2638803702374, -4.690369584397523, 0.9350773820743647, 799.0385685640481, -0.26711420336844094, -13.65305850415109, 874.0996336306542, 2.927259937922866, -15.454398842106558, 343.5108873080957, -3.229329131492985, -5.288967322521044, 809.9275157190864, -0.24902643825767612, -12.440234500800765]",91.06
P2,b2c5eacf4f14dfc2,200,198660802,nw_retrain_0322_converging_moderate_seed20282662,4.687687686972447,0.0,0.0,1.1408394963190949,2.240330690342256,1.3065175003110963,3.447356996630191,0.0,0.05,60,0,0,220,0,nsga2,"[776.941450525418, -0.4983108996596451, 8.257536030942273, 573.173906243395, 4.432397730093483, -6.067602565352349]",76.82
P2,7f7389246f5a7a9f,200,3711698100,nw_retrain_0322_converging_moderate_seed20282662,297.2483496952735,290.89795430408935,0.0,2.0687085549951907,2.6799917362269796,1.6016950999619741,13.43326578514089,0.0,0.0,60,0,0,220,0,nsga2,"[525.2104948910138, 1.634566236051123, 8.022142803352445, 267.52925694928564, -4.249419593048934, 4.687565325413629]",80.62
P2,70b721f692d835b3,200,3194291989,nw_retrain_0346_vertically_overlapping_moderate_seed20285014,1333.0005555612995,1324.9973549206209,0.7165274049838172,1.985343150148682,2.345766750967214,2.955563334579084,16.657433889711584,0.0,0.0,60,0,0,220,0,slsqp,"[30.0, 0.0, 0.0, 30.0, 0.0, 0.0]",71.32
P2,27e1774918003b62,200,155777691,nw_retrain_0346_vertically_overlapping_moderate_seed20285014,39.724766057624684,2.3739686961645745,0.0,1.8356150880335396,1.9649755461808964,33.55020672724567,11.497009839440341,0.0,0.0,60,0,0,220,0,nsga2,"[527.4736339528096, -1.4889050747375043, -11.804159911707854, 231.5041406395229, -2.142878115957089, 11.962685814081238, 661.7755996270776, -1.9651626706800402, -1.5105450899921786, 648.3304886674075, -2.640169699983062, 8.078311716747763, 559.7337121932519, 5.1694204920933755, -13.047634857698911, 560.3258967735118, 3.635808794088549, -2.5950480697828553, 811.4942936947691, 3.5382125440863, -17.01369052820079, 394.5213583788327, -0.2099600023401189, -9.004921799800753]",72.92
P2,1cda849fd56b4e78,200,3384743863,nw_retrain_0322_converging_moderate_seed20282662,58.646162160942964,27.63666419136186,0.0,1.8729293445718465,2.095490663202572,27.04107796180669,12.292657353559743,0.0,0.0,60,0,0,220,0,sobol,"[386.65444744245093, -3.8999426141381264, 1.2450815252959728, 514.9721935347219, -1.4015266634523869, 11.337054681032896, 744.5372517258097, -5.104474972933531, 5.10764167830348, 499.27626922725733, -4.029169756919146, 15.104183714836836, 274.0057043281093, -3.030950177460909, -11.478494301438332, 710.8506457739982, -4.828093037009239, -14.25113208219409, 355.74567363933625, 1.170922838151455, 15.407546650618315, 244.060350907568, 3.609663024544716, 16.8605467826128]",88.11
P2,1b6fdf4611354242,200,2725202375,nw_retrain_0346_vertically_overlapping_moderate_seed20285014,1336.3105130512336,1324.7779772601664,0.0,1.985343150148682,2.277880479151539,7.2693121617669485,15.498609157754807,0.0,0.0,60,0,0,220,0,nsga2,"[541.3322165500845, -0.09672311257483024, -10.48000578354764, 352.10338607413775, -0.6128726139706036, -1.8998796833160965]",72.37
P2,2e4aecab31640330,200,742309415,nw_retrain_0322_converging_moderate_seed20282662,11.803472516193366,6.641554228597506,0.0,0.3214853796840195,2.9050489095263865,1.9353839983854533,9.898423606666979,0.0,0.03333333333333333,60,0,0,220,0,nsga2,"[39.640528622068246, -1.607461710458189, -1.5753759563985845, 230.3676468348889, -1.5191830783699172, 16.236103533729764, 668.1929853065947, 1.2487777009883008, -14.203090667692903, 210.7660549509911, -0.39682614054538323, 4.020520450175596, 552.171608906477, 0.7906558574369793, -11.738580204244503, 120.74502294726011, -3.222970370605476, 5.229545209089059, 927.2000327103065, -3.3553739022598945, 4.81028081290451, 937.0776966696685, -5.974220041094007, 6.383261573658309]",88.19
P2,78db291104ed2d5c,200,1876315491,nw_retrain_0322_converging_moderate_seed20282662,4.339145781627768,0.0,0.0,1.17428860263795,2.5922599605221155,0.5725972184677027,2.7468858211056526,0.0,0.03333333333333333,60,0,0,220,0,nsga2,"[314.747239550643, -5.001619037910492, -3.4984476180861943, 343.23905731917455, -3.508233587623288, 12.279725001729833, 620.1180854217266, -2.5332884020826514, 14.76392407515333, 456.66112470999576, -5.573156837921404, 14.500371911811527, 285.4592465035508, 2.90818813082322, -15.941358695195898, 109.93741402160944, -1.5613951380587199, -12.323057959238053, 707.0747773567864, 4.912690566890547, 0.4581570442895697, 840.3351362254148, -0.8999740177773621, -13.045731615827448]",89.04
P2,663dedc449aead04,200,3865233305,nw_retrain_0346_vertically_overlapping_moderate_seed20285014,1338.7578523137283,1324.8863161973638,0.0,1.985343150148682,2.479100084300547,9.407092881915082,16.653964268062744,0.0,0.0,60,0,0,220,0,nsga2,"[234.74385758159224, 4.511229601062967, 17.591404549253948, 509.2120938299381, -1.5311768776482981, 1.8533971035865116]",70.01
P2,cad3381340d030c0,200,4070336685,nw_retrain_0386_none_easy_seed20288803,7.68537306084075,1.4690211160885431,0.0,1.7105243174904377,2.851185134372187,1.6546424928895824,5.834187926468563,0.0,0.016666666666666666,60,0,0,220,0,nsga2,"[939.6718004338968, -3.1642257712967665, -6.2921984552668615, 367.32473346207377, 0.9360445101362123, 2.6820753922854834, 418.7074501236991, -1.3948552627620963, -7.93824101026749, 780.800441796125, 1.7164453943566063, 2.2241312604644703, 765.2854980122006, -3.9183385100740673, 13.88176285466156, 198.1032950513487, -5.898434652022694, 10.799893565569764, 288.289231555868, 4.776483802779483, 15.549176739513229, 70.63605695575788, -4.524168276712327, 8.591478913077207]",41.52
P2,900503a41eb63453,200,2675905834,nw_retrain_0386_none_easy_seed20288803,3.5350812696499316,0.0,0.0,1.3587692907794058,1.9687659863993054,0.20754599247122063,2.566315283250626,0.0,0.016666666666666666,60,0,0,220,0,nsga2,"[800.709852444134, 0.024642446477276647, 8.520682663806802, 235.1668581715272, -2.9370433764565953, -7.758144874303097, 312.20283996785196, 0.9793172959277863, 6.5585124538737105, 345.8248165176865, 1.4602945591270746, 5.993625076055663, 317.2347605725855, -1.7891132566609977, -0.8262701454998722, 160.569286012369, -3.840895389897099, -1.6523129035823105, 454.04649262850376, 0.08911938620864701, 0.254527781256475, 742.0508511935301, 2.8591440477477885, -13.864199928521728]",38.55
P2,83808856b13a6130,200,3113010239,nw_retrain_0386_none_easy_seed20288803,9932.912467601136,9925.209478995926,0.0,1.6700488941092761,1.8068442109339258,4.226095500165303,10.4,0.0,0.0,60,0,0,220,0,nsga2,"[427.69524736243716, -4.31125203965073, 9.191243324703166, 437.74258468733893, -0.40303185994171337, 2.967076990991041, 801.104590953332, -5.321727129400926, -9.613347783355565, 137.90203264923727, 0.28886137492107505, -14.968942912749885, 88.89445197779958, -0.24787556903242347, -7.518732787279202, 702.5129967472625, -4.129940670614339, -3.959051272155203, 132.02673184212992, -5.6608004828724345, -16.020293364655366, 247.98569663915418, -2.5430512259086546, 3.990708080238228]",42.51
P2,a8dcaecb2673d490,200,3252940843,nw_retrain_0322_converging_moderate_seed20282662,276.1188220716901,268.67356975668065,0.0,1.3096830411944211,2.4648756114111676,3.6706936624038256,13.3438542043499,0.0,0.0,60,0,0,220,0,sobol,"[720.9397581650384, 2.3545401580631733, -6.426496189087629, 469.9483108326998, 3.5421476773917675, -1.4029724411666393]",92.68
P2,f220dedee6ebcf1c,200,1427849406,nw_retrain_0386_none_easy_seed20288803,13.986446913647189,11.172432311404444,0.0,0.0,2.664788038050438,0.14922656419230773,11.033604949584626,0.0,0.0,60,0,0,220,0,sobol,"[985.4970485065132, -2.2792855091392994, 15.79526261240244, 261.12504160031676, -5.6220209039747715, -10.05167980492115, 348.74859888106585, 1.144176620990038, 13.597820665687323, 785.7433827780187, -3.8629035763442516, 0.7659190334379673, 594.9814908392727, -3.1714878268539906, -4.375422053039074, 609.6040917839855, -0.15434255450963974, -3.560612015426159, 470.61022975482047, -5.862537290900946, 15.76722065359354, 68.69196808896959, -1.3359944634139538, -9.782484021037817]",40.24
P2,d3c4f9de8993c324,200,1492305244,nw_retrain_0363_vertically_overlapping_hard_seed20286418,23.272600506359563,12.333051275976132,0.5860678448294632,1.9513511082469648,2.0322835312206857,6.369846746086318,11.155587120552138,0.0,0.0,60,0,0,220,0,nsga2,"[847.3052203969094, -1.3087583056313732, -3.2340135478468266, 574.1986593051657, -4.060420698302688, -5.15809179603239, 400.8173330549569, -0.706386722661025, -11.518999569937126, 919.157190630011, -5.335910724138478, -7.55589498460103, 637.0787762565637, 1.9395371463620807, 6.881526336509851, 272.65897987174554, 3.165499261666221, 12.243708302164002, 426.5712712801419, 4.263094639814512, -11.952066207671859, 295.57962735476974, 4.990738783348222, -17.70810664948192]",71.85
P2,5fb7a8ca033cb884,200,2553060269,nw_retrain_0420_converging_moderate_seed20292004,3567.472751828194,3565.089022619708,0.0,0.9393318575044155,1.4068589040431412,0.0375384469383448,11.97687030444276,0.0,0.0,60,0,0,220,0,slsqp,"[30.0, 0.0, 0.0, 30.0, 0.0, 0.0]",30.96
P2,f31147ad786f8c97,200,2718296350,nw_retrain_0420_converging_moderate_seed20292004,6.8624335008454445,2.2578301684567363,0.0,1.6161043103485067,1.7202665078869195,1.2682325141532822,6.142166992958525,0.0,0.0,60,0,0,220,0,nsga2,"[406.7006449517079, -0.6893170718242442, 3.1520563661691514, 540.5098882932739, -5.679564754121444, 4.168801793860056, 496.45888399935984, -0.4941422058178282, -9.347867395849425, 654.2620888455391, 2.524902813889822, 15.771876827814658, 199.25440392155178, 2.8340664248380296, 2.891100325518569, 295.75252931734315, -1.8364584018249452, 11.95431171920702, 30.49575073499684, 4.807470138516669, -14.013742007721692, 83.28712179916062, -5.161009832825441, -11.334353398237003]",37.09
P2,ac948149faee173e,200,1391106986,nw_retrain_0436_none_easy_seed20293834,9.994017683564511,0.0,0.0,1.4279843388203657,2.2772643488281616,6.288768995915983,8.71675333473635,0.0,0.05,60,0,0,220,0,nsga2,"[308.19475554091053, -4.081533095363455, 13.494326135517547, 492.3072664222321, -5.803105282796091, -0.6831705838407336, 625.5565306365531, -0.3096064803833437, -13.732436982906478, 543.8265729515002, -4.017149806657338, -3.957023425825876, 388.7479134693623, 1.9708223043323172, 16.00385993496486, 319.35040606652456, -5.311382954622237, -10.468087118688718, 583.7932815209628, 4.357268138676993, -4.6608649111730225, 293.78417864346517, -5.319295079416886, 12.86729022390519]",30.51
P2,977447dc00134758,200,3592952565,nw_retrain_0420_converging_moderate_seed20292004,3567.300942292595,3565.089022619708,0.0,0.7560192310095607,1.4352956147885554,0.020604827088956886,11.776624058098516,0.0,0.0,60,0,0,220,0,slsqp,"[30.0, 0.0, 0.0, 30.0, 0.0, 0.0]",33.69
P2,98f58b7071df2f70,200,3188242110,nw_retrain_0420_converging_moderate_seed20292004,3567.649667649423,3565.089022619708,0.0,0.8989299970210857,1.5551828002832742,0.10653223241058878,12.005462229431673,0.0,0.0,60,0,0,220,0,slsqp,"[30.0, 0.0, 0.0, 30.0, 0.0, 0.0]",35.85
P2,92530df635918eb9,200,3612592072,nw_retrain_0436_none_easy_seed20293834,9.096156488701094,0.19962704090872205,0.0,1.3032217959142114,1.949767716645042,5.643539935233119,8.146388772056053,0.0,0.0,60,0,0,220,0,nsga2,"[546.0709401676066, -0.017697138430808224, -12.022092957833435, 483.88969448035533, 1.9360597736915715, -10.56707791932196, 442.63378045374367, -2.6160880144545557, 0.8767409395485631, 663.3388347554942, -1.29043606797751, -3.8213159013013893, 426.9679957086554, -0.022151237051555972, 17.662091597854058, 331.2940776353079, 2.6113217746806576, -8.20762742905753, 704.4075678292946, 5.018468635407646, 0.16365116941749847, 666.0902133738629, -5.685772243169302, -12.964672715691687]",31.08
P2,0df47b21fd3c52a8,200,1886804773,nw_retrain_0436_none_easy_seed20293834,6.863980236520058,5.3361629805145006,0.0,0.0,1.5278172560055583,0.0,6.3361629805145006,0.0,0.05,60,0,0,220,0,slsqp,"[276.3143682084752, 0.6487857046808834, -5.204365988870431, 526.8715782531093, 0.37987474668986404, -1.136094808581757, 500.8188986761227, -4.741006850401806, 1.6022736276596266, 260.1264267707699, 3.0841262009598616, -1.560761792137937, 599.0095233717444, 0.5150598043730839, -1.0731899274693943, 228.74776831928668, -0.0499585678448798, 5.208894357081201, 291.9997164622843, -1.3739383408534915, 1.8058423967698705, 234.68419652605843, 0.21085612128507236, -3.0774262978071842]",31.27
P2,f54ef001f06eb139,200,4185681297,nw_retrain_0436_none_easy_seed20293834,89.53198506492201,85.65665623589253,0.0,1.4343797945873582,2.424779796544768,0.016169237897351408,12.434379794587358,0.0,0.0,60,0,0,220,0,sobol,"[176.96222168571512, 4.254562564194202, -6.403497487306595, 227.87214445142328, 2.80500827729702, -0.7766971215605736]",30.91
P2,c6abca57f596a9ec,200,3328037304,nw_retrain_0436_none_easy_seed20293834,6.845467600095331,0.0,0.0,1.9352933677317175,2.2317429958281236,2.678431236535489,5.607912738058251,0.0,0.016666666666666666,60,0,0,220,0,nsga2,"[228.49372693593415, 5.844907964371403, -10.91396512592011, 548.3842878024834, -0.05055439928289445, 11.144291269471715, 546.2295344001167, -0.014623390966833866, 9.000116067738768, 56.99388968529128, 5.4838357540894656, 8.003527236594634, 722.5252054047806, -3.2651323207724356, 0.5736988049341565, 395.3769826355766, 5.559733742476159, -13.730253184964523, 248.68771579638684, 3.3902235670645453, 6.849804601266672, 221.19373471998432, -0.3456147530784097, 17.611760206389967]",33.16
P2,3525897f35434aa6,200,4201678024,nw_retrain_0420_converging_moderate_seed20292004,3547.59564612558,3544.398328299332,0.0,0.7560192310095607,1.7482321592316186,0.6930664360065889,11.888237594064487,0.0,0.0,60,0,0,220,0,nsga2,"[528.7588879577404, -2.7248585225197637, 4.4988151588421355, 549.079416778451, -4.611556084354845, -1.458689360252398]",36.52
P2,3e6b7cb8a6dbda46,200,1791897694,nw_retrain_0420_converging_moderate_seed20292004,10.455433274766587,4.771092422838181,0.0,1.4094983911145065,2.169877869760014,2.1049645910538857,9.285555405006573,0.0,0.0,60,0,0,220,0,nsga2,"[461.1991794260421, -2.0783175662951927, -14.727213015073314, 48.77077182725007, -5.712140368205152, -12.766076534700561, 592.0388421662866, -5.651202497663027, 8.505216834833622, 143.86577856458874, -0.42438175499447306, -15.945265936550904, 644.9340362144067, 3.7105592892407415, 13.97816871325514, 71.7459868472681, 5.273572163655248, 0.32897008211372025, 495.7993551073354, -5.647036781810647, -2.087504343863844, 356.56575987969563, -0.8417172636543135, -14.028384494317407]",44.29
P2,70f5b5e0c882cd0c,200,2556274645,nw_retrain_0409_vertically_overlapping_easy_seed20291319,303.6667859169657,298.59269700527653,0.0,1.6030910710889266,2.1165222969318807,1.3544755436683484,13.33300592541819,0.0,0.0,60,0,0,220,0,sobol,"[69.15353393268697, 5.294720325618982, -10.772723939269781, 508.4651834616602, -0.6321285925805569, -3.248987641185522]",48.28
P2,4e5f6975fc83636f,200,2448376955,nw_retrain_0436_none_easy_seed20293834,89.74728943789033,85.65665623589253,0.0,1.4343797945873582,2.6362437868684077,0.020009620542039037,12.434379794587358,0.0,0.0,60,0,0,220,0,sobol,"[477.01475985095203, 3.2206009067595005, 2.5402511917054653, 99.82116165914952, -3.423580750823021, -5.19503428414464]",31.9
P2,23bff3630805ba9b,200,993822151,nw_retrain_0363_vertically_overlapping_hard_seed20286418,1198.0022335485455,1014.7967157480197,0.0,0.9497947231429235,2.0834759518963883,180.17224712548648,11.042576505899108,0.0,0.0,60,0,0,220,0,nsga2,"[744.7992975615525, -1.4400360843650524, 3.0733312068333496, 763.54800194056, -1.8031848111270772, -9.924171308382963, 932.6262626218071, -0.5985029086243314, -9.854552864426303, 803.4453282675853, -1.8225762635198075, 12.630091141141257, 519.721083827556, -1.2823412794428721, 7.817355467879584, 396.1119975792475, -0.37504332587448896, -7.490688367667552, 958.108175068119, -1.5213849676807654, 11.359527779908175, 229.14041356919816, -5.9343267552583665, 1.2083869019368887]",81.98
P2,8c983eb4e99b1818,200,1794591564,nw_retrain_0420_converging_moderate_seed20292004,22.892274341230603,7.899707894057073,0.0,1.6082096196428795,2.722380785276319,10.66197604225433,11.051478478184013,0.0,0.0,60,0,0,220,0,nsga2,"[504.9818210856624, 1.4767648078513318, -17.888801755873146, 61.38385743220985, -0.5251182091629286, 12.82283921001341, 238.79153640805262, -5.195138609508993, -3.3314609891433724, 492.9701359798009, -0.9033878609729094, 9.892662048610335, 606.8263857473261, -4.714751036535781, -5.624574245919535, 516.2614348234833, -3.858608161189837, -11.980968995954822, 415.4579450335386, -0.6024459111743475, -12.354645536099548, 113.93953959945338, -2.7735829954980034, 7.583994747394822]",45.4
P2,a39f9b7b971841b8,200,2608443157,nw_retrain_0409_vertically_overlapping_easy_seed20291319,8.882685466551356,1.745898031800498,0.0,1.6858799715819714,2.5682953639637374,2.8826120992051494,7.314390102587618,0.0,0.0,60,0,0,220,0,nsga2,"[724.2253591300727, -2.6949190407099697, -5.48446198060137, 246.74273312814074, -2.970714361064975, -2.837877479160724]",48.0
P2,6c9456d6bca98454,200,1661303229,nw_retrain_0363_vertically_overlapping_hard_seed20286418,25.948022018781696,4.626295514719172,0.0,0.4602794597576579,2.1211611035820566,18.74028594072281,10.418584778343696,0.0,0.0,60,0,0,220,0,nsga2,"[676.3066519585356, -1.135031599682853, -10.401806893240162, 237.4362511091808, -2.9374345685400085, -8.385897168095408, 917.1944065976182, -5.2084038923414315, 12.912032343892669, 270.68191672049636, -0.9514137340777392, -12.39199908468557, 688.6776803867415, -2.772994919684429, 3.5621343060171933, 790.9368385532034, -1.046160576789102, -1.835705992781829, 984.8327416323084, -4.627351540112789, 11.964213768782603, 94.5358649798007, 3.407207806975708, -10.271621500779334]",76.88
P2,a08548b0f5c5c56b,200,1212474264,nw_retrain_0386_none_easy_seed20288803,10213.347936938368,10103.006624789608,0.0,1.7775910429538524,1.871885950039749,106.69183515576594,22.77759104295385,0.0,0.0,60,0,0,220,0,slsqp,"[30.0, 0.0, 0.0, 30.0, 0.0, 0.0]",56.55
P2,130e3bf5b2e00d83,200,1140991151,nw_retrain_0386_none_easy_seed20288803,10129.19651597319,10103.006624789608,0.0,1.7302041571623146,1.843074497322418,22.61661252909602,22.730204157162312,0.0,0.0,60,0,0,220,0,slsqp,"[30.0, 0.0, 0.0, 30.0, 0.0, 0.0]",52.56
P2,366fd48747c281fb,200,3567946846,nw_retrain_0386_none_easy_seed20288803,10133.628583523883,10103.006624789608,0.0,1.7302041571623146,1.8546056691530548,27.03714890795958,22.730204157162312,0.0,0.0,60,0,0,220,0,slsqp,"[30.0, 0.0, 0.0, 30.0, 0.0, 0.0]",57.03
P2,61595a3fe26c229d,200,1491331437,nw_retrain_0409_vertically_overlapping_easy_seed20291319,329.38931885402735,322.8925526670424,0.0,1.720501584383636,2.091716255258063,2.684548347343247,13.679190983192038,0.0,0.0,60,0,0,220,0,sobol,"[276.98748996453656, -3.2681907154619694, -15.72354470193386, 202.86259911963234, -2.441814724355936, -8.452228613197803]",50.14
P2,52c060526f47aa95,200,4206301197,nw_retrain_0420_converging_moderate_seed20292004,7.694505032580581,0.30579304731753476,0.0,1.0943013767871028,2.421609542668317,3.8728010658076273,6.2728954899122655,0.0,0.0,60,0,0,220,0,nsga2,"[673.4178961005114, -5.019138691897977, -9.21791583481095, 99.0545160102687, -2.0891748762450852, 16.638286580156674, 410.6029526277293, 2.283802689762595, -6.330499194501994, 415.0177484423146, -5.1958335220553575, 4.687964065431812, 533.4410950414033, 5.013495083194808, 9.727356621497195, 261.3827720579492, 2.955814949242269, -12.565808260722754, 522.8417952304059, 2.745456516640134, -6.50855977863569, 607.6230522026934, -1.5293270990564958, -8.06720116179753]",46.02
P2,7aa5e84a51bde11f,200,3736192249,nw_retrain_0436_none_easy_seed20293834,89.57072397321274,85.65665623589253,0.0,1.4343797945873582,2.4796879427328453,0.0,12.434379794587358,0.0,0.0,60,0,0,220,0,slsqp,"[30.0, 0.0, 0.0, 30.0, 0.0, 0.0]",35.26
P2,4af91d15595aeb4f,200,3905272268,nw_retrain_0409_vertically_overlapping_easy_seed20291319,12.199163810311681,8.625114551842605,0.0,0.6172432396688817,2.3064882402706424,0.6503177785295504,10.742857142857142,0.0,0.0,60,0,0,220,0,nsga2,"[183.14557836616504, 2.094423715384014, -4.334525483826241, 695.9587885594801, -1.6929318736215642, -11.764622301793974, 728.2701756977189, -2.314950565756906, -7.342569508632867, 103.8041553497429, -3.541740549141756, 3.0130141070330048, 363.29399959424205, 2.1532357958169577, -8.554291941543516, 125.39548417690848, 4.1610873274566345, 10.626941727029614, 403.4500642661931, 2.7784606459694015, -8.579277571327555, 753.4390327614135, -4.488560604616136, -4.350685780378832]",55.6
P2,59dcbe3f60ba0e63,200,2191895785,nw_retrain_0409_vertically_overlapping_easy_seed20291319,6.409367785542902,2.807588628002234,0.0,1.3843968141507563,2.148220094396543,0.06916224899336972,5.26114769114636,0.0,0.0,60,0,0,220,0,nsga2,"[534.6180085633275, -2.726344666225452, 1.8744519353640072, 75.2683125125982, -3.4042573961807427, -4.796890148124216, 49.70725806959108, -4.469406944443033, -10.408949154121284, 236.36359365393457, 2.565634177929522, -17.95513658596347, 678.3418499493281, -4.654925571431465, 0.1565179129946337, 469.0650203957926, 2.368430200586138, -16.853711400338028, 261.3815637140426, 3.420466567900996, -5.362055470014625, 585.6355570828273, -5.123244743742962, -0.13089827841067464]",56.3
P2,30abd764dd169d82,200,3048962326,nw_retrain_0436_none_easy_seed20293834,89.70421348643298,85.65665623589253,0.0,1.4343797945873582,2.5655092291666834,0.04766822678641941,12.434379794587358,0.0,0.0,60,0,0,220,0,sobol,"[57.526452650411315, -4.106758676469326, 8.215986214578152, 527.5442214017828, 2.2317418344318867, -0.20001886412501335]",41.57
P2,8d4bc7ec6a5bd6c6,200,4020116469,nw_retrain_0409_vertically_overlapping_easy_seed20291319,5.461246368919699,1.8266837192960554,0.0,1.3209721397059322,1.6598128503726746,0.6537776595450371,4.801433518547025,0.0,0.0,60,0,0,220,0,nsga2,"[31.676821800245868, 4.796686824295204, -2.0990414684618024, 382.54236606516366, -3.1234365455161757, 4.2248459884576945, 238.6806179022852, -0.7588572147586561, 4.567978993925977, 608.2471122988104, -4.791029301589769, 17.537543297152194, 60.29030118240246, -1.7958455685425179, -0.13230933255630362, 641.1010667347338, 4.059597080273427, -4.675050920410891, 630.5119231115807, -4.148613811934484, -5.343478196712703, 532.0756452786566, -4.025617344645826, -13.925832838235527]",58.12
P2,ddfbc21edf047143,200,986078901,nw_retrain_0409_vertically_overlapping_easy_seed20291319,9.40455817715351,3.996494534436351,0.0,0.8655208804768787,2.5703812381653757,1.9721615240749035,7.834176938988133,0.0,0.0,60,0,0,220,0,nsga2,"[419.30954699103023, -3.4602198444321854, 6.956197896580928, 284.3514806746427, -4.063383423101713, -1.8403843584224688, 352.9533755002499, -1.331322972244732, -10.66291094097729, 700.1514007546172, 0.06188566014450547, 1.53883697844965, 406.77874686802164, 0.2183986259040296, 6.106393020522146, 720.6465265837326, -5.899205493947134, 16.93877604629837, 676.480843952241, 1.4244285233805183, 13.458665047530255, 241.7572128776903, -5.431393386842621, 1.1963562367283043]",57.42
P2,e6de313061567d12,200,1231101011,nw_retrain_0453_converging_hard_seed20295238,4.879202689077683,1.579508619518317,0.0,1.3539263749190251,1.6409134958334177,0.30485419880692344,4.238289193244266,0.0,0.0,60,0,0,220,0,nsga2,"[197.61077294233212, -3.4486337286489483, 4.8149394806695875, 32.019268348543875, 4.5364239509465945, -12.565295312722078, 157.9712390700036, 4.91785828278762, 7.445356193087897, 406.1746394793572, 0.14326421665859845, -8.297972732337785, 474.51646527654145, -5.841983712586603, -1.5796117608544868, 195.4429796428086, 3.8519620013410414, 12.528047663199786, 218.83813018457627, 3.6133663398158693, 3.1488956574696374, 294.84787627542386, -5.91611523771519, -14.123558249513948]",35.53
P2,f044636ddc3f67d9,200,1291209957,nw_retrain_0363_vertically_overlapping_hard_seed20286418,14.574040605125049,0.0,0.0,1.7445551122171483,2.5434045604199054,10.286080932487996,11.077801290037671,0.0,0.016666666666666666,60,0,0,220,0,nsga2,"[933.1354817164527, -4.3988066701216395, -0.5708586456733933, 909.8207065151303, -4.729624436717748, 1.6651897986900261, 776.5137628991602, 3.384201044729873, -1.3004939791026189, 985.7047866872293, -4.942856531990881, 13.884887634824938, 582.1073573251745, -0.9709742143167759, -6.369974203596476, 275.10766865116886, 2.390332545715461, 16.293544244625224, 174.58274538185648, -2.4663414841566578, 1.1911251458310477, 772.8573711217146, -5.980246306825193, -7.4048036683013185]",87.07
P2,34977f9b5c8d2160,200,2349296787,nw_retrain_0386_none_easy_seed20288803,10142.699059220857,10103.006624789608,0.0,1.7302041571623146,1.8989133761709311,36.06331689791497,22.730204157162312,0.0,0.0,60,0,0,220,0,slsqp,"[30.0, 0.0, 0.0, 30.0, 0.0, 0.0]",61.24
P2,e49718fb160d275e,200,245473860,nw_retrain_0409_vertically_overlapping_easy_seed20291319,14.326650052455493,8.17442760328838,0.0,1.4342654421008574,2.0988511579530797,2.619105849113175,13.227798894502413,0.0,0.0,60,0,0,220,0,nsga2,"[551.9760033484398, 1.2974774376112452, -6.915410059277932, 792.2774770594955, -1.9066203142268456, -2.0546031976725416]",60.63
P2,842d254688867ba8,200,3348637370,nw_retrain_0363_vertically_overlapping_hard_seed20286418,8403.689250847357,8335.196269385391,0.0,1.8999697701089016,2.122193190225097,64.47081850163143,22.899969770108903,0.0,0.0,60,0,0,220,0,slsqp,"[30.0, 0.0, 0.0, 30.0, 0.0, 0.0]",78.24
P2,28a07ab3f333452c,200,3492589465,nw_retrain_0363_vertically_overlapping_hard_seed20286418,8422.812076556382,8335.196269385391,0.0,1.8999697701089016,2.1828427424257097,83.5329946584544,22.899969770108903,0.0,0.0,60,0,0,220,0,slsqp,"[30.0, 0.0, 0.0, 30.0, 0.0, 0.0]",87.32
P2,eaaf1c339bb43cc4,200,1007128442,nw_retrain_0453_converging_hard_seed20295238,12.338570699073106,6.487169476430427,0.0,1.7145502218080804,1.8914470917363964,2.245403909098202,10.837949253789315,0.0,0.0,60,0,0,220,0,nsga2,"[298.23005531943744, -3.7373170251160532, -14.241703677856458, 319.2410931391231, -5.961962333586801, -16.432870842755037, 165.47476723182544, 5.620753165383586, -15.970923912018751, 334.4043198979354, -3.2413224861885905, -9.417264556671748, 514.9326623678044, -3.1159197765830275, -4.67584603467211, 405.7622709780433, 5.81340229688216, 3.674578280791323, 34.01529513365865, -4.96829310974417, -8.802030005097874, 274.388057837441, -3.3745310193143467, 1.4047264605283232]",43.01
P2,7e17435021dd1939,200,1953753737,nw_retrain_0453_converging_hard_seed20295238,569.2226706906388,561.6538978040168,0.0,1.3976209206235375,1.9970932081901267,4.174058757808335,11.216423719058248,0.0,0.0,60,0,0,220,0,nsga2,"[514.0666207836155, -0.23547207144997118, -0.6037187338940182, 506.0104354989346, -0.03953473907782534, 14.527562254145588, 433.74767901965777, -2.9522476268729334, -5.447217229366014, 432.25372993264574, -0.2774307651962403, 4.04580789971399, 525.3511742843342, -4.258265599145876, 8.88329626576305, 476.55334363375755, 2.565030408623363, 6.002733812313678, 241.26642268894938, 4.476646425048785, -3.287639198545018, 71.13741000061029, 5.913707671162166, 1.5290236467984428]",46.46
P2,cab3ed19b5c76ac6,200,2476637613,nw_retrain_0453_converging_hard_seed20295238,12.407102362689114,7.276862386827088,0.0,1.7713456439599593,1.9120079829627172,1.4468863489393495,11.0,0.0,0.0,60,0,0,220,0,nsga2,"[218.6194432220162, -1.2861125273968543, 10.56084126299725, 50.47638482298845, 3.4960301799311235, 9.129087407846285, 179.8540186047037, 3.2100083905495094, 12.266355183706953, 331.4049145665252, 1.1588998443378973, -10.893377140418192, 308.92613613681414, 0.9329545342643051, 17.65013187711748, 329.78099074689817, 1.1967458207004769, -8.72726710043688, 203.1680457298908, -2.6178844761844786, 2.3601766636047277, 380.21220541489885, -2.429857066649522, -8.062351109978641]",44.94
P2,d7b6157c98f05b8f,200,2367799274,nw_retrain_0453_converging_hard_seed20295238,80.7893962877899,75.3971609760321,0.0,1.7701943115905039,2.0804213733812436,1.541619626786065,14.31181393837657,0.0,0.0,60,0,0,220,0,slsqp,"[30.0, 0.0, 0.0, 30.0, 0.0, 0.0]",45.6
P2,3cc256e61511c45b,200,2320104103,nw_retrain_0363_vertically_overlapping_hard_seed20286418,8473.100365815422,8335.196269385391,0.0,1.8999697701089016,2.2588490307548623,133.74527762916708,22.899969770108903,0.0,0.0,60,0,0,220,0,slsqp,"[30.0, 0.0, 0.0, 30.0, 0.0, 0.0]",82.94
P2,e1b65b486f9b3b92,200,2412337623,nw_retrain_0453_converging_hard_seed20295238,79.80185144210235,71.74937947423557,0.0,1.7701943115905039,1.966937506979295,4.315340149296986,14.43682595809677,0.0,0.0,60,0,0,220,0,nsga2,"[270.9576800431461, 4.502653841801863, -11.126741688508304, 497.9593786695575, -5.7523991142323485, -3.2990246238789656]",43.21
P2,c4fcc77648346b32,200,2194960256,nw_retrain_0363_vertically_overlapping_hard_seed20286418,8418.717652323705,8335.196269385391,0.0,1.8999697701089016,2.180367554250713,79.44104561395402,22.899969770108903,0.0,0.0,60,0,0,220,0,slsqp,"[30.0, 0.0, 0.0, 30.0, 0.0, 0.0]",90.5
P2,c433baf8ca59c1ee,200,2497967680,nw_retrain_0453_converging_hard_seed20295238,81.14988027557085,75.3971609760321,0.0,1.7701943115905039,2.0906243866197562,1.8919006013285067,14.662094912919011,0.0,0.0,60,0,0,220,0,slsqp,"[30.0, 0.0, 0.0, 30.0, 0.0, 0.0]",49.4
P2,74787c3681201165,200,3740031024,nw_retrain_0453_converging_hard_seed20295238,81.24338945692475,75.3971609760321,0.0,1.7701943115905039,2.092549010410891,1.9834851588912545,14.753679470481758,0.0,0.0,60,0,0,220,0,slsqp,"[30.0, 0.0, 0.0, 30.0, 0.0, 0.0]",50.81
P2,058ae6c0c6bf69ee,200,1306158075,nw_retrain_0472_vertically_overlapping_moderate_seed20297231,4.306016916046032,0.0,0.0,1.851631643570854,2.008593709154396,0.4457915633207829,3.2974232068916365,0.0,0.016666666666666666,60,0,0,220,0,sobol,"[40.7786803864146, 5.722966320812702, -13.96762976422906, 331.9907310660429, -5.167911104857922, 3.6964522898197174, 466.88401293115703, 1.9375622235238552, -6.0022063963115215, 377.1596542900774, 1.3160464279353619, -3.871145099401474, 44.508661950508944, -0.14996396005153656, 5.487147532403469, 400.33723820783536, -3.6983107030391693, 0.2691388204693794, 304.1582853783432, 2.911198742687702, 16.969626255333424, 400.92362961957934, 0.33469922840595245, -15.068389065563679]",33.75
P2,c07f587e6a9ed552,200,901682034,nw_retrain_0487_converging_easy_seed20298701,862.4672172464732,858.3988470939581,0.0,1.15021051581508,2.1732520785332348,0.7449075581668017,12.532121010335036,0.0,0.0,60,0,0,220,0,sobol,"[54.52266931266446, 0.3149946257472038, -5.927506271749735, 177.78190974957738, 5.037504192441702, -10.58777131140232, 93.26190946592415, 5.047223221510649, -4.824004612863064]",29.07
P2,aeb957c09444dd7f,200,1297258227,nw_retrain_0516_none_easy_seed22079712,3917.1200209081976,3912.0073668121927,0.0,1.231507627414379,2.6867612827571454,1.1943851858333896,13.425892813247769,0.0,0.0,60,0,0,220,0,slsqp,"[30.0, 0.0, 0.0, 30.0, 0.0, 0.0]",25.06
P2,5549ce4841f4b678,200,1924156119,nw_retrain_0472_vertically_overlapping_moderate_seed20297231,4.732530286280435,1.6539071323241596,0.5100934670412051,0.5242641619662093,2.044265524948861,0.0,3.688264761331574,0.0,0.0,60,0,0,220,0,nsga2,"[444.7463735689747, -4.582305020149208, -15.349750652899635, 215.9163258979269, -2.7588863610756675, -5.26549106430378, 80.23019503338554, 4.526384289713246, -8.48030840396949, 227.75217921161993, -1.479910085218517, 5.904047557636427, 82.12880480756014, 4.9671046457566455, 15.527855164364713, 34.2502049332803, 1.4677564531242193, 11.33888529163496, 483.5225748805218, 5.1531544853180025, 7.557506129147857, 495.8949728572683, -3.2220540864160983, -2.910057996197029]",37.98
P2,c7b79e7da450c3be,200,685488162,nw_retrain_0472_vertically_overlapping_moderate_seed20297231,51.362994545965385,47.480435265547705,0.0,1.3935646321964832,2.4729794490260817,0.016015199195119994,12.393564632196483,0.0,0.0,60,0,0,220,0,nsga2,"[53.98583608068744, 1.8857834290059812, 15.327283965975736, 250.72223411863158, 0.04864971711856758, 13.172902799505096]",34.75
P2,a17576fca19aa0ea,200,3305035020,nw_retrain_0472_vertically_overlapping_moderate_seed20297231,49.62852760901073,47.480435265547705,0.0,0.0,2.148092343463027,0.0,11.0,0.0,0.0,60,0,0,220,0,sobol,"[258.72783423130227, 3.7862257473170757, -0.24822674319148064, 199.71510432862192, 3.564723540097475, -1.1891271583735943]",38.99
P2,18b118ea3557af54,200,4068320725,nw_retrain_0487_converging_easy_seed20298701,848.3595668381685,844.5987962931607,0.0,1.15021051581508,2.0658322886182248,0.5447277405744978,12.502978162146794,0.0,0.0,60,0,0,220,0,sobol,"[130.53072024449168, 3.843935050070286, 0.2279191017150879, 317.39807241308864, -0.750789038836956, 0.8827896527945995, 80.46177962197272, 2.2707347720861435, -2.9831514917314053]",34.45
P2,045bfbdb37076634,200,47595414,nw_retrain_0516_none_easy_seed22079712,3916.908811610758,3911.5877077533787,0.0,1.231507627414379,2.703780514424525,1.3858157155405193,13.39178713231248,0.0,0.0,60,0,0,220,0,sobol,"[32.86454833957811, -2.6978029422461987, 8.843987803906202, 94.84266241370698, 0.6970074959099293, 7.25280324742198]",29.15
P2,c8be10bb591f498b,200,3463379362,nw_retrain_0516_none_easy_seed22079712,12.922160457318107,7.847213235812464,0.0,0.6055989589577931,2.175978611958942,2.293369650588908,11.0,0.0,0.0,60,0,0,220,0,nsga2,"[102.47438090331616, -1.623738291181964, -12.269360379898657, 515.6426764952971, 0.6245829937867349, -15.529923362166393, 838.920076666538, -4.3340987709687155, -15.770900234776839, 721.3827377518576, 2.2692693659497856, 7.889536927944555, 509.36920876777197, -1.6276383374825771, -3.6791063143413036, 753.2381971597545, 0.9245676848717772, -6.881420482859731, 90.35034745141733, 1.4916393730678026, -9.633593753746931, 517.7027197376214, -3.6435155646010546, 4.44436640199534]",33.63
P2,86558e8a668e60b6,200,3425104689,nw_retrain_0487_converging_easy_seed20298701,874.7544517575346,869.3828767049907,0.0,1.8259501757145287,2.1717006492525153,1.373924227576806,13.069064860155146,0.0,0.0,60,0,0,220,0,sobol,"[231.8824880921607, -5.32636758685112, 11.093931511044502, 46.67941213874661, 0.3592615909874439, 11.042181339114904, 618.7786506573443, -2.747461874037981, 4.817397225648165]",35.36
P2,de47ac33dd3c4fc3,200,1826419099,nw_retrain_0487_converging_easy_seed20298701,2.7687066908137443,0.0,0.0,0.7017136462191568,1.919835007722633,0.14715803687195456,1.8488716830911112,0.0,0.05,60,0,0,220,0,nsga2,"[534.9134205302537, -3.3841941540333327, -3.3474052130647296, 141.6995593066855, 3.1043220309821002, 1.139209476622642, 444.6420654631919, 0.27530006245267247, 0.5709339386493326, 277.69250125053225, 4.240885216295358, -11.03862791707915, 110.18512533510066, -3.0770312956010515, -5.6368808282928615, 569.2020297200868, 1.393061574229299, -4.491142826384097, 460.40393753796786, -3.14703632819987, -7.0559183659419435, 145.70107646450816, -1.070091110665004, -6.318872181391487]",36.62
P2,d1bccd35e7e96adb,200,3165907471,nw_retrain_0472_vertically_overlapping_moderate_seed20297231,49.761010101905256,47.480435265547705,0.0,0.0,2.137717693500414,0.14285714285713913,11.02411322231176,0.0,0.0,60,0,0,220,0,slsqp,"[30.0, 0.0, 0.0, 30.0, 0.0, 0.0]",40.05
P2,0ea25bff115829a8,200,421310758,nw_retrain_0472_vertically_overlapping_moderate_seed20297231,3.5452469213788342,0.0,0.0,0.706195793923893,2.552097486071013,0.2869536413839282,1.9931494353078212,0.0,0.03333333333333333,60,0,0,220,0,nsga2,"[441.5479159054291, -5.929554311384633, 11.052839179665073, 185.0501418367344, 1.3067967849289825, -13.655939133220942, 517.7521318215332, 3.8992831566350903, 5.148540503053681, 494.07651993702257, 2.7597481373598427, -5.753767978428526, 230.47801874701213, 1.541538174245317, -0.4523960398480531, 346.6749011740869, 5.228910036396965, 6.039254286995398, 378.36688448474433, -3.789832700446006, 10.237174763543319, 148.61016089768634, 2.930762536590287, 2.8675128769372087]",43.95
P2,aaead72209127055,200,4007382707,nw_retrain_0516_none_easy_seed22079712,252.0770919976499,191.8153982661527,0.0,1.798871096202334,1.9802902711950083,56.48253236409986,10.6,0.0,0.0,60,0,0,220,0,nsga2,"[617.2904531774902, -1.2697133490316044, -16.221198192170373, 117.41713176031277, 0.5779093166735461, 8.699342141758446, 678.1065032645259, -1.7475755531792077, -10.452278928711241, 659.4063804997294, -3.968892590894769, 2.614345638830304, 796.7550311125266, -0.40206777348141287, -4.863880326708053, 228.39651708877818, -4.73654790636894, 17.942177258671272, 501.0572621135136, -3.4977546467647898, -5.502490424513844, 812.237790849935, 3.7907752836366932, -13.519107506162145]",35.12
P2,0a871cc314eb02dd,200,931735823,nw_retrain_0472_vertically_overlapping_moderate_seed20297231,49.71644715443565,47.480435265547705,0.0,0.0,2.0931547460308018,0.14285714285714382,11.0,0.0,0.0,60,0,0,220,0,nsga2,"[88.83411046113173, -0.11078066587594604, -10.527421011821477, 229.00435520365315, -0.6663193850629794, -12.5711588111167]",40.47
P2,8c3c0b4c4fcb7f37,200,1063959735,nw_retrain_0487_converging_easy_seed20298701,137.99859208154743,128.07514220108644,0.0,1.7126730196006885,2.404509188467043,5.8062676723932505,12.253250878704241,0.0,0.0,60,0,0,220,0,nsga2,"[444.89459923301115, -4.932928268916783, -17.579151475397136, 287.1487319168202, -0.18066620108636391, -12.180776103399126, 552.1664642750417, -3.03782195918897, 9.604150677183025]",37.35
P2,f920e41245c41376,200,3640835791,nw_retrain_0487_converging_easy_seed20298701,4.318937040765173,0.0,0.0,0.5584051976830127,3.1538401396690787,0.6066917034130817,2.1650969010960943,0.0,0.016666666666666666,60,0,0,220,0,nsga2,"[447.9868314306063, -1.3950196630329224, -13.655674046860442, 628.8514775779615, -3.3912537559624183, -8.586541445601803, 168.14380853290572, 5.112214213714038, -8.626942087114111, 470.02482742078473, -5.335355967184587, 0.30957317837501996, 387.07650089680817, -0.8065145941707773, -15.333846467356516, 35.839560013545665, 2.461606826811621, -2.12233561841375, 546.5270722888464, -0.8109385838127441, -17.85377089947663, 558.266083426104, 3.5587732601137665, 4.144836803962875]",38.67
P2,ae5d7de2059d1395,200,80005515,nw_retrain_0516_none_easy_seed22079712,3917.356975622412,3911.509952899221,0.0,1.231507627414379,2.726555111621726,1.8889599841548854,14.120467611569264,0.0,0.0,60,0,0,220,0,slsqp,"[30.0, 0.0, 0.0, 30.0, 0.0, 0.0]",34.6
P2,b26ee594b8de78d1,200,3157227805,nw_retrain_0516_none_easy_seed22079712,857.8756726068129,554.992880550309,0.0,1.6711410298776765,1.9961496316696423,299.2155013949566,11.74832539192542,0.0,0.0,60,0,0,220,0,nsga2,"[733.6870077498436, -3.443364816812825, 4.03559184478739, 738.2163339902029, -2.745068393785413, 14.017547580533503, 836.8242619221294, -4.785049947231255, -13.744261468401026, 719.6443355018973, -4.011517699764887, 7.183684409813776, 527.5510970012369, -0.7315036339654875, 4.060223965154355, 693.9856708206951, -3.7221327342893806, 16.46706552054425, 649.5462178036587, -0.14376645411986647, 5.094325104269071, 141.90033884488395, -5.733393132487649, -1.8118954014598414]",37.98
P2,c60b7f2b4bd07fc5,200,4104093454,nw_retrain_0516_none_easy_seed22079712,3917.378982952082,3911.5293896685557,0.0,1.3603156101365428,2.72902445699582,1.760253216393609,14.120568826530151,0.0,0.0,60,0,0,220,0,slsqp,"[30.0, 0.0, 0.0, 30.0, 0.0, 0.0]",32.26
P2,61f7a8540abd0bb5,200,3141288348,nw_retrain_0472_vertically_overlapping_moderate_seed20297231,6.473816057267623,0.0,0.8578087715007118,1.0811810298903461,2.931166906253986,1.6036593496225793,4.542649151013637,0.0,0.03333333333333333,60,0,0,220,0,sobol,"[433.6621061257261, 2.620852768421173, 11.650111086666584, 49.493968341061766, 3.1509925983846188, 7.035728618502617, 136.2746069536388, -5.5960499458014965, 17.10295494273305, 397.1566666923747, 1.660995315760374, 6.565839093178511, 449.7699939259953, -3.3923479355871677, -9.891927368938923, 274.9456497674138, -4.196321099996567, 3.3840423300862312, 483.64418523810383, -2.6456593237817287, -6.978654563426971, 305.4571866054091, 5.789364941418171, 11.066700551658869]",46.6
P2,eb354a496d1b1786,200,4021982633,nw_retrain_0487_converging_easy_seed20298701,3515.3364267897687,3496.5414626685547,0.0,1.6333685144781949,1.9467272892521454,15.214868317483665,12.5386295348359,0.0,0.0,60,0,0,220,0,sobol,"[424.8706711518154, -3.060564950108528, -3.311495315283537, 474.03652155667606, -5.479979585856199, -10.634394139051437, 636.8456514729238, -3.308016523718834, -10.704518683254719, 279.2875066816897, -5.071268085390329, -8.46869945526123, 460.31901746774474, -5.403256818652153, -7.5367309637367725, 158.67316927290497, 3.0690821930766106, -8.197373695671558, 164.9150489548884, -1.5278211906552315, -4.20482712239027, 411.404981993769, 5.805562142282724, 15.80021108686924]",41.86
P2,f1b5a8da2e584026,200,2748610586,nw_retrain_0516_none_easy_seed22079712,10.55055500846402,6.075384097238317,0.0,1.7399522927815798,1.8029432567611123,0.932275361683011,9.747611751702909,0.0,0.0,60,0,0,220,0,nsga2,"[741.859153535012, -0.2884446496859601, 11.88664592026251, 671.2490749011157, -3.2107645409824013, 15.332814467771199, 71.33865331714517, 1.8761561652088603, -13.470548936078268, 453.96910438934407, 4.431381144912171, -7.659524173433425, 99.04776587878435, -4.4867622729818, 4.348209953515465, 55.02411903773303, 5.448170912206758, -12.056531684716244, 795.3702986730062, -0.4343046323812527, -3.0069380652311875, 634.0279149638685, 0.22087359704687778, 16.47559455262673]",37.61
P2,a41ab041a29ee23b,200,3669309896,nw_retrain_0455_converging_easy_seed20295434,5.273258780057755,1.0326115005384164,0.0,0.48383988268045847,1.9327899852679191,1.8240174115709606,4.340468794789835,0.0,0.016666666666666666,60,0,0,220,0,nsga2,"[988.0722613947463, -5.719430740583727, 10.82407411118074, 735.9558342031855, -3.0132551518631376, 0.9958685155213547, 813.5490879132947, -1.1149198212066764, -4.138496297430249, 234.5133386409105, 1.4432677406688263, -8.69374077380013, 230.17826216917882, -2.70625922799687, -0.22952681736137315, 753.4049816051477, -3.9838349819716625, 0.4904989434389613, 60.95835556967087, 3.059578087597905, 12.69686977144172, 777.1908075105548, 4.5703672471394015, 7.643393494415376]",62.72
P2,a664de82d01a683d,200,3088489443,nw_retrain_0487_converging_easy_seed20298701,3.0030351295150277,0.2929156828492691,0.0,0.07078649082419952,2.490667418655333,0.14866553718622666,1.5123677108596953,0.0,0.13333333333333333,60,0,0,220,0,sobol,"[275.17709777535947, 2.141329139471054, -13.159269232302904, 214.24767618734774, 0.18273627385497093, 2.355115368962288, 63.750180102620824, -1.453134298324585, 17.97949531674385, 211.40303287142638, -5.707576755434275, -10.909436635673046, 442.2742190700855, -3.1304778903722763, -1.3196177668869495, 350.1368905722409, -4.379512421786785, -5.746912200003862, 599.4701853550008, -4.446676041930914, 13.175571028143167, 188.3542826154693, -3.6238072961568832, -9.255506493151188]",46.49
P2,5910971d5b90d085,200,502204210,nw_retrain_0455_converging_easy_seed20295434,2.3683771436781957,0.2029658306095771,0.0,0.0,2.1124736241078437,0.05293768896077527,1.2559035195703525,0.0,0.0,60,0,0,220,0,nsga2,"[196.74363106440052, -3.1703854105449816, -9.802112579965828, 357.2222830432943, -4.596849051890904, -7.626747772381423, 47.36545455707829, -5.811212771144432, -15.83510059501483, 647.6042644861534, -2.44864428967459, 9.781241990925055, 86.75187501965053, -4.279990613383025, 9.44821442616735, 618.1219913763053, 1.2094198928077393, -4.601594563745719, 678.1629555707079, -3.93684575627688, -11.856850478873072, 473.0515478240379, -5.869745742729661, 0.9608651033888691]",66.11
P2,6bc281417dd5fe6d,200,2427261951,nw_retrain_0455_converging_easy_seed20295434,3.3906845545293125,0.0,0.0,1.3698700243584152,1.9816041690008486,0.039210361170048724,2.2641761760248773,0.0,0.13333333333333333,60,0,0,220,0,nsga2,"[459.54885892286455, -2.83293056357796, 2.191296806327492, 58.41872527311233, 1.135422212889972, 6.1173447544065365, 320.1970184770656, -2.7077784174012325, 8.414553023184308, 36.080407724119226, -2.9286259892715742, 4.888484405671036, 893.0297118065889, -3.2822893056873244, 6.39983513852769, 115.64227578304795, -0.6407022123888773, 7.2856757473621485, 102.63276734448988, -2.211561402866975, 17.759214572437575, 701.0745246500882, 4.202252611091341, -13.589147580221482]",67.81
P2,947cc63e119926bf,200,1368906691,nw_retrain_0455_converging_easy_seed20295434,2.6566104374489696,0.2399879793907497,0.0,0.0,2.0957422760512694,0.32088018200695057,1.5608681613977002,0.0,0.0,60,0,0,220,0,nsga2,"[520.9093936787881, 0.44053347091120254, -3.960839410345719, 727.794537117321, -1.4544446023404747, 16.974510385727093, 663.8031497051559, -3.974872346284001, 5.889164418032223, 112.73142225280299, -0.5167552483240845, 0.7336331327686902, 439.58290647615587, -0.975084659060693, 12.458717002850989, 660.5816207700046, 0.38455653293251935, 6.016045581014313, 368.9355508565466, -4.670874713160151, 14.343161368096393, 120.72981103921678, 2.68374729518483, -3.733593594116444]",68.36
P2,f84a0a5af85bf4a8,200,2446827967,nw_retrain_0455_converging_easy_seed20295434,11431.631177767338,11397.370507580441,0.0,1.6526402286017918,1.4919729327277196,31.116057025566988,22.65264022860179,0.0,0.0,60,0,0,220,0,slsqp,"[30.0, 0.0, 0.0, 30.0, 0.0, 0.0]",67.93
P2,8125b8a03a23c584,200,3990945239,nw_retrain_0455_converging_easy_seed20295434,11480.857330988027,11397.370507580441,0.0,1.7300638045738832,1.4937469583198593,80.26301264469109,22.73006380457388,0.0,0.0,60,0,0,220,0,slsqp,"[30.0, 0.0, 0.0, 30.0, 0.0, 0.0]",67.49
P2,9ff8bf610f5b5c7d,200,3504468189,nw_retrain_0455_converging_easy_seed20295434,11435.02990356258,11397.370507580441,0.0,1.6526402286017918,1.497063373718539,34.50969237981684,22.65264022860179,0.0,0.0,60,0,0,220,0,slsqp,"[30.0, 0.0, 0.0, 30.0, 0.0, 0.0]",68.93
P2,b0f1032824f73c2d,200,3003501111,nw_retrain_0455_converging_easy_seed20295434,11433.126090714237,11397.370507580441,0.0,1.6526402286017918,1.3084950095871473,32.79444789560706,22.65264022860179,0.0,0.0,60,0,0,220,0,slsqp,"[30.0, 0.0, 0.0, 30.0, 0.0, 0.0]",70.72
P2,297d5c072bf1bcb9,400,3352085335,nw_dual_val_012,3.4850964565703295,1.620454828172457,0.0,0.0,1.8646416283978724,0.0,2.620454828172457,0.0,0.0,110,0,0,410,0,nsga2,"[590.6621373922779, -4.982567804483755, 5.937450143064776, 572.8532435568687, -1.0054105885334004, 1.0936167070259328]",54.69
P2,645287833e274dc6,400,1192095115,nw_dual_val_012,1.1334441400732675,0.0,0.0,0.0,1.1334441400732675,0.0,1.0,0.0,0.07272727272727272,110,0,0,410,0,nsga2,"[355.7755896713389, -4.413998757694962, 2.1237326954195006, 77.18671579131856, -5.108274971687488, -3.9388396645386368, 482.41190850875455, 0.9516657961452686, 5.700585287066637, 396.3721965844581, -0.3845399964373176, 1.7492178757818444, 563.4039276194103, -2.6457633790086077, 0.4646037193303208, 508.5825497502197, -2.3069293574569834, 3.32492270129891, 144.9104173990126, -4.035818179190903, 0.3708539825720738, 229.57573465574455, -1.347579556338284, 0.08553183060682203]",60.37
P2,2f7b918a5180c88a,400,1169347348,nw_dual_val_012,3.034566313813796,1.0662439163760076,0.0,0.0,1.9655213944237488,0.0028010030140395276,2.069044919390047,0.0,0.0,110,0,0,410,0,nsga2,"[599.4186007212785, 1.875824438099028, 5.905612237059388, 588.8995549538707, 0.06748366788182691, 2.954818288814284]",63.5
P2,0104a0697d340c5e,400,4034615375,nw_dual_val_012,1.3033578941434127,0.008003745884965356,0.0,0.0,1.2912724828473032,0.004081665411144084,1.0120854112961095,0.0,0.0,110,0,0,410,0,nsga2,"[509.7257490217602, -3.1050374147185535, 5.493478626764118, 327.10422563317684, -1.772115616581094, 4.094632348409339, 592.8726328814361, -3.067874605625823, 1.3079905931286973, 338.4364058403069, -3.6142410155037257, -1.572718323764717, 233.21537331410062, -2.174591123184706, -4.999080681454458, 349.64139232501014, 5.766942597751341, -1.5327399670155786, 508.0163380393946, -0.9714658138802811, -4.2870477429660685, 287.98327653664614, 1.593950363555221, -1.4383103666470158]",63.71
P2,9c6ba0bf2d30dd8e,400,3949316168,nw_dual_val_023,193.32598102728,192.02431668996994,0.0,0.2612387857142962,0.9488379131724338,0.09158763842333127,11.352826424137627,0.0,0.0,110,0,0,410,0,slsqp,"[30.0, 0.0, 0.0, 30.0, 0.0, 0.0]",64.74
P2,235a7c8b4f6be992,400,153828696,nw_dual_val_023,193.32016882034182,192.02431668996994,0.0,0.2612387857142962,0.9666927413976211,0.06792060325996942,11.329159388974265,0.0,0.0,110,0,0,410,0,slsqp,"[30.0, 0.0, 0.0, 30.0, 0.0, 0.0]",64.99
P2,3b21adf160b45f29,400,1335683369,nw_dual_val_015,124.58421302240062,123.39711385523955,0.0,0.0,1.0542412442537796,0.13285792290728685,11.051296780382703,0.0,0.0,110,0,0,410,0,sobol,"[251.09203174710274, -2.110782466828823, -0.12344949692487717, 363.4825131855905, -3.3764951191842556, 0.2009352631866932]",65.14
P2,bcf94e3e57069524,400,298528104,nw_dual_val_023,0.8336876190985685,0.0,0.14891552076063874,0.0,0.6,0.0847720983379297,0.8336876190985685,0.0,0.06363636363636363,110,0,0,410,0,slsqp,"[286.9955081505074, 0.17412727394673905, -0.15173634725594795, 299.65167259465954, 0.1854010659094001, -0.13929592825805703, 305.4180003932498, 0.16599240887703465, -0.1347877601896175, 248.06790928902169, 0.16280755586120052, -0.13034393713858364, 326.5624300021804, 0.18001684913082439, -0.14337801194441746, 300.57550827314935, 0.1940295595605993, -0.139314385130159, 282.01194857496387, 0.17883398389024543, -0.13283043779213025, 250.7249460543446, 0.0, 0.0]",67.84
P2,3971a8be6e99e199,400,956670560,nw_dual_val_037,63.93338838798291,63.195299452158125,0.0,0.0,0.7380889358247827,0.0,11.0,0.0,0.0,110,0,0,410,0,nsga2,"[55.912936335763646, 3.6351175156419373, 3.6869797301472667, 69.72710084259381, 3.3335368685683973, 1.7984519692185497]",68.9
P2,a412444d9b688d39,400,1805848239,nw_dual_val_015,124.43108136122113,123.39711385523955,0.0,0.0,0.9689429617161022,0.06502454426548004,11.06502454426548,0.0,0.0,110,0,0,410,0,slsqp,"[30.0, 0.0, 0.0, 30.0, 0.0, 0.0]",69.02
P2,bcad1e4f4b996373,400,819540262,nw_dual_val_015,124.55611386726584,123.39711385523955,0.0,0.0,1.0624847316062058,0.09651528042008384,11.064281280489851,0.0,0.0,110,0,0,410,0,nsga2,"[94.68936606641552, -2.6308808264071097, 5.062915118949578, 48.070187553403024, -3.1697082128113903, 4.230866844589534]",71.56
P2,8428b3fd14b42611,400,4255341536,nw_dual_val_023,0.9868852673760725,0.007567975226796594,0.0,0.0,0.8230196126495624,0.15629767949971352,1.16386565472651,0.0,0.0,110,0,0,410,0,nsga2,"[253.33631264697075, -0.15059551331467502, 0.5127852975712058, 398.21559180691236, -0.6337471581099989, -0.29311034275590964, 411.9050025102365, -1.6437902893267184, -1.302264153737322, 270.9210794337695, -1.420119294038551, -2.8597607574748065, 440.37756894542275, -1.610459723455981, -4.605868574099215, 451.62562016242924, -2.972708640099085, -3.160359984649995, 494.8264311702311, -0.6628692358185941, -2.478289694277131, 512.7411790930782, -3.244581642326645, -5.870139219840543]",71.96
P2,a7906845ab77929b,400,2513931847,nw_dual_val_037,63.9208438132817,63.195299452158125,0.0,0.0,0.7255443611235746,0.0,11.0,0.0,0.0,110,0,0,410,0,slsqp,"[30.0, 0.0, 0.0, 30.0, 0.0, 0.0]",72.52
P2,d22da36bc21b5bbf,400,3111742471,nw_dual_val_037,63.922774041195126,63.195299452158125,0.0,0.0,0.7274745890369989,0.0,11.0,0.0,0.0,110,0,0,410,0,sobol,"[31.81277995929122, -5.198601353913546, 1.9513305388391018, 96.36795993894339, 5.043292544782162, 1.8410678319633007]",72.71
P2,26b21bdfd8aabe1c,400,221397612,nw_dual_val_023,193.1517707270708,192.02431668996994,0.0,0.2612387857142962,0.7769296575295539,0.0892855938570337,11.350524379571329,0.0,0.0,110,0,0,410,0,slsqp,"[30.0, 0.0, 0.0, 30.0, 0.0, 0.0]",73.89
P2,422f1badd9a4af49,400,2324850533,nw_dual_val_041,0.792893011131537,0.0,0.0,0.0,0.7798220092077953,0.013071001923741644,0.8130710019237417,0.0,0.09090909090909091,110,0,0,410,0,slsqp,"[246.26588928932995, 0.42401156089227504, -0.8293385990663902, 242.1167919198421, 0.3976065741776662, -0.7250876266735713, 233.42806334462435, 0.3947025167150535, -0.8177769556296502, 249.35252260870044, 0.4351712553941534, -0.8224255183557376, 234.42718465596525, 0.4340109391881904, -0.5696134125050282, 266.9761220583735, 0.4183625923534214, -0.7505820156339027, 272.13350643000547, 0.40010390901168474, -0.6935910274736985, 178.02971469806832, 0.0, 0.0]",74.4
P2,dfb036fb426efd59,400,3805953969,nw_dual_val_037,1.16195707414105,0.1269225013588887,0.0,0.0,0.9522599364082442,0.08277463637391723,1.0,0.0,0.06363636363636363,110,0,0,410,0,slsqp,"[290.28192543098794, 0.15212119782186548, 1.4324968861980159, 269.00292094319366, 0.1562324300390128, 1.3518619318320473, 250.84845351677512, 0.1490641767599526, 1.5839875192114348, 270.5795169953051, 0.15758360661822987, 1.5472831389718438, 277.409165184802, 0.14631150596471545, 1.5113333006664913, 302.30037443557563, 0.16606644225002884, 1.3919450341299047, 275.02273533251997, 0.16422196877767828, 1.3560242885182903, 240.88271221110912, 0.0, 0.0]",75.26
P2,4ba0d91cfd5b299c,400,3510589177,nw_dual_val_041,0.6731436153944135,0.05969531931183422,0.0,0.0,0.6,0.013448296082579227,0.6731436153944135,0.0,0.08181818181818182,110,0,0,410,0,slsqp,"[246.26588928932995, 0.42401156089227504, -0.8293385990663902, 242.1167919198421, 0.3976065741776662, -0.7250876266735713, 233.42806334462435, 0.3947025167150535, -0.8177769556296502, 249.35252260870044, 0.4351712553941534, -0.8224255183557376, 234.42718465596525, 0.4340109391881904, -0.5696134125050282, 266.9761220583735, 0.4183625923534214, -0.7505820156339027, 272.13350643000547, 0.40010390901168474, -0.6935910274736985, 178.02971469806832, 0.0, 0.0]",75.43
P2,24bb28fe78d6a8cc,400,3965598578,nw_dual_val_030,47.71871810551186,45.78983564586893,0.91107471387626,0.0,1.0178077457666663,0.0,11.91107471387626,0.0,0.0,110,0,0,410,0,sobol,"[324.1590208467096, -5.38506380841136, 0.5673469640314579, 358.45560310408473, -3.0464166440069675, 1.6956369616091251]",76.66
P2,1506dc5981e074f8,400,1089019990,nw_dual_val_030,1.2093445066784794,0.0,0.0,0.0,1.2093445066784794,0.0,1.0,0.0,0.07272727272727272,110,0,0,410,0,nsga2,"[493.27397536380573, -3.3068459949528157, -5.719868482240564, 93.37507854960015, -2.655399637630082, -1.864155292140171, 119.44738072678129, -4.3379288960004025, 0.9745724897766668, 121.24474513971681, -1.8521003789683252, 3.417518281189886, 426.0493501145323, -3.6981702487611745, -0.09802448097272237, 500.15500260789355, -1.703245592669059, -5.77428392966769, 328.26318086281793, -0.6710566361749114, -0.23714864068659613, 497.5116030720699, -1.970645098079626, -1.7836191223921087]",77.31
P2,a57c1b35fe921d80,400,3584865666,nw_dual_val_037,0.9076307845328225,0.005519827154579655,0.0,0.0,0.9021109573782429,0.0,1.0,0.0,0.06363636363636363,110,0,0,410,0,nsga2,"[484.9817559864465, 0.294054114693173, 2.67183330465083, 229.19452774120845, -2.037206950620865, 3.5604696122646327, 577.4534107716827, -2.828870018539016, 2.49542432528984, 226.61294228174827, -4.160638159600072, -2.294342548351506, 419.139468910577, -0.16318191244333052, -2.891952739486235, 310.6582668923668, -1.3234887907630861, -3.663027139168039, 347.3724768833074, 3.2039550340326985, -4.265760035768975, 456.63036908819845, 4.124597176596795, -2.739408509819617]",77.46
P2,03a7bddb65276d90,400,1951856929,nw_dual_val_023,193.28934138912481,192.02431668996994,0.0,0.2612387857142962,0.8216619548678835,0.18212395857268895,11.40862681853027,0.0,0.0,110,0,0,410,0,nsga2,"[156.21475154857941, 2.681509175020419, -1.4330880006437734, 77.73250263670796, 2.108668404049155, -1.6330815157024472]",77.66
P2,7acd20dae9cc7735,400,1185124846,nw_dual_val_039,2.4686080092018674,1.0589919461982147,0.0,0.0,1.4096160630036527,0.0,2.0589919461982147,0.0,0.0,110,0,0,410,0,nsga2,"[583.541220957974, 1.990000973654165, -3.8728267216779426, 560.7162372873389, 3.3860932884030315, -1.759417019725172]",78.35
P2,420ffa13d87ebc54,400,2579489752,nw_dual_val_015,124.54455495187878,123.39711385523955,0.0,0.0,1.059613239607917,0.08782785703131406,11.087827857031314,0.0,0.0,110,0,0,410,0,slsqp,"[30.0, 0.0, 0.0, 30.0, 0.0, 0.0]",78.49
P2,8aac8627c19c4efd,400,3850489402,nw_dual_val_041,0.9177167370219188,0.0,0.0,0.0,0.9177167370219188,0.0,0.9582843271644738,0.0,0.09090909090909091,110,0,0,410,0,nsga2,"[115.73179425073101, -1.850510762063556, -2.9395984126593517, 188.97866749268144, 3.0552919976294213, -4.588059339999643, 505.30700133543303, 0.8263454952531021, -0.06967031754247101, 196.06178008131528, -0.39261822826361026, -1.965783685489417, 503.0623768625527, -1.1599179072599055, 0.016115577039162582, 208.11970091679635, -1.9184460414150482, 0.23238260149942644, 111.20021826028386, -4.260087132667544, -4.237146978228056, 495.94314789786716, -3.128981680773102, -1.581685069185406]",80.01
P2,1b12d50eabb2ef5d,400,599428438,nw_dual_val_037,63.876485208588555,63.195299452158125,0.0,0.0,0.6811857564304331,0.0,11.0,0.0,0.0,110,0,0,410,0,slsqp,"[30.0, 0.0, 0.0, 30.0, 0.0, 0.0]",80.58
P2,df71e4c432257994,400,700011293,nw_dual_val_039,2.676456705351674,1.0582294439586621,0.0,0.0,1.6182272613930118,0.0,2.058229443958662,0.0,0.0,110,0,0,410,0,nsga2,"[577.0231816327866, 1.3092643318229926, -2.2655562908890188, 473.6385862689201, 3.223413627987994, -3.165982211036816]",82.07
P2,83f082baf0208dad,400,2117251596,nw_dual_val_039,0.753312320423558,0.0,0.0,0.0,0.753312320423558,0.0,0.8,0.0,0.08181818181818182,110,0,0,410,0,slsqp,"[320.7787981992587, 0.3342921509841312, -2.194684698854546, 315.3503275636665, 0.9771897700218161, -1.9829839010271266, 304.04738019291864, 0.9935120281432905, -2.1711752768063635, 324.7926061903207, 0.7375523008388408, -1.9130755281064393, 305.33738083181595, 0.009866616049759212, -1.1426805931123032, 347.7275990449152, -0.16130735997887216, -0.9408050729730041, 354.46807672129114, -0.2351199989218254, -0.8275037458371424, 279.6032359410602, 0.0, 0.0]",82.67
P2,9dd43feb14ed606b,400,3699732505,nw_dual_val_025,16.013982700395463,13.954236853942712,0.7142960528002759,0.02170743692238597,1.3237423567300906,0.0,11.73600348972266,0.0,0.0,110,0,0,410,0,nsga2,"[320.53744876581925, 2.0468854505696066, -0.06604284174323861, 43.26115367470138, 4.9243044218714465, -1.49960923237948]",83.12
P2,47481d63adf08840,400,3380425654,nw_dual_val_025,0.6924165113892025,0.0,0.0,0.0,0.6835563233448603,0.008860188044342167,1.0088601880443422,0.0,0.07272727272727272,110,0,0,410,0,nsga2,"[393.39354636571164, -4.436984908284336, -5.311804901217085, 197.24876262140134, -5.455444058326723, -0.6016288711148872, 224.8066828897926, -2.0516499476695618, 0.3842425877442098, 190.54142212864997, -3.418015308101097, 0.8990853772298482, 420.1548830534399, -2.9518926040127886, 0.14123183865334904, 546.877859629458, -2.923790893063806, -1.4874456205228321, 351.623415668373, 3.480334430564815, -3.0412624734289118, 495.3808434847462, 4.688113209642783, -1.6711931363845522]",84.41
P2,b64a9ed46ce26f0e,400,400009427,nw_dual_val_025,16.02094319629571,13.954236853942712,0.7142960528002759,0.02170743692238597,1.3307028526303393,0.0,11.73600348972266,0.0,0.0,110,0,0,410,0,sobol,"[62.7034558262676, -4.780519109219313, 3.9298299998044968, 254.50016666203737, 4.550680585205555, 1.955357663333416]",85.5
P2,92e1d5de99aef304,400,3203167909,nw_dual_val_030,1.302113557575387,0.0,0.6382338373242359,0.0,0.663879720251151,0.0,1.438233837324236,0.0,0.0,110,0,0,410,0,slsqp,"[287.36144041793426, 0.38301190751825664, -1.7482729435244582, 282.52015721103334, 0.3624695948456113, -1.505417411424214, 272.3812350284072, 0.36040795724810126, -1.7213363517035423, 290.9612809029701, 0.391582868267694, -1.732163761132462, 273.54714034497744, 0.39972379984929196, -1.7116374698566466, 311.532846474923, 0.3787170299711531, -1.7062693032462117, 317.54537661881835, 0.11839080200916514, -1.3119088906192433, 224.17353458881618, 0.0, 0.0]",85.73
P2,47fe1aff5dca5f13,400,867243792,nw_dual_val_030,47.86861355268006,45.78983564586893,0.91107471387626,0.0,1.167703192934864,0.0,11.91107471387626,0.0,0.0,110,0,0,410,0,sobol,"[61.421993700787425, 2.3005294650793076, 3.87012080848217, 268.4010062366724, 5.875489164143801, 1.992708832025528]",85.97
P2,4346b78576895a19,400,2793416862,nw_dual_val_027,1.3036528785961492,0.34121575006892463,0.0,0.0,0.9624371285272245,0.0,1.333816784356812,0.0,0.0,110,0,0,410,0,nsga2,"[398.24593035737564, -1.9570504569623528, -5.980096877969972, 376.8244892322723, -5.928621465996529, -5.5820398601938495, 402.70882978744294, -2.7141024746492253, -1.5929277172552154, 139.04134801433895, -2.4833402459064775, 1.4976402007788212, 391.18115941759334, -4.300154762580245, 1.606451484724027, 385.92362491061806, 5.3668205840792975, -1.5215694173877121, 451.00243537443356, -2.308174262476947, -2.975912373003186, 53.071107107925215, -1.1018813029371672, 3.698192952395255]",86.04
P2,c7d69bcffd861897,400,3683934945,nw_dual_val_030,47.865604448797924,45.78983564586893,0.91107471387626,0.0,1.1646940890527273,0.0,11.91107471387626,0.0,0.0,110,0,0,410,0,nsga2,"[208.46488126073652, 4.330442056003291, 3.1866706208505433, 147.60877488756466, 2.0999773202253387, 3.3994738323026015]",86.3
P2,dc77d13ffd9d91d7,400,2740090141,nw_dual_val_039,0.8155866087516397,0.06447711921524664,0.0,0.0,0.751109489536393,0.0,0.8644771192152467,0.0,0.07272727272727272,110,0,0,410,0,slsqp,"[320.7787981992587, 0.3342921509841312, -2.194684698854546, 315.3503275636665, 0.9771897700218161, -1.9829839010271266, 304.04738019291864, 0.9935120281432905, -2.1711752768063635, 324.7926061903207, 0.7375523008388408, -1.9130755281064393, 305.33738083181595, 0.009866616049759212, -1.1426805931123032, 347.7275990449152, -0.16130735997887216, -0.9408050729730041, 354.46807672129114, -0.2351199989218254, -0.8275037458371424, 279.6032359410602, 0.0, 0.0]",86.89
P2,cd31553c2824a79a,400,502157397,nw_dual_val_025,16.01400222879004,13.954236853942712,0.7142960528002759,0.02170743692238597,1.3237618851246673,0.0,11.73600348972266,0.0,0.0,110,0,0,410,0,sobol,"[117.66669619828463, 1.1065664179623127, 0.4645761027932167, 184.13050923496485, -2.728337522596121, -0.6880885474383831]",87.47
P2,dfaa29cd466b4d4e,400,91552210,nw_dual_val_037,0.9229810177669162,0.0,0.0,0.0,0.9229810177669162,0.0,1.0,0.0,0.07272727272727272,110,0,0,410,0,nsga2,"[492.92865656121955, -3.8417489754006477, 0.6862960712918365, 52.39735110533008, -3.0411050163509876, 3.108994515194843, 558.5032353594172, -4.687121205949684, 1.8165444983351358, 172.38411877112742, -3.6658861271224286, 4.005244873671441, 323.09852943896544, -3.7277554389175833, 5.934782391362125, 236.80011691616315, 2.107804032349194, 5.716518597242704, 381.69606659996646, 4.587984602022541, 0.32796244066868385, 351.84423873308225, -0.7515202314684597, 3.5454209144606756]",89.05
P2,af78090b1bc8efd3,400,2388427030,nw_dual_val_037,1.039492807045121,0.0,0.0,0.0,1.039492807045121,0.0,1.0,0.0,0.09090909090909091,110,0,0,410,0,nsga2,"[94.6051090820199, -4.256717224502015, 4.8800615796404925, 462.1513847872058, -5.058138919428004, 1.6735056850804542, 493.8749616645832, -0.34688836602216266, 0.5031968371225334, 355.21390710414187, 1.5713700606784298, 3.5575061848473952, 420.43426620932803, 0.07752113485180467, 1.8128139192172092, 502.0587640553066, 3.2698415225291506, 4.7675665432402, 112.53093349623913, 2.0506580758674584, 5.340579613862175, 429.8804484603427, 4.445199268819538, 0.9459945919178658]",89.17
P2,5953f23375dc8af3,400,1058253672,nw_dual_val_030,47.71753972453654,45.78983564586893,0.91107471387626,0.0,1.0166293647913478,0.0,11.91107471387626,0.0,0.0,110,0,0,410,0,slsqp,"[30.0, 0.0, 0.0, 30.0, 0.0, 0.0]",89.95
P2,b61524e0365b52c2,400,2894289307,nw_dual_val_039,2.631830835901198,1.0584896881722134,0.0,0.0,1.5733411477289843,0.0,2.0584896881722132,0.0,0.0,110,0,0,410,0,nsga2,"[471.8370711130054, 4.789656050389091, -3.3168570439954057, 484.21560750379393, 4.4141722710454205, -2.8922553342445085]",90.94
P2,23e51d296a356c2d,400,2725585923,nw_dual_val_027,69.71237724746611,68.89053783758399,0.0,0.0,0.6858075732713652,0.13603183661075302,11.094927758768502,0.0,0.0,110,0,0,410,0,sobol,"[180.17404952086508, -5.740957226604223, 1.8537883087992668, 88.21749933063984, -5.518390607088804, 1.199606392532587]",93.59
P2,28874b4934a7c7b8,400,4290540874,nw_dual_val_025,0.7779556394861807,0.0,0.0,0.0,0.7779556394861807,0.0,1.0,0.0,0.08181818181818182,110,0,0,410,0,nsga2,"[316.3902277787085, -2.566545514026164, -0.8401129964462496, 479.1321721330646, -0.9043514060935627, -1.6233069959167632, 429.41364177074166, -0.04249423224491737, -3.039171174964607, 296.49715017384415, 5.058251614616915, -2.2815859960481246, 385.9776542544634, -0.15427896881853248, 3.241748610036427, 363.4892174984327, 1.6535829010987972, 2.350349230200158, 223.92379279393248, 4.788500560387042, 0.1109166658588921, 332.5292546103282, 2.69060600025645, 0.0060279395222120336]",94.8
P2,4b26fd5a99aaee54,400,61397193,nw_dual_val_027,69.75314832752112,68.89053783758399,0.0,0.0,0.6907044293906486,0.17190606054647803,11.128289770819823,0.0,0.0,110,0,0,410,0,sobol,"[127.87100918591022, 0.16285837814211845, -1.5511111468076706, 148.74095991253853, 3.3730330243706703, 1.4824880920350552]",98.13
P2,5213224e4b322e81,400,366834973,nw_dual_val_025,16.01955136777495,13.954236853942712,0.7142960528002759,0.02170743692238597,1.3293110241095794,0.0,11.73600348972266,0.0,0.0,110,0,0,410,0,slsqp,"[30.0, 0.0, 0.0, 30.0, 0.0, 0.0]",99.93
P2,afb9fc7aa7b446ef,400,3468870167,nw_retrain_0270_approximately_parallel_easy_seed20277435,1.9068418534369966,0.0,0.0,0.39450435956999436,1.5123374938670022,0.0,1.3945043595699944,0.0,0.05454545454545454,110,0,0,410,0,nsga2,"[78.51315507176302, -5.522460741125226, 13.299561628856306, 107.8350071457241, -1.6089799001250469, 8.164097249354572, 35.62344810896895, -1.7840656673444195, 5.735388537935638, 116.62937816836236, 4.833506634853651, 12.044856070785706, 138.25827178705643, 2.3588244265414264, 0.3493137096101731, 54.61441429841701, 3.275131551929375, 13.41858655089673, 73.59100598763753, 1.5691437037987248, 9.990366446300017, 103.01380977400733, -4.0681439898219764, -0.131161323632341]",24.15
P2,0b6cecc88a322c80,400,4122774138,nw_retrain_0270_approximately_parallel_easy_seed20277435,1.747379622763806,0.0,0.0,0.19362359153051756,1.5537560312332885,0.0,1.1787024257719454,0.0,0.07272727272727272,110,0,0,410,0,nsga2,"[199.6163154015858, -5.410784923702424, 15.048704607075328, 130.17792975750808, 4.6520824412314985, 6.907723628823366, 67.11317180483734, -0.058760866830660244, 0.47472254256866836, 44.97124518268987, -3.735580980083513, 1.257794398727674, 130.43948458098782, -4.449605004204982, 2.2514534066852603, 198.69540783904995, -0.9815628600192678, 15.84270995443246, 217.84144809605485, -1.8062926644103372, 15.459742707850069, 77.64705710878285, 2.5637780236836285, 11.827953397137703]",26.85
P2,7ea127f5c6c9acbb,400,1556253926,nw_dual_val_027,0.8554655997301194,0.1263451485355793,0.0,0.0,0.72912045119454,0.0,1.0,0.0,0.06363636363636363,110,0,0,410,0,sobol,"[40.45603699050844, 4.1532815136015415, -0.29764607548713684, 537.5338653568178, -1.9486029110848904, -3.517050225287676, 355.93622745014727, -5.561948709189892, -2.0531331337988377, 570.3844871465117, -3.174491263926029, 0.41669222339987755, 406.46442423574626, 1.538215309381485, -1.2345201261341572, 228.3272023871541, -4.598804175853729, -1.4690096788108349, 269.10015458241105, 5.2436131574213505, -1.6557877622544765, 449.441033648327, -4.721981931477785, 0.8335787504911423]",104.66
P2,9951a0ad3b6524d8,400,3795800862,nw_dual_val_027,69.96473918337624,68.89053783758399,0.0,0.0,0.8641516694812601,0.2100496763109927,11.210049676310993,0.0,0.0,110,0,0,410,0,slsqp,"[30.0, 0.0, 0.0, 30.0, 0.0, 0.0]",105.41
P2,dea4bf503507218b,400,4094626458,nw_retrain_0270_approximately_parallel_easy_seed20277435,8.571786069724638,6.475801700543379,0.0,0.0,2.036087291425026,0.05989707775623206,7.4712709329251465,0.0,0.0,110,0,0,410,0,sobol,"[105.80201179794967, -1.4841702170670033, -10.453924220055342, 65.87467045497866, -2.6387471705675125, -16.07731643691659]",25.55
P2,63084358a2538a0d,400,1044871858,nw_dual_val_027,69.85718494491913,68.89053783758399,0.0,0.0,0.7376830723306502,0.22896403500447635,11.199036928245581,0.0,0.0,110,0,0,410,0,sobol,"[112.02840437181294, 1.9504392072558403, -2.0584869906306267, 70.21739663556218, 4.190712388604879, 0.661270659416914]",105.65
P2,5c4d346342c9ba06,400,3240590687,nw_retrain_0270_approximately_parallel_easy_seed20277435,8.65822884269526,6.372131951646235,0.0,0.0,2.2856799659628315,0.0004169250861934828,7.372548876732429,0.0,0.0,110,0,0,410,0,sobol,"[82.20248892411684, -5.888233982026577, -17.490648709237576, 156.26372011637778, 5.462016172707081, 0.814928725361824]",28.13
P2,ed22d614f340d83c,400,776348280,nw_retrain_0270_approximately_parallel_easy_seed20277435,1.9594892472193253,0.0,0.0,0.8905923523860251,1.0688968948333002,0.0,1.890592352386025,0.0,0.07272727272727272,110,0,0,410,0,nsga2,"[128.48892804891224, -2.5969136698232758, 2.70175954379374, 164.5073111307414, 2.4696709052800587, 17.67794634460775, 34.384006118893176, 5.734522694162762, 6.31784073190182, 220.05378073751626, 1.5032436529920414, 2.3848399109953213, 165.7476516547141, 1.8536807465661553, 9.018173093181838, 143.5850028150527, 1.5413122734329945, 1.278880148440641, 231.40954852779123, 2.6325240525679168, -3.1693233626880546, 132.40648827707332, 0.414509073108011, -2.440196329438866]",34.97
P2,2aae226891eb9ab6,400,3963351804,nw_dual_val_049,53.25512736267479,52.085480710114204,0.0,0.07310654090967923,1.0965401116509084,0.0,11.073106540909679,0.0,0.0,110,0,0,410,0,slsqp,"[30.0, 0.0, 0.0, 30.0, 0.0, 0.0]",62.53
P2,4e5f6975fc83636f,400,2448376955,nw_retrain_0436_none_easy_seed20293834,89.64962665619042,85.65665623589253,0.0,1.4343797945873582,2.536071824585079,0.02251880112545987,12.434379794587358,0.0,0.0,110,0,0,410,0,sobol,"[137.93628421490996, 1.2603389918804169, 11.694567427039146, 184.10498775962992, 3.0757549926638603, -6.229359593242407]",49.45
P2,919ddf7684eea617,400,2416446722,nw_dual_val_050,1.1060910335652274,0.12872873427944714,0.0,0.0,0.9773622992857802,0.0,1.0,0.0,0.045454545454545456,110,0,0,410,0,sobol,"[280.77538400888443, -5.638436414301395, -5.658785697072744, 454.8553290311247, -4.98114724829793, -3.7820460833609104, 187.1260209940374, -4.452875230461359, -1.8985324501991272, 470.39141988381743, -0.07271021604537964, -4.89598448574543, 569.1221575252712, 1.9290376268327236, 0.10104375332593918, 322.90821500122547, -4.67587236687541, -2.763527277857065, 368.2122879009694, -2.647084414958954, -2.872990384697914, 235.6917168572545, 5.419327240437269, -2.509809046983719]",69.67
P2,0df47b21fd3c52a8,400,1886804773,nw_retrain_0436_none_easy_seed20293834,6.863980236520058,5.3361629805145006,0.0,0.0,1.5278172560055583,0.0,6.3361629805145006,0.0,0.07272727272727272,110,0,0,410,0,slsqp,"[276.3143682084752, 0.6487857046808834, -5.204365988870431, 526.8715782531093, 0.37987474668986404, -1.136094808581757, 500.8188986761227, -4.741006850401806, 1.6022736276596266, 260.1264267707699, 3.0841262009598616, -1.560761792137937, 599.0095233717444, 0.5150598043730839, -1.0731899274693943, 228.74776831928668, -0.0499585678448798, 5.208894357081201, 291.9997164622843, -1.3739383408534915, 1.8058423967698705, 234.68419652605843, 0.21085612128507236, -3.0774262978071842]",56.53
P2,f54ef001f06eb139,400,4185681297,nw_retrain_0436_none_easy_seed20293834,89.53198506492201,85.65665623589253,0.0,1.4343797945873582,2.424779796544768,0.016169237897351408,12.434379794587358,0.0,0.0,110,0,0,410,0,sobol,"[176.96222168571512, 4.254562564194202, -6.403497487306595, 227.87214445142328, 2.80500827729702, -0.7766971215605736]",54.91
P2,5f04ca1611a2d5f5,400,1424041064,nw_dual_val_048,0.8331452867810771,0.0,0.0,0.0,0.8331452867810771,0.0,1.0,0.0,0.01818181818181818,110,0,0,410,0,nsga2,"[591.5615178781392, -3.6803448160692818, 0.33381436076246523, 477.27034301443206, -5.27214410742709, -0.15884699848061262, 340.93964195139364, -3.726876164767829, 4.520663717109663, 461.75535277137976, -4.844168496946088, 2.7060557473422953, 49.09287279710027, -3.3210464432412232, 5.815896745030912, 86.83445240931488, 5.05288098838396, 2.0539559363237623, 321.59511915589286, 5.10511890911687, 0.6202786850607651, 558.1047896933601, 0.4987928637842991, 2.328131372271004]",82.12
P2,c6abca57f596a9ec,400,3328037304,nw_retrain_0436_none_easy_seed20293834,6.399883628875596,0.0,0.0,1.8108275015794615,2.2138900671134616,2.3751660601826736,5.185993561762135,0.0,0.03636363636363636,110,0,0,410,0,nsga2,"[228.6209467270256, 5.845871540621066, -10.811107202357922, 548.3911610247382, -0.20112599258320613, 11.054869430320691, 579.7225298975977, -0.015462810036987063, 8.976874546617744, 41.90187027100446, 5.562410886238345, 8.005266969532757, 722.5252054047806, -3.9109201183031814, -0.713156081664095, 395.8234427252961, 5.558096421516078, -10.51038619026548, 248.6724717652788, 3.454146370147673, 6.842051030860768, 221.20726015292524, -0.36574444460376077, 16.86496500947663]",59.38
P2,30abd764dd169d82,400,3048962326,nw_retrain_0436_none_easy_seed20293834,89.65591950399924,85.65665623589253,0.0,1.4343797945873582,2.533422768327483,0.03146070519188148,12.434379794587358,0.0,0.0,110,0,0,410,0,sobol,"[195.13168513888016, 3.301131572574377, -9.054573867470026, 96.56695106659167, -5.11987903341651, -3.9596666134893894]",57.17
P2,cd54c0fdae3ea56f,400,1761788310,nw_dual_val_048,0.7883359910872214,0.0,0.0,0.0,0.7883359910872214,0.0,1.0,0.0,0.07272727272727272,110,0,0,410,0,nsga2,"[396.3519548140432, -3.0989960926919093, 2.951167439688091, 594.9143225245285, -4.08695404326904, 2.357373117328224, 205.87750888632345, -3.56303869461991, 4.554125307927331, 145.1118593997561, -4.82214700703474, 3.122455223472785, 384.0526048319227, -1.1138389327858638, 0.7099603488452584, 59.48919728452458, -1.8032495239340705, -0.3524170225713363, 80.67890077357383, -5.4450856925497035, -2.1621610923130534, 401.92872329656467, -5.383095846204577, 4.325615322524544]",89.72
P2,969c1d122cab45ae,400,3100423710,nw_dual_val_048,0.7573261292416349,0.061741062676130214,0.0,0.0,0.6043142914221628,0.09127077514334192,0.9530118378194722,0.0,0.0,110,0,0,410,0,slsqp,"[311.6259153730867, 0.12473663766481706, 1.3538334601270454, 288.1267299034413, 0.13493831386404986, 1.3117618800402207, 330.5094528407088, 0.1361012101714099, 1.1590804665382293, 258.2466188397461, 0.13697728546544669, 1.2322999548371303, 254.77300665483992, 0.12377390505485027, 1.1891421972122855, 309.42655537898816, 0.13601434575898505, 1.1719007942749322, 279.7658380781583, 0.12250136320631645, 1.3445098318616382, 276.7446627352776, 0.0, 0.0]",81.11
P2,408430aab1841b21,400,2915775201,nw_retrain_0014_vertically_overlapping_hard_seed20252216,2199.5936005760013,2190.918869224497,0.0,1.5666299657706864,2.0572580853013855,5.050843300432372,14.405153449256687,0.0,0.0,110,0,0,410,0,nsga2,"[450.7463652740879, -5.051685289881876, 6.089899071837219, 593.5086355028953, -0.2928659094582749, 6.087471858895297]",72.5
P2,aeb957c09444dd7f,400,1297258227,nw_retrain_0516_none_easy_seed22079712,3917.1200209081976,3912.0073668121927,0.0,1.231507627414379,2.6867612827571454,1.1943851858333896,13.425892813247769,0.0,0.0,110,0,0,410,0,slsqp,"[30.0, 0.0, 0.0, 30.0, 0.0, 0.0]",55.97
P2,a667c88f73f63d23,400,3281918492,nw_dual_val_050,125.62592949604303,124.59747265948712,0.0,0.0,1.0032933958568333,0.02516344069907005,11.02516344069907,0.0,0.0,110,0,0,410,0,slsqp,"[30.0, 0.0, 0.0, 30.0, 0.0, 0.0]",75.62
P2,7aa5e84a51bde11f,400,3736192249,nw_retrain_0436_none_easy_seed20293834,89.57072397321274,85.65665623589253,0.0,1.4343797945873582,2.4796879427328453,0.0,12.434379794587358,0.0,0.0,110,0,0,410,0,slsqp,"[30.0, 0.0, 0.0, 30.0, 0.0, 0.0]",62.19
P2,045bfbdb37076634,400,47595414,nw_retrain_0516_none_easy_seed22079712,3916.908811610758,3911.5877077533787,0.0,1.231507627414379,2.703780514424525,1.3858157155405193,13.39178713231248,0.0,0.0,110,0,0,410,0,sobol,"[32.86454833957811, -2.6978029422461987, 8.843987803906202, 94.84266241370698, 0.6970074959099293, 7.25280324742198]",56.0
P2,9ea057aca98fea22,400,4208521300,nw_dual_val_049,53.22685927218693,52.085480710114204,0.0,0.07310654090967923,1.0682720211630474,0.0,11.073106540909679,0.0,0.0,110,0,0,410,0,nsga2,"[102.95245621046104, 4.013406817846881, 3.888669382311699, 275.6436653633436, 3.7732799257541387, 4.6377588176037925]",86.12
P2,bf4525ee269338d9,400,3085327213,nw_retrain_0175_vertically_overlapping_easy_seed20267994,255.39299329191962,253.1978420493314,0.0,0.0,2.141234997087353,0.053916245500845,11.053916245500846,0.0,0.0,110,0,0,410,0,slsqp,"[30.0, 0.0, 0.0, 30.0, 0.0, 0.0]",77.08
P2,c0d90ad00bf0dd85,400,1065200013,nw_dual_val_049,53.41015892030033,52.085480710114204,0.0,0.07310654090967923,1.2515716692764487,0.0,11.073106540909679,0.0,0.0,110,0,0,410,0,slsqp,"[30.0, 0.0, 0.0, 30.0, 0.0, 0.0]",88.9
P2,0a871cc314eb02dd,400,931735823,nw_retrain_0472_vertically_overlapping_moderate_seed20297231,49.69918642715348,47.480435265547705,0.0,0.0,2.1685728303140275,0.05017833129174603,11.0,0.0,0.0,110,0,0,410,0,sobol,"[49.083097162289334, 2.5913283862173557, -10.027351833879948, 425.68395252771415, 1.441825345158577, -9.015530794858932]",64.56
P2,a17576fca19aa0ea,400,3305035020,nw_retrain_0472_vertically_overlapping_moderate_seed20297231,49.62852760901073,47.480435265547705,0.0,0.0,2.148092343463027,0.0,11.0,0.0,0.0,110,0,0,410,0,sobol,"[258.72783423130227, 3.7862257473170757, -0.24822674319148064, 199.71510432862192, 3.564723540097475, -1.1891271583735943]",70.66
P2,2a51700d7fb2b860,400,2867034141,nw_dual_val_050,0.8892422078358785,0.06822869713683395,0.0,0.0,0.7886045392278955,0.03240897147114899,0.900637668607983,0.0,0.06363636363636363,110,0,0,410,0,slsqp,"[241.6781017133974, 0.12889628264106454, -2.4803634799252285, 307.13601260428186, 0.12805463394683705, -2.3922494382507327, 273.9175286940765, 0.13534610276227574, -2.347566855915666, 288.75715877389, 0.1255577782058093, -2.4191581118802015, 261.96714568717704, 0.11703065336449633, -2.5185272398245497, 282.0092292066508, 0.13348910560862662, -2.5371162426550558, 306.9391333644716, 0.13511643166136297, -2.64899218001228, 336.7034846785144, 0.0, 0.0]",92.2
P2,fc900fe2cc2add7b,400,1915423784,nw_dual_val_049,53.32327888114887,52.085480710114204,0.0,0.07310654090967923,1.164691630124992,0.0,11.073106540909679,0.0,0.0,110,0,0,410,0,sobol,"[203.7261128704995, 2.795310840010643, 3.200179886072874, 91.55220972374082, 1.2343555837869644, 1.2412625849246979]",95.28
P2,487ae23158f46824,400,2048186631,nw_dual_val_050,125.81327727285617,124.59747265948712,0.0,0.0,1.1385407896346111,0.07726382373442307,11.055491403667006,0.0,0.0,110,0,0,410,0,sobol,"[68.17030733451247, 4.360969103872776, 1.211696270853281, 101.15512473508716, 2.2161206044256687, 2.653170559555292]",92.19
P2,d1bccd35e7e96adb,400,3165907471,nw_retrain_0472_vertically_overlapping_moderate_seed20297231,49.718667500246575,47.480435265547705,0.0,0.0,2.0953750918417287,0.1428571428571401,11.021526109804158,0.0,0.0,110,0,0,410,0,sobol,"[116.22120455735482, -0.9277301542460918, 10.519670527428389, 227.4759156991528, -3.107486743479967, 9.56714404374361]",74.49
P2,e9f8aa0d1c706fa9,400,1324061294,nw_retrain_0175_vertically_overlapping_easy_seed20267994,255.26771002232715,253.1978420493314,0.0,0.0,2.055233579595444,0.014634393400307569,11.014634393400307,0.0,0.0,110,0,0,410,0,sobol,"[155.6235991138965, -0.7114766724407673, -4.593423653393984, 506.203250316903, 2.3250633627176285, -0.5995195470750332]",91.36
P2,dc136d64b4acd5ef,400,1109534389,nw_retrain_0014_vertically_overlapping_hard_seed20252216,2197.9061534131115,2190.855858358724,0.0,1.5666299657706864,1.9493365999737535,3.5343284886432538,16.10095845441394,0.0,0.0,110,0,0,410,0,slsqp,"[30.0, 0.0, 0.0, 30.0, 0.0, 0.0]",96.31
P2,1869f6ad2db72370,400,4259684973,nw_dual_val_050,125.87773257890724,124.59747265948712,0.0,0.0,1.2424206095727193,0.03783930984740363,11.037839309847403,0.0,0.0,110,0,0,410,0,slsqp,"[30.0, 0.0, 0.0, 30.0, 0.0, 0.0]",96.65
P2,de47ac33dd3c4fc3,400,1826419099,nw_retrain_0487_converging_easy_seed20298701,2.673071911605917,0.08737326615951362,0.0,0.6463933430185858,1.909941573085462,0.029363729342356,1.7631303385204553,0.0,0.0,110,0,0,410,0,nsga2,"[534.78174586315, -3.927105151931364, -3.383056236832129, 141.70552134687077, 3.1043220309821002, 1.139209476622642, 444.64239500467573, 0.052843229219160764, -0.28123910208340536, 277.75543461203756, 4.238145920606126, -11.032934001869213, 101.20686703516702, -3.216103019469694, -5.6320691619927965, 569.2020297200868, 1.393049313946001, -4.491142826384097, 374.35196152580403, 3.0981466617603495, -6.011788813052477, 145.70154466492585, -1.4829585538075214, -6.318872181391487]",79.54
P2,a664de82d01a683d,400,3088489443,nw_retrain_0487_converging_easy_seed20298701,3.0030351295150277,0.2929156828492691,0.0,0.07078649082419952,2.490667418655333,0.14866553718622666,1.5123677108596953,0.0,0.07272727272727272,110,0,0,410,0,sobol,"[275.17709777535947, 2.141329139471054, -13.159269232302904, 214.24767618734774, 0.18273627385497093, 2.355115368962288, 63.750180102620824, -1.453134298324585, 17.97949531674385, 211.40303287142638, -5.707576755434275, -10.909436635673046, 442.2742190700855, -3.1304778903722763, -1.3196177668869495, 350.1368905722409, -4.379512421786785, -5.746912200003862, 599.4701853550008, -4.446676041930914, 13.175571028143167, 188.3542826154693, -3.6238072961568832, -9.255506493151188]",80.85
P2,70b721f692d835b3,400,3194291989,nw_retrain_0346_vertically_overlapping_moderate_seed20285014,1333.0005555612995,1324.9973549206209,0.7165274049838172,1.985343150148682,2.345766750967214,2.955563334579084,16.657433889711584,0.0,0.0,110,0,0,410,0,slsqp,"[30.0, 0.0, 0.0, 30.0, 0.0, 0.0]",94.76
P2,8324c43b624272a0,400,1009775059,nw_retrain_0224_crossing_easy_seed20273058,7087.270316649144,7078.192801302993,0.0,1.6013164218296059,1.7729666032318534,5.703232321089858,18.304548742919465,0.0,0.0,110,0,0,410,0,slsqp,"[30.0, 0.0, 0.0, 30.0, 0.0, 0.0]",98.92
P2,8f26449901401093,400,3228145356,nw_retrain_0175_vertically_overlapping_easy_seed20267994,255.18640896226017,253.1978420493314,0.0,0.0,1.9885669129287773,0.0,11.0,0.0,0.0,110,0,0,410,0,sobol,"[44.85452282242477, 3.0860345251858234, 16.8067179992795, 433.60959409736097, 4.44288032501936, -0.01641840487718582]",101.97
P2,cc4e5f4dcbb4a6df,400,886419084,nw_retrain_0346_vertically_overlapping_moderate_seed20285014,1332.8015436686062,1325.5542421814616,0.0,1.985343150148682,2.4750727260097882,2.786885610986031,15.382440515733906,0.0,0.0,110,0,0,410,0,sobol,"[144.93475749158694, 0.811908558011055, -0.914189301431179, 96.40078798241605, -5.264839209616184, -3.4508675560355186]",97.11
P2,d74bf6be74af3731,400,3854449470,nw_dual_val_050,125.62132193037534,124.59747265948712,0.0,0.0,0.9840298262781081,0.03981944461012,11.03981944461012,0.0,0.0,110,0,0,410,0,slsqp,"[30.0, 0.0, 0.0, 30.0, 0.0, 0.0]",109.46
P2,0f3a6a7825804338,400,3774472184,nw_retrain_0224_crossing_easy_seed20273058,7087.263264096106,7078.192801302993,0.0,1.6013164218296059,1.630852088909419,5.838294282373247,18.439610704202853,0.0,0.0,110,0,0,410,0,slsqp,"[30.0, 0.0, 0.0, 30.0, 0.0, 0.0]",107.63
P2,5910971d5b90d085,400,502204210,nw_retrain_0455_converging_easy_seed20295434,2.186536171730884,0.0,0.0,0.0,2.1246422823919144,0.061893889338969645,1.057809580148373,0.0,0.07272727272727272,110,0,0,410,0,nsga2,"[196.7209383363974, -2.1579218786096557, -9.80242423820578, 333.4826990723503, -4.057176792060487, -7.626747772381423, 47.36545455707829, -5.973804710078548, -15.83510059501483, 647.6042644861534, -2.448374946956497, 9.78081936074944, 103.83252082756272, -4.279966872446749, 9.448366534468004, 618.1409901794799, 1.330149090919106, -4.601594563745719, 678.1629555707079, -5.082741104571205, -11.85727532027242, 473.52226521799736, -5.869745742729661, -0.7823566944679037]",103.72
P2,947cc63e119926bf,400,1368906691,nw_retrain_0455_converging_easy_seed20295434,3.186532147984912,0.0,0.0,0.5260356393189521,2.3775138634770907,0.28298264518886884,1.809018284507821,0.0,0.045454545454545456,110,0,0,410,0,nsga2,"[152.17769949385215, -5.922655804555648, -12.824233026514149, 480.4657610590029, -2.099445831060362, -11.593511801115676, 630.5348088690741, -4.899960229394574, -7.396894739936405, 427.21011851937556, 1.5279476270778631, 15.81261856193101, 680.9326078757462, 0.10395203561842514, 6.441430999532893, 731.0510300677905, -3.1127087044782584, 5.078037237416538, 379.21845712631415, -4.566434486529808, 0.8000067337550525, 155.44343927098117, 1.6320069763080447, -16.4784418263605]",110.1
