scenario_uid,arm,search_arm,n_candidates,regret,top3_recall,cfo,n_pairs,n_correct
nw_retrain_5000_none_easy_seed2768563,M0,slsqp_multi,5,0.00000000,0.33333333,0.00000000,10,6.00000000
nw_retrain_5000_none_easy_seed2768563,M1,slsqp_multi,5,0.00000000,0.66666667,0.00000000,10,8.00000000
nw_retrain_5000_none_easy_seed2768563,M0,slsqp_multi,5,0.00000000,0.66666667,0.00000000,10,7.00000000
nw_retrain_5000_none_easy_seed2768563,M1,slsqp_multi,5,0.00000000,0.66666667,0.00000000,10,8.00000000
nw_retrain_5000_none_easy_seed2768563,M0,slsqp_multi,5,0.00000000,0.66666667,0.00000000,10,6.00000000
nw_retrain_5000_none_easy_seed2768563,M1,slsqp_multi,5,0.00000000,0.66666667,0.00000000,10,7.00000000
nw_retrain_5000_none_easy_seed2768563,M0,slsqp_multi,5,0.00000000,0.33333333,0.00000000,10,6.00000000
nw_retrain_5000_none_easy_seed2768563,M1,slsqp_multi,5,0.00000000,0.66666667,0.00000000,10,8.00000000
nw_retrain_5000_none_easy_seed2768563,M0,slsqp_multi,5,0.00000000,0.66666667,0.00000000,10,7.00000000
nw_retrain_5000_none_easy_seed2768563,M1,slsqp_multi,5,0.00000000,0.66666667,0.00000000,10,8.00000000
nw_retrain_5000_none_easy_seed2768563,M0,slsqp_multi,5,0.00000000,0.66666667,0.00000000,10,6.00000000
nw_retrain_5000_none_easy_seed2768563,M1,slsqp_multi,5,0.00000000,0.66666667,0.00000000,10,7.00000000
nw_retrain_5000_none_easy_seed2768563,M0,slsqp_multi,5,0.00000000,0.33333333,0.00000000,10,6.00000000
nw_retrain_5000_none_easy_seed2768563,M1,slsqp_multi,5,0.00000000,0.66666667,0.00000000,10,8.00000000
nw_retrain_5000_none_easy_seed2768563,M0,slsqp_multi,5,0.00000000,0.66666667,0.00000000,10,7.00000000
nw_retrain_5000_none_easy_seed2768563,M1,slsqp_multi,5,0.00000000,0.66666667,0.00000000,10,8.00000000
nw_retrain_5000_none_easy_seed2768563,M0,slsqp_multi,5,0.00000000,0.66666667,0.00000000,10,6.00000000
nw_retrain_5000_none_easy_seed2768563,M1,slsqp_multi,5,0.00000000,0.66666667,0.00000000,10,7.00000000
nw_retrain_5000_none_easy_seed2768563,M0,nsga2,8,2.66731528,0.33333333,1.00000000,28,14.00000000
nw_retrain_5000_none_easy_seed2768563,M1,nsga2,8,2.66731528,1.00000000,1.00000000,28,20.00000000
nw_retrain_5000_none_easy_seed2768563,M0,nsga2,8,0.39207502,0.33333333,0.00000000,28,12.00000000
nw_retrain_5000_none_easy_seed2768563,M1,nsga2,8,0.39207502,0.33333333,0.00000000,28,15.00000000
nw_retrain_5000_none_easy_seed2768563,M0,nsga2,8,6.99648997,0.33333333,1.00000000,28,12.00000000
nw_retrain_5000_none_easy_seed2768563,M1,nsga2,8,6.99648997,0.00000000,1.00000000,28,11.00000000
nw_retrain_5000_none_easy_seed2768563,M0,nsga2,8,1.83496639,0.00000000,1.00000000,28,9.00000000
nw_retrain_5000_none_easy_seed2768563,M1,nsga2,8,0.00000000,0.33333333,0.00000000,28,13.00000000
nw_retrain_5000_none_easy_seed2768563,M0,nsga2,8,0.00000000,1.00000000,0.00000000,28,26.00000000
nw_retrain_5000_none_easy_seed2768563,M1,nsga2,8,4.95379245,1.00000000,1.00000000,28,22.00000000
nw_retrain_5000_none_easy_seed2768563,M0,nsga2,8,0.00000000,1.00000000,0.00000000,28,21.00000000
nw_retrain_5000_none_easy_seed2768563,M1,nsga2,8,0.00000000,1.00000000,0.00000000,28,21.00000000
nw_retrain_5000_none_easy_seed2768563,M0,nsga2,8,2.16113959,0.00000000,1.00000000,28,4.00000000
nw_retrain_5000_none_easy_seed2768563,M1,nsga2,8,2.16113959,0.33333333,1.00000000,28,7.00000000
nw_retrain_5000_none_easy_seed2768563,M0,nsga2,8,0.03130455,0.33333333,0.00000000,28,15.00000000
nw_retrain_5000_none_easy_seed2768563,M1,nsga2,8,0.03130455,1.00000000,0.00000000,28,21.00000000
nw_retrain_5000_none_easy_seed2768563,M0,nsga2,8,0.08720378,0.66666667,0.00000000,28,23.50000000
nw_retrain_5000_none_easy_seed2768563,M1,nsga2,8,0.00001669,0.66666667,0.00000000,28,17.50000000
nw_retrain_5000_none_easy_seed2768563,M0,slsqp_multi,5,0.00000000,0.66666667,0.00000000,10,8.00000000
nw_retrain_5000_none_easy_seed2768563,M1,slsqp_multi,5,0.00000000,0.66666667,0.00000000,10,8.00000000
nw_retrain_5000_none_easy_seed2768563,M0,slsqp_multi,5,0.00000000,0.33333333,0.00000000,10,6.00000000
nw_retrain_5000_none_easy_seed2768563,M1,slsqp_multi,5,0.00000000,0.66666667,0.00000000,10,8.00000000
nw_retrain_5000_none_easy_seed2768563,M0,slsqp_multi,5,0.00000000,0.66666667,0.00000000,10,6.00000000
nw_retrain_5000_none_easy_seed2768563,M1,slsqp_multi,5,0.00000000,0.66666667,0.00000000,10,6.00000000
nw_retrain_5000_none_easy_seed2768563,M0,nsga2,8,0.13789058,0.33333333,0.00000000,28,14.00000000
nw_retrain_5000_none_easy_seed2768563,M1,nsga2,8,0.02100351,0.33333333,0.00000000,28,12.00000000
nw_retrain_5001_none_easy_seed2768006,M0,slsqp_multi,5,40.99370213,0.66666667,1.00000000,10,5.00000000
nw_retrain_5001_none_easy_seed2768006,M1,slsqp_multi,5,40.99370213,1.00000000,1.00000000,10,7.00000000
nw_retrain_5001_none_easy_seed2768006,M0,slsqp_multi,5,34.35041283,0.66666667,1.00000000,10,5.00000000
nw_retrain_5001_none_easy_seed2768006,M1,slsqp_multi,5,0.00000000,1.00000000,0.00000000,10,9.00000000
nw_retrain_5001_none_easy_seed2768006,M0,slsqp_multi,5,2.22400086,0.66666667,1.00000000,10,6.00000000
nw_retrain_5001_none_easy_seed2768006,M1,slsqp_multi,5,2.22400086,0.66666667,1.00000000,10,7.00000000
nw_retrain_5000_none_easy_seed2768563,M0,nsga2,8,0.34650113,0.00000000,0.00000000,28,13.50000000
nw_retrain_5000_none_easy_seed2768563,M1,nsga2,8,0.22312529,0.66666667,0.00000000,28,22.00000000
nw_retrain_5000_none_easy_seed2768563,M0,nsga2,8,0.00000000,0.33333333,0.00000000,28,11.00000000
nw_retrain_5000_none_easy_seed2768563,M1,nsga2,8,0.00000000,0.66666667,0.00000000,28,16.00000000
nw_retrain_5001_none_easy_seed2768006,M0,slsqp_multi,5,40.86574093,1.00000000,1.00000000,10,6.00000000
nw_retrain_5001_none_easy_seed2768006,M1,slsqp_multi,5,40.86574093,1.00000000,1.00000000,10,7.00000000
nw_retrain_5001_none_easy_seed2768006,M0,slsqp_multi,5,34.22245163,1.00000000,1.00000000,10,7.00000000
nw_retrain_5001_none_easy_seed2768006,M1,slsqp_multi,5,0.00000000,1.00000000,0.00000000,10,9.00000000
nw_retrain_5001_none_easy_seed2768006,M0,slsqp_multi,5,2.09603966,0.66666667,1.00000000,10,7.00000000
nw_retrain_5001_none_easy_seed2768006,M1,slsqp_multi,5,2.09603966,0.66666667,1.00000000,10,7.00000000
nw_retrain_5001_none_easy_seed2768006,M0,slsqp_multi,5,41.00003915,1.00000000,1.00000000,10,6.00000000
nw_retrain_5001_none_easy_seed2768006,M1,slsqp_multi,5,41.00003915,1.00000000,1.00000000,10,7.00000000
nw_retrain_5001_none_easy_seed2768006,M0,slsqp_multi,5,2.23033788,0.66666667,1.00000000,10,7.00000000
nw_retrain_5001_none_easy_seed2768006,M1,slsqp_multi,5,2.23033788,0.66666667,1.00000000,10,7.00000000
nw_retrain_5001_none_easy_seed2768006,M0,slsqp_multi,5,34.35674985,1.00000000,1.00000000,10,7.00000000
nw_retrain_5001_none_easy_seed2768006,M1,slsqp_multi,5,0.00000000,1.00000000,0.00000000,10,9.00000000
nw_retrain_5001_none_easy_seed2768006,M0,nsga2,8,5.53122962,0.33333333,1.00000000,28,11.00000000
nw_retrain_5001_none_easy_seed2768006,M1,nsga2,8,0.98976355,0.33333333,1.00000000,28,13.00000000
nw_retrain_5001_none_easy_seed2768006,M0,nsga2,8,4.85792481,0.33333333,1.00000000,28,13.00000000
nw_retrain_5001_none_easy_seed2768006,M1,nsga2,8,4.85792481,0.33333333,1.00000000,28,16.00000000
nw_retrain_5001_none_easy_seed2768006,M0,nsga2,8,4.83210735,0.33333333,1.00000000,28,10.00000000
nw_retrain_5001_none_easy_seed2768006,M1,nsga2,8,1.93396387,0.33333333,1.00000000,28,17.00000000
nw_retrain_5001_none_easy_seed2768006,M0,nsga2,8,0.05115637,1.00000000,0.00000000,28,19.00000000
nw_retrain_5001_none_easy_seed2768006,M1,nsga2,8,0.05115637,1.00000000,0.00000000,28,23.00000000
nw_retrain_5001_none_easy_seed2768006,M0,nsga2,8,1.82665995,0.33333333,1.00000000,28,16.00000000
nw_retrain_5001_none_easy_seed2768006,M1,nsga2,8,0.93744180,1.00000000,1.00000000,28,23.00000000
nw_retrain_5001_none_easy_seed2768006,M0,nsga2,8,2.70765805,0.33333333,1.00000000,28,18.00000000
nw_retrain_5001_none_easy_seed2768006,M1,nsga2,8,2.70765805,0.33333333,1.00000000,28,21.00000000
nw_retrain_5001_none_easy_seed2768006,M0,slsqp_multi,5,1.30879525,1.00000000,1.00000000,10,7.00000000
nw_retrain_5001_none_easy_seed2768006,M1,slsqp_multi,5,1.30879525,1.00000000,1.00000000,10,8.00000000
nw_retrain_5001_none_easy_seed2768006,M0,slsqp_multi,5,0.88544220,0.66666667,1.00000000,10,7.00000000
nw_retrain_5001_none_easy_seed2768006,M1,slsqp_multi,5,0.88544220,0.66666667,1.00000000,10,7.00000000
nw_retrain_5001_none_easy_seed2768006,M0,slsqp_multi,5,1.15761609,1.00000000,1.00000000,10,7.00000000
nw_retrain_5001_none_easy_seed2768006,M1,slsqp_multi,5,0.00000000,1.00000000,0.00000000,10,9.00000000
nw_retrain_5001_none_easy_seed2768006,M0,nsga2,8,0.00000000,1.00000000,0.00000000,28,22.50000000
nw_retrain_5001_none_easy_seed2768006,M1,nsga2,8,0.00000000,1.00000000,0.00000000,28,21.50000000
nw_retrain_5001_none_easy_seed2768006,M0,nsga2,8,0.15349750,0.33333333,1.00000000,28,7.50000000
nw_retrain_5001_none_easy_seed2768006,M1,nsga2,8,0.03649129,0.33333333,0.00000000,28,12.50000000
nw_retrain_5001_none_easy_seed2768006,M0,nsga2,8,0.01969965,0.66666667,0.00000000,28,17.00000000
nw_retrain_5001_none_easy_seed2768006,M1,nsga2,8,0.01969965,0.66666667,0.00000000,28,18.00000000
nw_retrain_5001_none_easy_seed2768006,M0,nsga2,8,0.12755462,0.66666667,1.00000000,28,11.00000000
nw_retrain_5001_none_easy_seed2768006,M1,nsga2,8,0.12755462,0.00000000,1.00000000,28,4.50000000
nw_retrain_5002_none_easy_seed2768235,M0,slsqp_multi,5,0.00000000,1.00000000,0.00000000,10,9.00000000
nw_retrain_5002_none_easy_seed2768235,M1,slsqp_multi,5,0.00000000,1.00000000,0.00000000,10,9.00000000
nw_retrain_5002_none_easy_seed2768235,M0,slsqp_multi,5,0.00000000,0.66666667,0.00000000,10,7.00000000
nw_retrain_5002_none_easy_seed2768235,M1,slsqp_multi,5,0.00000000,0.66666667,0.00000000,10,7.00000000
nw_retrain_5002_none_easy_seed2768235,M0,slsqp_multi,5,0.00000000,0.66666667,0.00000000,10,9.00000000
nw_retrain_5002_none_easy_seed2768235,M1,slsqp_multi,5,0.00000000,0.66666667,0.00000000,10,9.00000000
nw_retrain_5001_none_easy_seed2768006,M0,nsga2,8,0.00329729,0.66666667,0.00000000,28,19.50000000
nw_retrain_5001_none_easy_seed2768006,M1,nsga2,8,0.02618854,0.33333333,0.00000000,28,18.00000000
nw_retrain_5001_none_easy_seed2768006,M0,nsga2,8,0.11454068,0.33333333,1.00000000,28,16.00000000
nw_retrain_5001_none_easy_seed2768006,M1,nsga2,8,0.04119626,0.33333333,0.00000000,28,15.00000000
nw_retrain_5002_none_easy_seed2768235,M0,slsqp_multi,5,0.00000000,1.00000000,0.00000000,10,9.00000000
nw_retrain_5002_none_easy_seed2768235,M1,slsqp_multi,5,0.00000000,1.00000000,0.00000000,10,9.00000000
nw_retrain_5002_none_easy_seed2768235,M0,slsqp_multi,5,0.00000000,0.66666667,0.00000000,10,9.00000000
nw_retrain_5002_none_easy_seed2768235,M1,slsqp_multi,5,0.00000000,0.66666667,0.00000000,10,9.00000000
nw_retrain_5002_none_easy_seed2768235,M0,slsqp_multi,5,0.00000000,0.66666667,0.00000000,10,7.00000000
nw_retrain_5002_none_easy_seed2768235,M1,slsqp_multi,5,0.00000000,0.66666667,0.00000000,10,7.00000000
nw_retrain_5002_none_easy_seed2768235,M0,slsqp_multi,5,0.00000000,1.00000000,0.00000000,10,9.00000000
nw_retrain_5002_none_easy_seed2768235,M1,slsqp_multi,5,0.00000000,1.00000000,0.00000000,10,9.00000000
nw_retrain_5002_none_easy_seed2768235,M0,slsqp_multi,5,0.00000000,1.00000000,0.00000000,10,10.00000000
nw_retrain_5002_none_easy_seed2768235,M1,slsqp_multi,5,0.00000000,1.00000000,0.00000000,10,10.00000000
nw_retrain_5002_none_easy_seed2768235,M0,nsga2,8,0.00000000,0.66666667,0.00000000,28,24.00000000
nw_retrain_5002_none_easy_seed2768235,M1,nsga2,8,0.00000000,0.66666667,0.00000000,28,20.00000000
nw_retrain_5002_none_easy_seed2768235,M0,slsqp_multi,5,0.00000000,0.66666667,0.00000000,10,8.00000000
nw_retrain_5002_none_easy_seed2768235,M1,slsqp_multi,5,0.00000000,0.66666667,0.00000000,10,8.00000000
nw_retrain_5002_none_easy_seed2768235,M0,nsga2,8,0.00000000,0.33333333,0.00000000,28,18.00000000
nw_retrain_5002_none_easy_seed2768235,M1,nsga2,8,0.00000000,0.33333333,0.00000000,28,18.00000000
nw_retrain_5002_none_easy_seed2768235,M0,nsga2,8,0.00000000,0.66666667,0.00000000,28,21.00000000
nw_retrain_5002_none_easy_seed2768235,M1,nsga2,8,0.81830976,0.66666667,1.00000000,28,16.00000000
nw_retrain_5002_none_easy_seed2768235,M0,nsga2,8,1.20962064,0.33333333,1.00000000,28,16.00000000
nw_retrain_5002_none_easy_seed2768235,M1,nsga2,8,1.20962064,0.33333333,1.00000000,28,10.00000000
nw_retrain_5002_none_easy_seed2768235,M0,nsga2,8,0.00000000,1.00000000,0.00000000,28,25.00000000
nw_retrain_5002_none_easy_seed2768235,M1,nsga2,8,0.00000000,0.66666667,0.00000000,28,20.00000000
nw_retrain_5002_none_easy_seed2768235,M0,nsga2,8,2.57936019,0.66666667,1.00000000,27,14.00000000
nw_retrain_5002_none_easy_seed2768235,M1,nsga2,8,0.00000000,0.33333333,0.00000000,27,14.00000000
nw_retrain_5002_none_easy_seed2768235,M0,slsqp_multi,5,0.00000000,1.00000000,0.00000000,10,9.00000000
nw_retrain_5002_none_easy_seed2768235,M1,slsqp_multi,5,0.00000000,1.00000000,0.00000000,10,9.00000000
nw_retrain_5002_none_easy_seed2768235,M0,nsga2,8,0.06188508,0.66666667,0.00000000,28,17.50000000
nw_retrain_5002_none_easy_seed2768235,M1,nsga2,8,0.00000000,0.66666667,0.00000000,28,21.50000000
nw_retrain_5002_none_easy_seed2768235,M0,nsga2,8,0.03195194,0.33333333,0.00000000,27,18.50000000
nw_retrain_5002_none_easy_seed2768235,M1,nsga2,8,1.47751216,0.00000000,1.00000000,27,6.50000000
nw_retrain_5002_none_easy_seed2768235,M0,slsqp_multi,5,0.00000000,1.00000000,0.00000000,10,10.00000000
nw_retrain_5002_none_easy_seed2768235,M1,slsqp_multi,5,0.00000000,1.00000000,0.00000000,10,10.00000000
nw_retrain_5002_none_easy_seed2768235,M0,nsga2,8,0.62458078,0.66666667,0.00000000,28,21.00000000
nw_retrain_5002_none_easy_seed2768235,M1,nsga2,8,0.00000000,0.33333333,0.00000000,28,21.00000000
nw_retrain_5002_none_easy_seed2768235,M0,slsqp_multi,5,0.00000000,1.00000000,0.00000000,10,9.00000000
nw_retrain_5002_none_easy_seed2768235,M1,slsqp_multi,5,7.35800142,1.00000000,1.00000000,10,7.00000000
nw_retrain_5003_none_easy_seed2768202,M0,slsqp_multi,5,0.00000000,1.00000000,0.00000000,10,8.00000000
nw_retrain_5003_none_easy_seed2768202,M1,slsqp_multi,5,0.00000000,0.66666667,0.00000000,10,7.00000000
nw_retrain_5003_none_easy_seed2768202,M0,slsqp_multi,5,0.00000000,0.66666667,0.00000000,10,8.00000000
nw_retrain_5003_none_easy_seed2768202,M1,slsqp_multi,5,0.00000000,0.66666667,0.00000000,10,8.00000000
nw_retrain_5003_none_easy_seed2768202,M0,slsqp_multi,5,0.00000000,0.66666667,0.00000000,10,8.00000000
nw_retrain_5003_none_easy_seed2768202,M1,slsqp_multi,5,0.00000000,0.66666667,0.00000000,10,8.00000000
nw_retrain_5003_none_easy_seed2768202,M0,slsqp_multi,5,0.00000000,1.00000000,0.00000000,10,8.00000000
nw_retrain_5003_none_easy_seed2768202,M1,slsqp_multi,5,0.00000000,1.00000000,0.00000000,10,9.00000000
nw_retrain_5003_none_easy_seed2768202,M0,slsqp_multi,5,0.00000000,0.66666667,0.00000000,10,8.00000000
nw_retrain_5003_none_easy_seed2768202,M1,slsqp_multi,5,0.00000000,0.66666667,0.00000000,10,8.00000000
nw_retrain_5003_none_easy_seed2768202,M0,slsqp_multi,5,0.00000000,1.00000000,0.00000000,10,8.00000000
nw_retrain_5003_none_easy_seed2768202,M1,slsqp_multi,5,0.00000000,1.00000000,0.00000000,10,9.00000000
nw_retrain_5003_none_easy_seed2768202,M0,slsqp_multi,5,0.00000000,1.00000000,0.00000000,10,8.00000000
nw_retrain_5003_none_easy_seed2768202,M1,slsqp_multi,5,2.53606629,1.00000000,1.00000000,10,8.00000000
nw_retrain_5003_none_easy_seed2768202,M0,slsqp_multi,5,0.00000000,1.00000000,0.00000000,10,8.00000000
nw_retrain_5003_none_easy_seed2768202,M1,slsqp_multi,5,2.40498881,1.00000000,1.00000000,10,8.00000000
nw_retrain_5003_none_easy_seed2768202,M0,slsqp_multi,5,0.00000000,0.66666667,0.00000000,10,8.00000000
nw_retrain_5003_none_easy_seed2768202,M1,slsqp_multi,5,0.00000000,0.66666667,0.00000000,10,8.00000000
nw_retrain_5002_none_easy_seed2768235,M0,nsga2,8,0.16576610,0.33333333,1.00000000,28,11.00000000
nw_retrain_5002_none_easy_seed2768235,M1,nsga2,8,0.17263595,0.33333333,1.00000000,28,12.00000000
nw_retrain_5003_none_easy_seed2768202,M0,nsga2,8,0.33124658,0.33333333,0.00000000,28,16.00000000
nw_retrain_5003_none_easy_seed2768202,M1,nsga2,8,1.55795759,0.66666667,1.00000000,28,19.00000000
nw_retrain_5003_none_easy_seed2768202,M0,nsga2,8,0.52393550,0.66666667,0.00000000,28,18.00000000
nw_retrain_5003_none_easy_seed2768202,M1,nsga2,8,1.62049384,0.33333333,1.00000000,28,14.00000000
nw_retrain_5002_none_easy_seed2768235,M0,nsga2,8,0.00221799,0.66666667,0.00000000,28,20.00000000
nw_retrain_5002_none_easy_seed2768235,M1,nsga2,8,0.17481036,0.00000000,0.00000000,28,11.50000000
nw_retrain_5003_none_easy_seed2768202,M0,nsga2,8,1.52010983,0.00000000,1.00000000,27,8.00000000
nw_retrain_5003_none_easy_seed2768202,M1,nsga2,8,1.61102952,0.33333333,1.00000000,27,9.00000000
nw_retrain_5003_none_easy_seed2768202,M0,nsga2,8,1.26885877,0.66666667,1.00000000,28,14.00000000
nw_retrain_5003_none_easy_seed2768202,M1,nsga2,8,1.26885877,0.33333333,1.00000000,28,11.00000000
nw_retrain_5003_none_easy_seed2768202,M0,nsga2,8,0.23430748,0.66666667,0.00000000,28,20.00000000
nw_retrain_5003_none_easy_seed2768202,M1,nsga2,8,0.23430748,0.66666667,0.00000000,28,17.00000000
nw_retrain_5003_none_easy_seed2768202,M0,slsqp_multi,5,0.00000000,1.00000000,0.00000000,10,9.00000000
nw_retrain_5003_none_easy_seed2768202,M1,slsqp_multi,5,2.21457073,1.00000000,1.00000000,10,8.00000000
nw_retrain_5002_none_easy_seed2768235,M0,nsga2,8,1.01389763,0.33333333,1.00000000,28,19.00000000
nw_retrain_5002_none_easy_seed2768235,M1,nsga2,8,0.00000000,0.33333333,0.00000000,28,15.00000000
nw_retrain_5003_none_easy_seed2768202,M0,slsqp_multi,5,0.00000000,1.00000000,0.00000000,10,8.00000000
nw_retrain_5003_none_easy_seed2768202,M1,slsqp_multi,5,0.00000000,1.00000000,0.00000000,10,9.00000000
nw_retrain_5003_none_easy_seed2768202,M0,nsga2,8,1.75467624,0.33333333,1.00000000,27,11.00000000
nw_retrain_5003_none_easy_seed2768202,M1,nsga2,8,1.87181368,0.00000000,1.00000000,27,6.00000000
nw_retrain_5003_none_easy_seed2768202,M0,slsqp_multi,5,0.00000000,0.66666667,0.00000000,10,8.00000000
nw_retrain_5003_none_easy_seed2768202,M1,slsqp_multi,5,0.72807764,0.66666667,1.00000000,10,7.00000000
nw_retrain_5003_none_easy_seed2768202,M0,nsga2,8,0.12441150,0.33333333,0.00000000,28,13.50000000
nw_retrain_5003_none_easy_seed2768202,M1,nsga2,8,0.10534504,0.33333333,0.00000000,28,18.00000000
nw_retrain_5003_none_easy_seed2768202,M0,nsga2,8,0.22697944,0.33333333,1.00000000,28,13.00000000
nw_retrain_5003_none_easy_seed2768202,M1,nsga2,8,0.00434172,0.33333333,0.00000000,28,15.00000000
nw_retrain_5003_none_easy_seed2768202,M0,nsga2,8,0.13516093,0.33333333,0.00000000,28,16.50000000
nw_retrain_5003_none_easy_seed2768202,M1,nsga2,8,0.13516093,0.66666667,0.00000000,28,15.50000000
nw_retrain_5003_none_easy_seed2768202,M0,nsga2,8,0.00000000,1.00000000,0.00000000,28,26.50000000
nw_retrain_5003_none_easy_seed2768202,M1,nsga2,8,0.10583783,0.00000000,0.00000000,28,16.50000000
nw_retrain_5003_none_easy_seed2768202,M0,nsga2,8,0.03857449,0.66666667,1.00000000,28,15.00000000
nw_retrain_5003_none_easy_seed2768202,M1,nsga2,8,0.01763532,0.00000000,0.00000000,28,11.00000000
nw_retrain_5003_none_easy_seed2768202,M0,nsga2,8,0.26617091,0.66666667,1.00000000,28,14.00000000
nw_retrain_5003_none_easy_seed2768202,M1,nsga2,8,0.26617091,0.00000000,1.00000000,28,9.00000000
nw_retrain_5004_none_easy_seed2768300,M0,slsqp_multi,5,0.00000000,0.66666667,0.00000000,10,7.00000000
nw_retrain_5004_none_easy_seed2768300,M1,slsqp_multi,5,0.00000000,0.66666667,0.00000000,10,7.00000000
nw_retrain_5004_none_easy_seed2768300,M0,slsqp_multi,5,0.00000000,0.66666667,0.00000000,10,8.00000000
nw_retrain_5004_none_easy_seed2768300,M1,slsqp_multi,5,0.00000000,0.66666667,0.00000000,10,7.00000000
nw_retrain_5004_none_easy_seed2768300,M0,slsqp_multi,5,0.00000000,0.66666667,0.00000000,10,8.00000000
nw_retrain_5004_none_easy_seed2768300,M1,slsqp_multi,5,0.00000000,0.66666667,0.00000000,10,8.00000000
nw_retrain_5004_none_easy_seed2768300,M0,slsqp_multi,5,0.00000000,0.66666667,0.00000000,10,7.00000000
nw_retrain_5004_none_easy_seed2768300,M1,slsqp_multi,5,0.00000000,0.66666667,0.00000000,10,7.00000000
nw_retrain_5004_none_easy_seed2768300,M0,slsqp_multi,5,0.00000000,0.66666667,0.00000000,10,8.00000000
nw_retrain_5004_none_easy_seed2768300,M1,slsqp_multi,5,0.00000000,0.66666667,0.00000000,10,7.00000000
nw_retrain_5004_none_easy_seed2768300,M0,slsqp_multi,5,0.00000000,0.66666667,0.00000000,10,8.00000000
nw_retrain_5004_none_easy_seed2768300,M1,slsqp_multi,5,0.00000000,0.66666667,0.00000000,10,8.00000000
nw_retrain_5004_none_easy_seed2768300,M0,slsqp_multi,5,0.00000000,0.66666667,0.00000000,10,7.00000000
nw_retrain_5004_none_easy_seed2768300,M1,slsqp_multi,5,0.00000000,0.66666667,0.00000000,10,7.00000000
nw_retrain_5004_none_easy_seed2768300,M0,slsqp_multi,5,0.00000000,0.66666667,0.00000000,10,8.00000000
nw_retrain_5004_none_easy_seed2768300,M1,slsqp_multi,5,0.00000000,0.66666667,0.00000000,10,7.00000000
nw_retrain_5004_none_easy_seed2768300,M0,slsqp_multi,5,0.00000000,0.66666667,0.00000000,10,8.00000000
nw_retrain_5004_none_easy_seed2768300,M1,slsqp_multi,5,0.00000000,0.66666667,0.00000000,10,8.00000000
nw_retrain_5004_none_easy_seed2768300,M0,nsga2,8,35.26291636,0.66666667,1.00000000,28,14.00000000
nw_retrain_5004_none_easy_seed2768300,M1,nsga2,8,16.10603940,0.66666667,1.00000000,28,15.00000000
nw_retrain_5004_none_easy_seed2768300,M0,nsga2,8,0.00000000,0.66666667,0.00000000,28,23.00000000
nw_retrain_5004_none_easy_seed2768300,M1,nsga2,8,0.00000000,0.66666667,0.00000000,28,25.00000000
nw_retrain_5004_none_easy_seed2768300,M0,nsga2,8,61.47163207,0.00000000,1.00000000,28,7.00000000
nw_retrain_5004_none_easy_seed2768300,M1,nsga2,8,21.73142381,0.66666667,1.00000000,28,19.00000000
nw_retrain_5004_none_easy_seed2768300,M0,nsga2,8,35.26291636,0.33333333,1.00000000,28,16.00000000
nw_retrain_5004_none_easy_seed2768300,M1,nsga2,8,16.10603940,0.33333333,1.00000000,28,20.00000000
nw_retrain_5004_none_easy_seed2768300,M0,nsga2,8,33.10457325,0.33333333,1.00000000,28,16.00000000
nw_retrain_5004_none_easy_seed2768300,M1,nsga2,8,30.45070593,0.33333333,1.00000000,28,17.00000000
nw_retrain_5004_none_easy_seed2768300,M0,nsga2,8,50.38512718,0.66666667,1.00000000,28,22.00000000
nw_retrain_5004_none_easy_seed2768300,M1,nsga2,8,29.17094739,0.66666667,1.00000000,28,23.00000000
nw_retrain_5004_none_easy_seed2768300,M0,slsqp_multi,5,0.00000000,0.66666667,0.00000000,10,7.00000000
nw_retrain_5004_none_easy_seed2768300,M1,slsqp_multi,5,0.00000000,0.66666667,0.00000000,10,7.00000000
nw_retrain_5004_none_easy_seed2768300,M0,nsga2,8,1.14467802,0.66666667,1.00000000,28,16.00000000
nw_retrain_5004_none_easy_seed2768300,M1,nsga2,8,0.63382798,0.66666667,0.00000000,28,19.00000000
nw_retrain_5004_none_easy_seed2768300,M0,slsqp_multi,5,0.00000000,0.66666667,0.00000000,10,8.00000000
nw_retrain_5004_none_easy_seed2768300,M1,slsqp_multi,5,0.00000000,0.66666667,0.00000000,10,7.00000000
nw_retrain_5004_none_easy_seed2768300,M0,slsqp_multi,5,0.00000000,0.66666667,0.00000000,10,8.00000000
nw_retrain_5004_none_easy_seed2768300,M1,slsqp_multi,5,0.00000000,0.66666667,0.00000000,10,8.00000000
nw_retrain_5004_none_easy_seed2768300,M0,nsga2,8,1.23221745,0.66666667,1.00000000,28,16.00000000
nw_retrain_5004_none_easy_seed2768300,M1,nsga2,8,3.14193280,0.66666667,1.00000000,28,16.00000000
nw_retrain_5004_none_easy_seed2768300,M0,nsga2,8,22.68297315,0.33333333,1.00000000,27,12.00000000
nw_retrain_5004_none_easy_seed2768300,M1,nsga2,8,25.39181252,0.00000000,1.00000000,27,4.00000000
nw_retrain_5004_none_easy_seed2768300,M0,nsga2,8,0.25778064,0.00000000,1.00000000,28,5.50000000
nw_retrain_5004_none_easy_seed2768300,M1,nsga2,8,0.25778064,0.00000000,1.00000000,28,7.00000000
nw_retrain_5005_none_easy_seed2768398,M0,slsqp_multi,5,58.56201717,0.66666667,1.00000000,10,7.00000000
nw_retrain_5005_none_easy_seed2768398,M1,slsqp_multi,5,0.00000000,0.66666667,0.00000000,10,7.00000000
nw_retrain_5004_none_easy_seed2768300,M0,nsga2,8,0.10531030,0.66666667,0.00000000,28,19.00000000
nw_retrain_5004_none_easy_seed2768300,M1,nsga2,8,0.19238184,0.33333333,0.00000000,28,14.00000000
nw_retrain_5005_none_easy_seed2768398,M0,slsqp_multi,5,0.00000000,0.66666667,0.00000000,10,7.00000000
nw_retrain_5005_none_easy_seed2768398,M1,slsqp_multi,5,0.00000000,0.66666667,0.00000000,10,7.00000000
nw_retrain_5005_none_easy_seed2768398,M0,slsqp_multi,5,11.38128256,0.66666667,1.00000000,10,8.00000000
nw_retrain_5005_none_easy_seed2768398,M1,slsqp_multi,5,11.38128256,0.66666667,1.00000000,10,8.00000000
nw_retrain_5004_none_easy_seed2768300,M0,nsga2,8,19.61987855,0.33333333,1.00000000,28,13.00000000
nw_retrain_5004_none_easy_seed2768300,M1,nsga2,8,19.61987855,0.33333333,1.00000000,28,16.00000000
nw_retrain_5005_none_easy_seed2768398,M0,slsqp_multi,5,58.59636996,0.66666667,1.00000000,10,7.00000000
nw_retrain_5005_none_easy_seed2768398,M1,slsqp_multi,5,0.00000000,0.66666667,0.00000000,10,7.00000000
nw_retrain_5005_none_easy_seed2768398,M0,slsqp_multi,5,0.00000000,0.66666667,0.00000000,10,7.00000000
nw_retrain_5005_none_easy_seed2768398,M1,slsqp_multi,5,0.00000000,0.66666667,0.00000000,10,7.00000000
nw_retrain_5005_none_easy_seed2768398,M0,slsqp_multi,5,11.41563536,0.66666667,1.00000000,10,8.00000000
nw_retrain_5005_none_easy_seed2768398,M1,slsqp_multi,5,11.41563536,0.66666667,1.00000000,10,8.00000000
nw_retrain_5005_none_easy_seed2768398,M0,slsqp_multi,5,58.59898420,0.66666667,1.00000000,10,7.00000000
nw_retrain_5005_none_easy_seed2768398,M1,slsqp_multi,5,0.00000000,0.66666667,0.00000000,10,7.00000000
nw_retrain_5005_none_easy_seed2768398,M0,slsqp_multi,5,0.00000000,0.66666667,0.00000000,10,7.00000000
nw_retrain_5005_none_easy_seed2768398,M1,slsqp_multi,5,0.00000000,0.66666667,0.00000000,10,7.00000000
nw_retrain_5005_none_easy_seed2768398,M0,slsqp_multi,5,11.41824959,0.66666667,1.00000000,10,8.00000000
nw_retrain_5005_none_easy_seed2768398,M1,slsqp_multi,5,11.41824959,0.66666667,1.00000000,10,8.00000000
nw_retrain_5005_none_easy_seed2768398,M0,nsga2,8,9.97059521,0.00000000,1.00000000,28,14.00000000
nw_retrain_5005_none_easy_seed2768398,M1,nsga2,8,9.97059521,0.00000000,1.00000000,28,11.00000000
nw_retrain_5005_none_easy_seed2768398,M0,nsga2,8,0.00000000,0.66666667,0.00000000,28,21.00000000
nw_retrain_5005_none_easy_seed2768398,M1,nsga2,8,0.00000000,0.66666667,0.00000000,28,19.00000000
nw_retrain_5005_none_easy_seed2768398,M0,nsga2,8,5.56928146,0.66666667,1.00000000,28,12.00000000
nw_retrain_5005_none_easy_seed2768398,M1,nsga2,8,0.00000000,0.66666667,0.00000000,28,21.00000000
nw_retrain_5005_none_easy_seed2768398,M0,nsga2,8,6.85725596,0.33333333,1.00000000,28,13.50000000
nw_retrain_5005_none_easy_seed2768398,M1,nsga2,8,7.50000445,0.33333333,1.00000000,28,7.50000000
nw_retrain_5005_none_easy_seed2768398,M0,nsga2,8,39.29967242,0.00000000,1.00000000,28,4.00000000
nw_retrain_5005_none_easy_seed2768398,M1,nsga2,8,40.07295466,0.66666667,1.00000000,28,12.00000000
nw_retrain_5005_none_easy_seed2768398,M0,nsga2,8,5.72962926,0.66666667,1.00000000,27,13.00000000
nw_retrain_5005_none_easy_seed2768398,M1,nsga2,8,0.00000000,0.66666667,0.00000000,27,22.00000000
nw_retrain_5005_none_easy_seed2768398,M0,nsga2,8,1.58710162,0.66666667,1.00000000,28,14.00000000
nw_retrain_5005_none_easy_seed2768398,M1,nsga2,8,0.00000000,0.66666667,0.00000000,28,19.00000000
nw_retrain_5005_none_easy_seed2768398,M0,nsga2,8,0.00000000,1.00000000,0.00000000,26,25.00000000
nw_retrain_5005_none_easy_seed2768398,M1,nsga2,8,1.34907642,0.00000000,1.00000000,26,12.00000000
nw_retrain_5005_none_easy_seed2768398,M0,nsga2,8,0.00000000,0.66666667,0.00000000,28,24.00000000
nw_retrain_5005_none_easy_seed2768398,M1,nsga2,8,1.35305740,0.33333333,1.00000000,28,10.00000000
nw_retrain_5005_none_easy_seed2768398,M0,slsqp_multi,5,0.00000000,0.66666667,0.00000000,10,7.00000000
nw_retrain_5005_none_easy_seed2768398,M1,slsqp_multi,5,0.00000000,0.66666667,0.00000000,10,7.00000000
nw_retrain_5005_none_easy_seed2768398,M0,slsqp_multi,5,58.59965565,0.66666667,1.00000000,10,7.00000000
nw_retrain_5005_none_easy_seed2768398,M1,slsqp_multi,5,0.00000000,0.66666667,0.00000000,10,7.00000000
nw_retrain_5005_none_easy_seed2768398,M0,slsqp_multi,5,11.41892105,0.66666667,1.00000000,10,8.00000000
nw_retrain_5005_none_easy_seed2768398,M1,slsqp_multi,5,11.41892105,0.66666667,1.00000000,10,8.00000000
nw_retrain_5006_none_easy_seed2768496,M0,slsqp_multi,5,5.17086268,0.66666667,1.00000000,10,7.00000000
nw_retrain_5006_none_easy_seed2768496,M1,slsqp_multi,5,0.00000000,0.66666667,0.00000000,10,8.00000000
nw_retrain_5006_none_easy_seed2768496,M0,slsqp_multi,5,0.00000000,0.66666667,0.00000000,10,8.00000000
nw_retrain_5006_none_easy_seed2768496,M1,slsqp_multi,5,0.00000000,0.66666667,0.00000000,10,8.00000000
nw_retrain_5006_none_easy_seed2768496,M0,slsqp_multi,5,38.26195466,1.00000000,1.00000000,10,7.00000000
nw_retrain_5006_none_easy_seed2768496,M1,slsqp_multi,5,0.00000000,1.00000000,0.00000000,10,9.00000000
nw_retrain_5006_none_easy_seed2768496,M0,slsqp_multi,5,5.18329956,0.66666667,1.00000000,10,7.00000000
nw_retrain_5006_none_easy_seed2768496,M1,slsqp_multi,5,0.00000000,0.66666667,0.00000000,10,8.00000000
nw_retrain_5006_none_easy_seed2768496,M0,slsqp_multi,5,0.00000000,0.66666667,0.00000000,10,8.00000000
nw_retrain_5006_none_easy_seed2768496,M1,slsqp_multi,5,0.00000000,0.66666667,0.00000000,10,8.00000000
nw_retrain_5006_none_easy_seed2768496,M0,slsqp_multi,5,38.27439153,1.00000000,1.00000000,10,6.00000000
nw_retrain_5006_none_easy_seed2768496,M1,slsqp_multi,5,0.00000000,1.00000000,0.00000000,10,9.00000000
nw_retrain_5005_none_easy_seed2768398,M0,nsga2,8,0.15396735,0.66666667,0.00000000,28,23.00000000
nw_retrain_5005_none_easy_seed2768398,M1,nsga2,8,0.66413752,0.00000000,0.00000000,28,12.00000000
nw_retrain_5006_none_easy_seed2768496,M0,slsqp_multi,5,5.18340527,0.66666667,1.00000000,10,7.00000000
nw_retrain_5006_none_easy_seed2768496,M1,slsqp_multi,5,0.00000000,0.66666667,0.00000000,10,8.00000000
nw_retrain_5006_none_easy_seed2768496,M0,slsqp_multi,5,0.00000000,0.66666667,0.00000000,10,8.00000000
nw_retrain_5006_none_easy_seed2768496,M1,slsqp_multi,5,0.00000000,0.66666667,0.00000000,10,8.00000000
nw_retrain_5006_none_easy_seed2768496,M0,slsqp_multi,5,38.27449725,1.00000000,1.00000000,10,6.00000000
nw_retrain_5006_none_easy_seed2768496,M1,slsqp_multi,5,0.00000000,1.00000000,0.00000000,10,9.00000000
nw_retrain_5005_none_easy_seed2768398,M0,nsga2,8,0.09870636,0.33333333,0.00000000,28,15.00000000
nw_retrain_5005_none_easy_seed2768398,M1,nsga2,8,0.09870636,0.66666667,0.00000000,28,18.00000000
nw_retrain_5005_none_easy_seed2768398,M0,nsga2,8,0.00000000,0.33333333,0.00000000,28,12.50000000
nw_retrain_5005_none_easy_seed2768398,M1,nsga2,8,0.37091330,0.66666667,0.00000000,28,17.50000000
nw_retrain_5006_none_easy_seed2768496,M0,nsga2,8,4.25392087,0.00000000,1.00000000,28,12.00000000
nw_retrain_5006_none_easy_seed2768496,M1,nsga2,8,2.23730990,0.66666667,1.00000000,28,19.00000000
nw_retrain_5006_none_easy_seed2768496,M0,nsga2,8,4.41730011,0.66666667,1.00000000,28,18.00000000
nw_retrain_5006_none_easy_seed2768496,M1,nsga2,8,4.41730011,0.66666667,1.00000000,28,16.00000000
nw_retrain_5006_none_easy_seed2768496,M0,nsga2,8,5.53459062,0.33333333,1.00000000,28,13.00000000
nw_retrain_5006_none_easy_seed2768496,M1,nsga2,8,5.53459062,0.00000000,1.00000000,28,7.00000000
nw_retrain_5006_none_easy_seed2768496,M0,nsga2,8,0.70524875,0.33333333,1.00000000,28,11.00000000
nw_retrain_5006_none_easy_seed2768496,M1,nsga2,8,0.62230924,0.00000000,0.00000000,28,4.00000000
nw_retrain_5006_none_easy_seed2768496,M0,nsga2,8,0.69978037,0.33333333,0.00000000,28,15.50000000
nw_retrain_5006_none_easy_seed2768496,M1,nsga2,8,0.69978037,0.33333333,0.00000000,28,14.00000000
nw_retrain_5006_none_easy_seed2768496,M0,nsga2,8,0.60778831,1.00000000,0.00000000,28,20.50000000
nw_retrain_5006_none_easy_seed2768496,M1,nsga2,8,0.73523377,0.66666667,1.00000000,28,20.00000000
nw_retrain_5006_none_easy_seed2768496,M0,slsqp_multi,5,14.69361503,1.00000000,1.00000000,10,6.00000000
nw_retrain_5006_none_easy_seed2768496,M1,slsqp_multi,5,0.00000000,1.00000000,0.00000000,10,8.00000000
nw_retrain_5006_none_easy_seed2768496,M0,nsga2,8,1.40438585,0.33333333,1.00000000,28,15.00000000
nw_retrain_5006_none_easy_seed2768496,M1,nsga2,8,0.00000000,0.66666667,0.00000000,28,21.00000000
nw_retrain_5006_none_easy_seed2768496,M0,nsga2,8,0.82607089,0.33333333,1.00000000,28,17.00000000
nw_retrain_5006_none_easy_seed2768496,M1,nsga2,8,0.82607089,0.33333333,1.00000000,28,16.00000000
nw_retrain_5006_none_easy_seed2768496,M0,slsqp_multi,5,14.37377490,1.00000000,1.00000000,10,8.00000000
nw_retrain_5006_none_easy_seed2768496,M1,slsqp_multi,5,0.00000000,1.00000000,0.00000000,10,9.00000000
nw_retrain_5006_none_easy_seed2768496,M0,nsga2,8,0.18596225,0.66666667,0.00000000,28,20.00000000
nw_retrain_5006_none_easy_seed2768496,M1,nsga2,8,0.18596225,0.00000000,0.00000000,28,15.00000000
nw_retrain_5006_none_easy_seed2768496,M0,slsqp_multi,5,2.57509255,1.00000000,1.00000000,10,7.00000000
nw_retrain_5006_none_easy_seed2768496,M1,slsqp_multi,5,0.00000000,1.00000000,0.00000000,10,9.00000000
nw_retrain_5006_none_easy_seed2768496,M0,nsga2,8,0.00000000,0.33333333,0.00000000,28,14.00000000
nw_retrain_5006_none_easy_seed2768496,M1,nsga2,8,0.00000000,0.33333333,0.00000000,28,10.00000000
nw_retrain_5006_none_easy_seed2768496,M0,nsga2,8,0.07217759,0.33333333,0.00000000,28,15.00000000
nw_retrain_5006_none_easy_seed2768496,M1,nsga2,8,0.00912390,0.33333333,0.00000000,28,17.00000000
nw_retrain_5006_none_easy_seed2768496,M0,nsga2,8,0.77677546,0.00000000,1.00000000,28,6.50000000
nw_retrain_5006_none_easy_seed2768496,M1,nsga2,8,0.62790837,0.66666667,0.00000000,28,14.50000000
nw_retrain_5007_none_easy_seed2768725,M0,slsqp_multi,5,0.00000000,0.66666667,0.00000000,10,7.00000000
nw_retrain_5007_none_easy_seed2768725,M1,slsqp_multi,5,0.00000000,0.66666667,0.00000000,10,7.00000000
nw_retrain_5007_none_easy_seed2768725,M0,slsqp_multi,5,0.00000000,0.66666667,0.00000000,10,7.00000000
nw_retrain_5007_none_easy_seed2768725,M1,slsqp_multi,5,0.00000000,0.66666667,0.00000000,10,7.00000000
nw_retrain_5007_none_easy_seed2768725,M0,slsqp_multi,5,0.00000000,1.00000000,0.00000000,10,9.00000000
nw_retrain_5007_none_easy_seed2768725,M1,slsqp_multi,5,0.00000000,1.00000000,0.00000000,10,9.00000000
nw_retrain_5007_none_easy_seed2768725,M0,slsqp_multi,5,0.00000000,0.66666667,0.00000000,10,7.00000000
nw_retrain_5007_none_easy_seed2768725,M1,slsqp_multi,5,0.00000000,0.66666667,0.00000000,10,7.00000000
nw_retrain_5007_none_easy_seed2768725,M0,slsqp_multi,5,0.00000000,0.66666667,0.00000000,10,7.00000000
nw_retrain_5007_none_easy_seed2768725,M1,slsqp_multi,5,0.00000000,0.66666667,0.00000000,10,7.00000000
nw_retrain_5007_none_easy_seed2768725,M0,slsqp_multi,5,0.00000000,1.00000000,0.00000000,10,9.00000000
nw_retrain_5007_none_easy_seed2768725,M1,slsqp_multi,5,0.00000000,1.00000000,0.00000000,10,9.00000000
nw_retrain_5007_none_easy_seed2768725,M0,slsqp_multi,5,0.00000000,0.66666667,0.00000000,10,7.00000000
nw_retrain_5007_none_easy_seed2768725,M1,slsqp_multi,5,0.00000000,0.66666667,0.00000000,10,7.00000000
nw_retrain_5007_none_easy_seed2768725,M0,slsqp_multi,5,0.00000000,0.66666667,0.00000000,10,7.00000000
nw_retrain_5007_none_easy_seed2768725,M1,slsqp_multi,5,0.00000000,0.66666667,0.00000000,10,7.00000000
nw_retrain_5007_none_easy_seed2768725,M0,slsqp_multi,5,0.00000000,1.00000000,0.00000000,10,9.00000000
nw_retrain_5007_none_easy_seed2768725,M1,slsqp_multi,5,0.00000000,1.00000000,0.00000000,10,9.00000000
nw_retrain_5007_none_easy_seed2768725,M0,nsga2,8,0.00000000,0.66666667,0.00000000,28,19.00000000
nw_retrain_5007_none_easy_seed2768725,M1,nsga2,8,2.01092979,1.00000000,1.00000000,28,25.00000000
nw_retrain_5007_none_easy_seed2768725,M0,nsga2,8,0.00000000,0.66666667,0.00000000,28,18.00000000
nw_retrain_5007_none_easy_seed2768725,M1,nsga2,8,0.00000000,0.66666667,0.00000000,28,25.00000000
nw_retrain_5007_none_easy_seed2768725,M0,nsga2,8,0.00000000,0.66666667,0.00000000,28,20.00000000
nw_retrain_5007_none_easy_seed2768725,M1,nsga2,8,0.00000000,0.66666667,0.00000000,28,23.00000000
nw_retrain_5007_none_easy_seed2768725,M0,nsga2,8,0.00000000,1.00000000,0.00000000,28,25.00000000
nw_retrain_5007_none_easy_seed2768725,M1,nsga2,8,0.00000000,0.66666667,0.00000000,28,23.00000000
nw_retrain_5007_none_easy_seed2768725,M0,nsga2,8,0.00000000,0.66666667,0.00000000,28,22.00000000
nw_retrain_5007_none_easy_seed2768725,M1,nsga2,8,0.00000000,1.00000000,0.00000000,28,24.00000000
nw_retrain_5007_none_easy_seed2768725,M0,nsga2,8,11.44524771,1.00000000,1.00000000,28,22.00000000
nw_retrain_5007_none_easy_seed2768725,M1,nsga2,8,0.00000000,1.00000000,0.00000000,28,25.00000000
nw_retrain_5007_none_easy_seed2768725,M0,slsqp_multi,5,7.49147370,1.00000000,1.00000000,10,9.00000000
nw_retrain_5007_none_easy_seed2768725,M1,slsqp_multi,5,7.49147370,1.00000000,1.00000000,10,9.00000000
nw_retrain_5007_none_easy_seed2768725,M0,slsqp_multi,5,5.26335113,0.66666667,1.00000000,10,7.00000000
nw_retrain_5007_none_easy_seed2768725,M1,slsqp_multi,5,5.26335113,0.66666667,1.00000000,10,7.00000000
nw_retrain_5007_none_easy_seed2768725,M0,nsga2,8,0.00000000,0.66666667,0.00000000,28,18.00000000
nw_retrain_5007_none_easy_seed2768725,M1,nsga2,8,1.27523665,0.33333333,1.00000000,28,16.00000000
nw_retrain_5007_none_easy_seed2768725,M0,nsga2,8,25.95577811,0.66666667,1.00000000,28,22.00000000
nw_retrain_5007_none_easy_seed2768725,M1,nsga2,8,25.95577811,0.66666667,1.00000000,28,21.00000000
nw_retrain_5007_none_easy_seed2768725,M0,nsga2,8,0.00000000,0.66666667,0.00000000,28,22.00000000
nw_retrain_5007_none_easy_seed2768725,M1,nsga2,8,0.00000000,1.00000000,0.00000000,28,25.00000000
nw_retrain_5007_none_easy_seed2768725,M0,slsqp_multi,5,0.00000000,0.66666667,0.00000000,10,8.00000000
nw_retrain_5007_none_easy_seed2768725,M1,slsqp_multi,5,17.66054037,0.66666667,1.00000000,10,7.00000000
nw_retrain_5008_none_easy_seed2768692,M0,slsqp_multi,5,0.00000000,0.66666667,0.00000000,10,6.00000000
nw_retrain_5008_none_easy_seed2768692,M1,slsqp_multi,5,0.00000000,1.00000000,0.00000000,10,8.00000000
nw_retrain_5008_none_easy_seed2768692,M0,slsqp_multi,5,0.00000000,0.66666667,0.00000000,10,8.00000000
nw_retrain_5008_none_easy_seed2768692,M1,slsqp_multi,5,0.00000000,0.66666667,0.00000000,10,8.00000000
nw_retrain_5008_none_easy_seed2768692,M0,slsqp_multi,5,0.00000000,1.00000000,0.00000000,10,9.00000000
nw_retrain_5008_none_easy_seed2768692,M1,slsqp_multi,5,2.91964147,1.00000000,1.00000000,10,8.00000000
nw_retrain_5008_none_easy_seed2768692,M0,slsqp_multi,5,0.00000000,0.66666667,0.00000000,10,6.00000000
nw_retrain_5008_none_easy_seed2768692,M1,slsqp_multi,5,0.00000000,1.00000000,0.00000000,10,8.00000000
nw_retrain_5008_none_easy_seed2768692,M0,slsqp_multi,5,0.00000000,0.66666667,0.00000000,10,8.00000000
nw_retrain_5008_none_easy_seed2768692,M1,slsqp_multi,5,0.00000000,0.66666667,0.00000000,10,8.00000000
nw_retrain_5008_none_easy_seed2768692,M0,slsqp_multi,5,0.00000000,1.00000000,0.00000000,10,9.00000000
nw_retrain_5008_none_easy_seed2768692,M1,slsqp_multi,5,2.83604751,1.00000000,1.00000000,10,8.00000000
nw_retrain_5008_none_easy_seed2768692,M0,slsqp_multi,5,0.00000000,0.66666667,0.00000000,10,6.00000000
nw_retrain_5008_none_easy_seed2768692,M1,slsqp_multi,5,0.00000000,1.00000000,0.00000000,10,8.00000000
nw_retrain_5008_none_easy_seed2768692,M0,slsqp_multi,5,0.00000000,0.66666667,0.00000000,10,8.00000000
nw_retrain_5008_none_easy_seed2768692,M1,slsqp_multi,5,0.00000000,0.66666667,0.00000000,10,8.00000000
nw_retrain_5008_none_easy_seed2768692,M0,slsqp_multi,5,0.00000000,1.00000000,0.00000000,10,9.00000000
nw_retrain_5008_none_easy_seed2768692,M1,slsqp_multi,5,0.00000000,1.00000000,0.00000000,10,9.00000000
nw_retrain_5007_none_easy_seed2768725,M0,nsga2,8,0.19794310,0.00000000,1.00000000,28,3.00000000
nw_retrain_5007_none_easy_seed2768725,M1,nsga2,8,0.19776157,0.00000000,0.00000000,28,9.50000000
nw_retrain_5007_none_easy_seed2768725,M0,nsga2,8,0.61035540,0.33333333,1.00000000,28,15.00000000
nw_retrain_5007_none_easy_seed2768725,M1,nsga2,8,0.61035540,0.33333333,1.00000000,28,14.50000000
nw_retrain_5007_none_easy_seed2768725,M0,nsga2,8,0.68669479,0.33333333,1.00000000,28,8.00000000
nw_retrain_5007_none_easy_seed2768725,M1,nsga2,8,0.25809596,0.00000000,1.00000000,28,9.50000000
nw_retrain_5008_none_easy_seed2768692,M0,nsga2,8,0.00000000,0.66666667,0.00000000,28,20.00000000
nw_retrain_5008_none_easy_seed2768692,M1,nsga2,8,0.00000000,1.00000000,0.00000000,28,19.00000000
nw_retrain_5008_none_easy_seed2768692,M0,nsga2,8,0.16976478,0.33333333,0.00000000,28,20.00000000
nw_retrain_5008_none_easy_seed2768692,M1,nsga2,8,0.20293731,0.33333333,0.00000000,28,17.00000000
nw_retrain_5008_none_easy_seed2768692,M0,nsga2,8,0.59367205,0.00000000,0.00000000,27,16.00000000
nw_retrain_5008_none_easy_seed2768692,M1,nsga2,8,0.59367205,0.66666667,0.00000000,27,16.00000000
nw_retrain_5008_none_easy_seed2768692,M0,nsga2,8,2.30983942,0.66666667,1.00000000,28,15.00000000
nw_retrain_5008_none_easy_seed2768692,M1,nsga2,8,0.92860679,0.66666667,1.00000000,28,19.00000000
nw_retrain_5008_none_easy_seed2768692,M0,nsga2,8,0.81522066,0.33333333,1.00000000,28,17.00000000
nw_retrain_5008_none_easy_seed2768692,M1,nsga2,8,0.81522066,0.33333333,1.00000000,28,14.00000000
nw_retrain_5008_none_easy_seed2768692,M0,nsga2,8,1.70585193,0.00000000,1.00000000,28,14.00000000
nw_retrain_5008_none_easy_seed2768692,M1,nsga2,8,0.00000000,0.66666667,0.00000000,28,20.00000000
nw_retrain_5008_none_easy_seed2768692,M0,slsqp_multi,5,0.00000000,1.00000000,0.00000000,10,9.00000000
nw_retrain_5008_none_easy_seed2768692,M1,slsqp_multi,5,0.00000000,1.00000000,0.00000000,10,9.00000000
nw_retrain_5008_none_easy_seed2768692,M0,nsga2,8,2.14493238,0.33333333,1.00000000,28,10.00000000
nw_retrain_5008_none_easy_seed2768692,M1,nsga2,8,2.14493238,0.00000000,1.00000000,28,13.00000000
nw_retrain_5008_none_easy_seed2768692,M0,slsqp_multi,5,0.00000000,1.00000000,0.00000000,10,9.00000000
nw_retrain_5008_none_easy_seed2768692,M1,slsqp_multi,5,0.00000000,1.00000000,0.00000000,10,9.00000000
nw_retrain_5008_none_easy_seed2768692,M0,nsga2,8,0.92516306,0.66666667,1.00000000,28,16.00000000
nw_retrain_5008_none_easy_seed2768692,M1,nsga2,8,0.92516306,0.66666667,1.00000000,28,17.00000000
nw_retrain_5008_none_easy_seed2768692,M0,nsga2,8,0.14161438,0.33333333,0.00000000,28,16.00000000
nw_retrain_5008_none_easy_seed2768692,M1,nsga2,8,0.14161438,0.66666667,0.00000000,28,23.00000000
nw_retrain_5008_none_easy_seed2768692,M0,slsqp_multi,5,3.80183147,0.66666667,1.00000000,10,7.00000000
nw_retrain_5008_none_easy_seed2768692,M1,slsqp_multi,5,3.80183147,1.00000000,1.00000000,10,8.00000000
nw_retrain_5009_none_easy_seed2768790,M0,slsqp_multi,5,0.00000000,0.66666667,0.00000000,10,8.00000000
nw_retrain_5009_none_easy_seed2768790,M1,slsqp_multi,5,0.00000000,0.66666667,0.00000000,10,8.00000000
nw_retrain_5009_none_easy_seed2768790,M0,slsqp_multi,5,0.00000000,0.66666667,0.00000000,10,7.00000000
nw_retrain_5009_none_easy_seed2768790,M1,slsqp_multi,5,0.00000000,0.66666667,0.00000000,10,7.00000000
nw_retrain_5009_none_easy_seed2768790,M0,slsqp_multi,5,0.00000000,0.66666667,0.00000000,10,9.00000000
nw_retrain_5009_none_easy_seed2768790,M1,slsqp_multi,5,0.00000000,1.00000000,0.00000000,10,9.00000000
nw_retrain_5009_none_easy_seed2768790,M0,slsqp_multi,5,0.00000000,0.66666667,0.00000000,10,8.00000000
nw_retrain_5009_none_easy_seed2768790,M1,slsqp_multi,5,0.00000000,0.66666667,0.00000000,10,8.00000000
nw_retrain_5009_none_easy_seed2768790,M0,slsqp_multi,5,0.00000000,0.66666667,0.00000000,10,7.00000000
nw_retrain_5009_none_easy_seed2768790,M1,slsqp_multi,5,0.00000000,0.66666667,0.00000000,10,7.00000000
nw_retrain_5009_none_easy_seed2768790,M0,slsqp_multi,5,0.00000000,0.66666667,0.00000000,10,9.00000000
nw_retrain_5009_none_easy_seed2768790,M1,slsqp_multi,5,0.00000000,1.00000000,0.00000000,10,9.00000000
nw_retrain_5009_none_easy_seed2768790,M0,slsqp_multi,5,0.00000000,1.00000000,0.00000000,10,9.00000000
nw_retrain_5009_none_easy_seed2768790,M1,slsqp_multi,5,0.00000000,1.00000000,0.00000000,10,9.00000000
nw_retrain_5009_none_easy_seed2768790,M0,slsqp_multi,5,0.00000000,1.00000000,0.00000000,10,9.00000000
nw_retrain_5009_none_easy_seed2768790,M1,slsqp_multi,5,0.00000000,1.00000000,0.00000000,10,9.00000000
nw_retrain_5009_none_easy_seed2768790,M0,slsqp_multi,5,0.00000000,0.66666667,0.00000000,10,9.00000000
nw_retrain_5009_none_easy_seed2768790,M1,slsqp_multi,5,0.00000000,1.00000000,0.00000000,10,9.00000000
nw_retrain_5008_none_easy_seed2768692,M0,nsga2,8,0.06092395,0.33333333,0.00000000,28,9.00000000
nw_retrain_5008_none_easy_seed2768692,M1,nsga2,8,0.06092395,0.00000000,0.00000000,28,10.50000000
nw_retrain_5008_none_easy_seed2768692,M0,nsga2,8,0.14582013,0.33333333,1.00000000,28,10.50000000
nw_retrain_5008_none_easy_seed2768692,M1,nsga2,8,0.00333636,0.66666667,0.00000000,28,21.50000000
nw_retrain_5009_none_easy_seed2768790,M0,nsga2,8,10.23127477,0.00000000,1.00000000,28,6.00000000
nw_retrain_5009_none_easy_seed2768790,M1,nsga2,8,10.23127477,0.00000000,1.00000000,28,8.00000000
nw_retrain_5009_none_easy_seed2768790,M0,nsga2,8,2.46177092,0.33333333,1.00000000,28,18.00000000
nw_retrain_5009_none_easy_seed2768790,M1,nsga2,8,2.46177092,0.66666667,1.00000000,28,19.00000000
nw_retrain_5008_none_easy_seed2768692,M0,nsga2,8,0.27576834,1.00000000,0.00000000,27,23.00000000
nw_retrain_5008_none_easy_seed2768692,M1,nsga2,8,0.00000000,0.66666667,0.00000000,27,15.50000000
nw_retrain_5009_none_easy_seed2768790,M0,nsga2,8,2.81764300,1.00000000,1.00000000,28,25.00000000
nw_retrain_5009_none_easy_seed2768790,M1,nsga2,8,5.47373420,0.66666667,1.00000000,28,18.00000000
nw_retrain_5009_none_easy_seed2768790,M0,nsga2,8,1.70446044,0.33333333,1.00000000,28,9.00000000
nw_retrain_5009_none_easy_seed2768790,M1,nsga2,8,1.98214387,0.33333333,1.00000000,28,13.00000000
nw_retrain_5009_none_easy_seed2768790,M0,nsga2,8,5.10314270,0.33333333,1.00000000,28,13.00000000
nw_retrain_5009_none_easy_seed2768790,M1,nsga2,8,3.99539681,0.33333333,1.00000000,28,8.00000000
nw_retrain_5009_none_easy_seed2768790,M0,slsqp_multi,5,0.00000000,1.00000000,0.00000000,10,9.00000000
nw_retrain_5009_none_easy_seed2768790,M1,slsqp_multi,5,0.00000000,1.00000000,0.00000000,10,10.00000000
nw_retrain_5009_none_easy_seed2768790,M0,nsga2,8,0.00000000,0.33333333,0.00000000,28,15.00000000
nw_retrain_5009_none_easy_seed2768790,M1,nsga2,8,0.00000000,0.66666667,0.00000000,28,22.00000000
nw_retrain_5009_none_easy_seed2768790,M0,slsqp_multi,5,0.00000000,1.00000000,0.00000000,10,9.00000000
nw_retrain_5009_none_easy_seed2768790,M1,slsqp_multi,5,0.00000000,1.00000000,0.00000000,10,9.00000000
nw_retrain_5009_none_easy_seed2768790,M0,slsqp_multi,5,0.00000000,0.66666667,0.00000000,10,9.00000000
nw_retrain_5009_none_easy_seed2768790,M1,slsqp_multi,5,0.00000000,1.00000000,0.00000000,10,9.00000000
nw_retrain_5009_none_easy_seed2768790,M0,nsga2,8,0.47622596,0.33333333,0.00000000,27,19.00000000
nw_retrain_5009_none_easy_seed2768790,M1,nsga2,8,0.94296392,0.33333333,1.00000000,27,11.00000000
nw_retrain_5009_none_easy_seed2768790,M0,nsga2,8,0.48816765,0.66666667,0.00000000,28,19.00000000
nw_retrain_5009_none_easy_seed2768790,M1,nsga2,8,0.62641035,0.66666667,0.00000000,28,21.00000000
nw_retrain_5009_none_easy_seed2768790,M0,nsga2,8,2.22824981,0.33333333,1.00000000,28,11.50000000
nw_retrain_5009_none_easy_seed2768790,M1,nsga2,8,4.23460039,0.33333333,1.00000000,28,11.50000000
nw_retrain_5009_none_easy_seed2768790,M0,nsga2,8,0.26226180,0.66666667,1.00000000,28,9.50000000
nw_retrain_5009_none_easy_seed2768790,M1,nsga2,8,0.04408841,0.00000000,1.00000000,28,8.00000000
nw_retrain_5009_none_easy_seed2768790,M0,nsga2,8,0.04975859,0.66666667,0.00000000,28,20.00000000
nw_retrain_5009_none_easy_seed2768790,M1,nsga2,8,0.04975859,0.33333333,0.00000000,28,15.00000000
nw_retrain_5010_none_easy_seed2768888,M0,slsqp_multi,5,154.23555765,0.33333333,1.00000000,10,5.00000000
nw_retrain_5010_none_easy_seed2768888,M1,slsqp_multi,5,0.00000000,0.66666667,0.00000000,10,7.00000000
nw_retrain_5010_none_easy_seed2768888,M0,slsqp_multi,5,154.23555765,0.66666667,1.00000000,10,5.00000000
nw_retrain_5010_none_easy_seed2768888,M1,slsqp_multi,5,0.00000000,0.66666667,0.00000000,10,7.00000000
nw_retrain_5009_none_easy_seed2768790,M0,nsga2,8,0.00151189,0.66666667,0.00000000,28,20.00000000
nw_retrain_5009_none_easy_seed2768790,M1,nsga2,8,0.00000000,0.66666667,0.00000000,28,25.50000000
nw_retrain_5010_none_easy_seed2768888,M0,slsqp_multi,5,43.88469066,0.66666667,1.00000000,10,5.00000000
nw_retrain_5010_none_easy_seed2768888,M1,slsqp_multi,5,0.00000000,0.66666667,0.00000000,10,7.00000000
nw_retrain_5010_none_easy_seed2768888,M0,slsqp_multi,5,154.19059885,0.33333333,1.00000000,10,5.00000000
nw_retrain_5010_none_easy_seed2768888,M1,slsqp_multi,5,0.00000000,0.66666667,0.00000000,10,7.00000000
nw_retrain_5010_none_easy_seed2768888,M0,slsqp_multi,5,154.19059885,0.66666667,1.00000000,10,6.00000000
nw_retrain_5010_none_easy_seed2768888,M1,slsqp_multi,5,0.00000000,0.66666667,0.00000000,10,7.00000000
nw_retrain_5010_none_easy_seed2768888,M0,slsqp_multi,5,43.83973186,0.66666667,1.00000000,10,5.00000000
nw_retrain_5010_none_easy_seed2768888,M1,slsqp_multi,5,0.00000000,0.66666667,0.00000000,10,7.00000000
nw_retrain_5010_none_easy_seed2768888,M0,slsqp_multi,5,154.18844279,0.33333333,1.00000000,10,5.00000000
nw_retrain_5010_none_easy_seed2768888,M1,slsqp_multi,5,0.00000000,0.66666667,0.00000000,10,7.00000000
nw_retrain_5010_none_easy_seed2768888,M0,slsqp_multi,5,154.18844279,0.66666667,1.00000000,10,6.00000000
nw_retrain_5010_none_easy_seed2768888,M1,slsqp_multi,5,0.00000000,0.66666667,0.00000000,10,7.00000000
nw_retrain_5010_none_easy_seed2768888,M0,slsqp_multi,5,43.83757579,0.66666667,1.00000000,10,5.00000000
nw_retrain_5010_none_easy_seed2768888,M1,slsqp_multi,5,0.00000000,0.66666667,0.00000000,10,7.00000000
nw_retrain_5010_none_easy_seed2768888,M0,nsga2,8,2.25098479,0.66666667,1.00000000,28,23.00000000
nw_retrain_5010_none_easy_seed2768888,M1,nsga2,8,2.25098479,0.66666667,1.00000000,28,24.00000000
nw_retrain_5010_none_easy_seed2768888,M0,nsga2,8,22.01747081,0.66666667,1.00000000,28,15.00000000
nw_retrain_5010_none_easy_seed2768888,M1,nsga2,8,0.00000000,0.66666667,0.00000000,28,24.00000000
nw_retrain_5010_none_easy_seed2768888,M0,nsga2,8,0.00000000,0.33333333,0.00000000,28,14.00000000
nw_retrain_5010_none_easy_seed2768888,M1,nsga2,8,0.00000000,0.66666667,0.00000000,28,20.00000000
nw_retrain_5010_none_easy_seed2768888,M0,nsga2,8,6.05130956,0.66666667,1.00000000,28,21.00000000
nw_retrain_5010_none_easy_seed2768888,M1,nsga2,8,6.05130956,0.33333333,1.00000000,28,16.00000000
nw_retrain_5010_none_easy_seed2768888,M0,nsga2,8,0.78662535,1.00000000,1.00000000,28,23.00000000
nw_retrain_5010_none_easy_seed2768888,M1,nsga2,8,7.76047375,0.66666667,1.00000000,28,16.00000000
nw_retrain_5010_none_easy_seed2768888,M0,nsga2,8,0.74358252,0.66666667,1.00000000,28,18.00000000
nw_retrain_5010_none_easy_seed2768888,M1,nsga2,8,1.06384498,0.00000000,1.00000000,28,10.00000000
nw_retrain_5010_none_easy_seed2768888,M0,nsga2,8,0.00000000,0.66666667,0.00000000,28,23.00000000
nw_retrain_5010_none_easy_seed2768888,M1,nsga2,8,0.24470413,0.00000000,0.00000000,28,11.00000000
nw_retrain_5010_none_easy_seed2768888,M0,nsga2,8,0.64950873,0.00000000,0.00000000,28,5.00000000
nw_retrain_5010_none_easy_seed2768888,M1,nsga2,8,0.06186710,0.66666667,0.00000000,28,19.00000000
nw_retrain_5010_none_easy_seed2768888,M0,nsga2,8,0.00000000,0.66666667,0.00000000,28,20.50000000
nw_retrain_5010_none_easy_seed2768888,M1,nsga2,8,0.05536128,0.33333333,0.00000000,28,9.50000000
nw_retrain_5010_none_easy_seed2768888,M0,slsqp_multi,5,154.18659676,0.33333333,1.00000000,10,5.00000000
nw_retrain_5010_none_easy_seed2768888,M1,slsqp_multi,5,0.00000000,0.66666667,0.00000000,10,7.00000000
nw_retrain_5010_none_easy_seed2768888,M0,slsqp_multi,5,154.18659676,0.66666667,1.00000000,10,6.00000000
nw_retrain_5010_none_easy_seed2768888,M1,slsqp_multi,5,0.00000000,0.66666667,0.00000000,10,7.00000000
nw_retrain_5010_none_easy_seed2768888,M0,slsqp_multi,5,43.83572976,0.66666667,1.00000000,10,5.00000000
nw_retrain_5010_none_easy_seed2768888,M1,slsqp_multi,5,0.00000000,0.66666667,0.00000000,10,7.00000000
nw_retrain_5010_none_easy_seed2768888,M0,nsga2,8,0.09150217,0.66666667,1.00000000,28,13.00000000
nw_retrain_5010_none_easy_seed2768888,M1,nsga2,8,0.00000000,0.33333333,0.00000000,28,18.50000000
nw_retrain_5010_none_easy_seed2768888,M0,nsga2,8,0.27201653,0.00000000,1.00000000,28,1.00000000
nw_retrain_5010_none_easy_seed2768888,M1,nsga2,8,0.00400564,0.66666667,0.00000000,28,21.00000000
nw_retrain_5010_none_easy_seed2768888,M0,nsga2,8,0.04945788,0.33333333,0.00000000,27,15.50000000
nw_retrain_5010_none_easy_seed2768888,M1,nsga2,8,0.05520291,0.00000000,1.00000000,27,4.50000000
nw_retrain_5011_none_easy_seed2768986,M0,slsqp_multi,5,0.00000000,0.66666667,0.00000000,10,8.00000000
nw_retrain_5011_none_easy_seed2768986,M1,slsqp_multi,5,0.00000000,0.66666667,0.00000000,10,8.00000000
nw_retrain_5011_none_easy_seed2768986,M0,slsqp_multi,5,0.00000000,0.66666667,0.00000000,10,7.00000000
nw_retrain_5011_none_easy_seed2768986,M1,slsqp_multi,5,0.00000000,0.66666667,0.00000000,10,7.00000000
nw_retrain_5011_none_easy_seed2768986,M0,slsqp_multi,5,0.00000000,0.33333333,0.00000000,10,5.00000000
nw_retrain_5011_none_easy_seed2768986,M1,slsqp_multi,5,0.00000000,0.33333333,0.00000000,10,4.00000000
nw_retrain_5011_none_easy_seed2768986,M0,slsqp_multi,5,0.00000000,0.66666667,0.00000000,10,8.00000000
nw_retrain_5011_none_easy_seed2768986,M1,slsqp_multi,5,0.00000000,0.66666667,0.00000000,10,8.00000000
nw_retrain_5011_none_easy_seed2768986,M0,slsqp_multi,5,0.00000000,0.66666667,0.00000000,10,7.00000000
nw_retrain_5011_none_easy_seed2768986,M1,slsqp_multi,5,0.00000000,0.66666667,0.00000000,10,7.00000000
nw_retrain_5011_none_easy_seed2768986,M0,slsqp_multi,5,0.00000000,0.33333333,0.00000000,10,5.00000000
nw_retrain_5011_none_easy_seed2768986,M1,slsqp_multi,5,0.00000000,0.33333333,0.00000000,10,4.00000000
nw_retrain_5011_none_easy_seed2768986,M0,slsqp_multi,5,0.00000000,0.66666667,0.00000000,10,8.00000000
nw_retrain_5011_none_easy_seed2768986,M1,slsqp_multi,5,0.00000000,0.66666667,0.00000000,10,8.00000000
nw_retrain_5011_none_easy_seed2768986,M0,slsqp_multi,5,0.00000000,0.66666667,0.00000000,10,7.00000000
nw_retrain_5011_none_easy_seed2768986,M1,slsqp_multi,5,0.00000000,0.66666667,0.00000000,10,7.00000000
nw_retrain_5011_none_easy_seed2768986,M0,slsqp_multi,5,0.00000000,0.33333333,0.00000000,10,5.00000000
nw_retrain_5011_none_easy_seed2768986,M1,slsqp_multi,5,0.00000000,0.33333333,0.00000000,10,4.00000000
nw_retrain_5011_none_easy_seed2768986,M0,nsga2,8,31.96597728,0.33333333,1.00000000,28,19.00000000
nw_retrain_5011_none_easy_seed2768986,M1,nsga2,8,38.18112941,0.66666667,1.00000000,28,21.00000000
nw_retrain_5011_none_easy_seed2768986,M0,nsga2,8,0.00000000,0.66666667,0.00000000,28,24.00000000
nw_retrain_5011_none_easy_seed2768986,M1,nsga2,8,0.00000000,1.00000000,0.00000000,28,22.00000000
nw_retrain_5011_none_easy_seed2768986,M0,nsga2,8,7.23183745,0.66666667,1.00000000,28,19.00000000
nw_retrain_5011_none_easy_seed2768986,M1,nsga2,8,7.23183745,0.66666667,1.00000000,28,20.00000000
nw_retrain_5011_none_easy_seed2768986,M0,nsga2,8,10.12723915,0.33333333,1.00000000,28,17.00000000
nw_retrain_5011_none_easy_seed2768986,M1,nsga2,8,0.00000000,0.66666667,0.00000000,28,17.00000000
nw_retrain_5011_none_easy_seed2768986,M0,nsga2,8,8.81072219,0.66666667,1.00000000,28,19.00000000
nw_retrain_5011_none_easy_seed2768986,M1,nsga2,8,7.77208945,0.33333333,1.00000000,28,20.00000000
nw_retrain_5011_none_easy_seed2768986,M0,nsga2,8,7.23183745,1.00000000,1.00000000,28,17.00000000
nw_retrain_5011_none_easy_seed2768986,M1,nsga2,8,7.23183745,1.00000000,1.00000000,28,20.00000000
nw_retrain_5011_none_easy_seed2768986,M0,slsqp_multi,5,0.00000000,0.66666667,0.00000000,10,8.00000000
nw_retrain_5011_none_easy_seed2768986,M1,slsqp_multi,5,0.00000000,0.66666667,0.00000000,10,9.00000000
nw_retrain_5011_none_easy_seed2768986,M0,slsqp_multi,5,0.00000000,0.66666667,0.00000000,10,7.00000000
nw_retrain_5011_none_easy_seed2768986,M1,slsqp_multi,5,0.00000000,0.66666667,0.00000000,10,7.00000000
nw_retrain_5011_none_easy_seed2768986,M0,nsga2,8,0.78907428,0.66666667,1.00000000,28,20.00000000
nw_retrain_5011_none_easy_seed2768986,M1,nsga2,8,0.78907428,1.00000000,1.00000000,28,20.00000000
nw_retrain_5011_none_easy_seed2768986,M0,nsga2,8,0.01235143,0.33333333,0.00000000,28,13.00000000
nw_retrain_5011_none_easy_seed2768986,M1,nsga2,8,0.07433332,0.00000000,0.00000000,28,13.00000000
nw_retrain_5011_none_easy_seed2768986,M0,slsqp_multi,5,0.00000000,0.66666667,0.00000000,10,7.00000000
nw_retrain_5011_none_easy_seed2768986,M1,slsqp_multi,5,0.00000000,0.66666667,0.00000000,10,7.00000000
nw_retrain_5011_none_easy_seed2768986,M0,nsga2,8,0.00000000,1.00000000,0.00000000,28,22.50000000
nw_retrain_5011_none_easy_seed2768986,M1,nsga2,8,0.11157419,1.00000000,0.00000000,28,20.50000000
nw_retrain_5011_none_easy_seed2768986,M0,nsga2,8,0.00000000,0.66666667,0.00000000,28,24.50000000
nw_retrain_5011_none_easy_seed2768986,M1,nsga2,8,0.93827672,0.00000000,1.00000000,28,10.00000000
nw_retrain_5011_none_easy_seed2768986,M0,nsga2,8,0.17940955,0.33333333,1.00000000,27,7.00000000
nw_retrain_5011_none_easy_seed2768986,M1,nsga2,8,0.00855863,1.00000000,0.00000000,27,26.00000000
nw_retrain_5011_none_easy_seed2768986,M0,nsga2,8,0.08550901,0.00000000,1.00000000,28,9.00000000
nw_retrain_5011_none_easy_seed2768986,M1,nsga2,8,0.01545990,0.66666667,0.00000000,28,17.00000000
nw_retrain_6000_approximately_parallel_moderate_seed2866039,M0,slsqp_multi,5,0.00000000,0.66666667,0.00000000,10,8.00000000
nw_retrain_6000_approximately_parallel_moderate_seed2866039,M1,slsqp_multi,5,0.00000000,1.00000000,0.00000000,10,9.00000000
nw_retrain_6000_approximately_parallel_moderate_seed2866039,M0,slsqp_multi,5,0.00000000,0.66666667,0.00000000,10,8.00000000
nw_retrain_6000_approximately_parallel_moderate_seed2866039,M1,slsqp_multi,5,0.00000000,0.66666667,0.00000000,10,8.00000000
nw_retrain_6000_approximately_parallel_moderate_seed2866039,M0,slsqp_multi,5,0.00000000,0.66666667,0.00000000,10,8.00000000
nw_retrain_6000_approximately_parallel_moderate_seed2866039,M1,slsqp_multi,5,0.00000000,0.66666667,0.00000000,10,8.00000000
nw_retrain_6000_approximately_parallel_moderate_seed2866039,M0,slsqp_multi,5,0.00000000,0.66666667,0.00000000,10,8.00000000
nw_retrain_6000_approximately_parallel_moderate_seed2866039,M1,slsqp_multi,5,0.00000000,0.66666667,0.00000000,10,8.00000000
nw_retrain_6000_approximately_parallel_moderate_seed2866039,M0,slsqp_multi,5,0.00000000,0.66666667,0.00000000,10,8.00000000
nw_retrain_6000_approximately_parallel_moderate_seed2866039,M1,slsqp_multi,5,0.00000000,1.00000000,0.00000000,10,9.00000000
nw_retrain_6000_approximately_parallel_moderate_seed2866039,M0,slsqp_multi,5,0.00000000,0.66666667,0.00000000,10,8.00000000
nw_retrain_6000_approximately_parallel_moderate_seed2866039,M1,slsqp_multi,5,0.00000000,0.66666667,0.00000000,10,8.00000000
nw_retrain_6000_approximately_parallel_moderate_seed2866039,M0,slsqp_multi,5,0.00000000,1.00000000,0.00000000,10,8.00000000
nw_retrain_6000_approximately_parallel_moderate_seed2866039,M1,slsqp_multi,5,0.00000000,1.00000000,0.00000000,10,9.00000000
nw_retrain_6000_approximately_parallel_moderate_seed2866039,M0,slsqp_multi,5,54.16024102,1.00000000,1.00000000,10,7.00000000
nw_retrain_6000_approximately_parallel_moderate_seed2866039,M1,slsqp_multi,5,0.00000000,1.00000000,0.00000000,10,9.00000000
nw_retrain_6000_approximately_parallel_moderate_seed2866039,M0,slsqp_multi,5,0.00000000,0.66666667,0.00000000,10,8.00000000
nw_retrain_6000_approximately_parallel_moderate_seed2866039,M1,slsqp_multi,5,0.00000000,0.66666667,0.00000000,10,8.00000000
nw_retrain_6000_approximately_parallel_moderate_seed2866039,M0,nsga2,8,0.00000000,0.66666667,0.00000000,28,18.00000000
nw_retrain_6000_approximately_parallel_moderate_seed2866039,M1,nsga2,8,0.00000000,0.33333333,0.00000000,28,16.00000000
nw_retrain_6000_approximately_parallel_moderate_seed2866039,M0,nsga2,8,0.00000000,0.66666667,0.00000000,27,16.00000000
nw_retrain_6000_approximately_parallel_moderate_seed2866039,M1,nsga2,8,0.00000000,0.66666667,0.00000000,27,24.00000000
nw_retrain_6000_approximately_parallel_moderate_seed2866039,M0,nsga2,8,11.21346574,0.66666667,1.00000000,28,20.00000000
nw_retrain_6000_approximately_parallel_moderate_seed2866039,M1,nsga2,8,11.21346574,0.66666667,1.00000000,28,21.00000000
nw_retrain_6000_approximately_parallel_moderate_seed2866039,M0,nsga2,8,1.74310596,0.33333333,1.00000000,28,15.00000000
nw_retrain_6000_approximately_parallel_moderate_seed2866039,M1,nsga2,8,1.74310596,0.66666667,1.00000000,28,19.00000000
nw_retrain_6000_approximately_parallel_moderate_seed2866039,M0,nsga2,8,3.12591893,0.33333333,1.00000000,27,22.00000000
nw_retrain_6000_approximately_parallel_moderate_seed2866039,M1,nsga2,8,3.12591893,0.66666667,1.00000000,27,21.00000000
nw_retrain_6000_approximately_parallel_moderate_seed2866039,M0,nsga2,8,5.59370928,0.33333333,1.00000000,28,14.00000000
nw_retrain_6000_approximately_parallel_moderate_seed2866039,M1,nsga2,8,0.34453775,0.66666667,0.00000000,28,18.00000000
nw_retrain_6000_approximately_parallel_moderate_seed2866039,M0,slsqp_multi,5,0.00000000,1.00000000,0.00000000,10,9.00000000
nw_retrain_6000_approximately_parallel_moderate_seed2866039,M1,slsqp_multi,5,0.00000000,1.00000000,0.00000000,10,8.00000000
nw_retrain_6000_approximately_parallel_moderate_seed2866039,M0,nsga2,8,2.53453576,0.00000000,1.00000000,28,5.00000000
nw_retrain_6000_approximately_parallel_moderate_seed2866039,M1,nsga2,8,0.12612797,0.33333333,0.00000000,28,8.00000000
nw_retrain_6000_approximately_parallel_moderate_seed2866039,M0,nsga2,8,0.00070616,1.00000000,0.00000000,28,25.00000000
nw_retrain_6000_approximately_parallel_moderate_seed2866039,M1,nsga2,8,2.50002238,0.00000000,1.00000000,28,7.00000000
nw_retrain_6000_approximately_parallel_moderate_seed2866039,M0,slsqp_multi,5,0.00000000,1.00000000,0.00000000,10,8.00000000
nw_retrain_6000_approximately_parallel_moderate_seed2866039,M1,slsqp_multi,5,0.00000000,1.00000000,0.00000000,10,9.00000000
nw_retrain_6000_approximately_parallel_moderate_seed2866039,M0,slsqp_multi,5,0.00000000,0.66666667,0.00000000,10,8.00000000
nw_retrain_6000_approximately_parallel_moderate_seed2866039,M1,slsqp_multi,5,0.00000000,0.66666667,0.00000000,10,8.00000000
nw_retrain_6000_approximately_parallel_moderate_seed2866039,M0,nsga2,8,0.00000000,0.66666667,0.00000000,28,13.50000000
nw_retrain_6000_approximately_parallel_moderate_seed2866039,M1,nsga2,8,3.42676421,0.66666667,1.00000000,28,13.50000000
nw_retrain_6000_approximately_parallel_moderate_seed2866039,M0,nsga2,8,0.62709322,0.00000000,0.00000000,28,5.00000000
nw_retrain_6000_approximately_parallel_moderate_seed2866039,M1,nsga2,8,0.66069141,0.00000000,1.00000000,28,6.00000000
nw_retrain_6000_approximately_parallel_moderate_seed2866039,M0,nsga2,8,0.21404285,0.00000000,1.00000000,27,10.50000000
nw_retrain_6000_approximately_parallel_moderate_seed2866039,M1,nsga2,8,0.05863441,0.33333333,0.00000000,27,12.00000000
nw_retrain_6001_vertically_overlapping_easy_seed2866137,M0,slsqp_multi,5,0.00000000,0.66666667,0.00000000,10,7.00000000
nw_retrain_6001_vertically_overlapping_easy_seed2866137,M1,slsqp_multi,5,0.00000000,0.66666667,0.00000000,10,7.00000000
nw_retrain_6001_vertically_overlapping_easy_seed2866137,M0,slsqp_multi,5,0.00000000,0.66666667,0.00000000,10,8.00000000
nw_retrain_6001_vertically_overlapping_easy_seed2866137,M1,slsqp_multi,5,0.00000000,0.66666667,0.00000000,10,9.00000000
nw_retrain_6001_vertically_overlapping_easy_seed2866137,M0,slsqp_multi,5,0.00000000,0.66666667,0.00000000,10,6.00000000
nw_retrain_6001_vertically_overlapping_easy_seed2866137,M1,slsqp_multi,5,0.00000000,0.66666667,0.00000000,10,6.00000000
nw_retrain_6000_approximately_parallel_moderate_seed2866039,M0,nsga2,8,0.00000000,1.00000000,0.00000000,28,24.50000000
nw_retrain_6000_approximately_parallel_moderate_seed2866039,M1,nsga2,8,0.02132980,0.33333333,0.00000000,28,15.50000000
nw_retrain_6001_vertically_overlapping_easy_seed2866137,M0,slsqp_multi,5,0.00000000,0.66666667,0.00000000,10,7.00000000
nw_retrain_6001_vertically_overlapping_easy_seed2866137,M1,slsqp_multi,5,0.00000000,0.66666667,0.00000000,10,7.00000000
nw_retrain_6001_vertically_overlapping_easy_seed2866137,M0,slsqp_multi,5,0.00000000,0.66666667,0.00000000,10,8.00000000
nw_retrain_6001_vertically_overlapping_easy_seed2866137,M1,slsqp_multi,5,0.00000000,0.66666667,0.00000000,10,9.00000000
nw_retrain_6001_vertically_overlapping_easy_seed2866137,M0,slsqp_multi,5,0.00000000,0.66666667,0.00000000,10,6.00000000
nw_retrain_6001_vertically_overlapping_easy_seed2866137,M1,slsqp_multi,5,0.00000000,0.66666667,0.00000000,10,6.00000000
nw_retrain_6001_vertically_overlapping_easy_seed2866137,M0,slsqp_multi,5,0.00000000,0.66666667,0.00000000,10,7.00000000
nw_retrain_6001_vertically_overlapping_easy_seed2866137,M1,slsqp_multi,5,0.00000000,0.66666667,0.00000000,10,7.00000000
nw_retrain_6001_vertically_overlapping_easy_seed2866137,M0,slsqp_multi,5,0.00000000,0.66666667,0.00000000,10,8.00000000
nw_retrain_6001_vertically_overlapping_easy_seed2866137,M1,slsqp_multi,5,0.00000000,0.66666667,0.00000000,10,9.00000000
nw_retrain_6001_vertically_overlapping_easy_seed2866137,M0,slsqp_multi,5,0.00000000,0.66666667,0.00000000,10,6.00000000
nw_retrain_6001_vertically_overlapping_easy_seed2866137,M1,slsqp_multi,5,0.00000000,0.66666667,0.00000000,10,6.00000000
nw_retrain_6001_vertically_overlapping_easy_seed2866137,M0,nsga2,8,0.00000000,0.66666667,0.00000000,28,15.00000000
nw_retrain_6001_vertically_overlapping_easy_seed2866137,M1,nsga2,8,10.47586262,0.66666667,1.00000000,28,16.00000000
nw_retrain_6001_vertically_overlapping_easy_seed2866137,M0,nsga2,8,0.00000000,0.66666667,0.00000000,28,24.00000000
nw_retrain_6001_vertically_overlapping_easy_seed2866137,M1,nsga2,8,0.00000000,0.66666667,0.00000000,28,21.00000000
nw_retrain_6001_vertically_overlapping_easy_seed2866137,M0,nsga2,8,0.00000000,0.33333333,0.00000000,28,17.00000000
nw_retrain_6001_vertically_overlapping_easy_seed2866137,M1,nsga2,8,30.94092298,0.00000000,1.00000000,28,13.00000000
nw_retrain_6001_vertically_overlapping_easy_seed2866137,M0,nsga2,8,8.06108796,0.33333333,1.00000000,28,17.00000000
nw_retrain_6001_vertically_overlapping_easy_seed2866137,M1,nsga2,8,8.41023882,0.33333333,1.00000000,28,15.00000000
nw_retrain_6001_vertically_overlapping_easy_seed2866137,M0,nsga2,8,0.00000000,0.66666667,0.00000000,28,21.00000000
nw_retrain_6001_vertically_overlapping_easy_seed2866137,M1,nsga2,8,9.34833534,0.00000000,1.00000000,28,11.00000000
nw_retrain_6001_vertically_overlapping_easy_seed2866137,M0,nsga2,8,7.41359439,0.33333333,1.00000000,28,17.00000000
nw_retrain_6001_vertically_overlapping_easy_seed2866137,M1,nsga2,8,7.41359439,0.33333333,1.00000000,28,19.00000000
nw_retrain_6001_vertically_overlapping_easy_seed2866137,M0,slsqp_multi,5,0.00000000,0.66666667,0.00000000,10,7.00000000
nw_retrain_6001_vertically_overlapping_easy_seed2866137,M1,slsqp_multi,5,0.00000000,0.66666667,0.00000000,10,7.00000000
nw_retrain_6001_vertically_overlapping_easy_seed2866137,M0,nsga2,8,21.81407424,0.33333333,1.00000000,28,13.00000000
nw_retrain_6001_vertically_overlapping_easy_seed2866137,M1,nsga2,8,21.81407424,0.33333333,1.00000000,28,10.00000000
nw_retrain_6001_vertically_overlapping_easy_seed2866137,M0,slsqp_multi,5,0.00000000,0.66666667,0.00000000,10,8.00000000
nw_retrain_6001_vertically_overlapping_easy_seed2866137,M1,slsqp_multi,5,0.00000000,0.66666667,0.00000000,10,9.00000000
nw_retrain_6001_vertically_overlapping_easy_seed2866137,M0,slsqp_multi,5,0.00000000,0.66666667,0.00000000,10,6.00000000
nw_retrain_6001_vertically_overlapping_easy_seed2866137,M1,slsqp_multi,5,0.00000000,0.66666667,0.00000000,10,6.00000000
nw_retrain_6001_vertically_overlapping_easy_seed2866137,M0,nsga2,8,12.12216909,0.66666667,1.00000000,28,20.00000000
nw_retrain_6001_vertically_overlapping_easy_seed2866137,M1,nsga2,8,12.12216909,0.66666667,1.00000000,28,20.50000000
nw_retrain_6001_vertically_overlapping_easy_seed2866137,M0,nsga2,8,0.64984851,0.33333333,0.00000000,28,16.50000000
nw_retrain_6001_vertically_overlapping_easy_seed2866137,M1,nsga2,8,0.00000000,0.33333333,0.00000000,28,17.50000000
nw_retrain_6001_vertically_overlapping_easy_seed2866137,M0,nsga2,8,0.00000000,1.00000000,0.00000000,28,18.50000000
nw_retrain_6001_vertically_overlapping_easy_seed2866137,M1,nsga2,8,0.00000000,0.66666667,0.00000000,28,15.00000000
nw_retrain_6002_crossing_easy_seed2866104,M0,slsqp_multi,5,0.00000000,1.00000000,0.00000000,10,9.00000000
nw_retrain_6002_crossing_easy_seed2866104,M1,slsqp_multi,5,0.00000000,0.66666667,0.00000000,10,7.00000000
nw_retrain_6002_crossing_easy_seed2866104,M0,slsqp_multi,5,0.00000000,1.00000000,0.00000000,10,8.00000000
nw_retrain_6002_crossing_easy_seed2866104,M1,slsqp_multi,5,0.00000000,0.66666667,0.00000000,10,7.00000000
nw_retrain_6001_vertically_overlapping_easy_seed2866137,M0,nsga2,8,0.14682069,0.66666667,1.00000000,28,13.50000000
nw_retrain_6001_vertically_overlapping_easy_seed2866137,M1,nsga2,8,0.02536626,0.33333333,0.00000000,28,18.50000000
nw_retrain_6002_crossing_easy_seed2866104,M0,slsqp_multi,5,0.00000000,0.66666667,0.00000000,10,8.00000000
nw_retrain_6002_crossing_easy_seed2866104,M1,slsqp_multi,5,0.00000000,0.66666667,0.00000000,10,8.00000000
nw_retrain_6001_vertically_overlapping_easy_seed2866137,M0,nsga2,8,0.03909160,1.00000000,0.00000000,28,22.00000000
nw_retrain_6001_vertically_overlapping_easy_seed2866137,M1,nsga2,8,0.32053426,0.00000000,0.00000000,28,4.00000000
nw_retrain_6002_crossing_easy_seed2866104,M0,slsqp_multi,5,0.00000000,1.00000000,0.00000000,10,9.00000000
nw_retrain_6002_crossing_easy_seed2866104,M1,slsqp_multi,5,0.00000000,0.66666667,0.00000000,10,7.00000000
nw_retrain_6002_crossing_easy_seed2866104,M0,slsqp_multi,5,0.00000000,1.00000000,0.00000000,10,8.00000000
nw_retrain_6002_crossing_easy_seed2866104,M1,slsqp_multi,5,0.00000000,0.66666667,0.00000000,10,7.00000000
nw_retrain_6002_crossing_easy_seed2866104,M0,slsqp_multi,5,0.00000000,0.66666667,0.00000000,10,8.00000000
nw_retrain_6002_crossing_easy_seed2866104,M1,slsqp_multi,5,0.00000000,0.66666667,0.00000000,10,8.00000000
nw_retrain_6002_crossing_easy_seed2866104,M0,slsqp_multi,5,0.00000000,1.00000000,0.00000000,10,9.00000000
nw_retrain_6002_crossing_easy_seed2866104,M1,slsqp_multi,5,0.00000000,0.66666667,0.00000000,10,7.00000000
nw_retrain_6002_crossing_easy_seed2866104,M0,slsqp_multi,5,0.00000000,1.00000000,0.00000000,10,8.00000000
nw_retrain_6002_crossing_easy_seed2866104,M1,slsqp_multi,5,0.00000000,0.66666667,0.00000000,10,7.00000000
nw_retrain_6002_crossing_easy_seed2866104,M0,slsqp_multi,5,0.00000000,0.66666667,0.00000000,10,8.00000000
nw_retrain_6002_crossing_easy_seed2866104,M1,slsqp_multi,5,0.00000000,0.66666667,0.00000000,10,8.00000000
nw_retrain_6002_crossing_easy_seed2866104,M0,nsga2,8,0.00000000,0.33333333,0.00000000,28,20.00000000
nw_retrain_6002_crossing_easy_seed2866104,M1,nsga2,8,5.28313433,1.00000000,1.00000000,28,21.00000000
nw_retrain_6002_crossing_easy_seed2866104,M0,nsga2,8,0.00000000,0.33333333,0.00000000,28,9.00000000
nw_retrain_6002_crossing_easy_seed2866104,M1,nsga2,8,0.00000000,0.33333333,0.00000000,28,18.00000000
nw_retrain_6002_crossing_easy_seed2866104,M0,nsga2,8,0.89605955,0.33333333,1.00000000,28,18.00000000
nw_retrain_6002_crossing_easy_seed2866104,M1,nsga2,8,0.89605955,0.66666667,1.00000000,28,20.00000000
nw_retrain_6002_crossing_easy_seed2866104,M0,nsga2,8,0.00000000,1.00000000,0.00000000,28,23.00000000
nw_retrain_6002_crossing_easy_seed2866104,M1,nsga2,8,0.00000000,0.66666667,0.00000000,28,22.00000000
nw_retrain_6002_crossing_easy_seed2866104,M0,nsga2,8,7.18294512,1.00000000,1.00000000,28,24.00000000
nw_retrain_6002_crossing_easy_seed2866104,M1,nsga2,8,7.18294512,1.00000000,1.00000000,28,23.00000000
nw_retrain_6002_crossing_easy_seed2866104,M0,nsga2,8,5.59187202,0.66666667,1.00000000,28,20.00000000
nw_retrain_6002_crossing_easy_seed2866104,M1,nsga2,8,12.87570021,0.66666667,1.00000000,28,20.00000000
nw_retrain_6002_crossing_easy_seed2866104,M0,slsqp_multi,5,0.00000000,1.00000000,0.00000000,10,9.00000000
nw_retrain_6002_crossing_easy_seed2866104,M1,slsqp_multi,5,0.00000000,0.66666667,0.00000000,10,7.00000000
nw_retrain_6002_crossing_easy_seed2866104,M0,slsqp_multi,5,0.00000000,1.00000000,0.00000000,10,8.00000000
nw_retrain_6002_crossing_easy_seed2866104,M1,slsqp_multi,5,0.00000000,0.66666667,0.00000000,10,7.00000000
nw_retrain_6002_crossing_easy_seed2866104,M0,slsqp_multi,5,0.00000000,0.66666667,0.00000000,10,8.00000000
nw_retrain_6002_crossing_easy_seed2866104,M1,slsqp_multi,5,0.00000000,0.66666667,0.00000000,10,8.00000000
nw_retrain_6002_crossing_easy_seed2866104,M0,nsga2,8,0.21203798,0.66666667,0.00000000,28,13.00000000
nw_retrain_6002_crossing_easy_seed2866104,M1,nsga2,8,0.21203798,0.33333333,0.00000000,28,10.50000000
nw_retrain_6002_crossing_easy_seed2866104,M0,nsga2,8,0.30384313,0.66666667,0.00000000,28,10.50000000
nw_retrain_6002_crossing_easy_seed2866104,M1,nsga2,8,0.31874101,0.66666667,1.00000000,28,11.50000000
nw_retrain_6002_crossing_easy_seed2866104,M0,nsga2,8,1.77625790,0.00000000,1.00000000,27,5.00000000
nw_retrain_6002_crossing_easy_seed2866104,M1,nsga2,8,1.77625790,0.33333333,1.00000000,27,9.00000000
nw_retrain_6002_crossing_easy_seed2866104,M0,nsga2,8,0.24656921,0.33333333,1.00000000,28,4.00000000
nw_retrain_6002_crossing_easy_seed2866104,M1,nsga2,8,0.18233616,0.00000000,0.00000000,28,5.00000000
nw_retrain_6003_converging_moderate_seed2866202,M0,slsqp_multi,5,0.00000000,0.66666667,0.00000000,10,7.00000000
nw_retrain_6003_converging_moderate_seed2866202,M1,slsqp_multi,5,0.00000000,1.00000000,0.00000000,10,9.00000000
nw_retrain_6003_converging_moderate_seed2866202,M0,slsqp_multi,5,0.00000000,0.66666667,0.00000000,10,7.00000000
nw_retrain_6003_converging_moderate_seed2866202,M1,slsqp_multi,5,0.00000000,0.66666667,0.00000000,10,7.00000000
nw_retrain_6003_converging_moderate_seed2866202,M0,slsqp_multi,5,0.00000000,0.66666667,0.00000000,10,7.00000000
nw_retrain_6003_converging_moderate_seed2866202,M1,slsqp_multi,5,0.00000000,0.66666667,0.00000000,10,8.00000000
nw_retrain_6002_crossing_easy_seed2866104,M0,nsga2,8,0.11816166,0.66666667,0.00000000,28,13.00000000
nw_retrain_6002_crossing_easy_seed2866104,M1,nsga2,8,0.00000000,0.33333333,0.00000000,28,13.00000000
nw_retrain_6002_crossing_easy_seed2866104,M0,nsga2,8,0.00000000,0.33333333,0.00000000,28,10.00000000
nw_retrain_6002_crossing_easy_seed2866104,M1,nsga2,8,0.11525339,0.00000000,0.00000000,28,4.00000000
nw_retrain_6003_converging_moderate_seed2866202,M0,slsqp_multi,5,0.00000000,0.66666667,0.00000000,10,7.00000000
nw_retrain_6003_converging_moderate_seed2866202,M1,slsqp_multi,5,0.00000000,1.00000000,0.00000000,10,9.00000000
nw_retrain_6003_converging_moderate_seed2866202,M0,slsqp_multi,5,0.00000000,0.66666667,0.00000000,10,7.00000000
nw_retrain_6003_converging_moderate_seed2866202,M1,slsqp_multi,5,0.00000000,0.66666667,0.00000000,10,7.00000000
nw_retrain_6003_converging_moderate_seed2866202,M0,slsqp_multi,5,0.00000000,0.66666667,0.00000000,10,7.00000000
nw_retrain_6003_converging_moderate_seed2866202,M1,slsqp_multi,5,0.00000000,0.66666667,0.00000000,10,8.00000000
nw_retrain_6003_converging_moderate_seed2866202,M0,slsqp_multi,5,0.00000000,0.66666667,0.00000000,10,7.00000000
nw_retrain_6003_converging_moderate_seed2866202,M1,slsqp_multi,5,0.00000000,1.00000000,0.00000000,10,9.00000000
nw_retrain_6003_converging_moderate_seed2866202,M0,slsqp_multi,5,0.00000000,0.66666667,0.00000000,10,7.00000000
nw_retrain_6003_converging_moderate_seed2866202,M1,slsqp_multi,5,0.00000000,0.66666667,0.00000000,10,7.00000000
nw_retrain_6003_converging_moderate_seed2866202,M0,slsqp_multi,5,0.00000000,0.66666667,0.00000000,10,7.00000000
nw_retrain_6003_converging_moderate_seed2866202,M1,slsqp_multi,5,0.00000000,0.66666667,0.00000000,10,8.00000000
nw_retrain_6003_converging_moderate_seed2866202,M0,nsga2,8,0.00000000,0.66666667,0.00000000,28,23.00000000
nw_retrain_6003_converging_moderate_seed2866202,M1,nsga2,8,0.00000000,1.00000000,0.00000000,28,26.00000000
nw_retrain_6003_converging_moderate_seed2866202,M0,nsga2,8,0.00000000,0.33333333,0.00000000,28,21.00000000
nw_retrain_6003_converging_moderate_seed2866202,M1,nsga2,8,0.00000000,1.00000000,0.00000000,28,21.00000000
nw_retrain_6003_converging_moderate_seed2866202,M0,nsga2,8,44.76217185,0.33333333,1.00000000,28,11.00000000
nw_retrain_6003_converging_moderate_seed2866202,M1,nsga2,8,0.00000000,0.66666667,0.00000000,28,15.00000000
nw_retrain_6003_converging_moderate_seed2866202,M0,nsga2,8,0.00000000,1.00000000,0.00000000,27,27.00000000
nw_retrain_6003_converging_moderate_seed2866202,M1,nsga2,8,7.67784683,1.00000000,1.00000000,27,23.00000000
nw_retrain_6003_converging_moderate_seed2866202,M0,nsga2,8,9.63538386,0.66666667,1.00000000,27,18.00000000
nw_retrain_6003_converging_moderate_seed2866202,M1,nsga2,8,20.21197176,0.66666667,1.00000000,27,20.00000000
nw_retrain_6003_converging_moderate_seed2866202,M0,nsga2,8,0.00000000,0.33333333,0.00000000,27,12.00000000
nw_retrain_6003_converging_moderate_seed2866202,M1,nsga2,8,0.00000000,0.66666667,0.00000000,27,20.00000000
nw_retrain_6003_converging_moderate_seed2866202,M0,slsqp_multi,5,1.95457116,0.66666667,1.00000000,10,7.00000000
nw_retrain_6003_converging_moderate_seed2866202,M1,slsqp_multi,5,1.95457116,0.66666667,1.00000000,10,7.00000000
nw_retrain_6003_converging_moderate_seed2866202,M0,nsga2,8,0.00000000,0.33333333,0.00000000,28,17.00000000
nw_retrain_6003_converging_moderate_seed2866202,M1,nsga2,8,0.00000000,0.66666667,0.00000000,28,18.00000000
nw_retrain_6003_converging_moderate_seed2866202,M0,nsga2,8,8.47969521,0.00000000,1.00000000,28,12.00000000
nw_retrain_6003_converging_moderate_seed2866202,M1,nsga2,8,11.20254883,0.33333333,1.00000000,28,17.00000000
nw_retrain_6003_converging_moderate_seed2866202,M0,nsga2,8,2.56293768,0.33333333,1.00000000,28,12.50000000
nw_retrain_6003_converging_moderate_seed2866202,M1,nsga2,8,2.56293768,0.33333333,1.00000000,28,17.50000000
nw_retrain_6003_converging_moderate_seed2866202,M0,slsqp_multi,5,3.82989355,0.66666667,1.00000000,10,7.00000000
nw_retrain_6003_converging_moderate_seed2866202,M1,slsqp_multi,5,3.82989355,1.00000000,1.00000000,10,8.00000000
nw_retrain_6003_converging_moderate_seed2866202,M0,slsqp_multi,5,0.00000000,0.66666667,0.00000000,10,8.00000000
nw_retrain_6003_converging_moderate_seed2866202,M1,slsqp_multi,5,0.00000000,1.00000000,0.00000000,10,9.00000000
nw_retrain_6003_converging_moderate_seed2866202,M0,nsga2,8,0.07344031,0.33333333,0.00000000,28,16.00000000
nw_retrain_6003_converging_moderate_seed2866202,M1,nsga2,8,0.07344031,1.00000000,0.00000000,28,20.00000000
nw_retrain_6004_converging_easy_seed2866562,M0,slsqp_multi,5,0.00000000,0.66666667,0.00000000,10,8.00000000
nw_retrain_6004_converging_easy_seed2866562,M1,slsqp_multi,5,78.75712176,0.66666667,1.00000000,10,7.00000000
nw_retrain_6003_converging_moderate_seed2866202,M0,nsga2,8,0.08375630,0.66666667,0.00000000,28,15.00000000
nw_retrain_6003_converging_moderate_seed2866202,M1,nsga2,8,0.00000000,0.66666667,0.00000000,28,19.00000000
nw_retrain_6004_converging_easy_seed2866562,M0,slsqp_multi,5,0.00000000,0.66666667,0.00000000,10,8.00000000
nw_retrain_6004_converging_easy_seed2866562,M1,slsqp_multi,5,0.00000000,0.66666667,0.00000000,10,8.00000000
nw_retrain_6004_converging_easy_seed2866562,M0,slsqp_multi,5,0.00000000,0.66666667,0.00000000,10,8.00000000
nw_retrain_6004_converging_easy_seed2866562,M1,slsqp_multi,5,41.66917021,0.66666667,1.00000000,10,7.00000000
nw_retrain_6003_converging_moderate_seed2866202,M0,nsga2,8,0.00037063,1.00000000,0.00000000,28,18.50000000
nw_retrain_6003_converging_moderate_seed2866202,M1,nsga2,8,0.00037063,1.00000000,0.00000000,28,21.50000000
nw_retrain_6004_converging_easy_seed2866562,M0,slsqp_multi,5,0.00000000,0.66666667,0.00000000,10,8.00000000
nw_retrain_6004_converging_easy_seed2866562,M1,slsqp_multi,5,78.78817539,0.66666667,1.00000000,10,7.00000000
nw_retrain_6004_converging_easy_seed2866562,M0,slsqp_multi,5,0.00000000,0.66666667,0.00000000,10,8.00000000
nw_retrain_6004_converging_easy_seed2866562,M1,slsqp_multi,5,0.00000000,0.66666667,0.00000000,10,8.00000000
nw_retrain_6004_converging_easy_seed2866562,M0,slsqp_multi,5,0.00000000,0.66666667,0.00000000,10,8.00000000
nw_retrain_6004_converging_easy_seed2866562,M1,slsqp_multi,5,41.70022383,0.66666667,1.00000000,10,7.00000000
nw_retrain_6004_converging_easy_seed2866562,M0,slsqp_multi,5,0.00000000,0.66666667,0.00000000,10,8.00000000
nw_retrain_6004_converging_easy_seed2866562,M1,slsqp_multi,5,78.88634340,0.66666667,1.00000000,10,7.00000000
nw_retrain_6004_converging_easy_seed2866562,M0,slsqp_multi,5,0.00000000,0.66666667,0.00000000,10,8.00000000
nw_retrain_6004_converging_easy_seed2866562,M1,slsqp_multi,5,0.00000000,0.66666667,0.00000000,10,8.00000000
nw_retrain_6004_converging_easy_seed2866562,M0,slsqp_multi,5,0.00000000,0.66666667,0.00000000,10,8.00000000
nw_retrain_6004_converging_easy_seed2866562,M1,slsqp_multi,5,41.79839185,0.66666667,1.00000000,10,7.00000000
nw_retrain_6004_converging_easy_seed2866562,M0,nsga2,8,5.28566084,0.33333333,1.00000000,28,15.00000000
nw_retrain_6004_converging_easy_seed2866562,M1,nsga2,8,5.28566084,1.00000000,1.00000000,28,19.00000000
nw_retrain_6004_converging_easy_seed2866562,M0,nsga2,8,22.63875509,0.66666667,1.00000000,28,18.00000000
nw_retrain_6004_converging_easy_seed2866562,M1,nsga2,8,0.00000000,0.66666667,0.00000000,28,20.00000000
nw_retrain_6004_converging_easy_seed2866562,M0,nsga2,8,11.64075223,0.33333333,1.00000000,28,16.00000000
nw_retrain_6004_converging_easy_seed2866562,M1,nsga2,8,11.64075223,0.33333333,1.00000000,28,17.00000000
nw_retrain_6004_converging_easy_seed2866562,M0,nsga2,8,0.00000000,0.66666667,0.00000000,28,21.00000000
nw_retrain_6004_converging_easy_seed2866562,M1,nsga2,8,9.28361232,0.66666667,1.00000000,28,19.00000000
nw_retrain_6004_converging_easy_seed2866562,M0,nsga2,8,0.00000000,0.66666667,0.00000000,28,23.00000000
nw_retrain_6004_converging_easy_seed2866562,M1,nsga2,8,5.90818442,0.66666667,1.00000000,28,19.00000000
nw_retrain_6004_converging_easy_seed2866562,M0,nsga2,8,0.00000000,0.33333333,0.00000000,28,17.00000000
nw_retrain_6004_converging_easy_seed2866562,M1,nsga2,8,0.00000000,0.33333333,0.00000000,28,12.00000000
nw_retrain_6004_converging_easy_seed2866562,M0,nsga2,8,0.00000000,0.66666667,0.00000000,28,24.00000000
nw_retrain_6004_converging_easy_seed2866562,M1,nsga2,8,0.56817141,0.33333333,0.00000000,28,16.00000000
nw_retrain_6004_converging_easy_seed2866562,M0,slsqp_multi,5,0.00000000,1.00000000,0.00000000,10,9.00000000
nw_retrain_6004_converging_easy_seed2866562,M1,slsqp_multi,5,78.89286518,1.00000000,1.00000000,10,7.00000000
nw_retrain_6004_converging_easy_seed2866562,M0,slsqp_multi,5,0.00000000,1.00000000,0.00000000,10,8.00000000
nw_retrain_6004_converging_easy_seed2866562,M1,slsqp_multi,5,41.80491362,1.00000000,1.00000000,10,7.00000000
nw_retrain_6004_converging_easy_seed2866562,M0,nsga2,8,1.14098283,0.66666667,1.00000000,28,18.50000000
nw_retrain_6004_converging_easy_seed2866562,M1,nsga2,8,0.97038049,0.66666667,1.00000000,28,17.50000000
nw_retrain_6004_converging_easy_seed2866562,M0,slsqp_multi,5,0.00000000,0.66666667,0.00000000,10,9.00000000
nw_retrain_6004_converging_easy_seed2866562,M1,slsqp_multi,5,40.64599719,0.66666667,1.00000000,10,8.00000000
nw_retrain_6004_converging_easy_seed2866562,M0,nsga2,8,1.04550369,0.66666667,1.00000000,28,14.00000000
nw_retrain_6004_converging_easy_seed2866562,M1,nsga2,8,1.04550369,0.66666667,1.00000000,28,18.00000000
nw_retrain_6004_converging_easy_seed2866562,M0,nsga2,8,0.00000000,0.66666667,0.00000000,28,19.50000000
nw_retrain_6004_converging_easy_seed2866562,M1,nsga2,8,0.52310980,0.33333333,0.00000000,28,12.50000000
nw_retrain_6005_approximately_parallel_moderate_seed2866398,M0,slsqp_multi,5,0.00000000,0.66666667,0.00000000,10,8.00000000
nw_retrain_6005_approximately_parallel_moderate_seed2866398,M1,slsqp_multi,5,0.00000000,0.66666667,0.00000000,10,6.00000000
nw_retrain_6005_approximately_parallel_moderate_seed2866398,M0,slsqp_multi,5,0.00000000,1.00000000,0.00000000,10,10.00000000
nw_retrain_6005_approximately_parallel_moderate_seed2866398,M1,slsqp_multi,5,0.00000000,0.66666667,0.00000000,10,9.00000000
nw_retrain_6005_approximately_parallel_moderate_seed2866398,M0,slsqp_multi,5,0.00000000,0.33333333,0.00000000,10,4.00000000
nw_retrain_6005_approximately_parallel_moderate_seed2866398,M1,slsqp_multi,5,0.00000000,0.66666667,0.00000000,10,6.00000000
nw_retrain_6004_converging_easy_seed2866562,M0,nsga2,8,0.25225186,0.33333333,0.00000000,28,14.50000000
nw_retrain_6004_converging_easy_seed2866562,M1,nsga2,8,0.33784285,0.66666667,1.00000000,28,11.50000000
nw_retrain_6005_approximately_parallel_moderate_seed2866398,M0,slsqp_multi,5,0.00000000,0.66666667,0.00000000,10,8.00000000
nw_retrain_6005_approximately_parallel_moderate_seed2866398,M1,slsqp_multi,5,0.00000000,0.66666667,0.00000000,10,6.00000000
nw_retrain_6005_approximately_parallel_moderate_seed2866398,M0,slsqp_multi,5,0.00000000,1.00000000,0.00000000,10,10.00000000
nw_retrain_6005_approximately_parallel_moderate_seed2866398,M1,slsqp_multi,5,0.00000000,0.66666667,0.00000000,10,9.00000000
nw_retrain_6004_converging_easy_seed2866562,M0,nsga2,8,0.00000000,0.66666667,0.00000000,28,27.00000000
nw_retrain_6004_converging_easy_seed2866562,M1,nsga2,8,2.17760131,0.33333333,1.00000000,28,10.00000000
nw_retrain_6005_approximately_parallel_moderate_seed2866398,M0,slsqp_multi,5,0.00000000,0.33333333,0.00000000,10,4.00000000
nw_retrain_6005_approximately_parallel_moderate_seed2866398,M1,slsqp_multi,5,0.00000000,0.66666667,0.00000000,10,6.00000000
nw_retrain_6005_approximately_parallel_moderate_seed2866398,M0,slsqp_multi,5,0.00000000,0.66666667,0.00000000,10,8.00000000
nw_retrain_6005_approximately_parallel_moderate_seed2866398,M1,slsqp_multi,5,0.00000000,0.66666667,0.00000000,10,6.00000000
nw_retrain_6005_approximately_parallel_moderate_seed2866398,M0,slsqp_multi,5,0.00000000,0.33333333,0.00000000,10,4.00000000
nw_retrain_6005_approximately_parallel_moderate_seed2866398,M1,slsqp_multi,5,0.00000000,0.66666667,0.00000000,10,6.00000000
nw_retrain_6005_approximately_parallel_moderate_seed2866398,M0,slsqp_multi,5,0.00000000,1.00000000,0.00000000,10,10.00000000
nw_retrain_6005_approximately_parallel_moderate_seed2866398,M1,slsqp_multi,5,0.00000000,0.66666667,0.00000000,10,9.00000000
nw_retrain_6005_approximately_parallel_moderate_seed2866398,M0,nsga2,8,5.48696358,0.33333333,1.00000000,28,14.00000000
nw_retrain_6005_approximately_parallel_moderate_seed2866398,M1,nsga2,8,5.48696358,0.66666667,1.00000000,28,20.00000000
nw_retrain_6005_approximately_parallel_moderate_seed2866398,M0,nsga2,8,17.15829327,0.33333333,1.00000000,28,13.00000000
nw_retrain_6005_approximately_parallel_moderate_seed2866398,M1,nsga2,8,10.25907621,0.66666667,1.00000000,28,21.00000000
nw_retrain_6005_approximately_parallel_moderate_seed2866398,M0,nsga2,8,15.41127405,0.33333333,1.00000000,28,15.00000000
nw_retrain_6005_approximately_parallel_moderate_seed2866398,M1,nsga2,8,11.01814422,0.66666667,1.00000000,28,19.00000000
nw_retrain_6005_approximately_parallel_moderate_seed2866398,M0,nsga2,8,0.00000000,0.33333333,0.00000000,28,14.00000000
nw_retrain_6005_approximately_parallel_moderate_seed2866398,M1,nsga2,8,0.00000000,0.33333333,0.00000000,28,16.00000000
nw_retrain_6005_approximately_parallel_moderate_seed2866398,M0,nsga2,8,3.84500560,0.00000000,1.00000000,28,10.00000000
nw_retrain_6005_approximately_parallel_moderate_seed2866398,M1,nsga2,8,3.31347268,0.33333333,1.00000000,28,12.00000000
nw_retrain_6005_approximately_parallel_moderate_seed2866398,M0,nsga2,8,0.00000000,0.33333333,0.00000000,28,15.00000000
nw_retrain_6005_approximately_parallel_moderate_seed2866398,M1,nsga2,8,9.18069541,0.66666667,1.00000000,28,20.00000000
nw_retrain_6005_approximately_parallel_moderate_seed2866398,M0,slsqp_multi,5,6.24019900,1.00000000,1.00000000,10,9.00000000
nw_retrain_6005_approximately_parallel_moderate_seed2866398,M1,slsqp_multi,5,0.00000000,1.00000000,0.00000000,10,10.00000000
nw_retrain_6005_approximately_parallel_moderate_seed2866398,M0,nsga2,8,4.51050846,0.00000000,1.00000000,28,7.00000000
nw_retrain_6005_approximately_parallel_moderate_seed2866398,M1,nsga2,8,0.67352824,0.33333333,0.00000000,28,15.00000000
nw_retrain_6005_approximately_parallel_moderate_seed2866398,M0,slsqp_multi,5,3.37145769,1.00000000,1.00000000,10,8.00000000
nw_retrain_6005_approximately_parallel_moderate_seed2866398,M1,slsqp_multi,5,0.00000000,0.66666667,0.00000000,10,8.00000000
nw_retrain_6005_approximately_parallel_moderate_seed2866398,M0,nsga2,8,10.91275422,0.33333333,1.00000000,28,8.50000000
nw_retrain_6005_approximately_parallel_moderate_seed2866398,M1,nsga2,8,0.00000000,0.33333333,0.00000000,28,12.50000000
nw_retrain_6005_approximately_parallel_moderate_seed2866398,M0,slsqp_multi,5,0.00000000,0.66666667,0.00000000,10,7.00000000
nw_retrain_6005_approximately_parallel_moderate_seed2866398,M1,slsqp_multi,5,0.00000000,0.66666667,0.00000000,10,6.00000000
nw_retrain_6005_approximately_parallel_moderate_seed2866398,M0,nsga2,8,0.00000000,0.66666667,0.00000000,28,16.50000000
nw_retrain_6005_approximately_parallel_moderate_seed2866398,M1,nsga2,8,0.00000000,0.66666667,0.00000000,28,17.00000000
nw_retrain_6006_crossing_easy_seed2866627,M0,slsqp_multi,5,0.00000000,0.66666667,0.00000000,10,9.00000000
nw_retrain_6006_crossing_easy_seed2866627,M1,slsqp_multi,5,0.00000000,0.66666667,0.00000000,10,8.00000000
nw_retrain_6006_crossing_easy_seed2866627,M0,slsqp_multi,5,0.00000000,0.66666667,0.00000000,10,7.00000000
nw_retrain_6006_crossing_easy_seed2866627,M1,slsqp_multi,5,0.00000000,0.66666667,0.00000000,10,7.00000000
nw_retrain_6006_crossing_easy_seed2866627,M0,slsqp_multi,5,0.00000000,0.33333333,0.00000000,10,5.00000000
nw_retrain_6006_crossing_easy_seed2866627,M1,slsqp_multi,5,0.00000000,1.00000000,0.00000000,10,9.00000000
nw_retrain_6006_crossing_easy_seed2866627,M0,slsqp_multi,5,0.00000000,0.66666667,0.00000000,10,9.00000000
nw_retrain_6006_crossing_easy_seed2866627,M1,slsqp_multi,5,0.00000000,0.66666667,0.00000000,10,8.00000000
nw_retrain_6006_crossing_easy_seed2866627,M0,slsqp_multi,5,0.00000000,0.33333333,0.00000000,10,5.00000000
nw_retrain_6006_crossing_easy_seed2866627,M1,slsqp_multi,5,0.00000000,1.00000000,0.00000000,10,9.00000000
nw_retrain_6006_crossing_easy_seed2866627,M0,slsqp_multi,5,0.00000000,0.66666667,0.00000000,10,7.00000000
nw_retrain_6006_crossing_easy_seed2866627,M1,slsqp_multi,5,0.00000000,0.66666667,0.00000000,10,7.00000000
nw_retrain_6006_crossing_easy_seed2866627,M0,slsqp_multi,5,29.85022326,0.66666667,1.00000000,10,7.00000000
nw_retrain_6006_crossing_easy_seed2866627,M1,slsqp_multi,5,0.00000000,0.66666667,0.00000000,10,8.00000000
nw_retrain_6006_crossing_easy_seed2866627,M0,slsqp_multi,5,108.33597899,0.33333333,1.00000000,10,4.00000000
nw_retrain_6006_crossing_easy_seed2866627,M1,slsqp_multi,5,6.10547848,1.00000000,1.00000000,10,8.00000000
nw_retrain_6006_crossing_easy_seed2866627,M0,slsqp_multi,5,108.33597899,0.66666667,1.00000000,10,4.00000000
nw_retrain_6006_crossing_easy_seed2866627,M1,slsqp_multi,5,0.00000000,0.66666667,0.00000000,10,7.00000000
nw_retrain_6005_approximately_parallel_moderate_seed2866398,M0,nsga2,8,2.00309062,0.33333333,1.00000000,28,13.50000000
nw_retrain_6005_approximately_parallel_moderate_seed2866398,M1,nsga2,8,6.22467820,0.00000000,1.00000000,28,3.50000000
nw_retrain_6006_crossing_easy_seed2866627,M0,nsga2,8,0.85065333,0.66666667,1.00000000,28,21.00000000
nw_retrain_6006_crossing_easy_seed2866627,M1,nsga2,8,0.85065333,0.33333333,1.00000000,28,15.00000000
nw_retrain_6006_crossing_easy_seed2866627,M0,slsqp_multi,5,29.90641920,0.66666667,1.00000000,10,6.00000000
nw_retrain_6006_crossing_easy_seed2866627,M1,slsqp_multi,5,0.00000000,0.66666667,0.00000000,10,8.00000000
nw_retrain_6006_crossing_easy_seed2866627,M0,slsqp_multi,5,108.39217493,0.33333333,1.00000000,10,2.00000000
nw_retrain_6006_crossing_easy_seed2866627,M1,slsqp_multi,5,6.16167442,1.00000000,1.00000000,10,8.00000000
nw_retrain_6006_crossing_easy_seed2866627,M0,slsqp_multi,5,108.39217493,0.66666667,1.00000000,10,4.00000000
nw_retrain_6006_crossing_easy_seed2866627,M1,slsqp_multi,5,0.00000000,0.66666667,0.00000000,10,7.00000000
nw_retrain_6006_crossing_easy_seed2866627,M0,nsga2,8,3.98703511,0.66666667,1.00000000,27,15.00000000
nw_retrain_6006_crossing_easy_seed2866627,M1,nsga2,8,0.00000000,0.66666667,0.00000000,27,18.00000000
nw_retrain_6006_crossing_easy_seed2866627,M0,nsga2,8,0.67860475,0.00000000,0.00000000,28,9.00000000
nw_retrain_6006_crossing_easy_seed2866627,M1,nsga2,8,6.08917729,0.00000000,1.00000000,28,5.00000000
nw_retrain_6006_crossing_easy_seed2866627,M0,nsga2,8,0.36326114,0.33333333,0.00000000,28,12.00000000
nw_retrain_6006_crossing_easy_seed2866627,M1,nsga2,8,1.06744691,0.00000000,1.00000000,28,2.00000000
nw_retrain_6006_crossing_easy_seed2866627,M0,nsga2,8,0.94545639,0.00000000,1.00000000,28,11.00000000
nw_retrain_6006_crossing_easy_seed2866627,M1,nsga2,8,0.94545639,0.00000000,1.00000000,28,7.00000000
nw_retrain_6006_crossing_easy_seed2866627,M0,nsga2,8,3.40220436,0.66666667,1.00000000,28,18.00000000
nw_retrain_6006_crossing_easy_seed2866627,M1,nsga2,8,4.43844263,0.66666667,1.00000000,28,21.00000000
nw_retrain_6005_approximately_parallel_moderate_seed2866398,M0,nsga2,8,0.01227171,0.33333333,0.00000000,28,8.50000000
nw_retrain_6005_approximately_parallel_moderate_seed2866398,M1,nsga2,8,0.00735806,1.00000000,0.00000000,28,21.50000000
nw_retrain_6005_approximately_parallel_moderate_seed2866398,M0,nsga2,8,0.00000000,0.33333333,0.00000000,28,16.00000000
nw_retrain_6005_approximately_parallel_moderate_seed2866398,M1,nsga2,8,0.31798569,0.00000000,1.00000000,28,8.00000000
nw_retrain_6006_crossing_easy_seed2866627,M0,nsga2,8,0.05446385,0.00000000,0.00000000,28,9.50000000
nw_retrain_6006_crossing_easy_seed2866627,M1,nsga2,8,0.05446385,0.00000000,0.00000000,28,9.00000000
nw_retrain_6006_crossing_easy_seed2866627,M0,nsga2,8,0.06332407,1.00000000,0.00000000,28,22.00000000
nw_retrain_6006_crossing_easy_seed2866627,M1,nsga2,8,1.59201917,0.33333333,1.00000000,28,9.00000000
nw_retrain_6006_crossing_easy_seed2866627,M0,nsga2,8,0.25551205,0.33333333,0.00000000,28,13.00000000
nw_retrain_6006_crossing_easy_seed2866627,M1,nsga2,8,0.61997563,0.00000000,1.00000000,28,10.00000000
nw_retrain_6006_crossing_easy_seed2866627,M0,nsga2,8,0.15530736,0.00000000,0.00000000,28,12.00000000
nw_retrain_6006_crossing_easy_seed2866627,M1,nsga2,8,0.00736381,0.33333333,0.00000000,28,14.00000000
nw_retrain_6006_crossing_easy_seed2866627,M0,nsga2,8,0.18314186,0.66666667,1.00000000,28,16.00000000
nw_retrain_6006_crossing_easy_seed2866627,M1,nsga2,8,0.18314186,0.33333333,1.00000000,28,18.00000000
nw_retrain_6006_crossing_easy_seed2866627,M0,nsga2,8,0.00000000,1.00000000,0.00000000,28,24.00000000
nw_retrain_6006_crossing_easy_seed2866627,M1,nsga2,8,0.01741843,0.33333333,0.00000000,28,10.50000000
nw_retrain_6007_approximately_parallel_moderate_seed2866725,M0,slsqp_multi,5,0.00000000,0.66666667,0.00000000,10,8.00000000
nw_retrain_6007_approximately_parallel_moderate_seed2866725,M1,slsqp_multi,5,0.00000000,0.66666667,0.00000000,10,8.00000000
nw_retrain_6007_approximately_parallel_moderate_seed2866725,M0,slsqp_multi,5,0.00000000,1.00000000,0.00000000,10,9.00000000
nw_retrain_6007_approximately_parallel_moderate_seed2866725,M1,slsqp_multi,5,0.00000000,1.00000000,0.00000000,10,10.00000000
nw_retrain_6007_approximately_parallel_moderate_seed2866725,M0,slsqp_multi,5,0.00000000,1.00000000,0.00000000,10,9.00000000
nw_retrain_6007_approximately_parallel_moderate_seed2866725,M1,slsqp_multi,5,0.00000000,1.00000000,0.00000000,10,10.00000000
nw_retrain_6007_approximately_parallel_moderate_seed2866725,M0,slsqp_multi,5,0.00000000,0.66666667,0.00000000,10,8.00000000
nw_retrain_6007_approximately_parallel_moderate_seed2866725,M1,slsqp_multi,5,0.00000000,0.66666667,0.00000000,10,8.00000000
nw_retrain_6007_approximately_parallel_moderate_seed2866725,M0,slsqp_multi,5,0.00000000,1.00000000,0.00000000,10,9.00000000
nw_retrain_6007_approximately_parallel_moderate_seed2866725,M1,slsqp_multi,5,0.00000000,1.00000000,0.00000000,10,10.00000000
nw_retrain_6007_approximately_parallel_moderate_seed2866725,M0,slsqp_multi,5,0.00000000,1.00000000,0.00000000,10,9.00000000
nw_retrain_6007_approximately_parallel_moderate_seed2866725,M1,slsqp_multi,5,0.00000000,1.00000000,0.00000000,10,10.00000000
nw_retrain_6007_approximately_parallel_moderate_seed2866725,M0,slsqp_multi,5,0.00000000,0.66666667,0.00000000,10,8.00000000
nw_retrain_6007_approximately_parallel_moderate_seed2866725,M1,slsqp_multi,5,0.00000000,0.66666667,0.00000000,10,8.00000000
nw_retrain_6007_approximately_parallel_moderate_seed2866725,M0,slsqp_multi,5,0.00000000,1.00000000,0.00000000,10,9.00000000
nw_retrain_6007_approximately_parallel_moderate_seed2866725,M1,slsqp_multi,5,0.00000000,1.00000000,0.00000000,10,10.00000000
nw_retrain_6007_approximately_parallel_moderate_seed2866725,M0,slsqp_multi,5,0.00000000,1.00000000,0.00000000,10,9.00000000
nw_retrain_6007_approximately_parallel_moderate_seed2866725,M1,slsqp_multi,5,0.00000000,1.00000000,0.00000000,10,10.00000000
nw_retrain_6007_approximately_parallel_moderate_seed2866725,M0,nsga2,8,1.61430829,0.00000000,1.00000000,28,11.00000000
nw_retrain_6007_approximately_parallel_moderate_seed2866725,M1,nsga2,8,2.62688347,0.33333333,1.00000000,28,15.00000000
nw_retrain_6007_approximately_parallel_moderate_seed2866725,M0,nsga2,8,2.86301101,0.33333333,1.00000000,28,11.00000000
nw_retrain_6007_approximately_parallel_moderate_seed2866725,M1,nsga2,8,4.47881420,0.00000000,1.00000000,28,8.00000000
nw_retrain_6007_approximately_parallel_moderate_seed2866725,M0,nsga2,8,2.38471147,0.33333333,1.00000000,27,8.00000000
nw_retrain_6007_approximately_parallel_moderate_seed2866725,M1,nsga2,8,2.38471147,0.00000000,1.00000000,27,11.00000000
nw_retrain_6007_approximately_parallel_moderate_seed2866725,M0,nsga2,8,0.14242161,0.66666667,0.00000000,28,16.00000000
nw_retrain_6007_approximately_parallel_moderate_seed2866725,M1,nsga2,8,0.00000000,0.66666667,0.00000000,28,16.00000000
nw_retrain_6007_approximately_parallel_moderate_seed2866725,M0,nsga2,8,1.20673512,0.00000000,1.00000000,28,9.50000000
nw_retrain_6007_approximately_parallel_moderate_seed2866725,M1,nsga2,8,1.69282735,0.66666667,1.00000000,28,20.00000000
nw_retrain_6007_approximately_parallel_moderate_seed2866725,M0,nsga2,8,0.00000000,0.66666667,0.00000000,28,20.00000000
nw_retrain_6007_approximately_parallel_moderate_seed2866725,M1,nsga2,8,0.35490521,0.66666667,0.00000000,28,20.00000000
nw_retrain_6007_approximately_parallel_moderate_seed2866725,M0,slsqp_multi,5,0.00000000,1.00000000,0.00000000,10,9.00000000
nw_retrain_6007_approximately_parallel_moderate_seed2866725,M1,slsqp_multi,5,0.00000000,1.00000000,0.00000000,10,10.00000000
nw_retrain_6007_approximately_parallel_moderate_seed2866725,M0,slsqp_multi,5,0.00000000,1.00000000,0.00000000,10,9.00000000
nw_retrain_6007_approximately_parallel_moderate_seed2866725,M1,slsqp_multi,5,8.65085553,1.00000000,1.00000000,10,8.00000000
nw_retrain_6007_approximately_parallel_moderate_seed2866725,M0,slsqp_multi,5,0.00000000,1.00000000,0.00000000,10,9.00000000
nw_retrain_6007_approximately_parallel_moderate_seed2866725,M1,slsqp_multi,5,0.00000000,1.00000000,0.00000000,10,10.00000000
nw_retrain_6007_approximately_parallel_moderate_seed2866725,M0,nsga2,8,0.16612731,0.66666667,0.00000000,28,17.00000000
nw_retrain_6007_approximately_parallel_moderate_seed2866725,M1,nsga2,8,0.70237965,0.33333333,1.00000000,28,14.00000000
nw_retrain_6007_approximately_parallel_moderate_seed2866725,M0,nsga2,8,0.00000000,0.33333333,0.00000000,28,10.00000000
nw_retrain_6007_approximately_parallel_moderate_seed2866725,M1,nsga2,8,0.00000000,0.33333333,0.00000000,28,14.00000000
nw_retrain_6007_approximately_parallel_moderate_seed2866725,M0,nsga2,8,0.20676436,0.33333333,0.00000000,28,17.50000000
nw_retrain_6007_approximately_parallel_moderate_seed2866725,M1,nsga2,8,0.38164765,0.00000000,1.00000000,28,3.50000000
nw_retrain_6007_approximately_parallel_moderate_seed2866725,M0,nsga2,8,0.55822910,0.66666667,1.00000000,28,18.00000000
nw_retrain_6007_approximately_parallel_moderate_seed2866725,M1,nsga2,8,0.01119165,0.33333333,0.00000000,28,11.00000000
nw_retrain_6007_approximately_parallel_moderate_seed2866725,M0,nsga2,8,0.39953105,0.66666667,0.00000000,27,17.00000000
nw_retrain_6007_approximately_parallel_moderate_seed2866725,M1,nsga2,8,0.00000000,0.66666667,0.00000000,27,19.00000000
nw_retrain_6008_vertically_overlapping_easy_seed2866692,M0,slsqp_multi,5,0.00000000,0.66666667,0.00000000,10,8.00000000
nw_retrain_6008_vertically_overlapping_easy_seed2866692,M1,slsqp_multi,5,10.00026061,0.66666667,1.00000000,10,7.00000000
nw_retrain_6007_approximately_parallel_moderate_seed2866725,M0,nsga2,8,0.18510414,0.33333333,0.00000000,28,13.00000000
nw_retrain_6007_approximately_parallel_moderate_seed2866725,M1,nsga2,8,0.18638844,0.33333333,0.00000000,28,14.00000000
nw_retrain_6008_vertically_overlapping_easy_seed2866692,M0,slsqp_multi,5,0.00000000,0.66666667,0.00000000,10,8.00000000
nw_retrain_6008_vertically_overlapping_easy_seed2866692,M1,slsqp_multi,5,0.00000000,1.00000000,0.00000000,10,9.00000000
nw_retrain_6008_vertically_overlapping_easy_seed2866692,M0,slsqp_multi,5,0.00000000,0.66666667,0.00000000,10,9.00000000
nw_retrain_6008_vertically_overlapping_easy_seed2866692,M1,slsqp_multi,5,0.00000000,1.00000000,0.00000000,10,10.00000000
nw_retrain_6008_vertically_overlapping_easy_seed2866692,M0,slsqp_multi,5,0.00000000,0.66666667,0.00000000,10,8.00000000
nw_retrain_6008_vertically_overlapping_easy_seed2866692,M1,slsqp_multi,5,10.00970031,0.66666667,1.00000000,10,7.00000000
nw_retrain_6008_vertically_overlapping_easy_seed2866692,M0,slsqp_multi,5,0.00000000,0.66666667,0.00000000,10,8.00000000
nw_retrain_6008_vertically_overlapping_easy_seed2866692,M1,slsqp_multi,5,0.00000000,1.00000000,0.00000000,10,9.00000000
nw_retrain_6008_vertically_overlapping_easy_seed2866692,M0,slsqp_multi,5,0.00000000,0.66666667,0.00000000,10,9.00000000
nw_retrain_6008_vertically_overlapping_easy_seed2866692,M1,slsqp_multi,5,0.00000000,1.00000000,0.00000000,10,10.00000000
nw_retrain_6008_vertically_overlapping_easy_seed2866692,M0,slsqp_multi,5,0.00000000,0.66666667,0.00000000,10,8.00000000
nw_retrain_6008_vertically_overlapping_easy_seed2866692,M1,slsqp_multi,5,10.04217463,0.66666667,1.00000000,10,7.00000000
nw_retrain_6008_vertically_overlapping_easy_seed2866692,M0,slsqp_multi,5,0.00000000,0.66666667,0.00000000,10,8.00000000
nw_retrain_6008_vertically_overlapping_easy_seed2866692,M1,slsqp_multi,5,0.00000000,1.00000000,0.00000000,10,9.00000000
nw_retrain_6008_vertically_overlapping_easy_seed2866692,M0,slsqp_multi,5,0.00000000,0.66666667,0.00000000,10,9.00000000
nw_retrain_6008_vertically_overlapping_easy_seed2866692,M1,slsqp_multi,5,0.00000000,1.00000000,0.00000000,10,10.00000000
nw_retrain_6008_vertically_overlapping_easy_seed2866692,M0,nsga2,8,3.03835598,0.00000000,1.00000000,27,10.00000000
nw_retrain_6008_vertically_overlapping_easy_seed2866692,M1,nsga2,8,3.03835598,0.00000000,1.00000000,27,8.00000000
nw_retrain_6008_vertically_overlapping_easy_seed2866692,M0,nsga2,8,0.00000000,0.66666667,0.00000000,28,21.00000000
nw_retrain_6008_vertically_overlapping_easy_seed2866692,M1,nsga2,8,42.21968072,0.66666667,1.00000000,28,16.00000000
nw_retrain_6008_vertically_overlapping_easy_seed2866692,M0,nsga2,8,1.39643831,0.66666667,1.00000000,28,17.00000000
nw_retrain_6008_vertically_overlapping_easy_seed2866692,M1,nsga2,8,10.38065679,0.66666667,1.00000000,28,18.00000000
nw_retrain_6008_vertically_overlapping_easy_seed2866692,M0,nsga2,8,4.04047194,0.66666667,1.00000000,28,12.00000000
nw_retrain_6008_vertically_overlapping_easy_seed2866692,M1,nsga2,8,1.02033630,0.66666667,1.00000000,28,22.00000000
nw_retrain_6008_vertically_overlapping_easy_seed2866692,M0,nsga2,8,27.90274047,0.33333333,1.00000000,28,12.00000000
nw_retrain_6008_vertically_overlapping_easy_seed2866692,M1,nsga2,8,41.52683653,0.00000000,1.00000000,28,8.00000000
nw_retrain_6008_vertically_overlapping_easy_seed2866692,M0,nsga2,8,0.07876889,0.33333333,0.00000000,28,17.00000000
nw_retrain_6008_vertically_overlapping_easy_seed2866692,M1,nsga2,8,10.15167435,0.33333333,1.00000000,28,10.00000000
nw_retrain_6008_vertically_overlapping_easy_seed2866692,M0,slsqp_multi,5,0.00000000,0.66666667,0.00000000,10,9.00000000
nw_retrain_6008_vertically_overlapping_easy_seed2866692,M1,slsqp_multi,5,0.00000000,1.00000000,0.00000000,10,10.00000000
nw_retrain_6008_vertically_overlapping_easy_seed2866692,M0,slsqp_multi,5,0.00000000,1.00000000,0.00000000,10,9.00000000
nw_retrain_6008_vertically_overlapping_easy_seed2866692,M1,slsqp_multi,5,10.04217463,1.00000000,1.00000000,10,7.00000000
nw_retrain_6008_vertically_overlapping_easy_seed2866692,M0,slsqp_multi,5,0.00000000,1.00000000,0.00000000,10,9.00000000
nw_retrain_6008_vertically_overlapping_easy_seed2866692,M1,slsqp_multi,5,7.12805435,1.00000000,1.00000000,10,9.00000000
nw_retrain_6008_vertically_overlapping_easy_seed2866692,M0,nsga2,8,0.90189189,0.66666667,1.00000000,28,16.00000000
nw_retrain_6008_vertically_overlapping_easy_seed2866692,M1,nsga2,8,0.90189189,0.66666667,1.00000000,28,20.00000000
nw_retrain_6008_vertically_overlapping_easy_seed2866692,M0,nsga2,8,0.46539154,1.00000000,0.00000000,28,21.00000000
nw_retrain_6008_vertically_overlapping_easy_seed2866692,M1,nsga2,8,0.00000000,1.00000000,0.00000000,28,25.00000000
nw_retrain_6008_vertically_overlapping_easy_seed2866692,M0,nsga2,8,0.00000000,0.66666667,0.00000000,28,17.50000000
nw_retrain_6008_vertically_overlapping_easy_seed2866692,M1,nsga2,8,5.29129102,0.33333333,1.00000000,28,13.50000000
nw_retrain_6009_approximately_parallel_easy_seed2866921,M0,slsqp_multi,5,0.00000000,0.66666667,0.00000000,10,8.00000000
nw_retrain_6009_approximately_parallel_easy_seed2866921,M1,slsqp_multi,5,0.00000000,0.66666667,0.00000000,10,9.00000000
nw_retrain_6009_approximately_parallel_easy_seed2866921,M0,slsqp_multi,5,0.00000000,1.00000000,0.00000000,10,8.00000000
nw_retrain_6009_approximately_parallel_easy_seed2866921,M1,slsqp_multi,5,0.00000000,1.00000000,0.00000000,10,9.00000000
nw_retrain_6008_vertically_overlapping_easy_seed2866692,M0,nsga2,8,0.03759696,1.00000000,0.00000000,28,25.00000000
nw_retrain_6008_vertically_overlapping_easy_seed2866692,M1,nsga2,8,0.03759696,1.00000000,0.00000000,28,22.50000000
nw_retrain_6009_approximately_parallel_easy_seed2866921,M0,slsqp_multi,5,0.00000000,0.66666667,0.00000000,10,7.00000000
nw_retrain_6009_approximately_parallel_easy_seed2866921,M1,slsqp_multi,5,0.00000000,0.66666667,0.00000000,10,7.00000000
nw_retrain_6008_vertically_overlapping_easy_seed2866692,M0,nsga2,8,0.23933845,0.33333333,0.00000000,28,15.00000000
nw_retrain_6008_vertically_overlapping_easy_seed2866692,M1,nsga2,8,0.21674134,0.66666667,0.00000000,28,17.50000000
nw_retrain_6009_approximately_parallel_easy_seed2866921,M0,slsqp_multi,5,0.00000000,0.66666667,0.00000000,10,8.00000000
nw_retrain_6009_approximately_parallel_easy_seed2866921,M1,slsqp_multi,5,0.00000000,0.66666667,0.00000000,10,9.00000000
nw_retrain_6009_approximately_parallel_easy_seed2866921,M0,slsqp_multi,5,0.00000000,1.00000000,0.00000000,10,8.00000000
nw_retrain_6009_approximately_parallel_easy_seed2866921,M1,slsqp_multi,5,0.00000000,1.00000000,0.00000000,10,9.00000000
nw_retrain_6009_approximately_parallel_easy_seed2866921,M0,slsqp_multi,5,0.00000000,0.66666667,0.00000000,10,7.00000000
nw_retrain_6009_approximately_parallel_easy_seed2866921,M1,slsqp_multi,5,0.00000000,0.66666667,0.00000000,10,7.00000000
nw_retrain_6008_vertically_overlapping_easy_seed2866692,M0,nsga2,8,0.00000000,0.66666667,0.00000000,28,25.00000000
nw_retrain_6008_vertically_overlapping_easy_seed2866692,M1,nsga2,8,0.00000000,0.33333333,0.00000000,28,16.00000000
nw_retrain_6009_approximately_parallel_easy_seed2866921,M0,slsqp_multi,5,0.00000000,0.66666667,0.00000000,10,8.00000000
nw_retrain_6009_approximately_parallel_easy_seed2866921,M1,slsqp_multi,5,0.00000000,0.66666667,0.00000000,10,9.00000000
nw_retrain_6009_approximately_parallel_easy_seed2866921,M0,slsqp_multi,5,0.00000000,1.00000000,0.00000000,10,8.00000000
nw_retrain_6009_approximately_parallel_easy_seed2866921,M1,slsqp_multi,5,0.00000000,1.00000000,0.00000000,10,9.00000000
nw_retrain_6009_approximately_parallel_easy_seed2866921,M0,slsqp_multi,5,0.00000000,0.66666667,0.00000000,10,7.00000000
nw_retrain_6009_approximately_parallel_easy_seed2866921,M1,slsqp_multi,5,0.00000000,0.66666667,0.00000000,10,7.00000000
nw_retrain_6009_approximately_parallel_easy_seed2866921,M0,nsga2,8,0.00000000,0.66666667,0.00000000,28,18.00000000
nw_retrain_6009_approximately_parallel_easy_seed2866921,M1,nsga2,8,0.00000000,0.33333333,0.00000000,28,18.00000000
nw_retrain_6009_approximately_parallel_easy_seed2866921,M0,nsga2,8,15.32102536,0.66666667,1.00000000,28,18.00000000
nw_retrain_6009_approximately_parallel_easy_seed2866921,M1,nsga2,8,15.32102536,0.00000000,1.00000000,28,7.00000000
nw_retrain_6009_approximately_parallel_easy_seed2866921,M0,nsga2,8,0.06620395,0.66666667,0.00000000,28,21.00000000
nw_retrain_6009_approximately_parallel_easy_seed2866921,M1,nsga2,8,8.41354274,0.33333333,1.00000000,28,13.00000000
nw_retrain_6009_approximately_parallel_easy_seed2866921,M0,nsga2,8,0.44085740,0.66666667,0.00000000,28,18.00000000
nw_retrain_6009_approximately_parallel_easy_seed2866921,M1,nsga2,8,0.44085740,0.66666667,0.00000000,28,17.00000000
nw_retrain_6009_approximately_parallel_easy_seed2866921,M0,nsga2,8,6.51481981,0.33333333,1.00000000,28,8.00000000
nw_retrain_6009_approximately_parallel_easy_seed2866921,M1,nsga2,8,1.72112536,0.66666667,1.00000000,28,17.00000000
nw_retrain_6009_approximately_parallel_easy_seed2866921,M0,nsga2,8,2.93341470,0.33333333,1.00000000,28,15.00000000
nw_retrain_6009_approximately_parallel_easy_seed2866921,M1,nsga2,8,1.81365129,0.66666667,1.00000000,28,15.00000000
nw_retrain_6009_approximately_parallel_easy_seed2866921,M0,nsga2,8,0.50921918,0.66666667,0.00000000,28,17.00000000
nw_retrain_6009_approximately_parallel_easy_seed2866921,M1,nsga2,8,2.63954712,0.66666667,1.00000000,28,16.00000000
nw_retrain_6009_approximately_parallel_easy_seed2866921,M0,slsqp_multi,5,0.00000000,0.66666667,0.00000000,10,9.00000000
nw_retrain_6009_approximately_parallel_easy_seed2866921,M1,slsqp_multi,5,0.00000000,0.66666667,0.00000000,10,9.00000000
nw_retrain_6009_approximately_parallel_easy_seed2866921,M0,slsqp_multi,5,0.00000000,1.00000000,0.00000000,10,9.00000000
nw_retrain_6009_approximately_parallel_easy_seed2866921,M1,slsqp_multi,5,8.87432700,1.00000000,1.00000000,10,8.00000000
nw_retrain_6009_approximately_parallel_easy_seed2866921,M0,nsga2,8,0.00000000,0.66666667,0.00000000,28,25.00000000
nw_retrain_6009_approximately_parallel_easy_seed2866921,M1,nsga2,8,4.36773168,0.00000000,1.00000000,28,4.00000000
nw_retrain_6009_approximately_parallel_easy_seed2866921,M0,slsqp_multi,5,0.00000000,0.66666667,0.00000000,10,9.00000000
nw_retrain_6009_approximately_parallel_easy_seed2866921,M1,slsqp_multi,5,0.00000000,0.66666667,0.00000000,10,9.00000000
nw_retrain_6009_approximately_parallel_easy_seed2866921,M0,nsga2,8,1.02075580,0.33333333,1.00000000,28,15.00000000
nw_retrain_6009_approximately_parallel_easy_seed2866921,M1,nsga2,8,1.02075580,0.66666667,1.00000000,28,17.50000000
nw_retrain_6009_approximately_parallel_easy_seed2866921,M0,nsga2,8,1.36466461,0.00000000,1.00000000,28,5.00000000
nw_retrain_6009_approximately_parallel_easy_seed2866921,M1,nsga2,8,0.34819892,0.00000000,0.00000000,28,13.00000000
nw_retrain_6010_approximately_parallel_moderate_seed2866888,M0,slsqp_multi,5,0.00000000,0.66666667,0.00000000,10,8.00000000
nw_retrain_6010_approximately_parallel_moderate_seed2866888,M1,slsqp_multi,5,0.00000000,0.66666667,0.00000000,10,8.00000000
nw_retrain_6009_approximately_parallel_easy_seed2866921,M0,nsga2,8,0.00000000,0.33333333,0.00000000,28,11.00000000
nw_retrain_6009_approximately_parallel_easy_seed2866921,M1,nsga2,8,0.00335194,0.33333333,0.00000000,28,9.00000000
nw_retrain_6010_approximately_parallel_moderate_seed2866888,M0,slsqp_multi,5,0.00000000,0.66666667,0.00000000,10,9.00000000
nw_retrain_6010_approximately_parallel_moderate_seed2866888,M1,slsqp_multi,5,0.00000000,0.66666667,0.00000000,10,9.00000000
nw_retrain_6010_approximately_parallel_moderate_seed2866888,M0,slsqp_multi,5,0.00000000,0.66666667,0.00000000,10,8.00000000
nw_retrain_6010_approximately_parallel_moderate_seed2866888,M1,slsqp_multi,5,0.00000000,0.66666667,0.00000000,10,9.00000000
nw_retrain_6009_approximately_parallel_easy_seed2866921,M0,nsga2,8,0.01611358,0.66666667,0.00000000,27,20.00000000
nw_retrain_6009_approximately_parallel_easy_seed2866921,M1,nsga2,8,0.01611358,0.66666667,0.00000000,27,21.00000000
nw_retrain_6010_approximately_parallel_moderate_seed2866888,M0,slsqp_multi,5,0.00000000,0.66666667,0.00000000,10,8.00000000
nw_retrain_6010_approximately_parallel_moderate_seed2866888,M1,slsqp_multi,5,0.00000000,0.66666667,0.00000000,10,8.00000000
nw_retrain_6010_approximately_parallel_moderate_seed2866888,M0,slsqp_multi,5,0.00000000,0.66666667,0.00000000,10,9.00000000
nw_retrain_6010_approximately_parallel_moderate_seed2866888,M1,slsqp_multi,5,0.00000000,0.66666667,0.00000000,10,9.00000000
nw_retrain_6010_approximately_parallel_moderate_seed2866888,M0,slsqp_multi,5,0.00000000,0.66666667,0.00000000,10,8.00000000
nw_retrain_6010_approximately_parallel_moderate_seed2866888,M1,slsqp_multi,5,0.00000000,0.66666667,0.00000000,10,9.00000000
nw_retrain_6010_approximately_parallel_moderate_seed2866888,M0,slsqp_multi,5,0.00000000,1.00000000,0.00000000,10,8.00000000
nw_retrain_6010_approximately_parallel_moderate_seed2866888,M1,slsqp_multi,5,0.00000000,1.00000000,0.00000000,10,8.00000000
nw_retrain_6010_approximately_parallel_moderate_seed2866888,M0,slsqp_multi,5,0.00000000,1.00000000,0.00000000,10,8.00000000
nw_retrain_6010_approximately_parallel_moderate_seed2866888,M1,slsqp_multi,5,0.00000000,1.00000000,0.00000000,10,8.00000000
nw_retrain_6010_approximately_parallel_moderate_seed2866888,M0,slsqp_multi,5,0.00000000,0.66666667,0.00000000,10,9.00000000
nw_retrain_6010_approximately_parallel_moderate_seed2866888,M1,slsqp_multi,5,0.00000000,0.66666667,0.00000000,10,9.00000000
nw_retrain_6010_approximately_parallel_moderate_seed2866888,M0,nsga2,8,2.18662967,0.66666667,1.00000000,28,15.00000000
nw_retrain_6010_approximately_parallel_moderate_seed2866888,M1,nsga2,8,7.19675134,0.66666667,1.00000000,28,17.00000000
nw_retrain_6010_approximately_parallel_moderate_seed2866888,M0,nsga2,8,0.00000000,0.66666667,0.00000000,28,21.00000000
nw_retrain_6010_approximately_parallel_moderate_seed2866888,M1,nsga2,8,2.84584352,0.33333333,1.00000000,28,19.00000000
nw_retrain_6010_approximately_parallel_moderate_seed2866888,M0,nsga2,8,11.16787627,0.66666667,1.00000000,28,18.00000000
nw_retrain_6010_approximately_parallel_moderate_seed2866888,M1,nsga2,8,0.90516970,0.66666667,1.00000000,28,20.00000000
nw_retrain_6010_approximately_parallel_moderate_seed2866888,M0,nsga2,8,0.78236366,0.33333333,1.00000000,28,14.00000000
nw_retrain_6010_approximately_parallel_moderate_seed2866888,M1,nsga2,8,0.49943416,0.33333333,0.00000000,28,16.00000000
nw_retrain_6010_approximately_parallel_moderate_seed2866888,M0,nsga2,8,0.93412694,0.66666667,1.00000000,28,19.00000000
nw_retrain_6010_approximately_parallel_moderate_seed2866888,M1,nsga2,8,0.93412694,0.00000000,1.00000000,28,11.00000000
nw_retrain_6010_approximately_parallel_moderate_seed2866888,M0,nsga2,8,1.66793792,0.66666667,1.00000000,28,16.00000000
nw_retrain_6010_approximately_parallel_moderate_seed2866888,M1,nsga2,8,0.23243129,0.66666667,0.00000000,28,22.00000000
nw_retrain_6010_approximately_parallel_moderate_seed2866888,M0,slsqp_multi,5,0.00000000,1.00000000,0.00000000,10,8.00000000
nw_retrain_6010_approximately_parallel_moderate_seed2866888,M1,slsqp_multi,5,0.00000000,1.00000000,0.00000000,10,8.00000000
nw_retrain_6010_approximately_parallel_moderate_seed2866888,M0,slsqp_multi,5,0.00000000,1.00000000,0.00000000,10,9.00000000
nw_retrain_6010_approximately_parallel_moderate_seed2866888,M1,slsqp_multi,5,0.00000000,1.00000000,0.00000000,10,9.00000000
nw_retrain_6010_approximately_parallel_moderate_seed2866888,M0,nsga2,8,0.40061532,0.00000000,0.00000000,28,11.00000000
nw_retrain_6010_approximately_parallel_moderate_seed2866888,M1,nsga2,8,0.18477116,0.00000000,0.00000000,28,14.00000000
nw_retrain_6010_approximately_parallel_moderate_seed2866888,M0,nsga2,8,0.50754671,0.00000000,1.00000000,28,10.00000000
nw_retrain_6010_approximately_parallel_moderate_seed2866888,M1,nsga2,8,0.50698389,0.00000000,1.00000000,28,8.00000000
nw_retrain_6010_approximately_parallel_moderate_seed2866888,M0,nsga2,8,0.03023241,1.00000000,0.00000000,28,23.00000000
nw_retrain_6010_approximately_parallel_moderate_seed2866888,M1,nsga2,8,1.52582661,0.66666667,1.00000000,28,17.00000000
nw_retrain_6010_approximately_parallel_moderate_seed2866888,M0,slsqp_multi,5,1.01506860,0.66666667,1.00000000,10,8.00000000
nw_retrain_6010_approximately_parallel_moderate_seed2866888,M1,slsqp_multi,5,0.00000000,0.66666667,0.00000000,10,9.00000000
nw_retrain_6011_converging_moderate_seed2866986,M0,slsqp_multi,5,0.00000000,1.00000000,0.00000000,10,9.00000000
nw_retrain_6011_converging_moderate_seed2866986,M1,slsqp_multi,5,0.00000000,1.00000000,0.00000000,10,9.00000000
nw_retrain_6011_converging_moderate_seed2866986,M0,slsqp_multi,5,0.00000000,1.00000000,0.00000000,10,9.00000000
nw_retrain_6011_converging_moderate_seed2866986,M1,slsqp_multi,5,0.00000000,1.00000000,0.00000000,10,8.00000000
nw_retrain_6011_converging_moderate_seed2866986,M0,slsqp_multi,5,0.00000000,1.00000000,0.00000000,10,8.00000000
nw_retrain_6011_converging_moderate_seed2866986,M1,slsqp_multi,5,0.00000000,1.00000000,0.00000000,10,8.00000000
nw_retrain_6011_converging_moderate_seed2866986,M0,slsqp_multi,5,0.00000000,1.00000000,0.00000000,10,9.00000000
nw_retrain_6011_converging_moderate_seed2866986,M1,slsqp_multi,5,0.00000000,1.00000000,0.00000000,10,9.00000000
nw_retrain_6011_converging_moderate_seed2866986,M0,slsqp_multi,5,0.00000000,1.00000000,0.00000000,10,9.00000000
nw_retrain_6011_converging_moderate_seed2866986,M1,slsqp_multi,5,0.00000000,1.00000000,0.00000000,10,8.00000000
nw_retrain_6011_converging_moderate_seed2866986,M0,slsqp_multi,5,0.00000000,1.00000000,0.00000000,10,8.00000000
nw_retrain_6011_converging_moderate_seed2866986,M1,slsqp_multi,5,0.00000000,1.00000000,0.00000000,10,8.00000000
nw_retrain_6011_converging_moderate_seed2866986,M0,slsqp_multi,5,0.00000000,1.00000000,0.00000000,10,10.00000000
nw_retrain_6011_converging_moderate_seed2866986,M1,slsqp_multi,5,0.00000000,1.00000000,0.00000000,10,10.00000000
nw_retrain_6011_converging_moderate_seed2866986,M0,slsqp_multi,5,0.00000000,1.00000000,0.00000000,10,8.00000000
nw_retrain_6011_converging_moderate_seed2866986,M1,slsqp_multi,5,0.00000000,1.00000000,0.00000000,10,8.00000000
nw_retrain_6011_converging_moderate_seed2866986,M0,slsqp_multi,5,0.00000000,1.00000000,0.00000000,10,10.00000000
nw_retrain_6011_converging_moderate_seed2866986,M1,slsqp_multi,5,0.00000000,0.66666667,0.00000000,10,9.00000000
nw_retrain_6011_converging_moderate_seed2866986,M0,slsqp_multi,5,0.00000000,0.66666667,0.00000000,10,7.00000000
nw_retrain_6011_converging_moderate_seed2866986,M1,slsqp_multi,5,0.00000000,1.00000000,0.00000000,10,8.00000000
nw_retrain_6011_converging_moderate_seed2866986,M0,slsqp_multi,5,0.00000000,1.00000000,0.00000000,10,10.00000000
nw_retrain_6011_converging_moderate_seed2866986,M1,slsqp_multi,5,0.00000000,0.66666667,0.00000000,10,9.00000000
nw_retrain_6011_converging_moderate_seed2866986,M0,slsqp_multi,5,0.00000000,1.00000000,0.00000000,10,10.00000000
nw_retrain_6011_converging_moderate_seed2866986,M1,slsqp_multi,5,3.17505691,1.00000000,1.00000000,10,9.00000000
nw_retrain_6011_converging_moderate_seed2866986,M0,nsga2,8,2.75893051,0.00000000,1.00000000,28,6.00000000
nw_retrain_6011_converging_moderate_seed2866986,M1,nsga2,8,2.59323970,0.33333333,1.00000000,28,11.50000000
nw_retrain_6011_converging_moderate_seed2866986,M0,nsga2,8,0.00000000,0.66666667,0.00000000,27,16.00000000
nw_retrain_6011_converging_moderate_seed2866986,M1,nsga2,8,0.00000000,0.66666667,0.00000000,27,22.00000000
nw_retrain_6011_converging_moderate_seed2866986,M0,nsga2,8,0.00000000,1.00000000,0.00000000,28,24.00000000
nw_retrain_6011_converging_moderate_seed2866986,M1,nsga2,8,0.00000000,0.66666667,0.00000000,28,18.00000000
nw_retrain_6010_approximately_parallel_moderate_seed2866888,M0,nsga2,8,0.10890167,0.66666667,0.00000000,28,18.00000000
nw_retrain_6010_approximately_parallel_moderate_seed2866888,M1,nsga2,8,0.01297132,0.66666667,0.00000000,28,18.00000000
nw_retrain_6011_converging_moderate_seed2866986,M0,nsga2,8,2.81089299,0.33333333,1.00000000,28,13.50000000
nw_retrain_6011_converging_moderate_seed2866986,M1,nsga2,8,2.59323970,0.33333333,1.00000000,28,14.50000000
nw_retrain_6011_converging_moderate_seed2866986,M0,nsga2,8,0.57624369,0.66666667,0.00000000,28,18.00000000
nw_retrain_6011_converging_moderate_seed2866986,M1,nsga2,8,0.00000000,0.33333333,0.00000000,28,17.00000000
nw_retrain_6011_converging_moderate_seed2866986,M0,nsga2,8,0.00000000,0.66666667,0.00000000,28,22.00000000
nw_retrain_6011_converging_moderate_seed2866986,M1,nsga2,8,0.00000000,0.66666667,0.00000000,28,22.00000000
nw_retrain_6010_approximately_parallel_moderate_seed2866888,M0,nsga2,8,0.00615754,0.33333333,0.00000000,27,18.00000000
nw_retrain_6010_approximately_parallel_moderate_seed2866888,M1,nsga2,8,0.00000000,0.66666667,0.00000000,27,24.00000000
nw_retrain_6010_approximately_parallel_moderate_seed2866888,M0,nsga2,8,0.21451940,0.33333333,0.00000000,28,16.00000000
nw_retrain_6010_approximately_parallel_moderate_seed2866888,M1,nsga2,8,0.82043087,0.33333333,1.00000000,28,16.00000000
nw_retrain_6011_converging_moderate_seed2866986,M0,nsga2,8,0.14572629,0.33333333,0.00000000,28,14.00000000
nw_retrain_6011_converging_moderate_seed2866986,M1,nsga2,8,0.22710804,0.33333333,1.00000000,28,14.00000000
nw_retrain_6011_converging_moderate_seed2866986,M0,nsga2,8,0.28652984,0.66666667,0.00000000,28,19.00000000
nw_retrain_6011_converging_moderate_seed2866986,M1,nsga2,8,0.32709559,0.33333333,0.00000000,28,17.00000000
nw_retrain_6011_converging_moderate_seed2866986,M0,nsga2,8,0.02893261,0.33333333,0.00000000,28,18.50000000
nw_retrain_6011_converging_moderate_seed2866986,M1,nsga2,8,0.01396699,1.00000000,0.00000000,28,20.00000000
nw_retrain_6011_converging_moderate_seed2866986,M0,nsga2,8,0.06139254,0.33333333,0.00000000,28,13.00000000
nw_retrain_6011_converging_moderate_seed2866986,M1,nsga2,8,0.02822626,0.00000000,0.00000000,28,11.50000000
nw_retrain_6011_converging_moderate_seed2866986,M0,nsga2,8,0.00170158,1.00000000,0.00000000,28,18.50000000
nw_retrain_6011_converging_moderate_seed2866986,M1,nsga2,8,0.00170158,1.00000000,0.00000000,28,17.00000000
nw_retrain_6011_converging_moderate_seed2866986,M0,nsga2,8,0.00000000,0.66666667,0.00000000,28,21.00000000
nw_retrain_6011_converging_moderate_seed2866986,M1,nsga2,8,0.00000000,0.66666667,0.00000000,28,24.00000000
nw_retrain_6012_approximately_parallel_easy_seed2867084,M0,slsqp_multi,5,0.00000000,0.66666667,0.00000000,10,7.00000000
nw_retrain_6012_approximately_parallel_easy_seed2867084,M1,slsqp_multi,5,0.00000000,0.66666667,0.00000000,10,7.00000000
nw_retrain_6012_approximately_parallel_easy_seed2867084,M0,slsqp_multi,5,0.00000000,0.66666667,0.00000000,10,9.00000000
nw_retrain_6012_approximately_parallel_easy_seed2867084,M1,slsqp_multi,5,0.00000000,1.00000000,0.00000000,10,10.00000000
nw_retrain_6012_approximately_parallel_easy_seed2867084,M0,slsqp_multi,5,0.00000000,0.66666667,0.00000000,10,7.00000000
nw_retrain_6012_approximately_parallel_easy_seed2867084,M1,slsqp_multi,5,0.00000000,0.66666667,0.00000000,10,8.00000000
nw_retrain_6012_approximately_parallel_easy_seed2867084,M0,slsqp_multi,5,0.00000000,0.66666667,0.00000000,10,7.00000000
nw_retrain_6012_approximately_parallel_easy_seed2867084,M1,slsqp_multi,5,0.00000000,0.66666667,0.00000000,10,7.00000000
nw_retrain_6012_approximately_parallel_easy_seed2867084,M0,slsqp_multi,5,0.00000000,0.66666667,0.00000000,10,9.00000000
nw_retrain_6012_approximately_parallel_easy_seed2867084,M1,slsqp_multi,5,0.00000000,1.00000000,0.00000000,10,10.00000000
nw_retrain_6012_approximately_parallel_easy_seed2867084,M0,slsqp_multi,5,0.00000000,0.66666667,0.00000000,10,7.00000000
nw_retrain_6012_approximately_parallel_easy_seed2867084,M1,slsqp_multi,5,0.00000000,0.66666667,0.00000000,10,8.00000000
nw_retrain_6012_approximately_parallel_easy_seed2867084,M0,slsqp_multi,5,0.00000000,0.66666667,0.00000000,10,9.00000000
nw_retrain_6012_approximately_parallel_easy_seed2867084,M1,slsqp_multi,5,0.00000000,1.00000000,0.00000000,10,10.00000000
nw_retrain_6012_approximately_parallel_easy_seed2867084,M0,slsqp_multi,5,0.00000000,0.66666667,0.00000000,10,7.00000000
nw_retrain_6012_approximately_parallel_easy_seed2867084,M1,slsqp_multi,5,0.00000000,0.66666667,0.00000000,10,7.00000000
nw_retrain_6012_approximately_parallel_easy_seed2867084,M0,slsqp_multi,5,0.00000000,0.66666667,0.00000000,10,7.00000000
nw_retrain_6012_approximately_parallel_easy_seed2867084,M1,slsqp_multi,5,0.00000000,0.66666667,0.00000000,10,8.00000000
nw_retrain_6012_approximately_parallel_easy_seed2867084,M0,nsga2,8,0.00000000,0.66666667,0.00000000,28,15.00000000
nw_retrain_6012_approximately_parallel_easy_seed2867084,M1,nsga2,8,14.75173394,0.33333333,1.00000000,28,18.00000000
nw_retrain_6012_approximately_parallel_easy_seed2867084,M0,nsga2,8,0.00000000,0.66666667,0.00000000,28,20.00000000
nw_retrain_6012_approximately_parallel_easy_seed2867084,M1,nsga2,8,49.95290542,0.66666667,1.00000000,28,19.00000000
nw_retrain_6012_approximately_parallel_easy_seed2867084,M0,nsga2,8,17.89519360,0.33333333,1.00000000,28,14.00000000
nw_retrain_6012_approximately_parallel_easy_seed2867084,M1,nsga2,8,52.88377743,0.66666667,1.00000000,28,18.00000000
nw_retrain_6012_approximately_parallel_easy_seed2867084,M0,nsga2,8,14.17330219,0.66666667,1.00000000,28,17.00000000
nw_retrain_6012_approximately_parallel_easy_seed2867084,M1,nsga2,8,14.01969440,0.66666667,1.00000000,28,21.00000000
nw_retrain_6012_approximately_parallel_easy_seed2867084,M0,nsga2,8,0.00000000,0.66666667,0.00000000,28,20.00000000
nw_retrain_6012_approximately_parallel_easy_seed2867084,M1,nsga2,8,2.87159747,0.66666667,1.00000000,28,21.00000000
nw_retrain_6012_approximately_parallel_easy_seed2867084,M0,nsga2,8,13.07697501,0.66666667,1.00000000,28,22.00000000
nw_retrain_6012_approximately_parallel_easy_seed2867084,M1,nsga2,8,0.00000000,0.33333333,0.00000000,28,15.00000000
nw_retrain_6012_approximately_parallel_easy_seed2867084,M0,slsqp_multi,5,0.00000000,0.66666667,0.00000000,10,8.00000000
nw_retrain_6012_approximately_parallel_easy_seed2867084,M1,slsqp_multi,5,0.00000000,0.66666667,0.00000000,10,7.00000000
nw_retrain_6012_approximately_parallel_easy_seed2867084,M0,slsqp_multi,5,0.00000000,0.66666667,0.00000000,10,7.00000000
nw_retrain_6012_approximately_parallel_easy_seed2867084,M1,slsqp_multi,5,0.00000000,1.00000000,0.00000000,10,9.00000000
nw_retrain_6012_approximately_parallel_easy_seed2867084,M0,nsga2,8,0.00000000,0.66666667,0.00000000,28,17.00000000
nw_retrain_6012_approximately_parallel_easy_seed2867084,M1,nsga2,8,0.00000000,0.66666667,0.00000000,28,17.00000000
nw_retrain_6012_approximately_parallel_easy_seed2867084,M0,slsqp_multi,5,0.00000000,0.66666667,0.00000000,10,9.00000000
nw_retrain_6012_approximately_parallel_easy_seed2867084,M1,slsqp_multi,5,0.00000000,0.66666667,0.00000000,10,9.00000000
nw_retrain_6012_approximately_parallel_easy_seed2867084,M0,nsga2,8,0.24502576,0.33333333,0.00000000,28,19.00000000
nw_retrain_6012_approximately_parallel_easy_seed2867084,M1,nsga2,8,0.24502576,0.66666667,0.00000000,28,23.00000000
nw_retrain_6012_approximately_parallel_easy_seed2867084,M0,nsga2,8,3.32807777,1.00000000,1.00000000,27,21.00000000
nw_retrain_6012_approximately_parallel_easy_seed2867084,M1,nsga2,8,0.00000000,1.00000000,0.00000000,27,24.00000000
nw_retrain_6013_vertically_overlapping_easy_seed2867182,M0,slsqp_multi,5,0.00000000,0.66666667,0.00000000,10,7.00000000
nw_retrain_6013_vertically_overlapping_easy_seed2867182,M1,slsqp_multi,5,0.00000000,0.66666667,0.00000000,10,7.00000000
nw_retrain_6013_vertically_overlapping_easy_seed2867182,M0,slsqp_multi,5,0.00000000,0.66666667,0.00000000,10,8.00000000
nw_retrain_6013_vertically_overlapping_easy_seed2867182,M1,slsqp_multi,5,0.00000000,0.66666667,0.00000000,10,8.00000000
nw_retrain_6013_vertically_overlapping_easy_seed2867182,M0,slsqp_multi,5,0.00000000,0.66666667,0.00000000,10,9.00000000
nw_retrain_6013_vertically_overlapping_easy_seed2867182,M1,slsqp_multi,5,0.00000000,0.66666667,0.00000000,10,8.00000000
nw_retrain_6013_vertically_overlapping_easy_seed2867182,M0,slsqp_multi,5,0.00000000,0.66666667,0.00000000,10,7.00000000
nw_retrain_6013_vertically_overlapping_easy_seed2867182,M1,slsqp_multi,5,0.00000000,0.66666667,0.00000000,10,7.00000000
nw_retrain_6013_vertically_overlapping_easy_seed2867182,M0,slsqp_multi,5,0.00000000,0.66666667,0.00000000,10,8.00000000
nw_retrain_6013_vertically_overlapping_easy_seed2867182,M1,slsqp_multi,5,0.00000000,0.66666667,0.00000000,10,8.00000000
nw_retrain_6013_vertically_overlapping_easy_seed2867182,M0,slsqp_multi,5,0.00000000,0.66666667,0.00000000,10,9.00000000
nw_retrain_6013_vertically_overlapping_easy_seed2867182,M1,slsqp_multi,5,0.00000000,0.66666667,0.00000000,10,8.00000000
nw_retrain_6013_vertically_overlapping_easy_seed2867182,M0,slsqp_multi,5,0.00000000,0.66666667,0.00000000,10,7.00000000
nw_retrain_6013_vertically_overlapping_easy_seed2867182,M1,slsqp_multi,5,0.00000000,0.66666667,0.00000000,10,7.00000000
nw_retrain_6013_vertically_overlapping_easy_seed2867182,M0,slsqp_multi,5,0.00000000,0.66666667,0.00000000,10,8.00000000
nw_retrain_6013_vertically_overlapping_easy_seed2867182,M1,slsqp_multi,5,0.00000000,0.66666667,0.00000000,10,8.00000000
nw_retrain_6013_vertically_overlapping_easy_seed2867182,M0,slsqp_multi,5,0.00000000,0.66666667,0.00000000,10,9.00000000
nw_retrain_6013_vertically_overlapping_easy_seed2867182,M1,slsqp_multi,5,0.00000000,0.66666667,0.00000000,10,8.00000000
nw_retrain_6012_approximately_parallel_easy_seed2867084,M0,nsga2,8,0.00200372,1.00000000,0.00000000,27,24.00000000
nw_retrain_6012_approximately_parallel_easy_seed2867084,M1,nsga2,8,0.64385480,0.00000000,0.00000000,27,4.00000000
nw_retrain_6012_approximately_parallel_easy_seed2867084,M0,nsga2,8,0.00003400,0.66666667,0.00000000,28,19.00000000
nw_retrain_6012_approximately_parallel_easy_seed2867084,M1,nsga2,8,0.07152712,0.66666667,0.00000000,28,18.00000000
nw_retrain_6013_vertically_overlapping_easy_seed2867182,M0,nsga2,8,0.00000000,0.66666667,0.00000000,28,20.00000000
nw_retrain_6013_vertically_overlapping_easy_seed2867182,M1,nsga2,8,0.00000000,0.66666667,0.00000000,28,23.00000000
nw_retrain_6013_vertically_overlapping_easy_seed2867182,M0,nsga2,8,1.01113574,0.33333333,1.00000000,28,20.00000000
nw_retrain_6013_vertically_overlapping_easy_seed2867182,M1,nsga2,8,4.19405651,0.33333333,1.00000000,28,16.00000000
nw_retrain_6013_vertically_overlapping_easy_seed2867182,M0,nsga2,8,1.40222726,0.00000000,1.00000000,28,11.00000000
nw_retrain_6013_vertically_overlapping_easy_seed2867182,M1,nsga2,8,3.45577883,0.00000000,1.00000000,28,5.00000000
nw_retrain_6012_approximately_parallel_easy_seed2867084,M0,nsga2,8,0.00000000,0.66666667,0.00000000,28,19.00000000
nw_retrain_6012_approximately_parallel_easy_seed2867084,M1,nsga2,8,1.01197926,0.00000000,1.00000000,28,8.00000000
nw_retrain_6013_vertically_overlapping_easy_seed2867182,M0,nsga2,8,0.28743616,0.66666667,0.00000000,27,18.00000000
nw_retrain_6013_vertically_overlapping_easy_seed2867182,M1,nsga2,8,0.28743616,0.33333333,0.00000000,27,18.00000000
nw_retrain_6013_vertically_overlapping_easy_seed2867182,M0,nsga2,8,0.25410890,0.66666667,0.00000000,28,18.00000000
nw_retrain_6013_vertically_overlapping_easy_seed2867182,M1,nsga2,8,1.03250427,0.33333333,1.00000000,28,16.00000000
nw_retrain_6013_vertically_overlapping_easy_seed2867182,M0,nsga2,8,3.21270534,0.33333333,1.00000000,28,12.00000000
nw_retrain_6013_vertically_overlapping_easy_seed2867182,M1,nsga2,8,3.39011328,0.33333333,1.00000000,28,9.00000000
nw_retrain_6013_vertically_overlapping_easy_seed2867182,M0,slsqp_multi,5,0.00000000,0.66666667,0.00000000,10,9.00000000
nw_retrain_6013_vertically_overlapping_easy_seed2867182,M1,slsqp_multi,5,0.81645185,0.66666667,1.00000000,10,7.00000000
nw_retrain_6013_vertically_overlapping_easy_seed2867182,M0,nsga2,8,0.47527302,0.66666667,0.00000000,28,18.00000000
nw_retrain_6013_vertically_overlapping_easy_seed2867182,M1,nsga2,8,0.01652033,0.66666667,0.00000000,28,19.00000000
nw_retrain_6013_vertically_overlapping_easy_seed2867182,M0,nsga2,8,0.03527198,0.66666667,0.00000000,28,21.00000000
nw_retrain_6013_vertically_overlapping_easy_seed2867182,M1,nsga2,8,1.74210789,0.00000000,1.00000000,28,9.00000000
nw_retrain_6013_vertically_overlapping_easy_seed2867182,M0,slsqp_multi,5,4.09121307,0.66666667,1.00000000,10,7.00000000
nw_retrain_6013_vertically_overlapping_easy_seed2867182,M1,slsqp_multi,5,4.09121307,0.66666667,1.00000000,10,7.00000000
nw_retrain_6013_vertically_overlapping_easy_seed2867182,M0,slsqp_multi,5,1.58222411,0.66666667,1.00000000,10,7.00000000
nw_retrain_6013_vertically_overlapping_easy_seed2867182,M1,slsqp_multi,5,1.58222411,0.66666667,1.00000000,10,7.00000000
nw_retrain_6013_vertically_overlapping_easy_seed2867182,M0,nsga2,8,0.00000000,0.33333333,0.00000000,28,11.00000000
nw_retrain_6013_vertically_overlapping_easy_seed2867182,M1,nsga2,8,0.00000000,0.33333333,0.00000000,28,15.00000000
nw_retrain_6013_vertically_overlapping_easy_seed2867182,M0,nsga2,8,0.36837971,0.33333333,1.00000000,28,9.00000000
nw_retrain_6013_vertically_overlapping_easy_seed2867182,M1,nsga2,8,0.02251902,1.00000000,0.00000000,28,21.00000000
nw_retrain_6013_vertically_overlapping_easy_seed2867182,M0,nsga2,8,0.10773535,0.33333333,0.00000000,28,13.00000000
nw_retrain_6013_vertically_overlapping_easy_seed2867182,M1,nsga2,8,0.03062693,0.66666667,0.00000000,28,18.00000000
nw_retrain_6014_vertically_overlapping_moderate_seed2867280,M0,slsqp_multi,5,0.00000000,0.66666667,0.00000000,10,7.00000000
nw_retrain_6014_vertically_overlapping_moderate_seed2867280,M1,slsqp_multi,5,0.00000000,0.66666667,0.00000000,10,7.00000000
nw_retrain_6014_vertically_overlapping_moderate_seed2867280,M0,slsqp_multi,5,0.00000000,1.00000000,0.00000000,10,9.00000000
nw_retrain_6014_vertically_overlapping_moderate_seed2867280,M1,slsqp_multi,5,0.00000000,0.66666667,0.00000000,10,8.00000000
nw_retrain_6014_vertically_overlapping_moderate_seed2867280,M0,slsqp_multi,5,0.00000000,0.66666667,0.00000000,10,8.00000000
nw_retrain_6014_vertically_overlapping_moderate_seed2867280,M1,slsqp_multi,5,0.00000000,0.66666667,0.00000000,10,8.00000000
nw_retrain_6013_vertically_overlapping_easy_seed2867182,M0,nsga2,8,0.28544772,0.33333333,1.00000000,28,8.00000000
nw_retrain_6013_vertically_overlapping_easy_seed2867182,M1,nsga2,8,0.28544772,0.00000000,1.00000000,28,5.00000000
nw_retrain_6014_vertically_overlapping_moderate_seed2867280,M0,slsqp_multi,5,0.00000000,0.66666667,0.00000000,10,7.00000000
nw_retrain_6014_vertically_overlapping_moderate_seed2867280,M1,slsqp_multi,5,0.00000000,0.66666667,0.00000000,10,7.00000000
nw_retrain_6014_vertically_overlapping_moderate_seed2867280,M0,slsqp_multi,5,0.00000000,1.00000000,0.00000000,10,9.00000000
nw_retrain_6014_vertically_overlapping_moderate_seed2867280,M1,slsqp_multi,5,0.00000000,0.66666667,0.00000000,10,8.00000000
nw_retrain_6014_vertically_overlapping_moderate_seed2867280,M0,slsqp_multi,5,0.00000000,0.66666667,0.00000000,10,8.00000000
nw_retrain_6014_vertically_overlapping_moderate_seed2867280,M1,slsqp_multi,5,0.00000000,0.66666667,0.00000000,10,8.00000000
nw_retrain_6014_vertically_overlapping_moderate_seed2867280,M0,slsqp_multi,5,0.00000000,0.66666667,0.00000000,10,7.00000000
nw_retrain_6014_vertically_overlapping_moderate_seed2867280,M1,slsqp_multi,5,0.00000000,0.66666667,0.00000000,10,7.00000000
nw_retrain_6014_vertically_overlapping_moderate_seed2867280,M0,slsqp_multi,5,0.00000000,1.00000000,0.00000000,10,9.00000000
nw_retrain_6014_vertically_overlapping_moderate_seed2867280,M1,slsqp_multi,5,0.00000000,0.66666667,0.00000000,10,8.00000000
nw_retrain_6014_vertically_overlapping_moderate_seed2867280,M0,slsqp_multi,5,0.00000000,0.66666667,0.00000000,10,8.00000000
nw_retrain_6014_vertically_overlapping_moderate_seed2867280,M1,slsqp_multi,5,0.00000000,0.66666667,0.00000000,10,8.00000000
nw_retrain_6014_vertically_overlapping_moderate_seed2867280,M0,nsga2,8,25.32239835,1.00000000,1.00000000,28,18.00000000
nw_retrain_6014_vertically_overlapping_moderate_seed2867280,M1,nsga2,8,0.00000000,0.33333333,0.00000000,28,17.00000000
nw_retrain_6014_vertically_overlapping_moderate_seed2867280,M0,nsga2,8,12.63066513,0.66666667,1.00000000,28,24.00000000
nw_retrain_6014_vertically_overlapping_moderate_seed2867280,M1,nsga2,8,12.63066513,0.66666667,1.00000000,28,22.00000000
nw_retrain_6014_vertically_overlapping_moderate_seed2867280,M0,nsga2,8,0.00000000,1.00000000,0.00000000,28,26.00000000
nw_retrain_6014_vertically_overlapping_moderate_seed2867280,M1,nsga2,8,0.00000000,0.66666667,0.00000000,28,20.00000000
nw_retrain_6014_vertically_overlapping_moderate_seed2867280,M0,nsga2,8,30.94014024,0.33333333,1.00000000,28,15.00000000
nw_retrain_6014_vertically_overlapping_moderate_seed2867280,M1,nsga2,8,14.04015089,0.66666667,1.00000000,28,19.00000000
nw_retrain_6014_vertically_overlapping_moderate_seed2867280,M0,nsga2,8,13.48308479,0.66666667,1.00000000,28,15.00000000
nw_retrain_6014_vertically_overlapping_moderate_seed2867280,M1,nsga2,8,0.74089965,0.33333333,1.00000000,28,17.00000000
nw_retrain_6014_vertically_overlapping_moderate_seed2867280,M0,nsga2,8,0.00000000,0.66666667,0.00000000,28,20.00000000
nw_retrain_6014_vertically_overlapping_moderate_seed2867280,M1,nsga2,8,0.00000000,0.33333333,0.00000000,28,19.00000000
nw_retrain_6014_vertically_overlapping_moderate_seed2867280,M0,slsqp_multi,5,0.00000000,0.66666667,0.00000000,10,7.00000000
nw_retrain_6014_vertically_overlapping_moderate_seed2867280,M1,slsqp_multi,5,0.00000000,0.66666667,0.00000000,10,7.00000000
nw_retrain_6014_vertically_overlapping_moderate_seed2867280,M0,slsqp_multi,5,0.00000000,1.00000000,0.00000000,10,9.00000000
nw_retrain_6014_vertically_overlapping_moderate_seed2867280,M1,slsqp_multi,5,0.00000000,0.66666667,0.00000000,10,8.00000000
nw_retrain_6014_vertically_overlapping_moderate_seed2867280,M0,slsqp_multi,5,0.00000000,0.66666667,0.00000000,10,8.00000000
nw_retrain_6014_vertically_overlapping_moderate_seed2867280,M1,slsqp_multi,5,0.00000000,0.66666667,0.00000000,10,8.00000000
nw_retrain_6014_vertically_overlapping_moderate_seed2867280,M0,nsga2,8,3.76446426,0.00000000,1.00000000,28,11.00000000
nw_retrain_6014_vertically_overlapping_moderate_seed2867280,M1,nsga2,8,3.76446426,0.00000000,1.00000000,28,16.00000000
nw_retrain_6014_vertically_overlapping_moderate_seed2867280,M0,nsga2,8,11.89792710,0.33333333,1.00000000,28,12.00000000
nw_retrain_6014_vertically_overlapping_moderate_seed2867280,M1,nsga2,8,11.89792710,0.66666667,1.00000000,28,16.00000000
nw_retrain_6014_vertically_overlapping_moderate_seed2867280,M0,nsga2,8,8.03607829,0.00000000,1.00000000,28,10.00000000
nw_retrain_6014_vertically_overlapping_moderate_seed2867280,M1,nsga2,8,8.03607829,0.33333333,1.00000000,28,14.00000000
nw_retrain_6014_vertically_overlapping_moderate_seed2867280,M0,nsga2,8,0.03136408,0.33333333,0.00000000,28,18.50000000
nw_retrain_6014_vertically_overlapping_moderate_seed2867280,M1,nsga2,8,0.03459832,0.33333333,0.00000000,28,14.00000000
nw_retrain_6015_vertically_overlapping_easy_seed2867378,M0,slsqp_multi,5,0.00000000,1.00000000,0.00000000,10,9.00000000
nw_retrain_6015_vertically_overlapping_easy_seed2867378,M1,slsqp_multi,5,25.94659318,1.00000000,1.00000000,10,9.00000000
nw_retrain_6015_vertically_overlapping_easy_seed2867378,M0,slsqp_multi,5,0.00000000,0.66666667,0.00000000,10,6.00000000
nw_retrain_6015_vertically_overlapping_easy_seed2867378,M1,slsqp_multi,5,0.00000000,1.00000000,0.00000000,10,9.00000000
nw_retrain_6015_vertically_overlapping_easy_seed2867378,M0,slsqp_multi,5,0.00000000,1.00000000,0.00000000,10,8.00000000
nw_retrain_6015_vertically_overlapping_easy_seed2867378,M1,slsqp_multi,5,0.00000000,1.00000000,0.00000000,10,8.00000000
nw_retrain_6014_vertically_overlapping_moderate_seed2867280,M0,nsga2,8,0.06546134,0.00000000,1.00000000,27,2.50000000
nw_retrain_6014_vertically_overlapping_moderate_seed2867280,M1,nsga2,8,0.04042018,0.00000000,0.00000000,27,8.00000000
nw_retrain_6015_vertically_overlapping_easy_seed2867378,M0,slsqp_multi,5,0.00000000,0.66666667,0.00000000,10,6.00000000
nw_retrain_6015_vertically_overlapping_easy_seed2867378,M1,slsqp_multi,5,0.00000000,1.00000000,0.00000000,10,9.00000000
nw_retrain_6015_vertically_overlapping_easy_seed2867378,M0,slsqp_multi,5,0.00000000,1.00000000,0.00000000,10,9.00000000
nw_retrain_6015_vertically_overlapping_easy_seed2867378,M1,slsqp_multi,5,26.04033522,1.00000000,1.00000000,10,9.00000000
nw_retrain_6015_vertically_overlapping_easy_seed2867378,M0,slsqp_multi,5,0.00000000,1.00000000,0.00000000,10,8.00000000
nw_retrain_6015_vertically_overlapping_easy_seed2867378,M1,slsqp_multi,5,0.00000000,1.00000000,0.00000000,10,8.00000000
nw_retrain_6015_vertically_overlapping_easy_seed2867378,M0,slsqp_multi,5,0.00000000,1.00000000,0.00000000,10,9.00000000
nw_retrain_6015_vertically_overlapping_easy_seed2867378,M1,slsqp_multi,5,0.00000000,1.00000000,0.00000000,10,10.00000000
nw_retrain_6014_vertically_overlapping_moderate_seed2867280,M0,nsga2,8,0.00000000,0.33333333,0.00000000,28,18.50000000
nw_retrain_6014_vertically_overlapping_moderate_seed2867280,M1,nsga2,8,0.18897891,0.66666667,1.00000000,28,13.50000000
nw_retrain_6015_vertically_overlapping_easy_seed2867378,M0,slsqp_multi,5,0.00000000,0.66666667,0.00000000,10,6.00000000
nw_retrain_6015_vertically_overlapping_easy_seed2867378,M1,slsqp_multi,5,0.00000000,1.00000000,0.00000000,10,9.00000000
nw_retrain_6015_vertically_overlapping_easy_seed2867378,M0,slsqp_multi,5,0.00000000,1.00000000,0.00000000,10,8.00000000
nw_retrain_6015_vertically_overlapping_easy_seed2867378,M1,slsqp_multi,5,0.00000000,1.00000000,0.00000000,10,8.00000000
nw_retrain_6015_vertically_overlapping_easy_seed2867378,M0,nsga2,8,2.93975681,0.66666667,1.00000000,28,20.00000000
nw_retrain_6015_vertically_overlapping_easy_seed2867378,M1,nsga2,8,0.57990709,0.66666667,0.00000000,28,22.00000000
nw_retrain_6015_vertically_overlapping_easy_seed2867378,M0,nsga2,8,12.53579191,0.33333333,1.00000000,28,11.00000000
nw_retrain_6015_vertically_overlapping_easy_seed2867378,M1,nsga2,8,7.32547864,0.66666667,1.00000000,28,16.00000000
nw_retrain_6015_vertically_overlapping_easy_seed2867378,M0,nsga2,8,3.15573303,0.66666667,1.00000000,28,19.00000000
nw_retrain_6015_vertically_overlapping_easy_seed2867378,M1,nsga2,8,0.60445319,1.00000000,0.00000000,28,24.00000000
nw_retrain_6015_vertically_overlapping_easy_seed2867378,M0,nsga2,8,3.41189591,0.66666667,1.00000000,28,17.00000000
nw_retrain_6015_vertically_overlapping_easy_seed2867378,M1,nsga2,8,0.47213910,1.00000000,0.00000000,28,18.00000000
nw_retrain_6015_vertically_overlapping_easy_seed2867378,M0,nsga2,8,7.38311711,0.33333333,1.00000000,28,12.00000000
nw_retrain_6015_vertically_overlapping_easy_seed2867378,M1,nsga2,8,11.27054106,0.66666667,1.00000000,28,14.00000000
nw_retrain_6015_vertically_overlapping_easy_seed2867378,M0,nsga2,8,2.73068802,0.33333333,1.00000000,28,14.50000000
nw_retrain_6015_vertically_overlapping_easy_seed2867378,M1,nsga2,8,2.66985383,0.33333333,1.00000000,28,15.50000000
nw_retrain_6015_vertically_overlapping_easy_seed2867378,M0,slsqp_multi,5,0.00000000,1.00000000,0.00000000,10,9.00000000
nw_retrain_6015_vertically_overlapping_easy_seed2867378,M1,slsqp_multi,5,0.00000000,1.00000000,0.00000000,10,10.00000000
nw_retrain_6015_vertically_overlapping_easy_seed2867378,M0,slsqp_multi,5,0.00000000,0.66666667,0.00000000,10,7.00000000
nw_retrain_6015_vertically_overlapping_easy_seed2867378,M1,slsqp_multi,5,0.00000000,1.00000000,0.00000000,10,10.00000000
nw_retrain_6015_vertically_overlapping_easy_seed2867378,M0,slsqp_multi,5,0.00000000,1.00000000,0.00000000,10,9.00000000
nw_retrain_6015_vertically_overlapping_easy_seed2867378,M1,slsqp_multi,5,0.00000000,1.00000000,0.00000000,10,9.00000000
nw_retrain_6015_vertically_overlapping_easy_seed2867378,M0,nsga2,8,0.00000000,0.66666667,0.00000000,28,25.00000000
nw_retrain_6015_vertically_overlapping_easy_seed2867378,M1,nsga2,8,0.00000000,0.33333333,0.00000000,28,21.00000000
nw_retrain_6015_vertically_overlapping_easy_seed2867378,M0,nsga2,8,1.44381440,0.33333333,1.00000000,28,13.00000000
nw_retrain_6015_vertically_overlapping_easy_seed2867378,M1,nsga2,8,7.62407953,0.33333333,1.00000000,28,6.00000000
nw_retrain_6015_vertically_overlapping_easy_seed2867378,M0,nsga2,8,0.00000000,0.66666667,0.00000000,27,24.00000000
nw_retrain_6015_vertically_overlapping_easy_seed2867378,M1,nsga2,8,0.00000000,0.66666667,0.00000000,27,18.00000000
nw_retrain_6015_vertically_overlapping_easy_seed2867378,M0,nsga2,8,0.00000000,0.33333333,0.00000000,28,18.00000000
nw_retrain_6015_vertically_overlapping_easy_seed2867378,M1,nsga2,8,0.00000000,0.33333333,0.00000000,28,15.50000000
nw_retrain_6015_vertically_overlapping_easy_seed2867378,M0,nsga2,8,0.14945635,1.00000000,0.00000000,28,24.00000000
nw_retrain_6015_vertically_overlapping_easy_seed2867378,M1,nsga2,8,0.00000000,0.66666667,0.00000000,28,23.00000000
nw_retrain_6015_vertically_overlapping_easy_seed2867378,M0,nsga2,8,0.00813403,0.33333333,0.00000000,28,9.50000000
nw_retrain_6015_vertically_overlapping_easy_seed2867378,M1,nsga2,8,0.00813403,0.33333333,0.00000000,28,11.50000000
nw_retrain_6016_converging_moderate_seed2867607,M0,slsqp_multi,5,790.34120779,0.66666667,1.00000000,10,6.00000000
nw_retrain_6016_converging_moderate_seed2867607,M1,slsqp_multi,5,0.00000000,0.66666667,0.00000000,10,9.00000000
nw_retrain_6016_converging_moderate_seed2867607,M0,slsqp_multi,5,140.71999173,0.66666667,1.00000000,10,6.00000000
nw_retrain_6016_converging_moderate_seed2867607,M1,slsqp_multi,5,0.00000000,0.66666667,0.00000000,10,8.00000000
nw_retrain_6016_converging_moderate_seed2867607,M0,slsqp_multi,5,790.34120779,0.66666667,1.00000000,10,6.00000000
nw_retrain_6016_converging_moderate_seed2867607,M1,slsqp_multi,5,0.00000000,0.66666667,0.00000000,10,8.00000000
nw_retrain_6016_converging_moderate_seed2867607,M0,slsqp_multi,5,790.35014811,0.66666667,1.00000000,10,6.00000000
nw_retrain_6016_converging_moderate_seed2867607,M1,slsqp_multi,5,0.00000000,0.66666667,0.00000000,10,9.00000000
nw_retrain_6016_converging_moderate_seed2867607,M0,slsqp_multi,5,140.72893205,0.66666667,1.00000000,10,6.00000000
nw_retrain_6016_converging_moderate_seed2867607,M1,slsqp_multi,5,0.00000000,0.66666667,0.00000000,10,8.00000000
nw_retrain_6016_converging_moderate_seed2867607,M0,slsqp_multi,5,790.35014811,0.66666667,1.00000000,10,6.00000000
nw_retrain_6016_converging_moderate_seed2867607,M1,slsqp_multi,5,0.00000000,0.66666667,0.00000000,10,8.00000000
nw_retrain_6016_converging_moderate_seed2867607,M0,slsqp_multi,5,790.34137848,0.66666667,1.00000000,10,6.00000000
nw_retrain_6016_converging_moderate_seed2867607,M1,slsqp_multi,5,0.00000000,0.66666667,0.00000000,10,9.00000000
nw_retrain_6016_converging_moderate_seed2867607,M0,slsqp_multi,5,140.72016242,0.66666667,1.00000000,10,6.00000000
nw_retrain_6016_converging_moderate_seed2867607,M1,slsqp_multi,5,0.00000000,0.66666667,0.00000000,10,8.00000000
nw_retrain_6016_converging_moderate_seed2867607,M0,slsqp_multi,5,790.34137848,0.66666667,1.00000000,10,6.00000000
nw_retrain_6016_converging_moderate_seed2867607,M1,slsqp_multi,5,0.00000000,0.66666667,0.00000000,10,8.00000000
nw_retrain_6016_converging_moderate_seed2867607,M0,nsga2,8,3.91912576,0.00000000,1.00000000,28,9.00000000
nw_retrain_6016_converging_moderate_seed2867607,M1,nsga2,8,6.18718106,0.33333333,1.00000000,28,7.00000000
nw_retrain_6016_converging_moderate_seed2867607,M0,nsga2,8,1.78280080,0.66666667,1.00000000,28,17.00000000
nw_retrain_6016_converging_moderate_seed2867607,M1,nsga2,8,1.61073713,0.66666667,1.00000000,28,17.00000000
nw_retrain_6016_converging_moderate_seed2867607,M0,nsga2,8,9.17894842,0.33333333,1.00000000,28,12.00000000
nw_retrain_6016_converging_moderate_seed2867607,M1,nsga2,8,11.81613351,0.33333333,1.00000000,28,14.00000000
nw_retrain_6016_converging_moderate_seed2867607,M0,nsga2,8,0.00000000,0.33333333,0.00000000,28,13.00000000
nw_retrain_6016_converging_moderate_seed2867607,M1,nsga2,8,0.00000000,0.33333333,0.00000000,28,14.00000000
nw_retrain_6016_converging_moderate_seed2867607,M0,nsga2,8,9.54993610,0.33333333,1.00000000,28,12.00000000
nw_retrain_6016_converging_moderate_seed2867607,M1,nsga2,8,9.54993610,0.33333333,1.00000000,28,11.00000000
nw_retrain_6016_converging_moderate_seed2867607,M0,nsga2,8,0.00000000,0.33333333,0.00000000,27,18.00000000
nw_retrain_6016_converging_moderate_seed2867607,M1,nsga2,8,0.00000000,0.66666667,0.00000000,27,22.00000000
nw_retrain_6016_converging_moderate_seed2867607,M0,nsga2,8,4.89285396,0.00000000,1.00000000,27,3.00000000
nw_retrain_6016_converging_moderate_seed2867607,M1,nsga2,8,2.97940724,0.00000000,1.00000000,27,7.00000000
nw_retrain_6016_converging_moderate_seed2867607,M0,nsga2,8,0.00000000,1.00000000,0.00000000,28,24.00000000
nw_retrain_6016_converging_moderate_seed2867607,M1,nsga2,8,0.00000000,0.66666667,0.00000000,28,19.00000000
nw_retrain_6016_converging_moderate_seed2867607,M0,nsga2,8,1.01094231,0.00000000,1.00000000,28,12.00000000
nw_retrain_6016_converging_moderate_seed2867607,M1,nsga2,8,1.89948805,0.00000000,1.00000000,28,6.00000000
nw_retrain_6016_converging_moderate_seed2867607,M0,slsqp_multi,5,9.22139429,0.66666667,1.00000000,10,6.00000000
nw_retrain_6016_converging_moderate_seed2867607,M1,slsqp_multi,5,9.22139429,1.00000000,1.00000000,10,8.00000000
nw_retrain_6016_converging_moderate_seed2867607,M0,slsqp_multi,5,790.35141571,0.66666667,1.00000000,10,4.00000000
nw_retrain_6016_converging_moderate_seed2867607,M1,slsqp_multi,5,0.00000000,1.00000000,0.00000000,10,8.00000000
nw_retrain_6016_converging_moderate_seed2867607,M0,slsqp_multi,5,0.13009856,0.66666667,0.00000000,10,6.00000000
nw_retrain_6016_converging_moderate_seed2867607,M1,slsqp_multi,5,0.13009856,1.00000000,0.00000000,10,8.00000000
nw_retrain_6016_converging_moderate_seed2867607,M0,nsga2,8,0.00000000,0.66666667,0.00000000,28,23.00000000
nw_retrain_6016_converging_moderate_seed2867607,M1,nsga2,8,0.01030677,0.00000000,1.00000000,28,4.00000000
nw_retrain_6017_crossing_hard_seed2867967,M0,slsqp_multi,5,6364.44402855,0.66666667,1.00000000,10,6.00000000
nw_retrain_6017_crossing_hard_seed2867967,M1,slsqp_multi,5,0.00000000,0.66666667,0.00000000,10,7.00000000
nw_retrain_6016_converging_moderate_seed2867607,M0,nsga2,8,0.16354731,0.66666667,0.00000000,28,25.00000000
nw_retrain_6016_converging_moderate_seed2867607,M1,nsga2,8,0.16354731,0.66666667,0.00000000,28,22.00000000
nw_retrain_6017_crossing_hard_seed2867967,M0,slsqp_multi,5,6364.44402855,0.66666667,1.00000000,10,6.00000000
nw_retrain_6017_crossing_hard_seed2867967,M1,slsqp_multi,5,0.00000000,0.66666667,0.00000000,10,6.00000000
nw_retrain_6017_crossing_hard_seed2867967,M0,slsqp_multi,5,6364.44402855,0.66666667,1.00000000,10,6.00000000
nw_retrain_6017_crossing_hard_seed2867967,M1,slsqp_multi,5,0.00000000,0.66666667,0.00000000,10,7.00000000
nw_retrain_6016_converging_moderate_seed2867607,M0,nsga2,8,0.22490946,0.33333333,1.00000000,28,12.00000000
nw_retrain_6016_converging_moderate_seed2867607,M1,nsga2,8,0.22490946,0.33333333,1.00000000,28,8.00000000
nw_retrain_6017_crossing_hard_seed2867967,M0,slsqp_multi,5,6364.65210153,0.66666667,1.00000000,10,6.00000000
nw_retrain_6017_crossing_hard_seed2867967,M1,slsqp_multi,5,0.00000000,0.66666667,0.00000000,10,7.00000000
nw_retrain_6017_crossing_hard_seed2867967,M0,slsqp_multi,5,6364.65210153,0.66666667,1.00000000,10,6.00000000
nw_retrain_6017_crossing_hard_seed2867967,M1,slsqp_multi,5,0.00000000,0.66666667,0.00000000,10,6.00000000
nw_retrain_6017_crossing_hard_seed2867967,M0,slsqp_multi,5,6364.65210153,0.66666667,1.00000000,10,6.00000000
nw_retrain_6017_crossing_hard_seed2867967,M1,slsqp_multi,5,0.00000000,0.66666667,0.00000000,10,7.00000000
nw_retrain_6017_crossing_hard_seed2867967,M0,slsqp_multi,5,6364.64099558,0.66666667,1.00000000,10,6.00000000
nw_retrain_6017_crossing_hard_seed2867967,M1,slsqp_multi,5,0.00000000,0.66666667,0.00000000,10,7.00000000
nw_retrain_6017_crossing_hard_seed2867967,M0,slsqp_multi,5,6364.64099558,0.66666667,1.00000000,10,6.00000000
nw_retrain_6017_crossing_hard_seed2867967,M1,slsqp_multi,5,0.00000000,0.66666667,0.00000000,10,6.00000000
nw_retrain_6017_crossing_hard_seed2867967,M0,slsqp_multi,5,6364.64099558,0.66666667,1.00000000,10,6.00000000
nw_retrain_6017_crossing_hard_seed2867967,M1,slsqp_multi,5,0.00000000,0.66666667,0.00000000,10,7.00000000
nw_retrain_6017_crossing_hard_seed2867967,M0,nsga2,8,0.00000000,0.66666667,0.00000000,28,17.00000000
nw_retrain_6017_crossing_hard_seed2867967,M1,nsga2,8,0.00000000,0.66666667,0.00000000,28,23.00000000
nw_retrain_6017_crossing_hard_seed2867967,M0,nsga2,8,0.00000000,0.66666667,0.00000000,28,23.00000000
nw_retrain_6017_crossing_hard_seed2867967,M1,nsga2,8,38.74691983,1.00000000,1.00000000,28,24.00000000
nw_retrain_6017_crossing_hard_seed2867967,M0,nsga2,8,59.20024824,0.33333333,1.00000000,28,14.00000000
nw_retrain_6017_crossing_hard_seed2867967,M1,nsga2,8,64.62958824,0.33333333,1.00000000,28,15.00000000
nw_retrain_6017_crossing_hard_seed2867967,M0,nsga2,8,0.00000000,0.66666667,0.00000000,28,20.50000000
nw_retrain_6017_crossing_hard_seed2867967,M1,nsga2,8,0.00000000,0.33333333,0.00000000,28,17.50000000
nw_retrain_6017_crossing_hard_seed2867967,M0,nsga2,8,0.00000000,0.66666667,0.00000000,28,14.00000000
nw_retrain_6017_crossing_hard_seed2867967,M1,nsga2,8,0.00000000,0.33333333,0.00000000,28,19.00000000
nw_retrain_6017_crossing_hard_seed2867967,M0,nsga2,8,0.00000000,0.66666667,0.00000000,28,18.00000000
nw_retrain_6017_crossing_hard_seed2867967,M1,nsga2,8,0.00000000,0.66666667,0.00000000,28,21.00000000
nw_retrain_6017_crossing_hard_seed2867967,M0,nsga2,8,0.56915416,0.33333333,0.00000000,28,11.00000000
nw_retrain_6017_crossing_hard_seed2867967,M1,nsga2,8,0.56915416,0.33333333,0.00000000,28,7.50000000
nw_retrain_6017_crossing_hard_seed2867967,M0,nsga2,8,12.17366242,1.00000000,1.00000000,28,19.00000000
nw_retrain_6017_crossing_hard_seed2867967,M1,nsga2,8,18.98112195,1.00000000,1.00000000,28,19.00000000
nw_retrain_6017_crossing_hard_seed2867967,M0,nsga2,8,14.29456079,0.33333333,1.00000000,28,14.00000000
nw_retrain_6017_crossing_hard_seed2867967,M1,nsga2,8,7.39406150,0.33333333,1.00000000,28,17.00000000
nw_retrain_6017_crossing_hard_seed2867967,M0,slsqp_multi,5,6364.48868105,0.66666667,1.00000000,10,6.00000000
nw_retrain_6017_crossing_hard_seed2867967,M1,slsqp_multi,5,6364.48868105,0.66666667,1.00000000,10,6.00000000
nw_retrain_6017_crossing_hard_seed2867967,M0,slsqp_multi,5,6364.48868105,0.66666667,1.00000000,10,6.00000000
nw_retrain_6017_crossing_hard_seed2867967,M1,slsqp_multi,5,6364.48868105,0.66666667,1.00000000,10,5.00000000
nw_retrain_6017_crossing_hard_seed2867967,M0,slsqp_multi,5,6364.48868105,0.66666667,1.00000000,10,6.00000000
nw_retrain_6017_crossing_hard_seed2867967,M1,slsqp_multi,5,6364.48868105,0.66666667,1.00000000,10,6.00000000
nw_retrain_6018_crossing_moderate_seed2867672,M0,slsqp_multi,5,66.40911561,1.00000000,1.00000000,10,7.00000000
nw_retrain_6018_crossing_moderate_seed2867672,M1,slsqp_multi,5,0.00000000,1.00000000,0.00000000,10,8.00000000
nw_retrain_6018_crossing_moderate_seed2867672,M0,slsqp_multi,5,0.00000000,0.66666667,0.00000000,10,8.00000000
nw_retrain_6018_crossing_moderate_seed2867672,M1,slsqp_multi,5,0.00000000,0.66666667,0.00000000,10,8.00000000
nw_retrain_6018_crossing_moderate_seed2867672,M0,slsqp_multi,5,0.00000000,0.66666667,0.00000000,10,7.00000000
nw_retrain_6018_crossing_moderate_seed2867672,M1,slsqp_multi,5,0.00000000,0.66666667,0.00000000,10,7.00000000
nw_retrain_6018_crossing_moderate_seed2867672,M0,slsqp_multi,5,66.40455055,1.00000000,1.00000000,10,7.00000000
nw_retrain_6018_crossing_moderate_seed2867672,M1,slsqp_multi,5,0.00000000,1.00000000,0.00000000,10,8.00000000
nw_retrain_6018_crossing_moderate_seed2867672,M0,slsqp_multi,5,0.00000000,0.66666667,0.00000000,10,8.00000000
nw_retrain_6018_crossing_moderate_seed2867672,M1,slsqp_multi,5,0.00000000,0.66666667,0.00000000,10,8.00000000
nw_retrain_6018_crossing_moderate_seed2867672,M0,slsqp_multi,5,0.00000000,0.66666667,0.00000000,10,7.00000000
nw_retrain_6018_crossing_moderate_seed2867672,M1,slsqp_multi,5,0.00000000,0.66666667,0.00000000,10,7.00000000
nw_retrain_6018_crossing_moderate_seed2867672,M0,slsqp_multi,5,0.00000000,0.66666667,0.00000000,10,8.00000000
nw_retrain_6018_crossing_moderate_seed2867672,M1,slsqp_multi,5,0.00000000,0.66666667,0.00000000,10,8.00000000
nw_retrain_6018_crossing_moderate_seed2867672,M0,slsqp_multi,5,66.20326698,1.00000000,1.00000000,10,7.00000000
nw_retrain_6018_crossing_moderate_seed2867672,M1,slsqp_multi,5,0.00000000,1.00000000,0.00000000,10,8.00000000
nw_retrain_6018_crossing_moderate_seed2867672,M0,slsqp_multi,5,0.00000000,0.66666667,0.00000000,10,7.00000000
nw_retrain_6018_crossing_moderate_seed2867672,M1,slsqp_multi,5,0.00000000,0.66666667,0.00000000,10,7.00000000
nw_retrain_6018_crossing_moderate_seed2867672,M0,slsqp_multi,5,8.82909186,0.66666667,1.00000000,10,7.00000000
nw_retrain_6018_crossing_moderate_seed2867672,M1,slsqp_multi,5,8.82909186,0.66666667,1.00000000,10,7.00000000
nw_retrain_6018_crossing_moderate_seed2867672,M0,slsqp_multi,5,66.20326698,0.66666667,1.00000000,10,6.00000000
nw_retrain_6018_crossing_moderate_seed2867672,M1,slsqp_multi,5,8.86299809,0.66666667,1.00000000,10,8.00000000
nw_retrain_6018_crossing_moderate_seed2867672,M0,nsga2,8,1.55885223,0.33333333,1.00000000,28,14.00000000
nw_retrain_6018_crossing_moderate_seed2867672,M1,nsga2,8,2.71311388,0.33333333,1.00000000,28,7.00000000
nw_retrain_6018_crossing_moderate_seed2867672,M0,slsqp_multi,5,0.00000000,1.00000000,0.00000000,10,9.00000000
nw_retrain_6018_crossing_moderate_seed2867672,M1,slsqp_multi,5,9.22092200,1.00000000,1.00000000,10,8.00000000
nw_retrain_6017_crossing_hard_seed2867967,M0,nsga2,8,0.28687988,0.00000000,1.00000000,28,4.00000000
nw_retrain_6017_crossing_hard_seed2867967,M1,nsga2,8,0.23212085,0.00000000,0.00000000,28,10.00000000
nw_retrain_6018_crossing_moderate_seed2867672,M0,nsga2,8,2.31089201,0.00000000,1.00000000,27,9.00000000
nw_retrain_6018_crossing_moderate_seed2867672,M1,nsga2,8,3.28253823,0.33333333,1.00000000,27,9.00000000
nw_retrain_6018_crossing_moderate_seed2867672,M0,nsga2,8,0.89507256,0.66666667,1.00000000,28,15.00000000
nw_retrain_6018_crossing_moderate_seed2867672,M1,nsga2,8,0.89507256,0.66666667,1.00000000,28,14.00000000
nw_retrain_6017_crossing_hard_seed2867967,M0,nsga2,8,6.04182976,0.00000000,1.00000000,28,3.00000000
nw_retrain_6017_crossing_hard_seed2867967,M1,nsga2,8,1.94279174,0.33333333,1.00000000,28,14.00000000
nw_retrain_6017_crossing_hard_seed2867967,M0,nsga2,8,0.00000000,0.66666667,0.00000000,28,25.00000000
nw_retrain_6017_crossing_hard_seed2867967,M1,nsga2,8,7.45019480,0.00000000,1.00000000,28,12.00000000
nw_retrain_6018_crossing_moderate_seed2867672,M0,nsga2,8,5.03326124,0.33333333,1.00000000,28,14.00000000
nw_retrain_6018_crossing_moderate_seed2867672,M1,nsga2,8,5.03326124,0.33333333,1.00000000,28,10.00000000
nw_retrain_6018_crossing_moderate_seed2867672,M0,nsga2,8,0.00598583,1.00000000,0.00000000,26,20.00000000
nw_retrain_6018_crossing_moderate_seed2867672,M1,nsga2,8,0.00598583,1.00000000,0.00000000,26,23.00000000
nw_retrain_6018_crossing_moderate_seed2867672,M0,nsga2,8,4.01945059,0.66666667,1.00000000,28,17.00000000
nw_retrain_6018_crossing_moderate_seed2867672,M1,nsga2,8,0.00000000,0.66666667,0.00000000,28,15.00000000
nw_retrain_6018_crossing_moderate_seed2867672,M0,nsga2,8,1.54689410,0.00000000,1.00000000,28,10.00000000
nw_retrain_6018_crossing_moderate_seed2867672,M1,nsga2,8,1.54689410,0.00000000,1.00000000,28,10.00000000
nw_retrain_6018_crossing_moderate_seed2867672,M0,nsga2,8,0.10858057,0.66666667,0.00000000,25,16.00000000
nw_retrain_6018_crossing_moderate_seed2867672,M1,nsga2,8,0.00000000,1.00000000,0.00000000,25,25.00000000
nw_retrain_6018_crossing_moderate_seed2867672,M0,nsga2,8,0.17348306,0.66666667,0.00000000,28,17.50000000
nw_retrain_6018_crossing_moderate_seed2867672,M1,nsga2,8,0.33177781,0.33333333,1.00000000,28,11.50000000
nw_retrain_6018_crossing_moderate_seed2867672,M0,nsga2,8,0.25480260,0.33333333,0.00000000,27,11.50000000
nw_retrain_6018_crossing_moderate_seed2867672,M1,nsga2,8,0.30486370,0.33333333,1.00000000,27,5.00000000
nw_retrain_6018_crossing_moderate_seed2867672,M0,nsga2,8,0.04308162,0.33333333,0.00000000,28,13.00000000
nw_retrain_6018_crossing_moderate_seed2867672,M1,nsga2,8,0.04067262,0.66666667,0.00000000,28,18.00000000
nw_retrain_6018_crossing_moderate_seed2867672,M0,nsga2,8,0.25969056,0.66666667,1.00000000,28,16.50000000
nw_retrain_6018_crossing_moderate_seed2867672,M1,nsga2,8,0.13367731,0.33333333,0.00000000,28,7.50000000
nw_retrain_6019_converging_moderate_seed2867770,M0,slsqp_multi,5,0.00000000,1.00000000,0.00000000,10,9.00000000
nw_retrain_6019_converging_moderate_seed2867770,M1,slsqp_multi,5,0.00000000,1.00000000,0.00000000,10,9.00000000
nw_retrain_6019_converging_moderate_seed2867770,M0,slsqp_multi,5,0.00000000,0.66666667,0.00000000,10,7.00000000
nw_retrain_6019_converging_moderate_seed2867770,M1,slsqp_multi,5,0.00000000,1.00000000,0.00000000,10,8.00000000
nw_retrain_6019_converging_moderate_seed2867770,M0,slsqp_multi,5,0.00000000,0.66666667,0.00000000,10,7.00000000
nw_retrain_6019_converging_moderate_seed2867770,M1,slsqp_multi,5,0.00000000,1.00000000,0.00000000,10,9.00000000
nw_retrain_6019_converging_moderate_seed2867770,M0,slsqp_multi,5,0.00000000,1.00000000,0.00000000,10,9.00000000
nw_retrain_6019_converging_moderate_seed2867770,M1,slsqp_multi,5,0.00000000,1.00000000,0.00000000,10,9.00000000
nw_retrain_6019_converging_moderate_seed2867770,M0,slsqp_multi,5,0.00000000,0.66666667,0.00000000,10,7.00000000
nw_retrain_6019_converging_moderate_seed2867770,M1,slsqp_multi,5,0.00000000,1.00000000,0.00000000,10,8.00000000
nw_retrain_6019_converging_moderate_seed2867770,M0,slsqp_multi,5,0.00000000,0.66666667,0.00000000,10,7.00000000
nw_retrain_6019_converging_moderate_seed2867770,M1,slsqp_multi,5,0.00000000,1.00000000,0.00000000,10,9.00000000
nw_retrain_6019_converging_moderate_seed2867770,M0,slsqp_multi,5,0.00000000,1.00000000,0.00000000,10,9.00000000
nw_retrain_6019_converging_moderate_seed2867770,M1,slsqp_multi,5,0.00000000,1.00000000,0.00000000,10,9.00000000
nw_retrain_6019_converging_moderate_seed2867770,M0,slsqp_multi,5,0.00000000,0.66666667,0.00000000,10,7.00000000
nw_retrain_6019_converging_moderate_seed2867770,M1,slsqp_multi,5,0.00000000,1.00000000,0.00000000,10,8.00000000
nw_retrain_6019_converging_moderate_seed2867770,M0,slsqp_multi,5,0.00000000,0.66666667,0.00000000,10,7.00000000
nw_retrain_6019_converging_moderate_seed2867770,M1,slsqp_multi,5,0.00000000,1.00000000,0.00000000,10,9.00000000
nw_retrain_6019_converging_moderate_seed2867770,M0,nsga2,8,28.36733317,0.00000000,1.00000000,28,11.00000000
nw_retrain_6019_converging_moderate_seed2867770,M1,nsga2,8,28.36733317,0.33333333,1.00000000,28,11.00000000
nw_retrain_6019_converging_moderate_seed2867770,M0,nsga2,8,0.00000000,1.00000000,0.00000000,28,19.00000000
nw_retrain_6019_converging_moderate_seed2867770,M1,nsga2,8,0.00000000,1.00000000,0.00000000,28,20.00000000
nw_retrain_6019_converging_moderate_seed2867770,M0,nsga2,8,14.12291048,0.66666667,1.00000000,27,13.00000000
nw_retrain_6019_converging_moderate_seed2867770,M1,nsga2,8,13.35555223,0.66666667,1.00000000,27,13.00000000
nw_retrain_6019_converging_moderate_seed2867770,M0,nsga2,8,20.46866974,0.66666667,1.00000000,28,19.00000000
nw_retrain_6019_converging_moderate_seed2867770,M1,nsga2,8,0.00000000,0.66666667,0.00000000,28,19.00000000
nw_retrain_6019_converging_moderate_seed2867770,M0,nsga2,8,9.17960720,0.66666667,1.00000000,27,15.00000000
nw_retrain_6019_converging_moderate_seed2867770,M1,nsga2,8,9.17960720,0.33333333,1.00000000,27,11.00000000
nw_retrain_6019_converging_moderate_seed2867770,M0,nsga2,8,3.24383503,0.33333333,1.00000000,27,18.00000000
nw_retrain_6019_converging_moderate_seed2867770,M1,nsga2,8,3.24383503,0.66666667,1.00000000,27,16.00000000
nw_retrain_6019_converging_moderate_seed2867770,M0,nsga2,8,0.48873777,0.33333333,0.00000000,28,14.00000000
nw_retrain_6019_converging_moderate_seed2867770,M1,nsga2,8,1.35047767,0.00000000,1.00000000,28,3.00000000
nw_retrain_6019_converging_moderate_seed2867770,M0,slsqp_multi,5,0.00000000,0.66666667,0.00000000,10,7.00000000
nw_retrain_6019_converging_moderate_seed2867770,M1,slsqp_multi,5,0.00000000,1.00000000,0.00000000,10,9.00000000
nw_retrain_6019_converging_moderate_seed2867770,M0,slsqp_multi,5,0.00000000,0.66666667,0.00000000,10,7.00000000
nw_retrain_6019_converging_moderate_seed2867770,M1,slsqp_multi,5,0.00000000,0.66666667,0.00000000,10,9.00000000
nw_retrain_6019_converging_moderate_seed2867770,M0,slsqp_multi,5,0.00000000,1.00000000,0.00000000,10,9.00000000
nw_retrain_6019_converging_moderate_seed2867770,M1,slsqp_multi,5,0.00000000,1.00000000,0.00000000,10,9.00000000
nw_retrain_6019_converging_moderate_seed2867770,M0,nsga2,8,0.00000000,0.66666667,0.00000000,28,24.00000000
nw_retrain_6019_converging_moderate_seed2867770,M1,nsga2,8,0.10973509,0.66666667,0.00000000,28,20.00000000
nw_retrain_6019_converging_moderate_seed2867770,M0,nsga2,8,1.55076271,0.66666667,1.00000000,28,17.00000000
nw_retrain_6019_converging_moderate_seed2867770,M1,nsga2,8,0.27541817,1.00000000,0.00000000,28,20.00000000
nw_retrain_6020_vertically_overlapping_moderate_seed2867868,M0,slsqp_multi,5,0.00000000,0.66666667,0.00000000,10,7.00000000
nw_retrain_6020_vertically_overlapping_moderate_seed2867868,M1,slsqp_multi,5,0.00000000,0.66666667,0.00000000,10,8.00000000
nw_retrain_6020_vertically_overlapping_moderate_seed2867868,M0,slsqp_multi,5,0.00000000,1.00000000,0.00000000,10,9.00000000
nw_retrain_6020_vertically_overlapping_moderate_seed2867868,M1,slsqp_multi,5,0.00000000,1.00000000,0.00000000,10,9.00000000
nw_retrain_6020_vertically_overlapping_moderate_seed2867868,M0,slsqp_multi,5,0.00000000,0.66666667,0.00000000,10,8.00000000
nw_retrain_6020_vertically_overlapping_moderate_seed2867868,M1,slsqp_multi,5,0.00000000,0.66666667,0.00000000,10,7.00000000
nw_retrain_6019_converging_moderate_seed2867770,M0,nsga2,8,0.23302345,0.33333333,1.00000000,28,7.50000000
nw_retrain_6019_converging_moderate_seed2867770,M1,nsga2,8,0.14960544,0.33333333,1.00000000,28,5.50000000
nw_retrain_6020_vertically_overlapping_moderate_seed2867868,M0,slsqp_multi,5,0.00000000,0.66666667,0.00000000,10,7.00000000
nw_retrain_6020_vertically_overlapping_moderate_seed2867868,M1,slsqp_multi,5,0.00000000,0.66666667,0.00000000,10,8.00000000
nw_retrain_6020_vertically_overlapping_moderate_seed2867868,M0,slsqp_multi,5,0.00000000,0.66666667,0.00000000,10,8.00000000
nw_retrain_6020_vertically_overlapping_moderate_seed2867868,M1,slsqp_multi,5,0.00000000,0.66666667,0.00000000,10,7.00000000
nw_retrain_6020_vertically_overlapping_moderate_seed2867868,M0,slsqp_multi,5,0.00000000,1.00000000,0.00000000,10,9.00000000
nw_retrain_6020_vertically_overlapping_moderate_seed2867868,M1,slsqp_multi,5,0.00000000,1.00000000,0.00000000,10,9.00000000
nw_retrain_6019_converging_moderate_seed2867770,M0,nsga2,8,0.09263277,0.33333333,0.00000000,28,15.50000000
nw_retrain_6019_converging_moderate_seed2867770,M1,nsga2,8,0.41090334,0.00000000,0.00000000,28,3.50000000
nw_retrain_6019_converging_moderate_seed2867770,M0,nsga2,8,1.05854017,0.00000000,1.00000000,28,2.50000000
nw_retrain_6019_converging_moderate_seed2867770,M1,nsga2,8,0.62150557,0.00000000,0.00000000,28,7.50000000
nw_retrain_6020_vertically_overlapping_moderate_seed2867868,M0,slsqp_multi,5,0.00000000,0.66666667,0.00000000,10,7.00000000
nw_retrain_6020_vertically_overlapping_moderate_seed2867868,M1,slsqp_multi,5,0.00000000,0.66666667,0.00000000,10,8.00000000
nw_retrain_6020_vertically_overlapping_moderate_seed2867868,M0,slsqp_multi,5,0.00000000,0.66666667,0.00000000,10,8.00000000
nw_retrain_6020_vertically_overlapping_moderate_seed2867868,M1,slsqp_multi,5,0.00000000,0.66666667,0.00000000,10,7.00000000
nw_retrain_6020_vertically_overlapping_moderate_seed2867868,M0,nsga2,8,0.47774543,0.66666667,0.00000000,28,24.00000000
nw_retrain_6020_vertically_overlapping_moderate_seed2867868,M1,nsga2,8,0.47774543,0.66666667,0.00000000,28,26.00000000
nw_retrain_6020_vertically_overlapping_moderate_seed2867868,M0,slsqp_multi,5,0.00000000,1.00000000,0.00000000,10,9.00000000
nw_retrain_6020_vertically_overlapping_moderate_seed2867868,M1,slsqp_multi,5,0.00000000,1.00000000,0.00000000,10,9.00000000
nw_retrain_6020_vertically_overlapping_moderate_seed2867868,M0,nsga2,8,0.00000000,0.66666667,0.00000000,28,20.00000000
nw_retrain_6020_vertically_overlapping_moderate_seed2867868,M1,nsga2,8,0.00000000,0.66666667,0.00000000,28,22.00000000
nw_retrain_6020_vertically_overlapping_moderate_seed2867868,M0,nsga2,8,0.00000000,0.66666667,0.00000000,28,19.00000000
nw_retrain_6020_vertically_overlapping_moderate_seed2867868,M1,nsga2,8,0.00000000,1.00000000,0.00000000,28,27.00000000
nw_retrain_6020_vertically_overlapping_moderate_seed2867868,M0,nsga2,8,1.46412540,1.00000000,1.00000000,28,19.00000000
nw_retrain_6020_vertically_overlapping_moderate_seed2867868,M1,nsga2,8,3.47793859,0.33333333,1.00000000,28,14.00000000
nw_retrain_6020_vertically_overlapping_moderate_seed2867868,M0,nsga2,8,0.00000000,0.66666667,0.00000000,27,21.00000000
nw_retrain_6020_vertically_overlapping_moderate_seed2867868,M1,nsga2,8,5.66305085,0.66666667,1.00000000,27,20.00000000
nw_retrain_6020_vertically_overlapping_moderate_seed2867868,M0,nsga2,8,2.22650161,0.33333333,1.00000000,27,14.00000000
nw_retrain_6020_vertically_overlapping_moderate_seed2867868,M1,nsga2,8,0.13384554,1.00000000,0.00000000,27,24.00000000
nw_retrain_6020_vertically_overlapping_moderate_seed2867868,M0,slsqp_multi,5,0.00000000,0.66666667,0.00000000,10,7.00000000
nw_retrain_6020_vertically_overlapping_moderate_seed2867868,M1,slsqp_multi,5,0.00000000,1.00000000,0.00000000,10,8.00000000
nw_retrain_6020_vertically_overlapping_moderate_seed2867868,M0,nsga2,8,0.00000000,0.33333333,0.00000000,28,20.00000000
nw_retrain_6020_vertically_overlapping_moderate_seed2867868,M1,nsga2,8,0.00000000,0.66666667,0.00000000,28,23.00000000
nw_retrain_6020_vertically_overlapping_moderate_seed2867868,M0,slsqp_multi,5,0.00000000,1.00000000,0.00000000,10,10.00000000
nw_retrain_6020_vertically_overlapping_moderate_seed2867868,M1,slsqp_multi,5,0.00000000,1.00000000,0.00000000,10,10.00000000
nw_retrain_6020_vertically_overlapping_moderate_seed2867868,M0,nsga2,8,0.00000000,0.66666667,0.00000000,28,22.00000000
nw_retrain_6020_vertically_overlapping_moderate_seed2867868,M1,nsga2,8,0.24640609,0.33333333,0.00000000,28,18.00000000
nw_retrain_6020_vertically_overlapping_moderate_seed2867868,M0,slsqp_multi,5,0.00000000,0.66666667,0.00000000,10,8.00000000
nw_retrain_6020_vertically_overlapping_moderate_seed2867868,M1,slsqp_multi,5,0.00000000,0.66666667,0.00000000,10,7.00000000
nw_retrain_6020_vertically_overlapping_moderate_seed2867868,M0,nsga2,8,0.00000000,0.66666667,0.00000000,28,22.00000000
nw_retrain_6020_vertically_overlapping_moderate_seed2867868,M1,nsga2,8,1.26573880,0.66666667,1.00000000,28,16.00000000
nw_retrain_6020_vertically_overlapping_moderate_seed2867868,M0,nsga2,8,0.33076670,0.33333333,0.00000000,28,14.00000000
nw_retrain_6020_vertically_overlapping_moderate_seed2867868,M1,nsga2,8,0.60219105,0.00000000,1.00000000,28,11.00000000
nw_retrain_6020_vertically_overlapping_moderate_seed2867868,M0,nsga2,8,0.00000000,1.00000000,0.00000000,28,25.00000000
nw_retrain_6020_vertically_overlapping_moderate_seed2867868,M1,nsga2,8,0.00000000,0.66666667,0.00000000,28,20.00000000
nw_retrain_6020_vertically_overlapping_moderate_seed2867868,M0,nsga2,8,0.27161408,0.33333333,0.00000000,28,17.00000000
nw_retrain_6020_vertically_overlapping_moderate_seed2867868,M1,nsga2,8,0.93091485,0.00000000,1.00000000,28,9.00000000
nw_retrain_6022_converging_easy_seed2868064,M0,slsqp_multi,5,0.00000000,1.00000000,0.00000000,10,9.00000000
nw_retrain_6022_converging_easy_seed2868064,M1,slsqp_multi,5,0.00000000,1.00000000,0.00000000,10,9.00000000
nw_retrain_6022_converging_easy_seed2868064,M0,slsqp_multi,5,0.00000000,0.66666667,0.00000000,10,8.00000000
nw_retrain_6022_converging_easy_seed2868064,M1,slsqp_multi,5,0.00000000,0.66666667,0.00000000,10,9.00000000
nw_retrain_6022_converging_easy_seed2868064,M0,slsqp_multi,5,0.00000000,0.66666667,0.00000000,10,7.00000000
nw_retrain_6022_converging_easy_seed2868064,M1,slsqp_multi,5,0.00000000,0.66666667,0.00000000,10,7.00000000
nw_retrain_6022_converging_easy_seed2868064,M0,slsqp_multi,5,0.00000000,1.00000000,0.00000000,10,9.00000000
nw_retrain_6022_converging_easy_seed2868064,M1,slsqp_multi,5,0.00000000,1.00000000,0.00000000,10,9.00000000
nw_retrain_6022_converging_easy_seed2868064,M0,slsqp_multi,5,0.00000000,0.66666667,0.00000000,10,8.00000000
nw_retrain_6022_converging_easy_seed2868064,M1,slsqp_multi,5,0.00000000,0.66666667,0.00000000,10,9.00000000
nw_retrain_6022_converging_easy_seed2868064,M0,slsqp_multi,5,0.00000000,0.66666667,0.00000000,10,7.00000000
nw_retrain_6022_converging_easy_seed2868064,M1,slsqp_multi,5,0.00000000,0.66666667,0.00000000,10,7.00000000
nw_retrain_6022_converging_easy_seed2868064,M0,slsqp_multi,5,0.00000000,1.00000000,0.00000000,10,9.00000000
nw_retrain_6022_converging_easy_seed2868064,M1,slsqp_multi,5,0.00000000,1.00000000,0.00000000,10,9.00000000
nw_retrain_6022_converging_easy_seed2868064,M0,slsqp_multi,5,0.00000000,0.66666667,0.00000000,10,8.00000000
nw_retrain_6022_converging_easy_seed2868064,M1,slsqp_multi,5,0.00000000,0.66666667,0.00000000,10,9.00000000
nw_retrain_6022_converging_easy_seed2868064,M0,slsqp_multi,5,0.00000000,0.66666667,0.00000000,10,7.00000000
nw_retrain_6022_converging_easy_seed2868064,M1,slsqp_multi,5,0.00000000,0.66666667,0.00000000,10,7.00000000
nw_retrain_6022_converging_easy_seed2868064,M0,nsga2,8,3.64341892,0.33333333,1.00000000,28,12.00000000
nw_retrain_6022_converging_easy_seed2868064,M1,nsga2,8,1.92303909,0.33333333,1.00000000,28,15.00000000
nw_retrain_6022_converging_easy_seed2868064,M0,nsga2,8,0.00000000,0.33333333,0.00000000,28,12.00000000
nw_retrain_6022_converging_easy_seed2868064,M1,nsga2,8,7.74641204,0.66666667,1.00000000,28,15.00000000
nw_retrain_6022_converging_easy_seed2868064,M0,nsga2,8,15.07789091,0.66666667,1.00000000,28,17.00000000
nw_retrain_6022_converging_easy_seed2868064,M1,nsga2,8,2.95553053,0.33333333,1.00000000,28,16.00000000
nw_retrain_6022_converging_easy_seed2868064,M0,nsga2,8,1.82212977,0.66666667,1.00000000,27,17.00000000
nw_retrain_6022_converging_easy_seed2868064,M1,nsga2,8,2.34533047,0.33333333,1.00000000,27,13.00000000
nw_retrain_6022_converging_easy_seed2868064,M0,nsga2,8,0.85417607,0.00000000,1.00000000,28,12.00000000
nw_retrain_6022_converging_easy_seed2868064,M1,nsga2,8,0.85417607,0.33333333,1.00000000,28,16.00000000
nw_retrain_6022_converging_easy_seed2868064,M0,nsga2,8,15.36693978,0.00000000,1.00000000,28,9.00000000
nw_retrain_6022_converging_easy_seed2868064,M1,nsga2,8,1.02006577,0.33333333,1.00000000,28,14.00000000
nw_retrain_6022_converging_easy_seed2868064,M0,nsga2,8,1.11932517,0.00000000,1.00000000,28,8.00000000
nw_retrain_6022_converging_easy_seed2868064,M1,nsga2,8,0.68808773,0.00000000,1.00000000,28,6.00000000
nw_retrain_6022_converging_easy_seed2868064,M0,nsga2,8,0.00000000,0.66666667,0.00000000,27,18.00000000
nw_retrain_6022_converging_easy_seed2868064,M1,nsga2,8,2.28737088,0.33333333,1.00000000,27,13.00000000
nw_retrain_6022_converging_easy_seed2868064,M0,slsqp_multi,5,6.34708326,1.00000000,1.00000000,10,9.00000000
nw_retrain_6022_converging_easy_seed2868064,M1,slsqp_multi,5,6.34708326,1.00000000,1.00000000,10,9.00000000
nw_retrain_6022_converging_easy_seed2868064,M0,nsga2,8,0.71437868,0.33333333,1.00000000,28,12.50000000
nw_retrain_6022_converging_easy_seed2868064,M1,nsga2,8,0.52963784,0.33333333,0.00000000,28,12.50000000
nw_retrain_6022_converging_easy_seed2868064,M0,slsqp_multi,5,0.00000000,0.66666667,0.00000000,10,8.00000000
nw_retrain_6022_converging_easy_seed2868064,M1,slsqp_multi,5,0.00000000,0.66666667,0.00000000,10,9.00000000
nw_retrain_6022_converging_easy_seed2868064,M0,slsqp_multi,5,0.00000000,0.66666667,0.00000000,10,8.00000000
nw_retrain_6022_converging_easy_seed2868064,M1,slsqp_multi,5,4.48030720,0.66666667,1.00000000,10,7.00000000
nw_retrain_6027_approximately_parallel_easy_seed2868554,M0,slsqp_multi,5,0.00000000,0.66666667,0.00000000,10,7.00000000
nw_retrain_6027_approximately_parallel_easy_seed2868554,M1,slsqp_multi,5,0.00000000,0.66666667,0.00000000,10,8.00000000
nw_retrain_6027_approximately_parallel_easy_seed2868554,M0,slsqp_multi,5,26.67217375,0.66666667,1.00000000,10,7.00000000
nw_retrain_6027_approximately_parallel_easy_seed2868554,M1,slsqp_multi,5,26.67217375,1.00000000,1.00000000,10,8.00000000
nw_retrain_6027_approximately_parallel_easy_seed2868554,M0,slsqp_multi,5,0.00000000,1.00000000,0.00000000,10,9.00000000
nw_retrain_6027_approximately_parallel_easy_seed2868554,M1,slsqp_multi,5,26.72380425,1.00000000,1.00000000,10,8.00000000
nw_retrain_6027_approximately_parallel_easy_seed2868554,M0,slsqp_multi,5,0.00000000,0.66666667,0.00000000,10,7.00000000
nw_retrain_6027_approximately_parallel_easy_seed2868554,M1,slsqp_multi,5,0.00000000,0.66666667,0.00000000,10,8.00000000
nw_retrain_6027_approximately_parallel_easy_seed2868554,M0,slsqp_multi,5,26.65977081,0.66666667,1.00000000,10,7.00000000
nw_retrain_6027_approximately_parallel_easy_seed2868554,M1,slsqp_multi,5,26.65977081,1.00000000,1.00000000,10,8.00000000
nw_retrain_6027_approximately_parallel_easy_seed2868554,M0,slsqp_multi,5,26.71140131,1.00000000,1.00000000,10,8.00000000
nw_retrain_6027_approximately_parallel_easy_seed2868554,M1,slsqp_multi,5,26.71140131,1.00000000,1.00000000,10,8.00000000
nw_retrain_6022_converging_easy_seed2868064,M0,nsga2,8,0.09120446,0.33333333,0.00000000,27,14.00000000
nw_retrain_6022_converging_easy_seed2868064,M1,nsga2,8,0.09120446,0.33333333,0.00000000,27,12.00000000
nw_retrain_6022_converging_easy_seed2868064,M0,nsga2,8,0.20822003,0.00000000,0.00000000,28,12.50000000
nw_retrain_6022_converging_easy_seed2868064,M1,nsga2,8,0.20822003,0.33333333,0.00000000,28,16.00000000
nw_retrain_6027_approximately_parallel_easy_seed2868554,M0,slsqp_multi,5,0.00000000,0.66666667,0.00000000,10,7.00000000
nw_retrain_6027_approximately_parallel_easy_seed2868554,M1,slsqp_multi,5,0.00000000,0.66666667,0.00000000,10,8.00000000
nw_retrain_6027_approximately_parallel_easy_seed2868554,M0,slsqp_multi,5,26.69321713,0.66666667,1.00000000,10,7.00000000
nw_retrain_6027_approximately_parallel_easy_seed2868554,M1,slsqp_multi,5,26.69321713,1.00000000,1.00000000,10,8.00000000
nw_retrain_6022_converging_easy_seed2868064,M0,nsga2,8,0.48230819,0.66666667,0.00000000,28,19.00000000
nw_retrain_6022_converging_easy_seed2868064,M1,nsga2,8,0.75669166,0.66666667,1.00000000,28,16.00000000
nw_retrain_6027_approximately_parallel_easy_seed2868554,M0,slsqp_multi,5,26.74484763,1.00000000,1.00000000,10,8.00000000
nw_retrain_6027_approximately_parallel_easy_seed2868554,M1,slsqp_multi,5,26.74484763,1.00000000,1.00000000,10,8.00000000
nw_retrain_6027_approximately_parallel_easy_seed2868554,M0,nsga2,8,10.81548999,0.00000000,1.00000000,28,7.00000000
nw_retrain_6027_approximately_parallel_easy_seed2868554,M1,nsga2,8,11.07494710,0.00000000,1.00000000,28,7.00000000
nw_retrain_6027_approximately_parallel_easy_seed2868554,M0,nsga2,8,3.05443697,0.33333333,1.00000000,28,16.00000000
nw_retrain_6027_approximately_parallel_easy_seed2868554,M1,nsga2,8,6.42957167,0.33333333,1.00000000,28,14.00000000
nw_retrain_6027_approximately_parallel_easy_seed2868554,M0,nsga2,8,13.74280675,0.66666667,1.00000000,28,18.00000000
nw_retrain_6027_approximately_parallel_easy_seed2868554,M1,nsga2,8,13.74280675,0.33333333,1.00000000,28,15.00000000
nw_retrain_6027_approximately_parallel_easy_seed2868554,M0,nsga2,8,6.21508003,0.00000000,1.00000000,28,7.00000000
nw_retrain_6027_approximately_parallel_easy_seed2868554,M1,nsga2,8,0.00000000,0.66666667,0.00000000,28,13.00000000
nw_retrain_6027_approximately_parallel_easy_seed2868554,M0,nsga2,8,9.75175499,0.00000000,1.00000000,28,8.00000000
nw_retrain_6027_approximately_parallel_easy_seed2868554,M1,nsga2,8,12.63743932,0.00000000,1.00000000,28,8.00000000
nw_retrain_6027_approximately_parallel_easy_seed2868554,M0,nsga2,8,3.00672255,0.66666667,1.00000000,28,11.00000000
nw_retrain_6027_approximately_parallel_easy_seed2868554,M1,nsga2,8,3.00672255,0.66666667,1.00000000,28,14.00000000
nw_retrain_6027_approximately_parallel_easy_seed2868554,M0,slsqp_multi,5,0.00000000,0.66666667,0.00000000,10,7.00000000
nw_retrain_6027_approximately_parallel_easy_seed2868554,M1,slsqp_multi,5,0.00000000,0.66666667,0.00000000,10,8.00000000
nw_retrain_6027_approximately_parallel_easy_seed2868554,M0,slsqp_multi,5,26.60184832,0.66666667,1.00000000,10,7.00000000
nw_retrain_6027_approximately_parallel_easy_seed2868554,M1,slsqp_multi,5,26.60184832,1.00000000,1.00000000,10,8.00000000
nw_retrain_6027_approximately_parallel_easy_seed2868554,M0,nsga2,8,0.22060650,0.66666667,0.00000000,28,19.00000000
nw_retrain_6027_approximately_parallel_easy_seed2868554,M1,nsga2,8,0.30528331,0.33333333,0.00000000,28,21.00000000
nw_retrain_6027_approximately_parallel_easy_seed2868554,M0,nsga2,8,1.36235303,0.33333333,1.00000000,27,13.00000000
nw_retrain_6027_approximately_parallel_easy_seed2868554,M1,nsga2,8,1.89747857,0.66666667,1.00000000,27,19.00000000
nw_retrain_6027_approximately_parallel_easy_seed2868554,M0,nsga2,8,1.79608063,0.00000000,1.00000000,28,3.00000000
nw_retrain_6027_approximately_parallel_easy_seed2868554,M1,nsga2,8,1.76794342,0.00000000,1.00000000,28,10.00000000
nw_retrain_6027_approximately_parallel_easy_seed2868554,M0,slsqp_multi,5,26.65347882,1.00000000,1.00000000,10,8.00000000
nw_retrain_6027_approximately_parallel_easy_seed2868554,M1,slsqp_multi,5,26.65347882,1.00000000,1.00000000,10,8.00000000
nw_retrain_6027_approximately_parallel_easy_seed2868554,M0,nsga2,8,0.14554634,0.00000000,1.00000000,28,4.00000000
nw_retrain_6027_approximately_parallel_easy_seed2868554,M1,nsga2,8,0.14554634,0.33333333,1.00000000,28,12.50000000
nw_retrain_6028_converging_easy_seed2868652,M0,slsqp_multi,5,0.00000000,1.00000000,0.00000000,10,10.00000000
nw_retrain_6028_converging_easy_seed2868652,M1,slsqp_multi,5,0.00000000,0.66666667,0.00000000,10,8.00000000
nw_retrain_6027_approximately_parallel_easy_seed2868554,M0,nsga2,8,0.24616663,0.33333333,0.00000000,28,11.00000000
nw_retrain_6027_approximately_parallel_easy_seed2868554,M1,nsga2,8,0.27027096,0.00000000,1.00000000,28,7.00000000
nw_retrain_6027_approximately_parallel_easy_seed2868554,M0,nsga2,8,0.06519061,0.33333333,0.00000000,28,16.00000000
nw_retrain_6027_approximately_parallel_easy_seed2868554,M1,nsga2,8,0.19021186,0.00000000,0.00000000,28,12.00000000
nw_retrain_6028_converging_easy_seed2868652,M0,slsqp_multi,5,0.00000000,1.00000000,0.00000000,10,9.00000000
nw_retrain_6028_converging_easy_seed2868652,M1,slsqp_multi,5,0.00000000,1.00000000,0.00000000,10,9.00000000
nw_retrain_6028_converging_easy_seed2868652,M0,slsqp_multi,5,0.00000000,0.66666667,0.00000000,10,8.00000000
nw_retrain_6028_converging_easy_seed2868652,M1,slsqp_multi,5,0.00000000,0.66666667,0.00000000,10,8.00000000
nw_retrain_6028_converging_easy_seed2868652,M0,slsqp_multi,5,0.00000000,1.00000000,0.00000000,10,9.00000000
nw_retrain_6028_converging_easy_seed2868652,M1,slsqp_multi,5,0.00000000,1.00000000,0.00000000,10,9.00000000
nw_retrain_6028_converging_easy_seed2868652,M0,slsqp_multi,5,0.00000000,1.00000000,0.00000000,10,10.00000000
nw_retrain_6028_converging_easy_seed2868652,M1,slsqp_multi,5,4.78081249,0.66666667,1.00000000,10,7.00000000
nw_retrain_6028_converging_easy_seed2868652,M0,slsqp_multi,5,0.00000000,0.66666667,0.00000000,10,8.00000000
nw_retrain_6028_converging_easy_seed2868652,M1,slsqp_multi,5,0.00000000,0.66666667,0.00000000,10,8.00000000
nw_retrain_6028_converging_easy_seed2868652,M0,slsqp_multi,5,0.00000000,1.00000000,0.00000000,10,10.00000000
nw_retrain_6028_converging_easy_seed2868652,M1,slsqp_multi,5,0.00000000,0.66666667,0.00000000,10,8.00000000
nw_retrain_6028_converging_easy_seed2868652,M0,slsqp_multi,5,0.00000000,1.00000000,0.00000000,10,9.00000000
nw_retrain_6028_converging_easy_seed2868652,M1,slsqp_multi,5,0.00000000,1.00000000,0.00000000,10,9.00000000
nw_retrain_6028_converging_easy_seed2868652,M0,slsqp_multi,5,0.00000000,0.66666667,0.00000000,10,8.00000000
nw_retrain_6028_converging_easy_seed2868652,M1,slsqp_multi,5,0.00000000,0.66666667,0.00000000,10,8.00000000
nw_retrain_6028_converging_easy_seed2868652,M0,nsga2,8,3.95125586,0.33333333,1.00000000,28,14.00000000
nw_retrain_6028_converging_easy_seed2868652,M1,nsga2,8,2.15530680,0.00000000,1.00000000,28,13.00000000
nw_retrain_6028_converging_easy_seed2868652,M0,nsga2,8,0.62509679,0.66666667,0.00000000,28,18.00000000
nw_retrain_6028_converging_easy_seed2868652,M1,nsga2,8,0.62509679,0.66666667,0.00000000,28,15.00000000
nw_retrain_6028_converging_easy_seed2868652,M0,nsga2,8,6.38835343,0.33333333,1.00000000,28,10.00000000
nw_retrain_6028_converging_easy_seed2868652,M1,nsga2,8,1.38130506,0.33333333,1.00000000,28,13.00000000
nw_retrain_6028_converging_easy_seed2868652,M0,nsga2,8,0.22055744,0.33333333,0.00000000,28,11.00000000
nw_retrain_6028_converging_easy_seed2868652,M1,nsga2,8,0.22055744,0.66666667,0.00000000,28,16.00000000
nw_retrain_6028_converging_easy_seed2868652,M0,nsga2,8,0.00000000,0.33333333,0.00000000,28,15.00000000
nw_retrain_6028_converging_easy_seed2868652,M1,nsga2,8,0.99428003,0.33333333,1.00000000,28,15.00000000
nw_retrain_6028_converging_easy_seed2868652,M0,nsga2,8,1.22544772,0.00000000,1.00000000,28,7.00000000
nw_retrain_6028_converging_easy_seed2868652,M1,nsga2,8,0.71014826,0.00000000,1.00000000,28,6.00000000
nw_retrain_6028_converging_easy_seed2868652,M0,slsqp_multi,5,0.00000000,1.00000000,0.00000000,10,10.00000000
nw_retrain_6028_converging_easy_seed2868652,M1,slsqp_multi,5,0.00000000,0.66666667,0.00000000,10,8.00000000
nw_retrain_6028_converging_easy_seed2868652,M0,slsqp_multi,5,0.00000000,1.00000000,0.00000000,10,8.00000000
nw_retrain_6028_converging_easy_seed2868652,M1,slsqp_multi,5,0.00000000,1.00000000,0.00000000,10,9.00000000
nw_retrain_6028_converging_easy_seed2868652,M0,slsqp_multi,5,0.00000000,1.00000000,0.00000000,10,9.00000000
nw_retrain_6028_converging_easy_seed2868652,M1,slsqp_multi,5,0.00000000,1.00000000,0.00000000,10,9.00000000
nw_retrain_6028_converging_easy_seed2868652,M0,nsga2,8,0.00000000,0.33333333,0.00000000,28,17.00000000
nw_retrain_6028_converging_easy_seed2868652,M1,nsga2,8,0.18946471,0.33333333,0.00000000,28,16.00000000
nw_retrain_6028_converging_easy_seed2868652,M0,nsga2,8,0.10509349,0.66666667,0.00000000,28,21.00000000
nw_retrain_6028_converging_easy_seed2868652,M1,nsga2,8,0.10509349,0.66666667,0.00000000,28,23.00000000
nw_retrain_6028_converging_easy_seed2868652,M0,nsga2,8,1.65534856,0.33333333,1.00000000,28,6.00000000
nw_retrain_6028_converging_easy_seed2868652,M1,nsga2,8,1.65534856,0.00000000,1.00000000,28,6.00000000
nw_retrain_6028_converging_easy_seed2868652,M0,nsga2,8,0.00213882,0.66666667,0.00000000,28,12.00000000
nw_retrain_6028_converging_easy_seed2868652,M1,nsga2,8,0.00213882,0.33333333,0.00000000,28,11.00000000
nw_retrain_6028_converging_easy_seed2868652,M0,nsga2,8,0.24021221,0.33333333,1.00000000,28,10.00000000
nw_retrain_6028_converging_easy_seed2868652,M1,nsga2,8,0.01396103,0.33333333,1.00000000,28,12.00000000
nw_retrain_6028_converging_easy_seed2868652,M0,nsga2,8,0.35018223,0.00000000,1.00000000,28,3.00000000
nw_retrain_6028_converging_easy_seed2868652,M1,nsga2,8,0.10657144,0.33333333,0.00000000,28,14.00000000
nw_retrain_5000_none_easy_seed2768563,M0,slsqp_multi,5,0.00000000,0.66666667,0.00000000,10,8.00000000
nw_retrain_5000_none_easy_seed2768563,M1,slsqp_multi,5,0.00000000,0.66666667,0.00000000,10,8.00000000
nw_retrain_5000_none_easy_seed2768563,M0,slsqp_multi,5,0.00000000,0.66666667,0.00000000,10,7.00000000
nw_retrain_5000_none_easy_seed2768563,M1,slsqp_multi,5,0.00000000,0.66666667,0.00000000,10,6.00000000
nw_retrain_5000_none_easy_seed2768563,M0,slsqp_multi,5,0.00000000,0.66666667,0.00000000,10,6.00000000
nw_retrain_5000_none_easy_seed2768563,M1,slsqp_multi,5,0.00000000,0.66666667,0.00000000,10,8.00000000
nw_retrain_5000_none_easy_seed2768563,M0,nsga2,8,0.20234182,0.00000000,0.00000000,28,9.00000000
nw_retrain_5000_none_easy_seed2768563,M1,nsga2,8,0.19101514,0.33333333,0.00000000,28,11.00000000
nw_retrain_5000_none_easy_seed2768563,M0,nsga2,8,0.17239828,0.33333333,0.00000000,28,12.50000000
nw_retrain_5000_none_easy_seed2768563,M1,nsga2,8,0.00000000,0.66666667,0.00000000,28,18.50000000
nw_retrain_5000_none_easy_seed2768563,M0,slsqp_multi,5,3.01285295,0.66666667,1.00000000,10,4.00000000
nw_retrain_5000_none_easy_seed2768563,M1,slsqp_multi,5,0.02368113,0.66666667,0.00000000,10,7.00000000
nw_retrain_5000_none_easy_seed2768563,M0,nsga2,8,0.13005829,0.33333333,0.00000000,28,12.00000000
nw_retrain_5000_none_easy_seed2768563,M1,nsga2,8,0.07488085,0.33333333,0.00000000,28,11.00000000
nw_retrain_5000_none_easy_seed2768563,M0,slsqp_multi,5,0.00000000,0.66666667,0.00000000,10,7.00000000
nw_retrain_5000_none_easy_seed2768563,M1,slsqp_multi,5,0.00000000,0.66666667,0.00000000,10,7.00000000
nw_retrain_5000_none_easy_seed2768563,M0,slsqp_multi,5,0.00000000,1.00000000,0.00000000,10,9.00000000
nw_retrain_5000_none_easy_seed2768563,M1,slsqp_multi,5,0.00000000,1.00000000,0.00000000,10,10.00000000
nw_retrain_5000_none_easy_seed2768563,M0,nsga2,8,0.00000000,0.66666667,0.00000000,28,21.50000000
nw_retrain_5000_none_easy_seed2768563,M1,nsga2,8,0.00000000,0.66666667,0.00000000,28,22.00000000
nw_retrain_5001_none_easy_seed2768006,M0,slsqp_multi,5,0.59131441,0.66666667,0.00000000,10,7.00000000
nw_retrain_5001_none_easy_seed2768006,M1,slsqp_multi,5,0.59131441,0.66666667,0.00000000,10,7.00000000
nw_retrain_5001_none_easy_seed2768006,M0,slsqp_multi,5,1.11985919,0.66666667,1.00000000,10,6.00000000
nw_retrain_5001_none_easy_seed2768006,M1,slsqp_multi,5,1.11985919,1.00000000,1.00000000,10,8.00000000
nw_retrain_5001_none_easy_seed2768006,M0,slsqp_multi,5,0.65262098,1.00000000,0.00000000,10,7.00000000
nw_retrain_5001_none_easy_seed2768006,M1,slsqp_multi,5,0.00000000,1.00000000,0.00000000,10,9.00000000
nw_retrain_5000_none_easy_seed2768563,M0,nsga2,8,0.10669248,0.66666667,0.00000000,28,21.00000000
nw_retrain_5000_none_easy_seed2768563,M1,nsga2,8,0.20549563,0.66666667,0.00000000,28,11.00000000
nw_retrain_5001_none_easy_seed2768006,M0,nsga2,8,0.00000000,0.33333333,0.00000000,28,12.00000000
nw_retrain_5001_none_easy_seed2768006,M1,nsga2,8,0.19049946,0.33333333,1.00000000,28,12.00000000
nw_retrain_5000_none_easy_seed2768563,M0,nsga2,8,0.02284686,0.00000000,0.00000000,28,11.00000000
nw_retrain_5000_none_easy_seed2768563,M1,nsga2,8,0.01134398,0.33333333,0.00000000,28,11.00000000
nw_retrain_5001_none_easy_seed2768006,M0,slsqp_multi,5,1.11985919,0.66666667,1.00000000,10,6.00000000
nw_retrain_5001_none_easy_seed2768006,M1,slsqp_multi,5,1.11985919,0.66666667,1.00000000,10,6.00000000
nw_retrain_5001_none_easy_seed2768006,M0,slsqp_multi,5,0.08270801,0.66666667,0.00000000,10,7.00000000
nw_retrain_5001_none_easy_seed2768006,M1,slsqp_multi,5,7.61652057,0.66666667,1.00000000,10,5.00000000
nw_retrain_5001_none_easy_seed2768006,M0,nsga2,8,0.11889807,0.66666667,0.00000000,28,14.50000000
nw_retrain_5001_none_easy_seed2768006,M1,nsga2,8,0.11889807,0.33333333,0.00000000,28,17.00000000
nw_retrain_5001_none_easy_seed2768006,M0,slsqp_multi,5,0.69033872,0.66666667,0.00000000,10,6.00000000
nw_retrain_5001_none_easy_seed2768006,M1,slsqp_multi,5,8.03579178,0.66666667,1.00000000,10,6.00000000
nw_retrain_5001_none_easy_seed2768006,M0,nsga2,8,0.00143348,0.33333333,0.00000000,28,16.50000000
nw_retrain_5001_none_easy_seed2768006,M1,nsga2,8,0.03327577,0.00000000,1.00000000,28,6.50000000
nw_retrain_5001_none_easy_seed2768006,M0,nsga2,8,0.24664132,0.33333333,1.00000000,28,11.00000000
nw_retrain_5001_none_easy_seed2768006,M1,nsga2,8,0.10992324,0.33333333,0.00000000,28,11.00000000
nw_retrain_5002_none_easy_seed2768235,M0,slsqp_multi,5,0.00000000,1.00000000,0.00000000,10,9.00000000
nw_retrain_5002_none_easy_seed2768235,M1,slsqp_multi,5,0.00000000,1.00000000,0.00000000,10,9.00000000
nw_retrain_5001_none_easy_seed2768006,M0,nsga2,8,0.11621373,0.33333333,1.00000000,28,7.00000000
nw_retrain_5001_none_easy_seed2768006,M1,nsga2,8,0.11621373,0.33333333,1.00000000,28,11.50000000
nw_retrain_5001_none_easy_seed2768006,M0,nsga2,8,0.00315617,0.66666667,0.00000000,27,22.00000000
nw_retrain_5001_none_easy_seed2768006,M1,nsga2,8,0.01377309,0.00000000,0.00000000,27,13.00000000
nw_retrain_5002_none_easy_seed2768235,M0,slsqp_multi,5,0.00000000,1.00000000,0.00000000,10,9.00000000
nw_retrain_5002_none_easy_seed2768235,M1,slsqp_multi,5,7.35800142,1.00000000,1.00000000,10,7.00000000
nw_retrain_5002_none_easy_seed2768235,M0,slsqp_multi,5,0.00000000,0.66666667,0.00000000,10,9.00000000
nw_retrain_5002_none_easy_seed2768235,M1,slsqp_multi,5,0.00000000,1.00000000,0.00000000,10,10.00000000
nw_retrain_5002_none_easy_seed2768235,M0,nsga2,8,0.19871005,0.33333333,1.00000000,27,4.50000000
nw_retrain_5002_none_easy_seed2768235,M1,nsga2,8,0.00000000,0.33333333,0.00000000,27,15.50000000
nw_retrain_5002_none_easy_seed2768235,M0,nsga2,8,0.19419112,0.00000000,0.00000000,28,6.50000000
nw_retrain_5002_none_easy_seed2768235,M1,nsga2,8,0.00000000,0.66666667,0.00000000,28,16.50000000
nw_retrain_5002_none_easy_seed2768235,M0,nsga2,8,0.35175396,0.33333333,0.00000000,28,11.00000000
nw_retrain_5002_none_easy_seed2768235,M1,nsga2,8,0.52026296,0.00000000,1.00000000,28,6.00000000
nw_retrain_5002_none_easy_seed2768235,M0,slsqp_multi,5,0.00000000,0.66666667,0.00000000,10,8.00000000
nw_retrain_5002_none_easy_seed2768235,M1,slsqp_multi,5,0.00000000,0.66666667,0.00000000,10,9.00000000
nw_retrain_5002_none_easy_seed2768235,M0,slsqp_multi,5,6.15579306,1.00000000,1.00000000,10,9.00000000
nw_retrain_5002_none_easy_seed2768235,M1,slsqp_multi,5,6.15579306,0.66666667,1.00000000,10,7.00000000
nw_retrain_5002_none_easy_seed2768235,M0,slsqp_multi,5,0.00000000,1.00000000,0.00000000,10,10.00000000
nw_retrain_5002_none_easy_seed2768235,M1,slsqp_multi,5,6.75924006,1.00000000,1.00000000,10,8.00000000
nw_retrain_5002_none_easy_seed2768235,M0,nsga2,8,0.07483570,0.00000000,0.00000000,28,10.50000000
nw_retrain_5002_none_easy_seed2768235,M1,nsga2,8,0.02427110,0.33333333,0.00000000,28,15.00000000
nw_retrain_5002_none_easy_seed2768235,M0,nsga2,8,0.01538121,1.00000000,0.00000000,28,24.50000000
nw_retrain_5002_none_easy_seed2768235,M1,nsga2,8,0.00000000,0.66666667,0.00000000,28,19.50000000
nw_retrain_5002_none_easy_seed2768235,M0,nsga2,8,0.22736324,0.66666667,0.00000000,28,19.00000000
nw_retrain_5002_none_easy_seed2768235,M1,nsga2,8,0.09354242,0.33333333,0.00000000,28,16.00000000
nw_retrain_6000_approximately_parallel_moderate_seed2866039,M0,slsqp_multi,5,1.52326981,1.00000000,1.00000000,10,8.00000000
nw_retrain_6000_approximately_parallel_moderate_seed2866039,M1,slsqp_multi,5,1.52326981,1.00000000,1.00000000,10,8.00000000
nw_retrain_6000_approximately_parallel_moderate_seed2866039,M0,slsqp_multi,5,6.49369888,1.00000000,1.00000000,10,7.00000000
nw_retrain_6000_approximately_parallel_moderate_seed2866039,M1,slsqp_multi,5,6.49369888,1.00000000,1.00000000,10,8.00000000
nw_retrain_6000_approximately_parallel_moderate_seed2866039,M0,slsqp_multi,5,0.00000000,1.00000000,0.00000000,10,9.00000000
nw_retrain_6000_approximately_parallel_moderate_seed2866039,M1,slsqp_multi,5,7.65869144,1.00000000,1.00000000,10,8.00000000
nw_retrain_6000_approximately_parallel_moderate_seed2866039,M0,nsga2,8,0.06503159,0.00000000,0.00000000,28,9.50000000
nw_retrain_6000_approximately_parallel_moderate_seed2866039,M1,nsga2,8,0.06503159,0.33333333,0.00000000,28,7.00000000
nw_retrain_6000_approximately_parallel_moderate_seed2866039,M0,nsga2,8,0.02891346,0.00000000,0.00000000,28,5.50000000
nw_retrain_6000_approximately_parallel_moderate_seed2866039,M1,nsga2,8,0.02891346,0.00000000,0.00000000,28,7.50000000
nw_retrain_6000_approximately_parallel_moderate_seed2866039,M0,nsga2,8,0.03600495,0.66666667,0.00000000,28,19.50000000
nw_retrain_6000_approximately_parallel_moderate_seed2866039,M1,nsga2,8,0.19143735,0.00000000,1.00000000,28,6.00000000
nw_retrain_6000_approximately_parallel_moderate_seed2866039,M0,slsqp_multi,5,1.52326981,0.66666667,1.00000000,10,7.00000000
nw_retrain_6000_approximately_parallel_moderate_seed2866039,M1,slsqp_multi,5,1.52326981,1.00000000,1.00000000,10,8.00000000
nw_retrain_6000_approximately_parallel_moderate_seed2866039,M0,slsqp_multi,5,0.00000000,0.66666667,0.00000000,10,8.00000000
nw_retrain_6000_approximately_parallel_moderate_seed2866039,M1,slsqp_multi,5,1.50167370,1.00000000,1.00000000,10,8.00000000
nw_retrain_6000_approximately_parallel_moderate_seed2866039,M0,slsqp_multi,5,53.88450530,0.66666667,1.00000000,10,6.00000000
nw_retrain_6000_approximately_parallel_moderate_seed2866039,M1,slsqp_multi,5,0.00000000,1.00000000,0.00000000,10,10.00000000
nw_retrain_6000_approximately_parallel_moderate_seed2866039,M0,nsga2,8,0.05331182,0.33333333,0.00000000,27,17.00000000
nw_retrain_6000_approximately_parallel_moderate_seed2866039,M1,nsga2,8,0.07345075,0.33333333,0.00000000,27,16.00000000
nw_retrain_6003_converging_moderate_seed2866202,M0,slsqp_multi,5,1.01010670,0.66666667,1.00000000,10,7.00000000
nw_retrain_6003_converging_moderate_seed2866202,M1,slsqp_multi,5,1.01010670,0.66666667,1.00000000,10,7.00000000
nw_retrain_6003_converging_moderate_seed2866202,M0,slsqp_multi,5,7.96324637,0.66666667,1.00000000,10,7.00000000
nw_retrain_6003_converging_moderate_seed2866202,M1,slsqp_multi,5,0.00000000,1.00000000,0.00000000,10,9.00000000
nw_retrain_6003_converging_moderate_seed2866202,M0,slsqp_multi,5,3.82904800,0.66666667,1.00000000,10,7.00000000
nw_retrain_6003_converging_moderate_seed2866202,M1,slsqp_multi,5,3.82904800,1.00000000,1.00000000,10,8.00000000
nw_retrain_6000_approximately_parallel_moderate_seed2866039,M0,nsga2,8,0.00000000,0.66666667,0.00000000,28,19.50000000
nw_retrain_6000_approximately_parallel_moderate_seed2866039,M1,nsga2,8,0.00000000,0.66666667,0.00000000,28,18.50000000
nw_retrain_6000_approximately_parallel_moderate_seed2866039,M0,nsga2,8,0.12583366,0.66666667,1.00000000,28,19.00000000
nw_retrain_6000_approximately_parallel_moderate_seed2866039,M1,nsga2,8,0.12583366,0.00000000,1.00000000,28,4.00000000
nw_retrain_6003_converging_moderate_seed2866202,M0,nsga2,8,0.00000000,0.66666667,0.00000000,28,22.00000000
nw_retrain_6003_converging_moderate_seed2866202,M1,nsga2,8,0.00000000,0.66666667,0.00000000,28,19.50000000
nw_retrain_6003_converging_moderate_seed2866202,M0,nsga2,8,0.41594490,0.33333333,1.00000000,28,11.00000000
nw_retrain_6003_converging_moderate_seed2866202,M1,nsga2,8,0.37400555,0.66666667,1.00000000,28,15.00000000
nw_retrain_6003_converging_moderate_seed2866202,M0,nsga2,8,0.00000000,0.66666667,0.00000000,28,14.50000000
nw_retrain_6003_converging_moderate_seed2866202,M1,nsga2,8,0.00000000,0.33333333,0.00000000,28,17.50000000
nw_retrain_6003_converging_moderate_seed2866202,M0,slsqp_multi,5,1.01006122,1.00000000,1.00000000,10,7.00000000
nw_retrain_6003_converging_moderate_seed2866202,M1,slsqp_multi,5,1.30991648,1.00000000,1.00000000,10,6.00000000
nw_retrain_6003_converging_moderate_seed2866202,M0,slsqp_multi,5,4.44138864,0.66666667,1.00000000,10,6.00000000
nw_retrain_6003_converging_moderate_seed2866202,M1,slsqp_multi,5,4.44138864,1.00000000,1.00000000,10,7.00000000
nw_retrain_6003_converging_moderate_seed2866202,M0,slsqp_multi,5,4.10727479,1.00000000,1.00000000,10,7.00000000
nw_retrain_6003_converging_moderate_seed2866202,M1,slsqp_multi,5,4.10727479,1.00000000,1.00000000,10,6.00000000
nw_retrain_6003_converging_moderate_seed2866202,M0,nsga2,8,0.06894399,0.00000000,1.00000000,28,6.50000000
nw_retrain_6003_converging_moderate_seed2866202,M1,nsga2,8,0.06141992,0.00000000,0.00000000,28,7.00000000
nw_retrain_6005_approximately_parallel_moderate_seed2866398,M0,slsqp_multi,5,3.22017750,1.00000000,1.00000000,10,9.00000000
nw_retrain_6005_approximately_parallel_moderate_seed2866398,M1,slsqp_multi,5,0.00000000,1.00000000,0.00000000,10,10.00000000
nw_retrain_6003_converging_moderate_seed2866202,M0,nsga2,8,0.13673384,0.33333333,1.00000000,28,9.00000000
nw_retrain_6003_converging_moderate_seed2866202,M1,nsga2,8,0.11016141,0.00000000,0.00000000,28,13.00000000
nw_retrain_6005_approximately_parallel_moderate_seed2866398,M0,slsqp_multi,5,2.98299736,1.00000000,1.00000000,10,8.00000000
nw_retrain_6005_approximately_parallel_moderate_seed2866398,M1,slsqp_multi,5,0.00000000,0.66666667,0.00000000,10,8.00000000
nw_retrain_6005_approximately_parallel_moderate_seed2866398,M0,slsqp_multi,5,0.00000000,0.66666667,0.00000000,10,8.00000000
nw_retrain_6005_approximately_parallel_moderate_seed2866398,M1,slsqp_multi,5,0.00000000,0.66666667,0.00000000,10,7.00000000
nw_retrain_6003_converging_moderate_seed2866202,M0,nsga2,8,0.07503688,0.33333333,0.00000000,28,17.00000000
nw_retrain_6003_converging_moderate_seed2866202,M1,nsga2,8,0.07503688,0.33333333,0.00000000,28,20.00000000
nw_retrain_6005_approximately_parallel_moderate_seed2866398,M0,nsga2,8,0.03812899,0.66666667,0.00000000,28,15.50000000
nw_retrain_6005_approximately_parallel_moderate_seed2866398,M1,nsga2,8,0.03812899,0.66666667,0.00000000,28,16.00000000
nw_retrain_6005_approximately_parallel_moderate_seed2866398,M0,nsga2,8,0.30543765,0.66666667,0.00000000,28,23.00000000
nw_retrain_6005_approximately_parallel_moderate_seed2866398,M1,nsga2,8,0.00000000,0.66666667,0.00000000,28,26.00000000
nw_retrain_6005_approximately_parallel_moderate_seed2866398,M0,nsga2,8,0.10230946,1.00000000,0.00000000,28,24.50000000
nw_retrain_6005_approximately_parallel_moderate_seed2866398,M1,nsga2,8,0.00000000,0.33333333,0.00000000,28,12.00000000
nw_retrain_6005_approximately_parallel_moderate_seed2866398,M0,slsqp_multi,5,2.98295916,1.00000000,1.00000000,10,8.00000000
nw_retrain_6005_approximately_parallel_moderate_seed2866398,M1,slsqp_multi,5,3.90559770,1.00000000,1.00000000,10,7.00000000
nw_retrain_6005_approximately_parallel_moderate_seed2866398,M0,slsqp_multi,5,3.94592561,1.00000000,1.00000000,10,8.00000000
nw_retrain_6005_approximately_parallel_moderate_seed2866398,M1,slsqp_multi,5,0.00000000,1.00000000,0.00000000,10,9.00000000
nw_retrain_6005_approximately_parallel_moderate_seed2866398,M0,slsqp_multi,5,5.31871694,1.00000000,1.00000000,10,7.00000000
nw_retrain_6005_approximately_parallel_moderate_seed2866398,M1,slsqp_multi,5,5.31871694,1.00000000,1.00000000,10,8.00000000
nw_retrain_6005_approximately_parallel_moderate_seed2866398,M0,nsga2,8,0.03371351,0.33333333,0.00000000,28,22.00000000
nw_retrain_6005_approximately_parallel_moderate_seed2866398,M1,nsga2,8,0.03371351,0.33333333,0.00000000,28,19.00000000
nw_retrain_6005_approximately_parallel_moderate_seed2866398,M0,nsga2,8,0.15968647,0.66666667,1.00000000,28,14.00000000
nw_retrain_6005_approximately_parallel_moderate_seed2866398,M1,nsga2,8,0.13879876,0.00000000,0.00000000,28,13.50000000
nw_retrain_6005_approximately_parallel_moderate_seed2866398,M0,nsga2,8,0.10042115,0.00000000,1.00000000,28,7.00000000
nw_retrain_6005_approximately_parallel_moderate_seed2866398,M1,nsga2,8,0.00215075,0.66666667,0.00000000,28,23.00000000
nw_retrain_5000_none_easy_seed2768563,M0,hcftg_conservative,4,0.88452395,0.66666667,1.00000000,6,3.00000000
nw_retrain_5000_none_easy_seed2768563,M1,hcftg_conservative,4,0.00000000,0.66666667,0.00000000,6,5.00000000
nw_retrain_5000_none_easy_seed2768563,M0,ca_sequential,2,0.77889331,1.00000000,1.00000000,1,0.00000000
nw_retrain_5000_none_easy_seed2768563,M1,ca_sequential,2,0.00000000,1.00000000,0.00000000,1,1.00000000
nw_retrain_5001_none_easy_seed2768006,M0,ca_sequential,4,0.27343561,0.66666667,0.00000000,6,2.00000000
nw_retrain_5001_none_easy_seed2768006,M1,ca_sequential,4,0.27343561,1.00000000,0.00000000,6,4.00000000
nw_retrain_5001_none_easy_seed2768006,M0,hcftg_conservative,4,0.00000000,0.66666667,0.00000000,6,5.00000000
nw_retrain_5001_none_easy_seed2768006,M1,hcftg_conservative,4,6.14421421,0.66666667,1.00000000,6,2.00000000
nw_retrain_5002_none_easy_seed2768235,M0,ca_sequential,4,0.17014785,0.66666667,0.00000000,6,1.00000000
nw_retrain_5002_none_easy_seed2768235,M1,ca_sequential,4,0.17014785,0.66666667,0.00000000,6,2.00000000
nw_retrain_5002_none_easy_seed2768235,M0,hcftg_conservative,4,5.47408706,0.66666667,1.00000000,6,2.00000000
nw_retrain_5002_none_easy_seed2768235,M1,hcftg_conservative,4,0.00000000,1.00000000,0.00000000,6,6.00000000
nw_retrain_5003_none_easy_seed2768202,M0,hcftg_conservative,4,3.20561397,0.66666667,1.00000000,6,2.00000000
nw_retrain_5003_none_easy_seed2768202,M1,hcftg_conservative,4,2.47975475,0.66666667,1.00000000,6,4.00000000
nw_retrain_5003_none_easy_seed2768202,M0,ca_sequential,2,0.00000000,1.00000000,0.00000000,1,1.00000000
nw_retrain_5003_none_easy_seed2768202,M1,ca_sequential,2,0.08629374,1.00000000,1.00000000,1,0.00000000
nw_retrain_5004_none_easy_seed2768300,M0,ca_sequential,3,0.00000000,1.00000000,0.00000000,3,2.00000000
nw_retrain_5004_none_easy_seed2768300,M1,ca_sequential,3,0.00000000,1.00000000,0.00000000,3,3.00000000
nw_retrain_5004_none_easy_seed2768300,M0,hcftg_conservative,4,9.02113706,1.00000000,1.00000000,6,5.00000000
nw_retrain_5004_none_easy_seed2768300,M1,hcftg_conservative,4,9.02113706,0.66666667,1.00000000,6,4.00000000
nw_retrain_5005_none_easy_seed2768398,M0,ca_sequential,4,0.00000000,0.66666667,0.00000000,6,4.00000000
nw_retrain_5005_none_easy_seed2768398,M1,ca_sequential,4,0.02047497,0.66666667,1.00000000,6,1.00000000
nw_retrain_5005_none_easy_seed2768398,M0,hcftg_conservative,4,0.28015306,0.66666667,0.00000000,6,3.00000000
nw_retrain_5005_none_easy_seed2768398,M1,hcftg_conservative,4,0.28015306,0.66666667,0.00000000,6,3.00000000
nw_retrain_5006_none_easy_seed2768496,M0,ca_sequential,2,0.07679666,1.00000000,1.00000000,1,0.00000000
nw_retrain_5006_none_easy_seed2768496,M1,ca_sequential,2,0.00000000,1.00000000,0.00000000,1,1.00000000
nw_retrain_5006_none_easy_seed2768496,M0,hcftg_conservative,4,0.00000000,0.66666667,0.00000000,6,5.00000000
nw_retrain_5006_none_easy_seed2768496,M1,hcftg_conservative,4,0.00000000,0.66666667,0.00000000,6,4.00000000
nw_retrain_5007_none_easy_seed2768725,M0,ca_sequential,2,0.00000000,1.00000000,0.00000000,1,1.00000000
nw_retrain_5007_none_easy_seed2768725,M1,ca_sequential,2,0.00000000,1.00000000,0.00000000,1,1.00000000
nw_retrain_5007_none_easy_seed2768725,M0,hcftg_conservative,4,0.00000000,0.66666667,0.00000000,6,4.00000000
nw_retrain_5007_none_easy_seed2768725,M1,hcftg_conservative,4,0.00000000,0.66666667,0.00000000,6,3.00000000
nw_retrain_5008_none_easy_seed2768692,M0,ca_sequential,4,0.20316796,0.66666667,1.00000000,6,2.00000000
nw_retrain_5008_none_easy_seed2768692,M1,ca_sequential,4,0.20316796,0.66666667,1.00000000,6,2.00000000
nw_retrain_5008_none_easy_seed2768692,M0,hcftg_conservative,4,0.00000000,0.66666667,0.00000000,6,4.00000000
nw_retrain_5008_none_easy_seed2768692,M1,hcftg_conservative,4,0.00000000,0.66666667,0.00000000,6,3.00000000
nw_retrain_5009_none_easy_seed2768790,M0,hcftg_conservative,4,4.24128946,0.66666667,1.00000000,6,2.00000000
nw_retrain_5009_none_easy_seed2768790,M1,hcftg_conservative,4,0.95420983,0.66666667,1.00000000,6,2.00000000
nw_retrain_5010_none_easy_seed2768888,M0,ca_sequential,4,2.38580942,0.66666667,1.00000000,6,2.00000000
nw_retrain_5010_none_easy_seed2768888,M1,ca_sequential,4,0.00000000,1.00000000,0.00000000,6,5.00000000
nw_retrain_5010_none_easy_seed2768888,M0,hcftg_conservative,4,2.94705675,0.66666667,1.00000000,6,3.00000000
nw_retrain_5010_none_easy_seed2768888,M1,hcftg_conservative,4,9.96922014,0.66666667,1.00000000,6,1.00000000
nw_retrain_5011_none_easy_seed2768986,M0,ca_sequential,3,0.00000000,1.00000000,0.00000000,3,3.00000000
nw_retrain_5011_none_easy_seed2768986,M1,ca_sequential,3,3.98945979,1.00000000,1.00000000,3,1.00000000
nw_retrain_5011_none_easy_seed2768986,M0,hcftg_conservative,4,0.00000000,0.66666667,0.00000000,6,4.00000000
nw_retrain_5011_none_easy_seed2768986,M1,hcftg_conservative,4,1.38224747,0.66666667,1.00000000,6,4.00000000
nw_retrain_6000_approximately_parallel_moderate_seed2866039,M0,hcftg_conservative,4,0.00000000,1.00000000,0.00000000,6,6.00000000
nw_retrain_6000_approximately_parallel_moderate_seed2866039,M1,hcftg_conservative,4,0.00000000,1.00000000,0.00000000,6,6.00000000
nw_retrain_6000_approximately_parallel_moderate_seed2866039,M0,ca_sequential,4,2.16408424,0.66666667,1.00000000,6,2.00000000
nw_retrain_6000_approximately_parallel_moderate_seed2866039,M1,ca_sequential,4,0.38447115,0.66666667,0.00000000,6,4.00000000
nw_retrain_6001_vertically_overlapping_easy_seed2866137,M0,ca_sequential,4,0.67287645,0.66666667,0.00000000,6,3.00000000
nw_retrain_6001_vertically_overlapping_easy_seed2866137,M1,ca_sequential,4,0.00000000,0.66666667,0.00000000,6,4.00000000
nw_retrain_6001_vertically_overlapping_easy_seed2866137,M0,hcftg_conservative,4,3.48293550,1.00000000,1.00000000,6,5.00000000
nw_retrain_6001_vertically_overlapping_easy_seed2866137,M1,hcftg_conservative,4,3.48293550,1.00000000,1.00000000,6,5.00000000
nw_retrain_6002_crossing_easy_seed2866104,M0,ca_sequential,2,0.00000000,1.00000000,0.00000000,1,1.00000000
nw_retrain_6002_crossing_easy_seed2866104,M1,ca_sequential,2,0.00000000,1.00000000,0.00000000,1,1.00000000
nw_retrain_6002_crossing_easy_seed2866104,M0,hcftg_conservative,4,0.55667843,0.66666667,1.00000000,6,3.00000000
nw_retrain_6002_crossing_easy_seed2866104,M1,hcftg_conservative,4,0.00000000,0.66666667,0.00000000,6,4.00000000
nw_retrain_6003_converging_moderate_seed2866202,M0,hcftg_conservative,4,47.01488304,0.66666667,1.00000000,6,2.00000000
nw_retrain_6003_converging_moderate_seed2866202,M1,hcftg_conservative,4,0.00000000,0.66666667,0.00000000,6,4.00000000
nw_retrain_6003_converging_moderate_seed2866202,M0,ca_sequential,3,0.46547297,1.00000000,0.00000000,3,2.00000000
nw_retrain_6003_converging_moderate_seed2866202,M1,ca_sequential,3,0.00000000,1.00000000,0.00000000,3,3.00000000
nw_retrain_6004_converging_easy_seed2866562,M0,ca_sequential,4,0.01618457,1.00000000,0.00000000,6,3.00000000
nw_retrain_6004_converging_easy_seed2866562,M1,ca_sequential,4,0.01618457,1.00000000,0.00000000,6,3.00000000
nw_retrain_6004_converging_easy_seed2866562,M0,hcftg_conservative,4,0.00000000,1.00000000,0.00000000,6,6.00000000
nw_retrain_6004_converging_easy_seed2866562,M1,hcftg_conservative,4,2.18135956,0.66666667,1.00000000,6,3.00000000
nw_retrain_6005_approximately_parallel_moderate_seed2866398,M0,hcftg_conservative,4,1.88999554,1.00000000,1.00000000,6,4.00000000
nw_retrain_6005_approximately_parallel_moderate_seed2866398,M1,hcftg_conservative,4,0.00000000,1.00000000,0.00000000,6,5.00000000
nw_retrain_6006_crossing_easy_seed2866627,M0,ca_sequential,4,3.27367930,1.00000000,1.00000000,6,4.00000000
nw_retrain_6006_crossing_easy_seed2866627,M1,ca_sequential,4,0.00000000,1.00000000,0.00000000,6,5.00000000
nw_retrain_6006_crossing_easy_seed2866627,M0,hcftg_conservative,4,0.00000000,0.66666667,0.00000000,6,5.00000000
nw_retrain_6006_crossing_easy_seed2866627,M1,hcftg_conservative,4,0.00000000,0.66666667,0.00000000,6,4.00000000
nw_retrain_6007_approximately_parallel_moderate_seed2866725,M0,ca_sequential,2,0.00769115,1.00000000,1.00000000,1,0.00000000
nw_retrain_6007_approximately_parallel_moderate_seed2866725,M1,ca_sequential,2,0.00000000,1.00000000,0.00000000,1,1.00000000
nw_retrain_6007_approximately_parallel_moderate_seed2866725,M0,hcftg_conservative,4,0.00000000,1.00000000,0.00000000,6,6.00000000
nw_retrain_6007_approximately_parallel_moderate_seed2866725,M1,hcftg_conservative,4,0.00000000,0.66666667,0.00000000,6,4.00000000
nw_retrain_6008_vertically_overlapping_easy_seed2866692,M0,ca_sequential,4,4.09824132,0.66666667,1.00000000,6,2.00000000
nw_retrain_6008_vertically_overlapping_easy_seed2866692,M1,ca_sequential,4,4.09824132,0.66666667,1.00000000,6,4.00000000
nw_retrain_6008_vertically_overlapping_easy_seed2866692,M0,hcftg_conservative,4,0.00000000,0.66666667,0.00000000,6,4.00000000
nw_retrain_6008_vertically_overlapping_easy_seed2866692,M1,hcftg_conservative,4,2.00275547,1.00000000,1.00000000,6,3.00000000
nw_retrain_6009_approximately_parallel_easy_seed2866921,M0,hcftg_conservative,4,0.00000000,0.66666667,0.00000000,6,4.00000000
nw_retrain_6009_approximately_parallel_easy_seed2866921,M1,hcftg_conservative,4,1.83260370,0.66666667,1.00000000,6,1.00000000
nw_retrain_6009_approximately_parallel_easy_seed2866921,M0,ca_sequential,4,0.22197483,0.66666667,0.00000000,6,4.00000000
nw_retrain_6009_approximately_parallel_easy_seed2866921,M1,ca_sequential,4,1.12611511,0.66666667,1.00000000,6,2.00000000
nw_retrain_6010_approximately_parallel_moderate_seed2866888,M0,ca_sequential,4,0.07489759,1.00000000,0.00000000,6,3.00000000
nw_retrain_6010_approximately_parallel_moderate_seed2866888,M1,ca_sequential,4,0.00209936,0.66666667,0.00000000,6,3.00000000
nw_retrain_6010_approximately_parallel_moderate_seed2866888,M0,hcftg_conservative,4,1.08314793,0.66666667,1.00000000,6,4.00000000
nw_retrain_6010_approximately_parallel_moderate_seed2866888,M1,hcftg_conservative,4,1.08314793,1.00000000,1.00000000,6,5.00000000
nw_retrain_6011_converging_moderate_seed2866986,M0,ca_sequential,3,0.46625130,1.00000000,1.00000000,3,0.00000000
nw_retrain_6011_converging_moderate_seed2866986,M1,ca_sequential,3,0.00000000,1.00000000,0.00000000,3,3.00000000
nw_retrain_6011_converging_moderate_seed2866986,M0,hcftg_conservative,4,0.00000000,0.66666667,0.00000000,6,5.00000000
nw_retrain_6011_converging_moderate_seed2866986,M1,hcftg_conservative,4,0.00000000,1.00000000,0.00000000,6,6.00000000
nw_retrain_6012_approximately_parallel_easy_seed2867084,M0,hcftg_conservative,4,1.34543646,1.00000000,1.00000000,6,4.00000000
nw_retrain_6012_approximately_parallel_easy_seed2867084,M1,hcftg_conservative,4,1.34543646,0.66666667,1.00000000,6,1.00000000
nw_retrain_6012_approximately_parallel_easy_seed2867084,M0,ca_sequential,4,0.26852762,0.66666667,0.00000000,6,2.00000000
nw_retrain_6012_approximately_parallel_easy_seed2867084,M1,ca_sequential,4,0.34133494,0.66666667,1.00000000,6,1.00000000
nw_retrain_6013_vertically_overlapping_easy_seed2867182,M0,ca_sequential,4,0.17490235,0.66666667,1.00000000,6,1.00000000
nw_retrain_6013_vertically_overlapping_easy_seed2867182,M1,ca_sequential,4,0.17490235,0.66666667,1.00000000,6,2.00000000
nw_retrain_6013_vertically_overlapping_easy_seed2867182,M0,hcftg_conservative,4,0.00000000,0.66666667,0.00000000,6,3.00000000
nw_retrain_6013_vertically_overlapping_easy_seed2867182,M1,hcftg_conservative,4,0.00000000,0.66666667,0.00000000,6,4.00000000
nw_retrain_6014_vertically_overlapping_moderate_seed2867280,M0,ca_sequential,4,26.38519647,0.66666667,1.00000000,6,2.00000000
nw_retrain_6014_vertically_overlapping_moderate_seed2867280,M1,ca_sequential,4,0.00000000,0.66666667,0.00000000,6,5.00000000
nw_retrain_6014_vertically_overlapping_moderate_seed2867280,M0,hcftg_conservative,4,0.00000000,0.66666667,0.00000000,6,3.00000000
nw_retrain_6014_vertically_overlapping_moderate_seed2867280,M1,hcftg_conservative,4,11.65563489,1.00000000,1.00000000,6,3.00000000
nw_retrain_6015_vertically_overlapping_easy_seed2867378,M0,hcftg_conservative,4,2.18318160,1.00000000,1.00000000,6,3.00000000
nw_retrain_6015_vertically_overlapping_easy_seed2867378,M1,hcftg_conservative,4,2.18318160,1.00000000,1.00000000,6,3.00000000
nw_retrain_6016_converging_moderate_seed2867607,M0,ca_sequential,4,0.00000000,0.66666667,0.00000000,6,4.00000000
nw_retrain_6016_converging_moderate_seed2867607,M1,ca_sequential,4,0.23455962,0.66666667,1.00000000,6,1.00000000
nw_retrain_6016_converging_moderate_seed2867607,M0,hcftg_conservative,4,0.00000000,1.00000000,0.00000000,6,6.00000000
nw_retrain_6016_converging_moderate_seed2867607,M1,hcftg_conservative,4,0.22482322,1.00000000,0.00000000,6,5.00000000
nw_retrain_6017_crossing_hard_seed2867967,M0,ca_sequential,4,211.72916427,0.66666667,1.00000000,6,0.00000000
nw_retrain_6017_crossing_hard_seed2867967,M1,ca_sequential,4,152.09812132,1.00000000,1.00000000,6,3.00000000
nw_retrain_6017_crossing_hard_seed2867967,M0,hcftg_conservative,4,15.41711946,1.00000000,1.00000000,6,5.00000000
nw_retrain_6017_crossing_hard_seed2867967,M1,hcftg_conservative,4,15.41711946,0.66666667,1.00000000,6,3.00000000
nw_retrain_6018_crossing_moderate_seed2867672,M0,ca_sequential,4,0.02274516,0.66666667,0.00000000,6,2.00000000
nw_retrain_6018_crossing_moderate_seed2867672,M1,ca_sequential,4,0.54856886,0.66666667,0.00000000,6,1.00000000
nw_retrain_6018_crossing_moderate_seed2867672,M0,hcftg_conservative,4,0.00000000,0.66666667,0.00000000,6,5.00000000
nw_retrain_6018_crossing_moderate_seed2867672,M1,hcftg_conservative,4,17.60751220,0.66666667,1.00000000,6,1.00000000
nw_retrain_6019_converging_moderate_seed2867770,M0,ca_sequential,4,4.17337583,0.66666667,1.00000000,6,0.00000000
nw_retrain_6019_converging_moderate_seed2867770,M1,ca_sequential,4,4.17337583,0.66666667,1.00000000,6,1.00000000
nw_retrain_6019_converging_moderate_seed2867770,M0,hcftg_conservative,4,21.50781647,0.66666667,1.00000000,6,0.00000000
nw_retrain_6019_converging_moderate_seed2867770,M1,hcftg_conservative,4,21.50781647,0.66666667,1.00000000,6,2.00000000
nw_retrain_6020_vertically_overlapping_moderate_seed2867868,M0,ca_sequential,4,11.37885882,0.66666667,1.00000000,6,1.00000000
nw_retrain_6020_vertically_overlapping_moderate_seed2867868,M1,ca_sequential,4,11.37885882,0.66666667,1.00000000,6,3.00000000
nw_retrain_6020_vertically_overlapping_moderate_seed2867868,M0,hcftg_conservative,4,0.00000000,0.66666667,0.00000000,6,4.00000000
nw_retrain_6020_vertically_overlapping_moderate_seed2867868,M1,hcftg_conservative,4,10.49161471,0.66666667,1.00000000,6,3.00000000
nw_retrain_6022_converging_easy_seed2868064,M0,ca_sequential,4,0.00000000,0.66666667,0.00000000,6,5.00000000
nw_retrain_6022_converging_easy_seed2868064,M1,ca_sequential,4,1.34989395,0.66666667,1.00000000,6,3.00000000
nw_retrain_6022_converging_easy_seed2868064,M0,hcftg_conservative,4,7.20009473,0.66666667,1.00000000,6,1.00000000
nw_retrain_6022_converging_easy_seed2868064,M1,hcftg_conservative,4,0.00000000,1.00000000,0.00000000,6,6.00000000
nw_retrain_6027_approximately_parallel_easy_seed2868554,M0,hcftg_conservative,4,0.00000000,0.66666667,0.00000000,6,3.00000000
nw_retrain_6027_approximately_parallel_easy_seed2868554,M1,hcftg_conservative,4,0.11326611,1.00000000,0.00000000,6,5.00000000
nw_retrain_6027_approximately_parallel_easy_seed2868554,M0,ca_sequential,4,0.93312091,0.66666667,1.00000000,6,0.00000000
nw_retrain_6027_approximately_parallel_easy_seed2868554,M1,ca_sequential,4,0.50127760,0.66666667,0.00000000,6,3.00000000
nw_retrain_6028_converging_easy_seed2868652,M0,ca_sequential,3,0.12524663,1.00000000,1.00000000,3,0.00000000
nw_retrain_6028_converging_easy_seed2868652,M1,ca_sequential,3,0.00935033,1.00000000,0.00000000,3,2.00000000
nw_retrain_6028_converging_easy_seed2868652,M0,hcftg_conservative,4,0.07784471,0.66666667,0.00000000,6,4.00000000
nw_retrain_6028_converging_easy_seed2868652,M1,hcftg_conservative,4,1.29454102,0.66666667,1.00000000,6,2.00000000
