pair_id,scenario_uid_a,k_prefix_a,a_row,b_row,pair_dist,abs_dJ,dJ_over_std,set,source,a_J_star,b_J_star,a_sha,b_sha,a_J3200,b_J3200,abs_dJ_3200,sigma_prod,sigma_3200,dJ3200_over_std,dJ3200_over_std3200,order_prod,order_3200,order_agree
D_0000,nw_retrain_0103_approximately_parallel_easy_seed20260938,6,1328,1331,2.49648327,4.64905769,0.55092299,high25,full25,2.49496425,7.14402194,258b94c31afb3f84,8830807e23438c19,2.33725825,5.47638598,3.13912773,8.43867066,8.43867066,0.37199316,0.37199316,-1.00000000,-1.00000000,1.00000000
D_0001,nw_retrain_0292_approximately_parallel_easy_seed20279460,3,4445,4447,0.85064095,7.00967018,0.69973669,high25,full25,34.06956800,41.07923819,89cfe74800a6ff4a,07f2f76053a4f256,9.07185709,13.52194351,4.45008642,10.01758275,7.76908743,0.44422757,0.57279397,-1.00000000,-1.00000000,1.00000000
D_0002,nw_retrain_0110_none_easy_seed20261624,4,1501,1503,1.38197992,7.17627127,0.51445295,high25,full25,25.42608303,32.60235430,82f2fe976b6df642,8a2ebb3c2cf7004b,25.40388618,32.38741137,6.98352519,13.94932472,13.94932472,0.50063536,0.50063536,-1.00000000,-1.00000000,1.00000000
D_0003,nw_retrain_0292_approximately_parallel_easy_seed20279460,6,4420,4423,1.24053345,8.01406955,0.80000033,high25,full25,31.24624944,23.23217989,a430aba3d95deba1,a969f245c43a8f13,31.23575186,21.63377879,9.60197307,10.01758275,7.76908743,0.95851198,1.23592033,1.00000000,1.00000000,1.00000000
D_0004,nw_retrain_0270_approximately_parallel_easy_seed20277435,4,4389,4395,0.93806492,8.95167332,0.53427293,high25,full25,11.02892314,19.98059646,c26fe2025fffe091,9716ab98c6a01d64,10.92412707,19.90381500,8.97968794,16.75486954,6.40348442,0.53594496,1.40231276,-1.00000000,-1.00000000,1.00000000
D_0005,nw_retrain_0103_approximately_parallel_easy_seed20260938,2,1321,1323,0.58535482,9.88953974,1.17193100,high25,full25,4.32633450,14.21587424,f323f3b1eecd190b,b262433f657617e6,2.96873992,2.70958263,0.25915729,8.43867066,8.43867066,0.03071068,0.03071068,-1.00000000,1.00000000,0.00000000
D_0006,nw_retrain_0110_none_easy_seed20261624,3,1445,1446,1.96946093,10.44811990,0.74900543,high25,full25,3.18149335,13.62961325,18e4428d70938a7f,0ffb668a9ca7f24d,1.08482489,13.46527555,12.38045067,13.94932472,13.94932472,0.88753047,0.88753047,-1.00000000,-1.00000000,1.00000000
D_0007,nw_retrain_0581_converging_hard_seed22085689,4,9371,9414,2.55118709,10.60928294,0.54012182,high25,full25,4.13642624,14.74570918,09be3ff0d0bf7a10,a324420df82c5e11,2.15522644,8.08386451,5.92863807,19.64238893,7.43716837,0.30182877,0.79716335,-1.00000000,-1.00000000,1.00000000
D_0008,nw_retrain_0258_approximately_parallel_easy_seed20276128,3,4205,4206,1.45108308,12.29272020,0.54946532,high25,full25,38.36860552,26.07588532,5284f91de3741685,44503b94bbce83dd,38.05935838,26.10007691,11.95928147,22.37214917,14.54452366,0.53456114,0.82225322,1.00000000,1.00000000,1.00000000
D_0009,nw_retrain_0258_approximately_parallel_easy_seed20276128,4,4196,4198,0.44081435,14.17522961,0.63361054,high25,full25,54.17465311,39.99942351,788c89c70639a76b,eec34aa3eefaa2b6,10.93750448,5.17410398,5.76340050,22.37214917,14.54452366,0.25761497,0.39625914,1.00000000,1.00000000,1.00000000
D_0010,nw_dual_val_060,4,14372,14394,2.64516155,22.75978149,0.87967139,high25,full25,7.50610749,30.26588898,641bf79edfc930f1,700bf7bfa66f7741,7.50610749,14.22293258,6.71682509,25.87304948,25.87304948,0.25960701,0.25960701,-1.00000000,-1.00000000,1.00000000
D_0011,nw_dual_val_058,4,14181,14183,2.54462358,23.33076984,1.16410742,high25,full25,2.29704043,25.62781026,3f48b8a8d77b9100,9610d548ddc6c6dd,1.83973607,25.12346709,23.28373102,20.04176721,20.04176721,1.16176038,1.16176038,-1.00000000,-1.00000000,1.00000000
D_0012,nw_retrain_0191_approximately_parallel_easy_seed20269562,2,3289,3291,0.91236219,26.89665784,0.71998346,high25,full25,3.10598995,30.00264779,2080ea7ba902c48c,c8153bcea3c7a406,1.87076143,1.54920711,0.32155432,37.35732718,31.21232059,0.00860753,0.01030216,-1.00000000,1.00000000,0.00000000
D_0013,nw_dual_val_059,1,14259,14272,2.10353767,30.54255578,0.69272355,high25,full25,100.72428974,131.26684553,460d7b7968be68e1,7424fe8071c561fe,100.09714476,131.26684553,31.16970077,44.09054044,44.09054044,0.70694758,0.70694758,-1.00000000,-1.00000000,1.00000000
D_0014,nw_retrain_0270_approximately_parallel_easy_seed20277435,2,4314,4315,2.94203188,35.79691613,2.13650820,high25,full25,43.37969124,7.58277511,6e475074b58fb391,9d3644eafb12056c,2.64525535,2.59505227,0.05020308,16.75486954,6.40348442,0.00299633,0.00783996,1.00000000,1.00000000,1.00000000
D_0015,nw_retrain_0250_vertically_overlapping_hard_seed20275475,5,4012,4015,1.05929957,39.43507391,0.90832333,high25,full25,27.51922626,66.95430017,cd95853af4e96cc4,0147e0854a749aab,27.51922626,66.21745673,38.69823046,43.41523816,36.92910088,0.89135133,1.04790611,-1.00000000,-1.00000000,1.00000000
D_0016,nw_retrain_0250_vertically_overlapping_hard_seed20275475,1,4088,4091,4.06529429,41.31454060,0.95161382,high25,full25,2.23134531,43.54588591,a19602177b49ea68,14c2e0c17c68e86f,1.29913091,3.69014938,2.39101847,43.41523816,36.92910088,0.05507325,0.06474619,-1.00000000,-1.00000000,1.00000000
D_0017,nw_retrain_0600_converging_easy_seed22087551,5,9517,9519,1.39957882,46.27541583,0.53678280,high25,full25,5.47597195,51.75138779,00dcec78234d982b,a63b8aa13b2fcfcf,2.13827270,26.29277115,24.15449845,86.20882803,9.54157287,0.28018590,2.53150070,-1.00000000,-1.00000000,1.00000000
D_0018,nw_retrain_0191_approximately_parallel_easy_seed20269562,6,3200,3202,1.35770063,51.32081251,1.37378170,high25,full25,95.42085371,44.10004120,f9a446006212bf06,9d8a3a2365f5ef3f,34.88349300,31.51965452,3.36383847,37.35732718,31.21232059,0.09004495,0.10777278,1.00000000,1.00000000,1.00000000
D_0019,nw_retrain_0600_converging_easy_seed22087551,2,9551,9576,1.90931551,88.07015437,1.02159090,high25,full25,15.33008252,103.40023689,0cf21026673b1ff0,2eec092206abbd75,4.32569814,6.55712795,2.23142981,86.20882803,9.54157287,0.02588401,0.23386394,-1.00000000,-1.00000000,1.00000000
D_0020,nw_retrain_0453_converging_hard_seed20295238,5,7436,7438,2.92635695,99.66578626,0.51578540,high25,full25,139.23394719,238.89973345,9b0bfcc2c987bc17,3484e33d30775da4,34.80500016,153.17484800,118.36984785,193.23111019,55.51212979,0.61258173,2.13232402,-1.00000000,-1.00000000,1.00000000
D_0021,nw_retrain_0426_vertically_overlapping_hard_seed20292592,2,6942,6948,1.97425216,116.06804549,0.59382196,high25,full25,1.47433981,117.54238529,5716e9fc478fcd8a,f4156b9656ffe5a8,1.47433981,4.29389475,2.81955494,195.45933524,192.07280122,0.01442528,0.01467962,-1.00000000,-1.00000000,1.00000000
D_0022,nw_retrain_0214_vertically_overlapping_easy_seed20271816,4,3512,3515,3.23619612,125.07224262,0.51761166,high25,full25,126.16183645,1.08959383,2ae8673f86c06584,1fb18cd9b4004967,22.59559528,1.08959383,21.50600145,241.63335617,257.21946813,0.08900262,0.08360954,1.00000000,1.00000000,1.00000000
D_0023,nw_retrain_0214_vertically_overlapping_easy_seed20271816,1,3568,3605,2.80956713,145.94024167,0.60397390,high25,full25,3.73569845,149.67594012,80b449c8c100dd6f,f3bd143928c7e5bc,2.59222580,17.00868557,14.41645977,241.63335617,257.21946813,0.05966254,0.05604731,-1.00000000,-1.00000000,1.00000000
D_0024,nw_retrain_0453_converging_hard_seed20295238,2,7472,7498,1.08500638,180.54722485,0.93435899,high25,full25,225.42224035,44.87501550,c599acb67b7fac01,d8b3d2f6c622c049,110.81684973,3.93788524,106.87896448,193.23111019,55.51212979,0.55311468,1.92532632,1.00000000,1.00000000,1.00000000
D_0025,nw_retrain_0471_none_easy_seed20297002,3,7853,7855,0.61076687,192.03426461,0.51983215,high25,full25,216.32255976,24.28829516,c9e00ccc72778a3f,b2b289e94f65ec32,141.73980817,4.58121759,137.15859058,369.41590903,356.12083506,0.37128501,0.38514621,1.00000000,1.00000000,1.00000000
D_0026,nw_retrain_0182_crossing_moderate_seed20268680,3,2929,2931,3.18173732,193.62966626,2.89573504,high25,full25,197.97623540,4.34656914,1d5ca008c82716eb,ef29eb5e669d9c5f,196.19008107,2.67504951,193.51503155,66.86719039,72.49265473,2.89402068,2.66944330,1.00000000,1.00000000,1.00000000
D_0027,nw_retrain_0471_none_easy_seed20297002,6,7837,7838,3.35434837,200.41621088,0.54252187,high25,full25,275.87762237,75.46141149,e962291922612d2a,3cc82dc4577da353,275.87762237,57.36684054,218.51078183,369.41590903,356.12083506,0.59150344,0.61358606,1.00000000,1.00000000,1.00000000
D_0028,nw_retrain_0121_vertically_overlapping_moderate_seed20262702,2,1601,1602,1.22800983,204.21494993,0.60146393,high25,full25,29.37171783,233.58666777,79e93a12e4a6e99d,ad52fd871b87353c,8.65581531,125.07693311,116.42111780,339.52983769,522.17749427,0.34288921,0.22295315,-1.00000000,-1.00000000,1.00000000
D_0029,nw_retrain_0121_vertically_overlapping_moderate_seed20262702,4,1660,1661,2.37278911,204.37535509,0.60193636,high25,full25,6.62811732,211.00347240,fcf22bed69c3b781,f2f8f52d4090d014,4.25359768,78.51504909,74.26145141,339.52983769,522.17749427,0.21871848,0.14221496,-1.00000000,-1.00000000,1.00000000
D_0030,nw_retrain_0187_vertically_overlapping_easy_seed20269170,6,3052,3053,2.92170878,205.68070384,0.70980479,high25,full25,512.76543692,307.08473308,e2da8cbd3a3a2989,477926659615bb12,512.68408718,277.74771236,234.93637481,289.77080362,316.40837802,0.81076621,0.74250997,1.00000000,1.00000000,1.00000000
D_0031,nw_retrain_0547_approximately_parallel_moderate_seed22082619,6,9016,9019,4.86276692,235.72968103,1.42543384,high25,full25,5.09334692,240.82302795,ef592433065a198f,43ebd3cec467db75,4.33659660,228.54126764,224.20467105,165.37398976,91.06049956,1.35574325,2.46215068,-1.00000000,-1.00000000,1.00000000
D_0032,nw_retrain_0426_vertically_overlapping_hard_seed20292592,5,6899,6924,3.52308285,235.89685620,1.20688457,high25,full25,328.59171557,564.48857177,200cf0a96b98b27e,d9584a06e4d1e03c,328.58307587,496.81472761,168.23165174,195.45933524,192.07280122,0.86069899,0.87587441,-1.00000000,-1.00000000,1.00000000
D_0033,nw_retrain_0446_none_easy_seed20294552,3,7427,7433,3.16566177,394.39932583,0.75808035,high25,full25,4.62519990,399.02452573,f447c227d342241f,f080661e645b6360,2.63887198,398.55984840,395.92097642,520.26058116,159.55503515,0.76100514,2.48140697,-1.00000000,-1.00000000,1.00000000
D_0034,nw_retrain_0143_none_easy_seed20264858,3,1984,1986,1.02382672,438.91054932,1.26516202,high25,full25,706.57212582,267.66157649,d481acd0ff1335ae,dbe93fd500b8c5d2,704.22707061,58.90721583,645.31985478,346.92042705,269.94649241,1.86013796,2.39054729,1.00000000,1.00000000,1.00000000
D_0035,nw_retrain_0472_vertically_overlapping_moderate_seed20297231,5,7943,7987,2.64076884,443.86188445,0.50744430,high25,full25,1817.52638944,2261.38827389,5617d64d0ac60e75,504369db41836b04,1801.65317536,2250.75063124,449.09745588,874.70070411,996.79433617,0.51342986,0.45054174,-1.00000000,-1.00000000,1.00000000
D_0036,nw_retrain_0143_none_easy_seed20264858,4,2006,2007,1.69529617,491.53762502,1.41685985,high25,full25,511.10878346,19.57115844,623f121f3eca26ca,ff4603fe68519981,509.23172462,3.55516577,505.67655886,346.92042705,269.94649241,1.45761541,1.87324738,1.00000000,1.00000000,1.00000000
D_0037,nw_retrain_0541_crossing_hard_seed22081769,3,8836,8837,1.17017305,544.10405718,0.54747615,high25,full25,362.06237901,906.16643619,625624b660283feb,8ea912ebd3c9c4f7,56.20933718,454.03192069,397.82258351,993.84066628,1894.01454650,0.40028809,0.21004199,-1.00000000,-1.00000000,1.00000000
D_0038,nw_retrain_0493_approximately_parallel_easy_seed20299158,4,8349,8350,3.62500306,553.33080473,0.59664269,high25,full25,2414.85230156,2968.18310629,bbb6a5dfea1c06e3,0a9d91e9dd56cfe5,2250.22684143,2967.34559370,717.11875227,927.40733679,1137.30954947,0.77325111,0.63053964,-1.00000000,-1.00000000,1.00000000
D_0039,nw_retrain_0248_vertically_overlapping_easy_seed20275410,4,3976,3979,0.56713053,562.39126218,0.75645735,high25,full25,889.64601637,327.25475419,16835c63845fec50,8a15bfdc9f73c007,671.57753408,7.81635327,663.76118081,743.45402381,288.86585200,0.89280730,2.29781809,1.00000000,1.00000000,1.00000000
D_0040,nw_retrain_0487_converging_easy_seed20298701,3,8297,8298,2.50120487,604.68433444,0.54120107,high25,full25,22.48365188,627.16798632,f96abb4c229c3073,0e108cce67c3448c,2.17991455,156.64407282,154.46415828,1117.30070504,471.07169718,0.13824762,0.32789947,-1.00000000,-1.00000000,1.00000000
D_0041,nw_retrain_0179_none_easy_seed20268517,6,2710,2779,2.82660384,622.98953181,0.55769081,high25,full25,2194.43030629,1571.44077448,e3fcecd764414b2a,3c11d5294bbf9567,2171.21359187,1542.29436419,628.91922768,1117.08767058,922.01539469,0.56299899,0.68211359,1.00000000,1.00000000,1.00000000
D_0042,nw_retrain_0185_none_easy_seed20268974,1,3017,3025,2.28324803,629.02236825,1.48553616,high25,full25,662.35706289,33.33469464,9297edd3ae953dcf,f699c1acb5950d8e,321.10288827,1.63739659,319.46549168,423.43120576,284.56841810,0.75446846,1.12263158,1.00000000,1.00000000,1.00000000
D_0043,nw_retrain_0420_converging_moderate_seed20292004,5,6812,6814,3.25415436,629.58657152,0.60275877,high25,full25,644.44829293,14.86172141,a8f26ebe5a3cf853,5216c7b0d1089e91,642.83728165,2.82859739,640.00868426,1044.50835766,1444.04091377,0.61273678,0.44320675,1.00000000,1.00000000,1.00000000
D_0044,nw_retrain_0309_none_easy_seed20281257,6,4570,4586,3.39672947,656.62767420,0.52242804,high25,full25,1519.65363698,863.02596278,c64635d963839731,3626755fb333201c,1473.14154911,818.35127375,654.79027536,1256.87678064,941.43362665,0.52096616,0.69552463,1.00000000,1.00000000,1.00000000
D_0045,nw_retrain_0437_none_easy_seed20293670,4,7214,7239,1.53491914,660.81066896,0.68945321,high25,full25,809.96951758,1470.78018653,b4666aac86cb9b27,fa39068c5490fa53,809.24863918,1465.02723319,655.77859401,958.45615581,900.45214234,0.68420302,0.72827701,-1.00000000,-1.00000000,1.00000000
D_0046,nw_retrain_0596_approximately_parallel_hard_seed22087028,5,9465,9475,3.05037695,662.52718092,0.63186224,high25,full25,667.05983410,4.53265318,663822f6914444a6,0a31f2a1bf79754c,665.36485655,3.34204185,662.02281470,1048.53104829,1410.57656372,0.63138122,0.46932781,1.00000000,1.00000000,1.00000000
D_0047,nw_retrain_0332_crossing_moderate_seed20283380,1,5169,5175,2.00898916,672.16837438,0.66198051,high25,full25,956.62110379,284.45272941,222d2ff89994cb91,e7591de682726a09,839.81341362,180.33879305,659.47462056,1015.38996948,485.71064418,0.64947916,1.35775205,1.00000000,1.00000000,1.00000000
D_0048,nw_retrain_0187_vertically_overlapping_easy_seed20269170,2,3056,3059,2.44363443,703.97730342,2.42942800,high25,full25,14.76760241,718.74490583,ec8d6cce2a1902ab,05b2d8748e98938e,3.38648249,718.13157376,714.74509127,289.77080362,316.40837802,2.46658767,2.25893226,-1.00000000,-1.00000000,1.00000000
D_0049,nw_retrain_0344_converging_easy_seed20284556,2,5353,5354,2.07028528,705.90106681,0.57500053,high25,full25,772.84847532,66.94740851,da1ad810def2de15,16f97fc32f8b7df7,527.84612708,4.24666543,523.59946165,1227.65289184,304.31066773,0.42650448,1.72060830,1.00000000,1.00000000,1.00000000
D_0050,nw_retrain_0596_approximately_parallel_hard_seed22087028,3,9501,9503,2.26872820,709.73658068,0.67688657,high25,full25,734.77690985,25.04032917,5c66ff1734f80e1f,487b7190597fc221,171.99691254,4.14494528,167.85196726,1048.53104829,1410.57656372,0.16008297,0.11899529,1.00000000,1.00000000,1.00000000
D_0051,nw_retrain_0420_converging_moderate_seed20292004,2,6811,6827,2.28115048,719.03909326,0.68839956,high25,full25,8.25139305,727.29048631,e510f81256385121,c14e9af731a301ae,5.57634566,508.39901661,502.82267095,1044.50835766,1444.04091377,0.48139650,0.34820528,-1.00000000,-1.00000000,1.00000000
D_0052,nw_retrain_0487_converging_easy_seed20298701,5,8292,8309,1.46878241,744.41869143,0.66626530,high25,full25,863.81471317,119.39602174,39dfc0f9ca06bd4c,8c3c0b4c4fcb7f37,863.38702030,9.73305548,853.65396482,1117.30070504,471.07169718,0.76403242,1.81215295,1.00000000,1.00000000,1.00000000
D_0053,nw_retrain_0405_vertically_overlapping_hard_seed20290534,4,6362,6363,3.93971712,749.59660311,0.69891687,high25,full25,787.42176620,37.82516308,f3a6c73b646819f5,01bddd14c3d698a0,434.60154803,2.58314664,432.01840139,1072.51182578,714.99938699,0.40280992,0.60422206,1.00000000,1.00000000,1.00000000
D_0054,nw_retrain_0500_crossing_easy_seed20299975,3,8552,8554,1.86699729,759.06939096,0.88741110,high25,full25,763.65816383,4.58877287,a181f6f715b68d81,81f1b1c6d366e511,763.53974174,3.87922246,759.66051928,855.37513930,886.22278946,0.88810217,0.85718910,1.00000000,1.00000000,1.00000000
D_0055,nw_retrain_0344_converging_easy_seed20284556,5,5326,5327,1.13666092,775.77757478,0.63191932,high25,full25,827.89265878,52.11508401,c7abf2ce29a4b86e,a9b059183ad3a5ab,795.62764284,11.62256456,784.00507827,1227.65289184,304.31066773,0.63862113,2.57633123,1.00000000,1.00000000,1.00000000
D_0056,nw_retrain_0505_crossing_easy_seed22078110,5,8565,8567,3.05958013,779.64738253,0.68230015,high25,full25,976.64741346,1756.29479599,798330d61fc8d280,99411bbcbe8de032,693.37611595,1754.67776388,1061.30164793,1142.67509105,1362.37363364,0.92878689,0.77900924,-1.00000000,-1.00000000,1.00000000
D_0057,nw_retrain_0562_crossing_moderate_seed22083696,1,9167,9196,2.30879649,801.48548716,0.72755828,high25,full25,955.59129419,154.10580703,4b7ea55a3bc4d2c1,ed16bf6afd70c0f7,778.33488259,14.26085972,764.07402287,1101.61001834,1013.60112262,0.69359756,0.75382121,1.00000000,1.00000000,1.00000000
D_0058,nw_retrain_0326_converging_hard_seed20282923,5,5031,5062,4.20162012,825.10183464,0.98928101,high25,full25,2488.37390092,1663.27206628,786d12370dd9f3c8,cb3fe5326dda4edf,2488.31342920,1662.95090008,825.36252913,834.04192580,1102.01514316,0.98959357,0.74895752,1.00000000,1.00000000,1.00000000
D_0059,nw_retrain_0505_crossing_easy_seed22078110,1,8633,8634,1.82607468,879.92354296,0.77005577,high25,full25,1193.15410515,313.23056219,1b7fb224885208be,5a18332242fd322f,1192.81584801,118.00137896,1074.81446905,1142.67509105,1362.37363364,0.94061250,0.78892783,1.00000000,1.00000000,1.00000000
D_0060,nw_retrain_0415_approximately_parallel_easy_seed20291645,4,6659,6667,3.02451679,910.33906828,0.62847426,high25,full25,2417.45019572,1507.11112744,fb3429a8c6905aa9,66d10b992e924d5b,2416.43420702,1506.51698246,909.91722457,1448.49062173,779.42748798,0.62818303,1.16741742,1.00000000,1.00000000,1.00000000
D_0061,nw_retrain_0468_converging_moderate_seed20296839,3,7792,7876,2.04101685,922.70074164,0.79316787,high25,full25,34.69005004,957.39079168,87279ee188d7a871,e046346065928fbf,6.60813900,764.03844765,757.43030865,1163.31078919,1405.13488844,0.65109884,0.53904455,-1.00000000,-1.00000000,1.00000000
D_0062,nw_retrain_0171_crossing_easy_seed20267864,3,2660,2663,1.88605235,954.19521275,0.62641425,high25,full25,2220.48662794,1266.29141519,f130150288bedac0,47e7e0780e19c6f3,2219.50055740,963.96976301,1255.53079439,1523.26548881,908.55083061,0.82423636,1.38190484,1.00000000,1.00000000,1.00000000
D_0063,nw_retrain_0546_none_easy_seed22082128,4,8870,8902,4.73646429,957.09072240,0.52080309,high25,full25,3756.33789568,2799.24717328,6672b8bde3062c44,5c230513dfdbb702,3742.78790894,2787.04302994,955.74487900,1837.72088665,1418.17403826,0.52007075,0.67392637,1.00000000,1.00000000,1.00000000
D_0064,nw_retrain_0546_none_easy_seed22082128,3,8965,8966,2.33584251,962.45749717,0.52372344,high25,full25,966.56947738,4.11198022,89b4ec2ec94b6fbe,192cfc6f95aef76c,966.17955561,4.11198022,962.06757539,1837.72088665,1418.17403826,0.52351126,0.67838470,1.00000000,1.00000000,1.00000000
D_0065,nw_retrain_0445_none_easy_seed20294454,3,7279,7383,1.69647029,1012.97057507,0.52140792,high25,full25,3503.44887426,2490.47829919,9313f89c7885f356,d93f3778ab48ad9a,3502.57081639,2251.75305836,1250.81775804,1942.76022320,1856.58750089,0.64383538,0.67371872,1.00000000,1.00000000,1.00000000
D_0066,nw_retrain_0436_none_easy_seed20293834,3,7148,7231,3.57545745,1023.19411159,0.69838439,high25,full25,7.27725449,1030.47136608,febe99dab570e3d6,13c6ff112424bc61,3.29451775,312.80419021,309.50967246,1465.08731685,623.49354236,0.21125681,0.49641199,-1.00000000,-1.00000000,1.00000000
D_0067,nw_retrain_0404_none_easy_seed20290436,1,6229,6230,1.83424378,1083.30319605,1.23219433,high25,full25,1377.82930627,294.52611022,9c64f3dfa1e952d8,d2c1e2042a4bc868,1000.73324394,60.61801862,940.11522532,879.16586469,455.81315212,1.06932635,2.06250131,1.00000000,1.00000000,1.00000000
D_0068,nw_retrain_0141_crossing_easy_seed20264924,2,1934,1935,1.03019953,1119.26173929,0.59877956,high25,full25,81.78423271,1201.04597199,406bd6b49cf161d3,362773318bd493c3,12.70872903,125.87270657,113.16397754,1869.23838993,1987.22292942,0.06054015,0.05694579,-1.00000000,-1.00000000,1.00000000
D_0069,nw_retrain_0175_vertically_overlapping_easy_seed20267994,1,2680,2682,1.06310726,1147.36361098,0.50503580,high25,full25,1125.77844772,2273.14205870,0719c5caa063d069,7e8a5507f755d118,1314.90075560,785.17878644,529.72196916,2271.84607494,2731.38276654,0.23316807,0.19393912,-1.00000000,1.00000000,0.00000000
D_0070,nw_retrain_0014_vertically_overlapping_hard_seed20252216,6,186,187,3.40274085,1151.30047266,0.72718216,high25,full25,1932.57341981,3083.87389247,a051ffcfe50a7476,3021c5695924393b,1782.94209430,2424.12947839,641.18738410,1583.23532063,1583.23532063,0.40498552,0.40498552,-1.00000000,-1.00000000,1.00000000
D_0071,nw_retrain_0332_crossing_moderate_seed20283380,4,5121,5122,2.33205384,1266.10240488,1.24691246,high25,full25,1277.65985162,11.55744675,41bb9e3850e791f0,c26289c7aa7ebbc5,1277.81808142,4.02840915,1273.78967227,1015.38996948,485.71064418,1.25448321,2.62252781,1.00000000,1.00000000,1.00000000
D_0072,nw_retrain_0134_crossing_moderate_seed20264107,2,1846,1874,1.91570293,1266.99368128,0.56329026,high25,full25,2930.06911069,1663.07542941,46432a96f014aeb8,2688e024695b1096,2929.15302380,1380.51337873,1548.63964506,2249.27320085,1503.52557514,0.68850669,1.03000552,1.00000000,1.00000000,1.00000000
D_0073,nw_retrain_0014_vertically_overlapping_hard_seed20252216,1,197,208,1.25092838,1278.18142633,0.80732246,high25,full25,3989.46397798,5267.64540431,bb9cd04bc25aada0,7337b65a65b429b7,3989.34233749,5267.32672108,1277.98438359,1583.23532063,1583.23532063,0.80719800,0.80719800,-1.00000000,-1.00000000,1.00000000
D_0074,nw_retrain_0017_approximately_parallel_moderate_seed20252641,5,313,314,3.44825959,1288.30953508,0.50734848,high25,full25,2686.98903351,3975.29856859,da934c49f54fc714,376e05286106c74b,2122.58618977,3933.32640167,1810.74021191,2539.29909483,2539.29909483,0.71308662,0.71308662,-1.00000000,-1.00000000,1.00000000
D_0075,nw_retrain_0091_approximately_parallel_moderate_seed20259762,5,1062,1063,1.10873106,1301.67644340,0.62777451,high25,full25,2071.99061860,770.31417520,a94ce4bc829be4ce,109262b096313e8a,2047.62141806,475.61218134,1572.00923673,2073.47770796,2073.47770796,0.75815102,0.75815102,1.00000000,1.00000000,1.00000000
D_0076,nw_retrain_0436_none_easy_seed20293834,4,7114,7115,4.00711395,1308.17034948,0.89289583,high25,full25,534.24968232,1842.42003180,6a940a8071a1a022,ed4983d8126f7b9b,375.83331053,1841.03046492,1465.19715439,1465.08731685,623.49354236,1.00007497,2.34997968,-1.00000000,-1.00000000,1.00000000
D_0077,nw_retrain_0017_approximately_parallel_moderate_seed20252641,2,338,381,1.51652806,1318.52687527,0.51924835,high25,full25,2498.74406900,3817.27094426,f3efa1f5256baea6,d32c4c9bc1342b12,2470.22334958,3772.78121351,1302.55786393,2539.29909483,2539.29909483,0.51295961,0.51295961,-1.00000000,-1.00000000,1.00000000
D_0078,nw_retrain_0061_vertically_overlapping_moderate_seed20257346,2,598,626,2.35388263,1331.85552146,0.72683943,high25,full25,2693.03491601,4024.89043747,48dbfd2198b881b6,185e5595ddbd93da,2690.88883527,4023.13125904,1332.24242377,1832.39305183,1832.39305183,0.72705058,0.72705058,-1.00000000,-1.00000000,1.00000000
D_0079,nw_retrain_0091_approximately_parallel_moderate_seed20259762,3,1065,1066,2.59888938,1335.43806424,0.64405711,high25,full25,19.71230705,1355.15037128,9294450065d0949b,fe92d6b48792d933,3.31930979,1100.45196439,1097.13265460,2073.47770796,2073.47770796,0.52912681,0.52912681,-1.00000000,-1.00000000,1.00000000
D_0080,nw_retrain_0384_approximately_parallel_moderate_seed20288738,4,5886,5896,2.62057865,1348.45491401,0.51679111,high25,full25,2538.72244234,3887.17735635,ef319601cdf9c2f2,50b12a7c2814f4a2,1730.80293232,3886.80571197,2156.00277965,2609.28424593,1418.64177904,0.82628130,1.51976546,-1.00000000,-1.00000000,1.00000000
D_0081,nw_retrain_0321_crossing_easy_seed20282302,3,4854,4873,3.11787289,1416.57455522,1.33621035,high25,full25,8.85830279,1425.43285801,716d6f10a3511f71,81f1114be1910ac9,4.18820881,1424.65045995,1420.46225113,1060.14338034,580.12621222,1.33987749,2.44854003,-1.00000000,-1.00000000,1.00000000
D_0082,nw_retrain_0016_vertically_overlapping_easy_seed20252543,3,271,274,3.49961213,1436.22859900,1.21702569,high25,full25,1922.43045875,486.20185975,c9ee92001185da84,7404123a96c3b7d5,1909.50759343,315.99891177,1593.50868167,1180.11362562,1180.11362562,1.35030106,1.35030106,1.00000000,1.00000000,1.00000000
D_0083,nw_retrain_0161_none_easy_seed20266753,3,2437,2443,4.12575725,1442.54777796,2.06121312,high25,full25,3.95324225,1446.50102021,d3cd72a19f82d623,7ed0e20a22de6b83,1.33923320,1431.15964974,1429.82041654,699.85377174,775.72425415,2.04302738,1.84320705,-1.00000000,-1.00000000,1.00000000
D_0084,nw_retrain_0204_converging_hard_seed20270836,4,3441,3470,2.35400053,1465.53184392,0.67604956,high25,full25,1678.99792834,213.46608442,ad3848c855142117,234a43f1913e3d6b,1604.00770420,86.37338534,1517.63431885,2167.78758740,2152.32795756,0.70008442,0.70511295,1.00000000,1.00000000,1.00000000
D_0085,nw_retrain_0161_none_easy_seed20266753,6,2444,2445,3.17609147,1467.02192317,2.09618349,high25,full25,2200.88393562,733.86201245,4085075eba4080fb,0e17fb947da695d1,2200.88393562,678.17093308,1522.71300254,699.85377174,775.72425415,2.17575880,1.96295655,1.00000000,1.00000000,1.00000000
D_0086,nw_retrain_0516_none_easy_seed22079712,5,8636,8637,2.46351607,1495.47397423,0.62610433,high25,full25,126.62684675,1622.10082098,2a0e3946651e5cd2,1f4c57c977d98966,46.00518219,1579.22355776,1533.21837557,2388.53799302,2107.02934715,0.64190663,0.72766826,-1.00000000,-1.00000000,1.00000000
D_0087,nw_retrain_0016_vertically_overlapping_easy_seed20252543,5,246,292,3.08612572,1535.25300901,1.30093660,high25,full25,2618.87508267,1083.62207366,c69299a5ebff1e88,a64362c47a62400f,2618.66477830,1083.76042210,1534.90435620,1180.11362562,1180.11362562,1.30064116,1.30064116,1.00000000,1.00000000,1.00000000
D_0088,nw_retrain_0405_vertically_overlapping_hard_seed20290534,2,6348,6397,0.97278240,1583.13359891,1.47609897,high25,full25,2091.44112588,508.30752697,bb30eda3314d7fc9,92feaaadefad4b42,2090.41087674,216.95026881,1873.46060793,1072.51182578,714.99938699,1.74679716,2.62022687,1.00000000,1.00000000,1.00000000
D_0089,nw_retrain_0119_converging_moderate_seed20262637,6,1526,1561,2.19575116,1601.47181034,0.52439139,high25,full25,1877.78987906,276.31806873,27933d2b5a5c9a72,6ee8aaa0873a5a31,1875.01599149,275.56675144,1599.44924005,3053.96282810,3053.96282810,0.52372911,0.52372911,1.00000000,1.00000000,1.00000000
D_0090,nw_retrain_0459_vertically_overlapping_moderate_seed20296088,5,7656,7658,2.55170245,1623.01150533,0.55128240,high25,full25,152.80584589,1775.81735122,dd1c8a7d71349743,e1ae87354eb408d4,106.71723344,1774.47711188,1667.75987844,2944.06550151,1777.09462171,0.56648192,0.93847556,-1.00000000,-1.00000000,1.00000000
D_0091,nw_retrain_0493_approximately_parallel_easy_seed20299158,2,8302,8341,2.31953478,1660.19095668,1.79014214,high25,full25,2400.52059396,740.32963728,0d243af45a2609f7,0889ad92b8f1c24d,2399.17727346,739.69236414,1659.48490932,927.40733679,1137.30954947,1.78938083,1.45913213,1.00000000,1.00000000,1.00000000
D_0092,nw_retrain_0077_none_easy_seed20258521,2,736,739,1.87005177,1668.57753802,0.58152790,high25,full25,1744.15592658,75.57838856,89b9566d266fcf9b,f86aee60e591c79d,1743.15827415,37.89909298,1705.25918117,2869.29917587,2869.29917587,0.59431209,0.59431209,1.00000000,1.00000000,1.00000000
D_0093,nw_retrain_0472_vertically_overlapping_moderate_seed20297231,2,7945,7999,2.61920659,1733.71387558,1.98206526,high25,full25,22.33235898,1756.04623456,6f8b5ee2f5c04544,61a6c50119ea0d70,5.92635274,1754.72540913,1748.79905639,874.70070411,996.79433617,1.99931136,1.75442315,-1.00000000,-1.00000000,1.00000000
D_0094,nw_retrain_0409_vertically_overlapping_easy_seed20291319,4,6503,6549,2.67232645,1752.92070526,1.13591656,high25,full25,2319.87025440,566.94954914,30c0149d7ab3d1e0,68857b0fe1f16074,2319.71034982,565.83620605,1753.87414377,1543.17734856,2286.94833335,1.13653440,0.76690589,1.00000000,1.00000000,1.00000000
D_0095,nw_retrain_0099_vertically_overlapping_easy_seed20260677,4,1191,1222,2.28071844,1764.07709013,0.75350676,high25,full25,4881.29251425,6645.36960438,b7ae40997d278b7e,9c78339dbbafd77e,4876.86716184,6639.30480763,1762.43764579,2341.15629922,2341.15629922,0.75280649,0.75280649,-1.00000000,-1.00000000,1.00000000
D_0096,nw_retrain_0243_converging_hard_seed20274789,4,3884,3885,3.42681723,1784.93915551,0.50413745,high25,full25,59.87455771,1844.81371322,94e6069403334e0e,3a4cba0d4062a9fc,4.40654057,1844.20247301,1839.79593243,3540.58033996,5083.59380215,0.51963118,0.36190852,-1.00000000,-1.00000000,1.00000000
D_0097,nw_retrain_0365_none_easy_seed20286614,4,5604,5622,2.52195854,1823.15438709,0.70063094,high25,full25,8.74163339,1831.89602048,eb1cd1a502472920,ad5ec7fbf9dabfd0,5.96422509,1831.56483282,1825.60060773,2602.16081273,1250.89213465,0.70157102,1.45943887,-1.00000000,-1.00000000,1.00000000
D_0098,nw_retrain_0006_none_easy_seed20251432,2,17,74,2.91715317,1862.83980359,0.62324856,high25,full25,5585.50272497,7448.34252856,cdaa2727cbe28d1f,fcbcc511e9c60fb5,5585.35084961,7438.22785986,1852.87701024,2988.91957071,2988.91957071,0.61991531,0.61991531,-1.00000000,-1.00000000,1.00000000
D_0099,nw_retrain_0006_none_easy_seed20251432,4,81,82,1.08210758,1863.65492618,0.62352127,high25,full25,2136.49346106,4000.14838724,53e7cd301243ddcb,f3467cc82a0a1f02,1663.10928149,4000.34851678,2337.23923530,2988.91957071,2988.91957071,0.78196793,0.78196793,-1.00000000,-1.00000000,1.00000000
D_0100,nw_retrain_0322_converging_moderate_seed20282662,2,4961,4963,1.46725244,1883.54396981,0.58601317,high25,full25,5219.47816137,7103.02213118,c4824f8733dfaf74,02491e8eae97216b,5093.34932323,7102.24569231,2008.89636908,3214.16663797,3128.18290343,0.62501314,0.64219275,-1.00000000,-1.00000000,1.00000000
D_0101,nw_retrain_0566_vertically_overlapping_moderate_seed22084088,3,9277,9278,2.76233648,1891.90278884,0.99373911,high25,full25,50.70764458,1942.61043342,0d3a99fdbbcc5e44,29436e14acb0b06f,37.83424357,1942.52781787,1904.69357430,1903.82241326,2973.19849991,1.00045759,0.64062106,-1.00000000,-1.00000000,1.00000000
D_0102,nw_retrain_0516_none_easy_seed22079712,3,8705,8706,2.01692955,1900.79553371,0.79579874,high25,full25,2357.46176024,456.66622653,954a6b8ee9e8cd07,dc8dc85b989bd39f,2358.26478309,71.27067180,2286.99411129,2388.53799302,2107.02934715,0.95748701,1.08541161,1.00000000,1.00000000,1.00000000
D_0103,nw_retrain_0266_none_easy_seed20276912,4,4272,4273,1.65521555,1923.44892533,0.67965936,high25,full25,5253.72945125,3330.28052592,da96fbb48c489337,8a69b25abf84d537,5247.29219847,3330.28052592,1917.01167255,2830.01902786,2801.34852459,0.67738473,0.68431745,1.00000000,1.00000000,1.00000000
D_0104,nw_retrain_0416_approximately_parallel_easy_seed20291743,6,6757,6758,3.33623271,1926.06571910,0.54704525,high25,full25,757.19974408,2683.26546318,6d4c28979eeb7b06,b179bf236dd2b886,576.38982885,2548.87305809,1972.48322924,3520.85264127,4036.77411349,0.56022885,0.48862859,-1.00000000,-1.00000000,1.00000000
D_0105,nw_retrain_0233_converging_hard_seed20273809,5,3746,3775,2.91495886,1926.75936340,0.50399723,high25,full25,3673.32801955,1746.56865614,954f1f020d49b2af,75eb0a122ae461ea,3673.60441482,1746.45585751,1927.14855731,3822.95627399,3305.07106505,0.50409903,0.58308839,1.00000000,1.00000000,1.00000000
D_0106,nw_retrain_0432_converging_moderate_seed20293311,4,7028,7029,1.97783875,1974.26698820,0.51440886,high25,full25,6106.98471390,4132.71772570,6982f8da5f266111,a2915aceeb171950,6094.84505045,4224.48593086,1870.35911958,3837.93348926,3241.61921669,0.48733495,0.57698298,1.00000000,1.00000000,1.00000000
D_0107,nw_retrain_0089_none_easy_seed20259828,5,946,958,0.82937182,1994.52429260,0.66537775,high25,full25,1011.81032562,3006.33461823,6ae5f76a4d9163d7,172307e9a6b1c1d5,749.99290196,2985.80364056,2235.81073860,2997.58189760,2997.58189760,0.74587144,0.74587144,-1.00000000,-1.00000000,1.00000000
D_0108,nw_retrain_0077_none_easy_seed20258521,4,782,783,3.90568236,2003.68058318,0.69831707,high25,full25,8.37237742,2012.05296060,2f0092a1b1120e84,dcd913a37266b019,4.87260329,2012.06935530,2007.19675201,2869.29917587,2869.29917587,0.69954251,0.69954251,-1.00000000,-1.00000000,1.00000000
D_0109,nw_retrain_0158_vertically_overlapping_easy_seed20266328,3,2346,2399,3.48519998,2004.63618639,0.93831595,high25,full25,3698.24931031,1693.61312392,372f2918007000d9,5fa078350bf38cc9,3637.01120021,1661.82018231,1975.19101791,2136.41916354,1456.76239604,0.92453347,1.35587727,1.00000000,1.00000000,1.00000000
D_0110,nw_retrain_0459_vertically_overlapping_moderate_seed20296088,3,7601,7622,3.09544347,2010.67669473,0.68295923,high25,full25,343.83320132,2354.50989605,f6184da583af9dde,e6388453e4afb80d,341.48880323,2351.80454065,2010.31573742,2944.06550151,1777.09462171,0.68283662,1.13123731,-1.00000000,-1.00000000,1.00000000
D_0111,nw_retrain_0416_approximately_parallel_easy_seed20291743,1,6789,6817,1.64979920,2051.80149153,0.58275699,high25,full25,2130.00112698,78.19963545,aabc8136f7b20d79,db2454637a6c55a8,1902.18743546,21.18589978,1881.00153568,3520.85264127,4036.77411349,0.53424603,0.46596651,1.00000000,1.00000000,1.00000000
D_0112,nw_retrain_0089_none_easy_seed20259828,2,1006,1007,2.53619944,2065.26490844,0.68897698,high25,full25,2206.56822571,141.30331727,8d5fca303bba0414,a31af0a5fd21fca6,2196.60435173,53.12491472,2143.47943701,2997.58189760,2997.58189760,0.71506952,0.71506952,1.00000000,1.00000000,1.00000000
D_0113,nw_retrain_0099_vertically_overlapping_easy_seed20260677,1,1248,1251,3.01709478,2149.21264572,0.91801331,high25,full25,1185.36714308,3334.57978880,d7af8bb6869470af,6df8349a8ac95fea,130.29903976,2868.86783028,2738.56879052,2341.15629922,2341.15629922,1.16975052,1.16975052,-1.00000000,-1.00000000,1.00000000
D_0114,nw_retrain_0151_approximately_parallel_moderate_seed20265773,3,2198,2199,1.94338685,2149.47758269,0.78486835,high25,full25,2679.45719309,529.97961039,be227bc3ad19d427,0497b4445deceecf,2675.55788843,10.98929136,2664.56859707,2738.64729326,1308.07074583,0.97295063,2.03702178,1.00000000,1.00000000,1.00000000
D_0115,nw_retrain_0413_vertically_overlapping_easy_seed20291842,3,6571,6604,1.58003347,2153.12656833,0.72810289,high25,full25,305.34462832,2458.47119665,d540af6c1a4c8f5f,3ea25011d4720ba6,62.90505479,2449.37255940,2386.46750461,2957.17350785,3977.20231044,0.80700963,0.60003674,-1.00000000,-1.00000000,1.00000000
D_0116,nw_retrain_0314_vertically_overlapping_moderate_seed20281747,5,4715,4720,2.76847250,2162.89711770,0.53392737,high25,full25,10298.05690038,8135.15978268,f4cf58a04e38ab00,601a0a2abe41a247,10232.83935254,8111.36334001,2121.47601253,4050.92006849,1016.87205564,0.52370226,2.08627624,1.00000000,1.00000000,1.00000000
D_0117,nw_retrain_0119_converging_moderate_seed20262637,1,1556,1558,2.11987965,2181.14648155,0.71420204,high25,full25,2201.16096322,20.01448167,af5da15b1c3ab037,87139c6cfe61a6ea,2197.10785270,2.03193094,2195.07592175,3053.96282810,3053.96282810,0.71876314,0.71876314,1.00000000,1.00000000,1.00000000
D_0118,nw_retrain_0570_crossing_easy_seed22084742,4,9294,9339,1.27512081,2184.92519308,0.55918110,high25,full25,3866.12829696,6051.05349004,ecf74989133b5096,6d68006515a35146,3861.24727914,6048.92648140,2187.67920226,3907.36595472,4685.15264818,0.55988593,0.46693872,-1.00000000,-1.00000000,1.00000000
D_0119,nw_retrain_0068_crossing_easy_seed20257639,3,665,669,2.38176149,2222.26341591,0.66242064,high25,full25,2993.60309077,5215.86650668,2f9caa5a916a05a1,00890f8e6bd54e71,2928.34646600,5210.07346161,2281.72699562,3354.76172698,3354.76172698,0.68014577,0.68014577,-1.00000000,-1.00000000,1.00000000
D_0120,nw_retrain_0095_crossing_easy_seed20260285,5,1148,1178,3.58590187,2222.79000643,0.78086928,high25,full25,3174.44014751,951.65014108,af2bd0b136fdc07c,02f8094f7b60e8f7,3174.14706415,939.58904799,2234.55801615,2846.55840472,2846.55840472,0.78500340,0.78500340,1.00000000,1.00000000,1.00000000
D_0121,nw_retrain_0473_converging_moderate_seed20297198,1,8072,8073,1.71743825,2254.88682706,0.66574131,high25,full25,2349.51601728,94.62919022,55016b190083f782,a2d3531f056d10a8,1122.90490120,6.37864945,1116.52625175,3387.03156602,3415.18253612,0.32964743,0.32693018,1.00000000,1.00000000,1.00000000
D_0122,nw_retrain_0224_crossing_easy_seed20273058,1,3761,3763,3.57977880,2274.65457104,0.54677072,high25,full25,2298.07168928,23.41711824,336556c3a4eb2898,80b9acd525eae40e,1512.71420279,4.19682972,1508.51737307,4160.16165396,4766.91580404,0.36261028,0.31645564,1.00000000,1.00000000,1.00000000
D_0123,nw_retrain_0389_vertically_overlapping_easy_seed20289228,3,6141,6142,0.51262828,2353.12969882,0.55470283,high25,full25,5895.21475753,3542.08505870,a637da17c5dce228,3b3fc7148e939324,5888.44611761,3038.52810796,2849.91800965,4242.14473173,3297.68026375,0.67181065,0.86421902,1.00000000,1.00000000,1.00000000
D_0124,nw_retrain_0408_crossing_easy_seed20291090,1,6402,6447,1.23631341,2356.65059784,1.41604839,high25,full25,2368.68878079,12.03818294,d3f3df509435dd86,05835b96a06e3542,2366.27726776,8.67895622,2357.59831154,1664.24439244,1968.45183403,1.41661785,1.19769164,1.00000000,1.00000000,1.00000000
D_0125,nw_retrain_0380_none_easy_seed20288346,2,5777,5785,2.12896943,2367.72945788,0.76594791,high25,full25,2894.07691106,526.34745318,234c0458cf3879f4,6bf10567eb6fbd33,2894.07691106,51.82917179,2842.24773927,3091.24084468,3617.95670548,0.91945205,0.78559473,1.00000000,1.00000000,1.00000000
D_0126,nw_retrain_0437_none_easy_seed20293670,1,7203,7258,1.75750333,2372.86450436,2.47571523,high25,full25,199.04426148,2571.90876584,3b0b7e1f744d134d,62bdb83aa6d9aa56,10.21564022,2435.97514577,2425.75950554,958.45615581,900.45214234,2.53090294,2.69393496,-1.00000000,-1.00000000,1.00000000
D_0127,nw_retrain_0024_converging_hard_seed20253196,2,529,530,1.28685589,2384.35651731,0.70206490,high25,full25,4823.14453070,7207.50104801,aa8551c22373a827,9eabe62a632dec3e,3861.09401847,7205.63672617,3344.54270770,3396.20529070,3396.20529070,0.98478814,0.98478814,-1.00000000,-1.00000000,1.00000000
D_0128,nw_retrain_0309_none_easy_seed20281257,2,4593,4595,2.24180394,2402.93340200,1.91182894,high25,full25,318.94980982,2721.88321182,18240b7a8078ff85,88c4f0909e1d71b0,21.57051451,2503.13212131,2481.56160680,1256.87678064,941.43362665,1.97438734,2.63593899,-1.00000000,-1.00000000,1.00000000
D_0129,nw_retrain_0432_converging_moderate_seed20293311,1,7103,7105,2.03266465,2406.54133501,0.62704092,high25,full25,8432.17690287,6025.63556785,b0c1710ee4a3f896,cef3a7ce44c73f3c,8432.64870170,6023.37554524,2409.27315646,3837.93348926,3241.61921669,0.62775271,0.74323139,1.00000000,1.00000000,1.00000000
D_0130,nw_retrain_0392_approximately_parallel_moderate_seed20289260,3,6192,6195,2.42731900,2423.59756778,0.73701347,high25,full25,646.71001936,3070.30758714,959827a4c3b5cae6,0b0d78dcb5a6feb1,98.15136512,3070.29109360,2972.13972848,3288.40336522,2007.16873869,0.90382456,1.48076227,-1.00000000,-1.00000000,1.00000000
D_0131,nw_retrain_0310_approximately_parallel_moderate_seed20281224,5,4728,4729,1.20141474,2457.33331642,0.50337559,high25,full25,2916.69633900,459.36302258,35859cf87d558e58,25b1dc0b178bb94d,2914.65725920,88.60081719,2826.05644201,4881.70934352,5107.17465508,0.57890715,0.55335026,1.00000000,1.00000000,1.00000000
D_0132,nw_retrain_0204_converging_hard_seed20270836,1,3482,3492,2.96014986,2470.97023006,1.13985810,high25,full25,2525.71623823,54.74600817,3073040c44fa6596,ed7cfd456db89e88,2477.47969125,16.78164662,2460.69804463,2167.78758740,2152.32795756,1.13511954,1.14327282,1.00000000,1.00000000,1.00000000
D_0133,nw_retrain_0322_converging_moderate_seed20282662,4,4924,4925,3.39410651,2474.86706512,0.76998717,high25,full25,516.90202564,2991.76909076,1bd590bba536e199,81d65a1c17bca8db,302.94087483,2985.52584157,2682.58496675,3214.16663797,3128.18290343,0.83461291,0.85755375,-1.00000000,-1.00000000,1.00000000
D_0134,nw_retrain_0233_converging_hard_seed20273809,1,3832,3833,1.67194365,2574.03408053,0.67330984,high25,full25,9672.50267011,7098.46858958,59f10099c66f79ff,cfa8366c10fa33cb,9670.25059588,7146.90859514,2523.34200074,3822.95627399,3305.07106505,0.66004992,0.76347587,1.00000000,1.00000000,1.00000000
D_0135,nw_retrain_0141_crossing_easy_seed20264924,6,1923,1989,2.51852469,2580.24951322,1.38037477,high25,full25,1211.03587773,3791.28539095,89bfc3cf4bf9efdf,0884f8b79e1153b1,1023.61169114,3652.00800144,2628.39631030,1869.23838993,1987.22292942,1.40613221,1.32264794,-1.00000000,-1.00000000,1.00000000
D_0136,nw_retrain_0296_converging_moderate_seed20279983,6,4477,4556,3.15847732,2602.38878664,1.30816341,high25,full25,5108.33720063,2505.94841399,023ce3af1aca069c,3a0cf91abdaa2fe2,5108.54014842,2505.55859991,2602.98154852,1989.34534868,2202.67345528,1.30846137,1.18173738,1.00000000,1.00000000,1.00000000
D_0137,nw_retrain_0203_converging_moderate_seed20270869,3,3416,3417,2.34737208,2613.45754551,0.53945891,high25,full25,7373.37957708,9986.83712259,84088192758f1684,7b8999cc508f9e08,5758.40124526,9984.13612327,4225.73487801,4844.59055263,4891.53260838,0.87225842,0.86388770,-1.00000000,-1.00000000,1.00000000
D_0138,nw_retrain_0479_converging_easy_seed20297786,6,8098,8099,2.95930422,2614.07908006,0.50456308,high25,full25,3092.04858368,477.96950361,1f5b84401a5c59ff,3499be3e6e06978d,3091.84498422,401.38879614,2690.45618809,5180.87662813,2297.50352000,0.51930520,1.17103463,1.00000000,1.00000000,1.00000000
D_0139,nw_retrain_0553_none_easy_seed22082814,3,9090,9091,1.02305053,2617.12113104,0.58648800,high25,full25,2293.42839039,4910.54952143,a2b781efd312c543,e9c5c3230e1a5ca4,1282.53506622,4887.83624574,3605.30117953,4462.36093260,4862.60867751,0.80793581,0.74143354,-1.00000000,-1.00000000,1.00000000
D_0140,nw_retrain_0495_vertically_overlapping_moderate_seed20299354,2,8507,8652,2.94069645,2697.56792966,0.53913560,high25,full25,110.60591168,2808.17384133,ba4577250ca81970,bb07d006fe2d2529,92.41316837,1468.97995547,1376.56678710,5003.50548074,5655.00731860,0.27512047,0.24342440,-1.00000000,-1.00000000,1.00000000
D_0141,nw_retrain_0133_vertically_overlapping_moderate_seed20264009,5,1806,1807,1.51789649,2720.85216264,0.50363201,high25,full25,2845.59074712,124.73858448,1e6972aeab7aef70,15226f7e369036d7,2074.47332131,16.61814616,2057.85517515,5402.46077711,4285.67457777,0.38091071,0.48017066,1.00000000,1.00000000,1.00000000
D_0142,nw_retrain_0266_none_easy_seed20276912,3,4344,4347,2.02152457,2721.35307671,0.96160240,high25,full25,2821.84309148,5543.19616819,80870c8199159ad7,055116d3c5db3e00,961.66472149,5530.21239491,4568.54767343,2830.01902786,2801.34852459,1.61431695,1.63083873,-1.00000000,-1.00000000,1.00000000
D_0143,nw_retrain_0061_vertically_overlapping_moderate_seed20257346,4,570,595,1.89727500,2732.44590695,1.49118984,high25,full25,598.21934192,3330.66524886,c981332ba6853e8e,53c0a66681c60a5d,135.35662804,3328.18257897,3192.82595093,1832.39305183,1832.39305183,1.74243509,1.74243509,-1.00000000,-1.00000000,1.00000000
D_0144,nw_retrain_0095_crossing_easy_seed20260285,3,1143,1197,1.99072942,2738.55798424,0.96205930,high25,full25,2743.17825163,4.62026739,8dfcbfd28d246fc9,346003ba083278d9,2727.16500145,3.94883827,2723.21616318,2846.55840472,2846.55840472,0.95666970,0.95666970,1.00000000,1.00000000,1.00000000
D_0145,nw_retrain_0413_vertically_overlapping_easy_seed20291842,4,6566,6599,3.07312773,2740.65566545,0.92678216,high25,full25,5891.29554347,8631.95120892,906e052370845764,5715fa990a6b94bf,5867.00002059,8629.10348591,2762.10346532,2957.17350785,3977.20231044,0.93403497,0.69448402,-1.00000000,-1.00000000,1.00000000
D_0146,nw_retrain_0562_crossing_moderate_seed22083696,4,9100,9140,3.90496033,2743.65164152,2.49058342,high25,full25,2950.78595063,207.13430912,c8c9829ed9719aaa,e105f7f50993284a,2949.96193514,206.42405219,2743.53788295,1101.61001834,1013.60112262,2.49048015,2.70672341,1.00000000,1.00000000,1.00000000
D_0147,nw_retrain_0156_crossing_easy_seed20266132,3,2276,2279,2.02626091,2824.94959561,0.83693491,high25,full25,5326.37086264,2501.42126703,c49ac7f1d7f9ebbc,4a9860e738029e27,5324.29095641,1775.69847080,3548.59248560,3375.35159054,1974.88678599,1.05132529,1.79685869,1.00000000,1.00000000,1.00000000
D_0148,nw_retrain_0570_crossing_easy_seed22084742,2,9320,9321,1.75508662,2831.17850495,0.72457470,high25,full25,2867.75072732,36.57222237,ac540d3dc666c657,3d1da3422f6dbf4f,2864.37205081,7.61402007,2856.75803074,3907.36595472,4685.15264818,0.73112119,0.60974706,1.00000000,1.00000000,1.00000000
D_0149,nw_retrain_0254_none_easy_seed20275736,3,4118,4119,0.53765044,2873.23108786,0.57229006,high25,full25,463.84581657,3337.07690443,346d73f39ab43f24,a8fc6367f4a7097c,217.50354690,3337.00832733,3119.50478043,5020.58530266,3781.58752722,0.62134285,0.82491936,-1.00000000,-1.00000000,1.00000000
D_0150,nw_retrain_0369_crossing_easy_seed20287006,4,5732,5733,1.31906289,2881.19662489,0.82626261,high25,full25,2069.47060962,4950.66723452,fff3149294042b2f,ca094ed2707189f6,1298.87360867,4857.32198001,3558.44837134,3487.02287985,3222.05772071,1.02048323,1.10440243,-1.00000000,-1.00000000,1.00000000
D_0151,nw_retrain_0156_crossing_easy_seed20266132,5,2292,2294,2.81944529,2883.95269267,0.85441549,high25,full25,3187.53269841,303.58000574,88ef105dfb790209,3f675718b164fb5d,3185.22940116,22.01532487,3163.21407630,3375.35159054,1974.88678599,0.93715099,1.60171920,1.00000000,1.00000000,1.00000000
D_0152,nw_retrain_0479_converging_easy_seed20297786,2,8201,8206,1.77306840,2910.39578224,0.56175740,high25,full25,2706.15775423,5616.55353647,c810a300125ea818,16fe38cb195bb87a,2205.35859362,5127.57044596,2922.21185234,5180.87662813,2297.50352000,0.56403811,1.27190745,-1.00000000,-1.00000000,1.00000000
D_0153,nw_retrain_0384_approximately_parallel_moderate_seed20288738,3,5849,5850,1.19787095,2911.74074299,1.11591550,high25,full25,2928.81560759,17.07486460,3496a93ea6af7740,5833a160b019593c,2925.49461078,17.07486460,2908.41974618,2609.28424593,1418.64177904,1.11464274,2.05014387,1.00000000,1.00000000,1.00000000
D_0154,nw_retrain_0465_vertically_overlapping_hard_seed20296545,2,7703,7746,4.28444034,2933.34388677,1.07116531,high25,full25,6356.50589650,3423.16200974,7d670d26cbe76c41,5cdefe652995e70e,6339.60822921,3321.55487825,3018.05335095,2738.46049088,2905.13451905,1.10209856,1.03886871,1.00000000,1.00000000,1.00000000
D_0155,nw_retrain_0221_converging_moderate_seed20272633,5,3618,3648,1.86137209,2952.76207109,0.67180093,high25,full25,6496.97248750,3544.21041641,53d5633772459377,d33faf97f84f019c,6496.97248750,3544.01515259,2952.95733491,4395.29321255,2733.52545287,0.67184536,1.08027431,1.00000000,1.00000000,1.00000000
D_0156,nw_retrain_0010_crossing_moderate_seed20251824,1,129,176,2.91697096,2961.51697523,0.72117178,high25,full25,11747.39485124,8785.87787601,6a7bf766b10b5a77,dd57cc0c6d9c310c,11736.90446162,8785.87787601,2951.02658561,4106.53475609,4106.53475609,0.71861722,0.71861722,1.00000000,1.00000000,1.00000000
D_0157,nw_retrain_0310_approximately_parallel_moderate_seed20281224,1,4698,4724,2.12253996,2990.23692052,0.61253891,high25,full25,60.90421998,3051.14114050,57b6bb15592ed347,b8c427e552a85427,17.93663133,2007.51973159,1989.58310026,4881.70934352,5107.17465508,0.40755870,0.38956629,-1.00000000,-1.00000000,1.00000000
D_0158,nw_retrain_0523_converging_easy_seed22079874,5,8780,8787,2.84322491,3012.82507351,1.59216985,high25,full25,1305.89384225,4318.71891576,248e4268de816bcf,1f70d749e9170733,1148.29864341,4318.61878921,3170.32014580,1892.27617105,1981.60568739,1.67540034,1.59987437,-1.00000000,-1.00000000,1.00000000
D_0159,nw_retrain_0323_converging_moderate_seed20282498,2,5006,5007,2.57134394,3069.98517543,0.96149986,high25,full25,3094.43051466,24.44533923,9e017aa85a23a0c8,4acdff5436f22900,3023.45240165,1.54475148,3021.90765017,3192.91276720,3513.99493805,0.94644228,0.85996358,1.00000000,1.00000000,1.00000000
D_0160,nw_retrain_0150_crossing_easy_seed20265675,2,2102,2137,2.45298736,3106.95713901,0.80599507,high25,full25,3109.05507686,2.09793786,e5fd23b416176ca0,404bc50dbdce5ba8,2344.96466736,1.92560165,2343.03906571,3854.80911711,3204.98562074,0.60782233,0.73106071,1.00000000,1.00000000,1.00000000
D_0161,nw_retrain_0346_vertically_overlapping_moderate_seed20285014,1,5484,5487,1.81615227,3109.01344312,1.89224379,high25,full25,3286.28707336,177.27363024,bad6cdf47f5a9f63,6c32db61fefbd9a5,3284.90036265,12.26157283,3272.63878982,1643.03006496,1577.82436518,1.99183135,2.07414644,1.00000000,1.00000000,1.00000000
D_0162,nw_retrain_0109_vertically_overlapping_easy_seed20261526,5,1350,1375,2.97149936,3117.81175924,0.54900202,high25,full25,12746.19550351,9628.38374427,96f792dcc20b7e49,51d7d326696a76b7,12744.80475039,9628.38374427,3116.42100612,5679.05339783,5679.05339783,0.54875712,0.54875712,1.00000000,1.00000000,1.00000000
D_0163,nw_retrain_0190_none_easy_seed20269464,4,3133,3154,1.50168184,3223.15406937,0.82711900,high25,full25,9577.00920050,12800.16326987,a3d0f667cf415af7,1318c11c75ae3410,9569.15858980,12799.32485205,3230.16626225,3896.84441265,4879.51753487,0.82891846,0.66198476,-1.00000000,-1.00000000,1.00000000
D_0164,nw_retrain_0455_converging_easy_seed20295434,1,7644,7646,2.01133613,3298.94141373,0.73891513,high25,full25,1278.13725803,4577.07867177,4601e79bf6ca2d7f,c6e819878ead0081,872.85557140,2865.75361681,1992.89804542,4464.57417093,3855.75003859,0.44638032,0.51686391,-1.00000000,-1.00000000,1.00000000
D_0165,nw_retrain_0431_none_easy_seed20293082,4,7050,7051,1.40139647,3300.57622503,0.64588977,high25,full25,1912.31694295,5212.89316798,709b76f9fa6b7062,6bf489cfe26d6ba0,1124.77153761,3274.73313949,2149.96160188,5110.12305595,4648.84232399,0.42072599,0.46247247,-1.00000000,-1.00000000,1.00000000
D_0166,nw_retrain_0365_none_easy_seed20286614,1,5653,5654,1.18857914,3323.44349895,1.27718605,high25,full25,115.83093415,3439.27443310,7f4f07f3a093e57b,047d9974e2239e58,10.62678554,3438.49736261,3427.87057707,2602.16081273,1250.89213465,1.31731696,2.74034066,-1.00000000,-1.00000000,1.00000000
D_0167,nw_retrain_0486_none_easy_seed20298603,1,8232,8234,0.91550494,3331.21270207,0.89595285,high25,full25,215.92825800,3547.14096007,b2dc97d890289d20,ede70b49fd091b0e,8.16960784,1912.10940438,1903.93979654,3718.06697750,3318.98673741,0.51207786,0.57365092,-1.00000000,-1.00000000,1.00000000
D_0168,nw_retrain_0363_vertically_overlapping_hard_seed20286418,3,5533,5627,2.98437437,3334.10359607,0.69407931,high25,full25,9938.63186580,6604.52826973,0403a4321c7d1c19,f2e2bab5036392d8,9937.09279249,6595.45154465,3341.64124784,4803.63489285,3861.39335398,0.69564847,0.86539778,1.00000000,1.00000000,1.00000000
D_0169,nw_retrain_0133_vertically_overlapping_moderate_seed20264009,3,1785,1815,2.51634632,3352.35716218,0.62052411,high25,full25,10055.32950241,13407.68666459,26ae98153ea51402,606d5575598d3fa7,10037.08396893,13400.49362964,3363.40966071,5402.46077711,4285.67457777,0.62256994,0.78480286,-1.00000000,-1.00000000,1.00000000
D_0170,nw_retrain_0465_vertically_overlapping_hard_seed20296545,5,7704,7709,3.98411893,3363.99411718,1.22842529,high25,full25,3112.19925465,6476.19337183,6b2ad76f46c27e92,7dc69dc7fbf80efa,3092.13377214,6432.61455188,3340.48077974,2738.46049088,2905.13451905,1.21983895,1.14985408,-1.00000000,-1.00000000,1.00000000
D_0171,nw_retrain_0068_crossing_easy_seed20257639,4,634,694,2.69789046,3416.75092679,1.01847797,high25,full25,8533.94144763,5117.19052084,b43896af407e9f3f,be70d55ee05b4cc7,8534.14539153,5117.23747637,3416.90791516,3354.76172698,3354.76172698,1.01852477,1.01852477,1.00000000,1.00000000,1.00000000
D_0172,nw_retrain_0122_vertically_overlapping_easy_seed20262800,3,1710,1711,1.56492700,3446.85479629,0.67407683,high25,full25,7209.33165268,10656.18644898,af418bc1ae9a82b5,6543c67582dc16c4,5425.17965745,10655.95835743,5230.77869998,5113.44498066,4126.07396263,1.02294612,1.26773750,-1.00000000,-1.00000000,1.00000000
D_0173,nw_retrain_0224_crossing_easy_seed20273058,5,3699,3727,3.28463359,3481.31982944,0.83682321,high25,full25,1291.88017219,4773.20000164,6953874c08230820,ee32550ecab16a31,1287.63333683,4771.91435700,3484.28102017,4160.16165396,4766.91580404,0.83753501,0.73092984,-1.00000000,-1.00000000,1.00000000
D_0174,nw_retrain_0386_none_easy_seed20288803,2,6094,6095,1.83455144,3505.33883260,0.71754551,high25,full25,102.61251246,3607.95134506,2bbd14926cb261be,76ecbe7cb64202b4,8.92148359,2572.92436708,2564.00288349,4885.17982255,2116.37630915,0.52485333,1.21150614,-1.00000000,-1.00000000,1.00000000
D_0175,nw_retrain_0181_converging_easy_seed20268582,1,2833,2885,1.44315164,3526.77662750,0.65245042,high25,full25,12987.13442518,9460.35779768,04bcb4f29fd69e80,4453f02b05d461e2,12987.33442518,9460.53663038,3526.79779480,5405.43237935,5232.89218972,0.65245434,0.67396722,1.00000000,1.00000000,1.00000000
D_0176,nw_retrain_0553_none_easy_seed22082814,4,9080,9084,2.12459446,3549.88225131,0.79551661,high25,full25,9641.60560144,6091.72335013,645100c7d883a075,a778379c6d467cab,9639.41089706,6039.69345660,3599.71744046,4462.36093260,4862.60867751,0.80668451,0.74028524,1.00000000,1.00000000,1.00000000
D_0177,nw_retrain_0024_converging_hard_seed20253196,5,503,516,1.73955661,3552.96546777,1.04615745,high25,full25,938.13841330,4491.10388107,f3bae78205d2f13e,5623cc4b4fecca80,463.09311176,4419.96269696,3956.86958520,3396.20529070,3396.20529070,1.16508551,1.16508551,-1.00000000,-1.00000000,1.00000000
D_0178,nw_retrain_0369_crossing_easy_seed20287006,2,5714,5759,3.53537722,3555.45087364,1.01962361,high25,full25,5162.56446884,1607.11359520,6a6f83852e071778,6aed3d042415370d,5164.04526970,1603.13779295,3560.90747675,3487.02287985,3222.05772071,1.02118845,1.10516564,1.00000000,1.00000000,1.00000000
D_0179,nw_retrain_0431_none_easy_seed20293082,2,6989,6990,2.88041730,3588.81982860,0.70229617,high25,full25,1125.33147126,4714.15129985,2a32fb5d4469d7e7,76fe4ce9ae930338,371.15847262,4710.76283127,4339.60435865,5110.12305595,4648.84232399,0.84921719,0.93348065,-1.00000000,-1.00000000,1.00000000
D_0180,nw_retrain_0486_none_easy_seed20298603,4,8198,8215,3.32396207,3804.35497633,1.02320776,high25,full25,8638.09492568,4833.73994935,c19517cd1c028947,e780ac07d98f25df,8635.17309414,4821.27269699,3813.90039716,3718.06697750,3318.98673741,1.02577507,1.14911589,1.00000000,1.00000000,1.00000000
D_0181,nw_retrain_0473_converging_moderate_seed20297198,5,7993,7995,5.55148736,3808.48177744,1.12443055,high25,full25,3818.08136432,9.59958688,fde3190a1f698a5e,201a785f915f70d5,3818.08136432,4.21248908,3813.86887524,3387.03156602,3415.18253612,1.12602106,1.11673939,1.00000000,1.00000000,1.00000000
D_0182,nw_retrain_0175_vertically_overlapping_easy_seed20267994,4,2630,2644,3.84401319,3828.66942810,1.68526797,high25,full25,3877.45091800,48.78148990,c07031cf0eb421ec,bda49b0665e1404c,3809.91550563,3.17135283,3806.74415280,2271.84607494,2731.38276654,1.67561711,1.39370585,1.00000000,1.00000000,1.00000000
D_0183,nw_retrain_0523_converging_easy_seed22079874,1,8752,8753,1.00406445,3982.60869016,2.10466567,high25,full25,4451.28353605,468.67484589,35c22ab0623731e9,3ac648c7979efd7f,4448.14644847,32.98679981,4415.15964866,1892.27617105,1981.60568739,2.33325331,2.22807175,1.00000000,1.00000000,1.00000000
D_0184,nw_retrain_0385_crossing_hard_seed20288574,2,5929,5930,2.49231424,4050.22551282,0.76179327,high25,full25,7366.45402954,3316.22851672,35411dae89adeb0e,add531dfc3bd3db7,7364.82757086,2085.70384434,5279.12372652,5316.69897326,4821.74942731,0.99293260,1.09485651,1.00000000,1.00000000,1.00000000
D_0185,nw_retrain_0010_crossing_moderate_seed20251824,4,93,145,3.41639692,4134.98655460,1.00692842,high25,full25,4168.72445952,33.73790492,e3154a47a2f2585e,e383e7ed660d665b,4167.20696392,22.28044852,4144.92651540,4106.53475609,4106.53475609,1.00934894,1.00934894,1.00000000,1.00000000,1.00000000
D_0186,nw_retrain_0455_converging_easy_seed20295434,4,7549,7550,2.36860414,4144.86879597,0.92839062,high25,full25,23.17302202,4168.04181799,0e68c63d931451c6,7b5546edca310a45,6.41529834,4168.77918898,4162.36389064,4464.57417093,3855.75003859,0.93230927,1.07952120,-1.00000000,-1.00000000,1.00000000
D_0187,nw_retrain_0363_vertically_overlapping_hard_seed20286418,4,5564,5594,2.96617774,4181.50496615,0.87048767,high25,full25,1368.38785539,5549.89282153,65179c068de0aa2d,aa90161d59cf2bc2,1360.59543665,5539.80332306,4179.20788641,4803.63489285,3861.39335398,0.87000948,1.08230566,-1.00000000,-1.00000000,1.00000000
D_0188,nw_retrain_0109_vertically_overlapping_easy_seed20261526,3,1425,1426,1.71257298,4218.27715409,0.74277822,high25,full25,7558.68145667,11776.95861076,31358164775f67e7,0600b656d3123301,5871.24213780,11774.89930478,5903.65716698,5679.05339783,5679.05339783,1.03954951,1.03954951,-1.00000000,-1.00000000,1.00000000
D_0189,nw_retrain_0167_approximately_parallel_easy_seed20267472,3,2554,2557,1.72126836,4326.57147022,0.79386392,high25,full25,5051.52058281,724.94911259,721035e193726d54,d29705c5754de728,2734.32062408,662.05660342,2072.26402066,5450.01650864,6713.53691355,0.38023078,0.30866949,1.00000000,1.00000000,1.00000000
D_0190,nw_retrain_0122_vertically_overlapping_easy_seed20262800,4,1717,1718,1.44768805,5265.28387660,1.02969405,high25,full25,6608.10759065,1342.82371406,2fcfcc73922f0ed3,3e1f8c8dd960ae50,6439.04947929,196.55433824,6242.49514105,5113.44498066,4126.07396263,1.22080030,1.51293826,1.00000000,1.00000000,1.00000000
D_0191,nw_retrain_0385_crossing_hard_seed20288574,4,5950,5956,2.72514221,5579.76547445,1.04947929,high25,full25,12576.03957432,6996.27409987,aebe8da0ceaf97f8,12110f503e66f76d,12575.68625504,6996.02415827,5579.66209677,5316.69897326,4821.74942731,1.04945985,1.15718624,1.00000000,1.00000000,1.00000000
D_0192,nw_retrain_0086_vertically_overlapping_hard_seed20259272,2,938,939,3.59524942,5867.10331204,2.89744202,high25,full25,5882.18743055,15.08411851,8e5830a70b1cbaf2,c14e88b0eb02db1a,5880.72647691,4.36447720,5876.36199970,2024.92518149,2024.92518149,2.90201438,2.90201438,1.00000000,1.00000000,1.00000000
D_0193,nw_retrain_0254_none_easy_seed20275736,4,4084,4085,0.70668435,5923.38219237,1.17981905,high25,full25,2617.67492234,8541.05711471,c0ae9abd225700a9,ee37424325b5d7ed,1440.73833645,8531.04590756,7090.30757111,5020.58530266,3781.58752722,1.41224721,1.87495530,-1.00000000,-1.00000000,1.00000000
D_0194,nw_retrain_0192_crossing_moderate_seed20269660,5,3280,3319,3.31336287,6294.19338782,1.45762792,high25,full25,6858.67237492,13152.86576274,e06f73d06b82e141,45bbe47d927fbb24,6853.49366454,13153.09002446,6299.59635992,4318.10703252,4692.60559975,1.45887916,1.34245170,-1.00000000,-1.00000000,1.00000000
D_0195,nw_retrain_0192_crossing_moderate_seed20269660,2,3337,3394,2.84170658,6455.40177041,1.49496104,high25,full25,10582.51333571,4127.11156529,256a2b6209da657a,a1d77229ebb9eb77,10572.16138510,4022.03772385,6550.12366124,4318.10703252,4692.60559975,1.51689701,1.39583937,1.00000000,1.00000000,1.00000000
D_0196,nw_retrain_0243_converging_hard_seed20274789,2,3893,3895,1.66412658,6590.35036981,1.86137575,high25,full25,8731.37907539,2141.02870557,32c0d97d7d8f63dd,738e0a1cf4af1274,8724.25052525,355.54715801,8368.70336724,3540.58033996,5083.59380215,2.36365301,1.64621795,1.00000000,1.00000000,1.00000000
D_0197,nw_retrain_0203_converging_moderate_seed20270869,5,3354,3367,2.71563212,6643.58880485,1.37134165,high25,full25,1597.54731190,8241.13611676,3c201278169e3bb3,23897352255c1d9c,1597.54731190,8241.42251375,6643.87520185,4844.59055263,4891.53260838,1.37140077,1.35823999,-1.00000000,-1.00000000,1.00000000
D_0198,nw_retrain_0359_vertically_overlapping_moderate_seed20286026,1,5461,5463,3.43275683,9612.66526000,1.84038843,high25,full25,9736.70890392,124.04364392,150bb7f41bdd8cfc,4c608c5aa9f44743,9733.95995713,19.17949040,9714.78046673,5223.17195540,5898.49171738,1.85993886,1.64699400,1.00000000,1.00000000,1.00000000
D_0199,nw_retrain_0181_converging_easy_seed20268582,4,2861,2862,3.31005405,9621.41202869,1.77995234,high25,full25,11769.24559841,2147.83356972,3b036d86504feb06,df04e9142c448a43,11768.52483497,1137.18828547,10631.33654950,5405.43237935,5232.89218972,1.96678745,2.03163684,1.00000000,1.00000000,1.00000000
D_0200,nw_retrain_0363_vertically_overlapping_hard_seed20286418,5,5552,5555,2.35878459,0.00012997,0.00000003,low25,full25,146.99016820,146.99029817,b58620d35cad46c4,861e9157d2adeb13,146.99016820,146.99029817,0.00012997,4803.63489285,3861.39335398,0.00000003,0.00000003,-1.00000000,-1.00000000,1.00000000
D_0201,nw_retrain_0547_approximately_parallel_moderate_seed22082619,2,9024,9025,0.13915133,0.00109611,0.00000663,low25,full25,3.27990330,3.28099941,fe557e1dfba0e731,9c09fc7cf934d75d,1.91813728,1.48355446,0.43458282,165.37398976,91.06049956,0.00262788,0.00477246,-1.00000000,1.00000000,0.00000000
D_0202,nw_retrain_0141_crossing_easy_seed20264924,4,1952,1955,0.13213455,0.00184819,0.00000099,low25,full25,4181.80036056,4181.79851237,4f064d5aa2d907a7,bf5699c19950eeef,4180.37678693,4180.52817805,0.15139111,1869.23838993,1987.22292942,0.00008099,0.00007618,1.00000000,-1.00000000,0.00000000
D_0203,nw_retrain_0426_vertically_overlapping_hard_seed20292592,5,6892,6893,1.55175973,0.00230422,0.00001179,low25,full25,25.94349518,25.94579940,a5cb4c7c1f3deb12,560d8811f0c39d77,25.91671541,25.94579940,0.02908399,195.45933524,192.07280122,0.00014880,0.00015142,-1.00000000,-1.00000000,1.00000000
D_0204,nw_retrain_0266_none_easy_seed20276912,5,4276,4279,0.49813171,0.00323764,0.00000114,low25,full25,7030.86117774,7030.85794010,80c4fea819cf04aa,b787415be27cd5f3,7030.82587750,7030.85767157,0.03179407,2830.01902786,2801.34852459,0.00001123,0.00001135,1.00000000,-1.00000000,0.00000000
D_0205,nw_retrain_0122_vertically_overlapping_easy_seed20262800,6,1700,1703,0.66760641,0.00406303,0.00000079,low25,full25,68.83634359,68.84040662,0391f080c0400bfc,337982895a7fa9cf,68.80087961,68.78638627,0.01449333,5113.44498066,4126.07396263,0.00000283,0.00000351,-1.00000000,1.00000000,0.00000000
D_0206,nw_retrain_0581_converging_hard_seed22085689,6,9372,9373,0.49153019,0.00589018,0.00029987,low25,full25,16.93472843,16.92883825,5a9f3ab26537b70e,b17dac020a3d865c,16.90466926,16.89658843,0.00808083,19.64238893,7.43716837,0.00041140,0.00108655,1.00000000,1.00000000,1.00000000
D_0207,nw_retrain_0182_crossing_moderate_seed20268680,6,2932,2933,0.29713280,0.00645187,0.00009649,low25,full25,36.41079993,36.41725180,420789159526090a,02ba982182ae4558,36.32847072,36.34361994,0.01514922,66.86719039,72.49265473,0.00022656,0.00020898,-1.00000000,-1.00000000,1.00000000
D_0208,nw_retrain_0296_converging_moderate_seed20279983,2,4500,4501,2.75674850,0.00694038,0.00000349,low25,full25,4740.82806355,4740.83500393,10f09a5376e06aa2,4a4fd70448327768,4740.82806355,4740.83500393,0.00694038,1989.34534868,2202.67345528,0.00000349,0.00000315,-1.00000000,-1.00000000,1.00000000
D_0209,nw_retrain_0292_approximately_parallel_easy_seed20279460,6,4406,4407,0.51746685,0.00696831,0.00069561,low25,full25,12.43484872,12.42788040,b7fc90750200545a,8684489d951025a0,12.34724915,12.42788040,0.08063125,10.01758275,7.76908743,0.00804897,0.01037847,1.00000000,-1.00000000,0.00000000
D_0210,nw_retrain_0408_crossing_easy_seed20291090,4,6436,6439,0.53854870,0.00699281,0.00000420,low25,full25,3971.18722350,3971.19421631,e47fba14103ac98e,fe1d93f9d56f4932,3971.18060949,3971.25154871,0.07093922,1664.24439244,1968.45183403,0.00004263,0.00003604,-1.00000000,-1.00000000,1.00000000
D_0211,nw_retrain_0405_vertically_overlapping_hard_seed20290534,5,6344,6345,0.72524902,0.00810147,0.00000755,low25,full25,64.76107410,64.75297263,67c5855c4bc03927,62ee22c306331f06,64.76107410,64.75297263,0.00810147,1072.51182578,714.99938699,0.00000755,0.00001133,1.00000000,1.00000000,1.00000000
D_0212,nw_retrain_0541_crossing_hard_seed22081769,1,8822,8875,1.02282087,0.00818052,0.00000823,low25,full25,6.05997581,6.06815634,3d802fcdc97a6953,a33956ec92f6e508,2.11195745,3.10792396,0.99596651,993.84066628,1894.01454650,0.00100214,0.00052585,-1.00000000,-1.00000000,1.00000000
D_0213,nw_retrain_0270_approximately_parallel_easy_seed20277435,6,4321,4322,2.81624860,0.00896370,0.00053499,low25,full25,6.30370168,6.29473798,2b39b776d035f3dc,dfd5a359fa5a8b6a,6.30225763,6.24703910,0.05521853,16.75486954,6.40348442,0.00329567,0.00862320,1.00000000,1.00000000,1.00000000
D_0214,nw_retrain_0258_approximately_parallel_easy_seed20276128,3,4208,4210,0.08674898,0.01287223,0.00057537,low25,full25,23.26461474,23.27748697,c94293ab3280ce88,7c59a152a6c9e832,23.15409892,23.27748697,0.12338805,22.37214917,14.54452366,0.00551525,0.00848347,-1.00000000,-1.00000000,1.00000000
D_0215,nw_retrain_0479_converging_easy_seed20297786,2,8125,8127,0.11282465,0.01587846,0.00000306,low25,full25,5183.97792429,5183.96204583,2f649a67f6732ce6,a639d12acf2f7b4e,5183.94096361,5183.88290461,0.05805901,5180.87662813,2297.50352000,0.00001121,0.00002527,1.00000000,1.00000000,1.00000000
D_0216,nw_retrain_0322_converging_moderate_seed20282662,2,4944,4945,1.02108162,0.01813171,0.00000564,low25,full25,7815.22146938,7815.23960109,a5affe837daa4878,ea52a55c8620ab1e,7815.42168929,7815.23960109,0.18208820,3214.16663797,3128.18290343,0.00005665,0.00005821,-1.00000000,1.00000000,0.00000000
D_0217,nw_retrain_0296_converging_moderate_seed20279983,5,4544,4545,1.24117637,0.01918017,0.00000964,low25,full25,7.14921668,7.16839685,176c3c83d7f2d80b,dbdd60dda38371aa,7.12773026,7.10774911,0.01998116,1989.34534868,2202.67345528,0.00001004,0.00000907,-1.00000000,1.00000000,0.00000000
D_0218,nw_retrain_0190_none_easy_seed20269464,4,3129,3130,2.78311373,0.01956907,0.00000502,low25,full25,8734.19022577,8734.20979484,632cafa4aa00ae6c,c964766eb8d07cf7,8733.98777891,8734.20979484,0.22201593,3896.84441265,4879.51753487,0.00005697,0.00004550,-1.00000000,-1.00000000,1.00000000
D_0219,nw_retrain_0156_crossing_easy_seed20266132,6,2252,2254,0.40828709,0.02068699,0.00000613,low25,full25,218.91764441,218.93833140,6ed47c97966d5506,fe094b6aa8a62c13,218.91764441,218.93833140,0.02068699,3375.35159054,1974.88678599,0.00000613,0.00001048,-1.00000000,-1.00000000,1.00000000
D_0220,nw_retrain_0516_none_easy_seed22079712,6,8692,8695,0.53451758,0.02200733,0.00000921,low25,full25,3917.35697562,3917.37898295,ae5d7de2059d1395,c60b7f2b4bd07fc5,3917.35697562,3917.37898295,0.02200733,2388.53799302,2107.02934715,0.00000921,0.00001044,-1.00000000,-1.00000000,1.00000000
D_0221,nw_retrain_0346_vertically_overlapping_moderate_seed20285014,5,5365,5367,0.91161676,0.02342992,0.00001426,low25,full25,2.37676885,2.35333893,010bf96886708af2,8eb5c66106a581e2,2.23986574,2.25699263,0.01712689,1643.03006496,1577.82436518,0.00001042,0.00001085,1.00000000,-1.00000000,0.00000000
D_0222,nw_retrain_0566_vertically_overlapping_moderate_seed22084088,4,9236,9237,1.12811070,0.02556678,0.00001343,low25,full25,6069.21549911,6069.18993233,1162380d0eaaeeae,988c88542498273c,6069.21549911,6069.18993233,0.02556678,1903.82241326,2973.19849991,0.00001343,0.00000860,1.00000000,1.00000000,1.00000000
D_0223,nw_retrain_0471_none_easy_seed20297002,5,7857,7859,1.28146815,0.02685059,0.00007268,low25,full25,823.62776456,823.65461515,398c3b74deb8680c,8df4d130e20bcb89,823.62776456,823.65461515,0.02685059,369.41590903,356.12083506,0.00007268,0.00007540,-1.00000000,-1.00000000,1.00000000
D_0224,nw_retrain_0495_vertically_overlapping_moderate_seed20299354,6,8397,8398,3.54601802,0.02878747,0.00000575,low25,full25,11583.46744616,11583.49623363,1512cc03444da244,0b1648b77f18bf26,11583.43683286,11583.40835895,0.02847391,5003.50548074,5655.00731860,0.00000569,0.00000504,-1.00000000,1.00000000,0.00000000
D_0225,nw_retrain_0292_approximately_parallel_easy_seed20279460,3,4424,4427,0.62104181,0.03094248,0.00308882,low25,full25,9.45495912,9.42401664,8f8c9247194625ef,a1a120e4c221f328,9.25733315,9.42401664,0.16668349,10.01758275,7.76908743,0.01663909,0.02145471,1.00000000,-1.00000000,0.00000000
D_0226,nw_retrain_0437_none_easy_seed20293670,6,7249,7250,1.02770663,0.03094351,0.00003228,low25,full25,122.64402626,122.61308275,a169785e6cfabe9f,a56cc19202f1546f,122.58404895,122.55619810,0.02785085,958.45615581,900.45214234,0.00002906,0.00003093,1.00000000,1.00000000,1.00000000
D_0227,nw_retrain_0473_converging_moderate_seed20297198,5,8021,8022,0.22445899,0.03178703,0.00000938,low25,full25,7652.07347289,7652.04168586,69e465fc3d270ac0,67c2daf3f0983ba4,7652.07347289,7652.04168586,0.03178703,3387.03156602,3415.18253612,0.00000938,0.00000931,1.00000000,1.00000000,1.00000000
D_0228,nw_retrain_0171_crossing_easy_seed20267864,6,2581,2582,1.04886088,0.03219904,0.00002114,low25,full25,16.47682237,16.44462333,4b5574ef83a9ae39,f24e6dc159d6e3a0,16.45814201,16.43961198,0.01853003,1523.26548881,908.55083061,0.00001216,0.00002040,1.00000000,1.00000000,1.00000000
D_0229,nw_retrain_0248_vertically_overlapping_easy_seed20275410,6,3968,3970,2.11305626,0.03380941,0.00004548,low25,full25,421.89327333,421.85946392,b1bf4fb77053addb,ed8caa8a3dab56c0,421.89327333,421.88143964,0.01183369,743.45402381,288.86585200,0.00001592,0.00004097,1.00000000,1.00000000,1.00000000
D_0230,nw_retrain_0224_crossing_easy_seed20273058,4,3694,3695,0.74727304,0.03541397,0.00000851,low25,full25,10572.62470144,10572.58928747,4691c071209bdb2a,bf9ad8a0fd8acc20,10572.62470144,10572.58928747,0.03541397,4160.16165396,4766.91580404,0.00000851,0.00000743,1.00000000,1.00000000,1.00000000
D_0231,nw_retrain_0191_approximately_parallel_easy_seed20269562,1,3220,3221,0.42969297,0.03566625,0.00095473,low25,full25,0.84115986,0.87682611,3f8b79b2a9a3c5df,60fef264621c29cb,0.64729516,0.88677665,0.23948149,37.35732718,31.21232059,0.00641056,0.00767266,-1.00000000,-1.00000000,1.00000000
D_0232,nw_retrain_0431_none_easy_seed20293082,5,7009,7011,0.28513630,0.03745133,0.00000733,low25,full25,12330.69590241,12330.65845108,883b5d9de8af5803,be6899c69b1c35cb,12330.47480378,12330.65113598,0.17633219,5110.12305595,4648.84232399,0.00003451,0.00003793,1.00000000,-1.00000000,0.00000000
D_0233,nw_retrain_0409_vertically_overlapping_easy_seed20291319,4,6546,6547,2.97976108,0.03907935,0.00002532,low25,full25,52.48523178,52.44615243,e605701f8802d5fb,96ce8bd2668a5386,52.48222539,52.44615243,0.03607296,1543.17734856,2286.94833335,0.00002338,0.00001577,1.00000000,1.00000000,1.00000000
D_0234,nw_retrain_0546_none_easy_seed22082128,6,8913,8915,1.96729861,0.04288937,0.00002334,low25,full25,61.46368232,61.42079295,4720d5018f4efeb2,c9e45be878dc2d63,61.33614419,61.39588008,0.05973589,1837.72088665,1418.17403826,0.00003251,0.00004212,1.00000000,-1.00000000,0.00000000
D_0235,nw_retrain_0191_approximately_parallel_easy_seed20269562,6,3241,3242,2.41909582,0.04592966,0.00122947,low25,full25,90.66373166,90.70966132,89eac38e52dc98ac,9b713fc4b7849f05,90.64751368,10.75000170,79.89751198,37.35732718,31.21232059,2.13873738,2.55980685,-1.00000000,1.00000000,0.00000000
D_0236,nw_retrain_0547_approximately_parallel_moderate_seed22082619,6,8952,8954,0.96315184,0.04678328,0.00028289,low25,full25,10.36973140,10.32294813,55a562072c187475,a1496f7d659009d5,10.43186936,10.32294813,0.10892123,165.37398976,91.06049956,0.00065864,0.00119614,1.00000000,1.00000000,1.00000000
D_0237,nw_retrain_0185_none_easy_seed20268974,6,2952,2954,0.91904941,0.04687008,0.00011069,low25,full25,116.83927832,116.79240824,bd7ebcdb67615b83,4abdf8c900f76576,116.79625532,116.72550073,0.07075459,423.43120576,284.56841810,0.00016710,0.00024864,1.00000000,1.00000000,1.00000000
D_0238,nw_retrain_0453_converging_hard_seed20295238,2,7497,7499,1.44332761,0.04761222,0.00024640,low25,full25,38.86333407,38.81572185,7f72d43eb455a018,f744ff3da3a9569d,10.11358102,3.94331543,6.17026559,193.23111019,55.51212979,0.03193205,0.11115166,1.00000000,1.00000000,1.00000000
D_0239,nw_retrain_0203_converging_moderate_seed20270869,1,3398,3399,0.39387643,0.05042579,0.00001041,low25,full25,13454.77216185,13454.82258765,d0447c33e1f6b40f,44c1c9390bd1a2df,13454.88811274,13454.82258765,0.06552510,4844.59055263,4891.53260838,0.00001353,0.00001340,-1.00000000,1.00000000,0.00000000
D_0240,nw_retrain_0446_none_easy_seed20294552,5,7349,7350,0.90218713,0.05120105,0.00009841,low25,full25,20.03700909,19.98580804,dc25b47ebd166cd8,200b445114f5eaf8,15.16779915,19.99963780,4.83183864,520.26058116,159.55503515,0.00928734,0.03028321,1.00000000,-1.00000000,0.00000000
D_0241,nw_retrain_0365_none_easy_seed20286614,6,5612,5613,0.33367892,0.05499337,0.00002113,low25,full25,561.24230552,561.18731215,33e06a5d4c2e8715,d380971a514f48d6,334.83241869,342.11649256,7.28407387,2602.16081273,1250.89213465,0.00279924,0.00582310,1.00000000,-1.00000000,0.00000000
D_0242,nw_retrain_0505_crossing_easy_seed22078110,5,8588,8589,0.40551287,0.05598823,0.00004900,low25,full25,26.74855532,26.69256709,90b3ca06a28c6e4d,0e31f37f584051dc,26.68252460,26.69318125,0.01065665,1142.67509105,1362.37363364,0.00000933,0.00000782,1.00000000,-1.00000000,0.00000000
D_0243,nw_retrain_0158_vertically_overlapping_easy_seed20266328,4,2376,2378,1.32993700,0.05634873,0.00002638,low25,full25,209.01794125,209.07428998,6ad46422b394da09,ec9b273b2f8a46a2,208.92379768,209.03139832,0.10760064,2136.41916354,1456.76239604,0.00005036,0.00007386,-1.00000000,-1.00000000,1.00000000
D_0244,nw_retrain_0386_none_easy_seed20288803,6,5990,5991,0.15305416,0.05937889,0.00001215,low25,full25,3860.36100835,3860.30162946,7ed0ed76e3734736,c6eceba5e48c26fe,3860.36100835,3853.14188435,7.21912400,4885.17982255,2116.37630915,0.00147776,0.00341108,1.00000000,1.00000000,1.00000000
D_0245,nw_retrain_0479_converging_easy_seed20297786,6,8133,8135,0.79892278,0.06098707,0.00001177,low25,full25,146.93321038,146.87222331,03b5a25ee95e9d1e,f790bb8b08a106ca,146.92179337,146.87222331,0.04957006,5180.87662813,2297.50352000,0.00000957,0.00002158,1.00000000,1.00000000,1.00000000
D_0246,nw_retrain_0486_none_easy_seed20298603,4,8225,8226,1.36797606,0.06339081,0.00001705,low25,full25,6174.01268159,6173.94929077,6c8ec7cee42cf88f,a39891cdf1c82a05,6174.00965044,6174.02633011,0.01667966,3718.06697750,3318.98673741,0.00000449,0.00000503,1.00000000,-1.00000000,0.00000000
D_0247,nw_retrain_0243_converging_hard_seed20274789,5,3824,3825,0.79843480,0.06633845,0.00001874,low25,full25,209.50092239,209.43458394,a31d2217b1e95069,68c581242f7eb29d,209.46975640,209.43458394,0.03517247,3540.58033996,5083.59380215,0.00000993,0.00000692,1.00000000,1.00000000,1.00000000
D_0248,nw_retrain_0133_vertically_overlapping_moderate_seed20264009,5,1760,1763,4.84788925,0.06732478,0.00001246,low25,full25,4817.10441881,4817.03709404,cd21de43e2b75eb1,ece45d7c181249d8,4815.06513669,4816.13406918,1.06893249,5402.46077711,4285.67457777,0.00019786,0.00024942,1.00000000,-1.00000000,0.00000000
D_0249,nw_retrain_0436_none_easy_seed20293834,6,7164,7165,0.73168514,0.07101003,0.00004847,low25,full25,89.52286801,89.59387804,f54ef001f06eb139,30abd764dd169d82,89.51246831,89.53496109,0.02249278,1465.08731685,623.49354236,0.00001535,0.00003608,-1.00000000,-1.00000000,1.00000000
D_0250,nw_retrain_0426_vertically_overlapping_hard_seed20292592,2,6878,6959,1.34053557,0.07137770,0.00036518,low25,full25,3.08441663,3.15579433,6fe17a4ce591bb36,fed5ace622347e87,1.24256905,0.78533797,0.45723108,195.45933524,192.07280122,0.00233926,0.00238051,-1.00000000,1.00000000,0.00000000
D_0251,nw_retrain_0258_approximately_parallel_easy_seed20276128,6,4200,4201,1.83006109,0.07180487,0.00320957,low25,full25,44.25762338,44.32942825,23ca041c18b0f61b,99947096cbb0ded0,44.25820045,44.23071588,0.02748457,22.37214917,14.54452366,0.00122852,0.00188969,-1.00000000,1.00000000,0.00000000
D_0252,nw_retrain_0523_converging_easy_seed22079874,3,8731,8770,1.82896007,0.07194193,0.00003802,low25,full25,2.31176175,2.23981982,f85e0bbf4c3fde5f,c55b66611f5ba66c,1.76056987,2.02745977,0.26688989,1892.27617105,1981.60568739,0.00014104,0.00013468,1.00000000,-1.00000000,0.00000000
D_0253,nw_retrain_0415_approximately_parallel_easy_seed20291645,4,6657,6658,0.08686030,0.07229606,0.00004991,low25,full25,2415.81170995,2415.88400600,2caaae53afa77c2a,0389be9d9c87670a,2415.71171934,2415.62166724,0.09005210,1448.49062173,779.42748798,0.00006217,0.00011554,-1.00000000,1.00000000,0.00000000
D_0254,nw_retrain_0409_vertically_overlapping_easy_seed20291319,2,6513,6515,1.27018142,0.07467903,0.00004839,low25,full25,4873.09127008,4873.01659105,e9e6766bea4feb42,41403b0806f68d7f,4872.32276011,4871.49029846,0.83246165,1543.17734856,2286.94833335,0.00053945,0.00036401,1.00000000,1.00000000,1.00000000
D_0255,nw_retrain_0175_vertically_overlapping_easy_seed20267994,6,2696,2698,1.52068774,0.07895631,0.00003475,low25,full25,255.26786085,255.18890454,e9f8aa0d1c706fa9,8f26449901401093,255.18640896,255.18890454,0.00249558,2271.84607494,2731.38276654,0.00000110,0.00000091,1.00000000,-1.00000000,0.00000000
D_0256,nw_retrain_0150_crossing_easy_seed20265675,5,2092,2093,3.79771181,0.08484066,0.00002201,low25,full25,35.31130825,35.39614891,900485cd41eb8534,603393caf802cd30,35.31130825,35.59635389,0.28504564,3854.80911711,3204.98562074,0.00007395,0.00008894,-1.00000000,-1.00000000,1.00000000
D_0257,nw_retrain_0432_converging_moderate_seed20293311,2,7069,7070,0.73603717,0.08747663,0.00002279,low25,full25,5.05269673,5.14017337,3e4d1e2da11adbcb,20da438b49f8b668,1.77845763,2.40831929,0.62986166,3837.93348926,3241.61921669,0.00016411,0.00019430,-1.00000000,-1.00000000,1.00000000
D_0258,nw_retrain_0500_crossing_easy_seed20299975,5,8524,8527,0.68904425,0.08770912,0.00010254,low25,full25,2032.09100423,2032.17871335,bca70cb06e54c1f5,346fc6153d914ef8,2032.27988754,2032.17872341,0.10116413,855.37513930,886.22278946,0.00011827,0.00011415,-1.00000000,1.00000000,0.00000000
D_0259,nw_retrain_0468_converging_moderate_seed20296839,3,7780,7783,0.12090517,0.08880770,0.00007634,low25,full25,2226.69800426,2226.60919656,688ad67bef89946a,84e505df0d23713c,2226.69800426,2226.60919656,0.08880770,1163.31078919,1405.13488844,0.00007634,0.00006320,1.00000000,1.00000000,1.00000000
D_0260,nw_retrain_0192_crossing_moderate_seed20269660,5,3286,3287,1.31371481,0.08905081,0.00002062,low25,full25,1928.30673115,1928.21768035,cf9fe4065fa650cc,92ca151b7f555e0b,1928.50700011,1928.41822242,0.08877769,4318.10703252,4692.60559975,0.00002056,0.00001892,1.00000000,1.00000000,1.00000000
D_0261,nw_retrain_0459_vertically_overlapping_moderate_seed20296088,3,7624,7627,1.04069188,0.09068416,0.00003080,low25,full25,2.02811240,2.11879656,5528e6e922b97cb5,e55df4a71c573a4e,2.02853167,2.11879656,0.09026489,2944.06550151,1777.09462171,0.00003066,0.00005079,-1.00000000,-1.00000000,1.00000000
D_0262,nw_retrain_0321_crossing_easy_seed20282302,6,4813,4815,0.65012349,0.09135747,0.00008617,low25,full25,4.98770700,5.07906448,81a4fef32de675b4,04031e17d169c993,4.98770700,5.04994864,0.06224163,1060.14338034,580.12621222,0.00005871,0.00010729,-1.00000000,-1.00000000,1.00000000
D_0263,nw_retrain_0468_converging_moderate_seed20296839,5,7824,7827,2.01068984,0.09246346,0.00007948,low25,full25,3461.40144044,3461.49390390,28de8edff58481aa,84c6045be9fd69b4,3461.40144044,3461.49390390,0.09246346,1163.31078919,1405.13488844,0.00007948,0.00006580,-1.00000000,-1.00000000,1.00000000
D_0264,nw_retrain_0453_converging_hard_seed20295238,6,7481,7482,0.35390827,0.09350918,0.00048392,low25,full25,81.24338946,81.14988028,74787c3681201165,c433baf8ca59c1ee,81.24338946,81.14988028,0.09350918,193.23111019,55.51212979,0.00048392,0.00168448,1.00000000,1.00000000,1.00000000
D_0265,nw_retrain_0455_converging_easy_seed20295434,5,7564,7565,1.31846240,0.09352359,0.00002095,low25,full25,267.96299398,268.05651756,e405d4456c990eae,d3a9b6ebe5c41b7b,266.64128955,266.57153351,0.06975604,4464.57417093,3855.75003859,0.00001562,0.00001809,-1.00000000,1.00000000,0.00000000
D_0266,nw_retrain_0493_approximately_parallel_easy_seed20299158,6,8328,8329,0.18766443,0.09565358,0.00010314,low25,full25,698.12256715,698.21822073,fc9d07ddc26d15fc,c85cd352182ac760,698.12256715,698.21822073,0.09565358,927.40733679,1137.30954947,0.00010314,0.00008411,-1.00000000,-1.00000000,1.00000000
D_0267,nw_retrain_0553_none_easy_seed22082814,4,9065,9067,0.48429986,0.09787008,0.00002193,low25,full25,11400.77657636,11400.87444643,672b44b13adca00e,d8eec88f13de10d1,11396.60492671,11395.55441315,1.05051356,4462.36093260,4862.60867751,0.00023542,0.00021604,-1.00000000,1.00000000,0.00000000
D_0268,nw_retrain_0187_vertically_overlapping_easy_seed20269170,6,3096,3098,1.54392783,0.09801043,0.00033823,low25,full25,653.76571708,653.86372751,6783fd7f5d59c022,b7224c8e3c36b33c,638.29604967,648.59064807,10.29459840,289.77080362,316.40837802,0.03552669,0.03253580,-1.00000000,-1.00000000,1.00000000
D_0269,nw_retrain_0432_converging_moderate_seed20293311,4,7045,7047,0.95905449,0.09892857,0.00002578,low25,full25,8266.54333213,8266.44440357,f78b9eee2a991642,62dc5969abe525a0,8266.54333213,8266.44440357,0.09892857,3837.93348926,3241.61921669,0.00002578,0.00003052,1.00000000,1.00000000,1.00000000
D_0270,nw_retrain_0134_crossing_moderate_seed20264107,2,1832,1835,1.08867521,0.10058719,0.00004472,low25,full25,2444.26552791,2444.16494072,88307f1a29a2861e,1224f6629ecaead3,2444.17466502,2444.12605636,0.04860866,2249.27320085,1503.52557514,0.00002161,0.00003233,1.00000000,1.00000000,1.00000000
D_0271,nw_retrain_0404_none_easy_seed20290436,5,6292,6294,0.12702639,0.10213723,0.00011618,low25,full25,33.67176818,33.56963094,127fcdc137445bc4,5b3f0bea0d1ab1c5,33.64580292,33.51633415,0.12946877,879.16586469,455.81315212,0.00014726,0.00028404,1.00000000,1.00000000,1.00000000
D_0272,nw_retrain_0472_vertically_overlapping_moderate_seed20297231,6,7937,7938,2.04940590,0.11363543,0.00012991,low25,full25,49.74737902,49.63374359,d1bccd35e7e96adb,0a871cc314eb02dd,49.69779935,49.63374359,0.06405576,874.70070411,996.79433617,0.00007323,0.00006426,1.00000000,1.00000000,1.00000000
D_0273,nw_retrain_0181_converging_easy_seed20268582,6,2853,2854,1.33126511,0.11649351,0.00002155,low25,full25,11458.35927112,11458.24277762,dc25e0ec677af082,ab5321e254410428,11458.35927112,11458.24277762,0.11649351,5405.43237935,5232.89218972,0.00002155,0.00002226,1.00000000,1.00000000,1.00000000
D_0274,nw_retrain_0143_none_easy_seed20264858,6,1998,1999,0.65999934,0.12133601,0.00034975,low25,full25,84.97332610,84.85199008,c410182ee4aeadb7,68795212a63ea37a,84.90928403,84.82698314,0.08230089,346.92042705,269.94649241,0.00023723,0.00030488,1.00000000,1.00000000,1.00000000
D_0275,nw_retrain_0214_vertically_overlapping_easy_seed20271816,6,3574,3575,2.99030740,0.12285954,0.00050845,low25,full25,239.21313953,239.33599907,3a453a02e1bda3f8,b98cbd29dab86a01,239.21313953,239.19749361,0.01564591,241.63335617,257.21946813,0.00006475,0.00006083,-1.00000000,1.00000000,0.00000000
D_0276,nw_retrain_0122_vertically_overlapping_easy_seed20262800,1,1754,1755,2.24276218,0.12792931,0.00002502,low25,full25,22.03040381,21.90247450,e0c512ea466dcd39,1434b09327e2b086,3.08877863,2.16909986,0.91967877,5113.44498066,4126.07396263,0.00017986,0.00022289,1.00000000,1.00000000,1.00000000
D_0277,nw_retrain_0182_crossing_moderate_seed20268680,3,2918,2919,0.55165942,0.13081422,0.00195633,low25,full25,16.36172346,16.49253768,892e1254e09ce8d5,f1b5a013d0f780f9,16.30116460,15.96867779,0.33248681,66.86719039,72.49265473,0.00497235,0.00458649,-1.00000000,1.00000000,0.00000000
D_0278,nw_retrain_0203_converging_moderate_seed20270869,5,3389,3390,1.92124058,0.13230615,0.00002731,low25,full25,1442.78214913,1442.64984298,6e0f736b61a7ae2b,cb38a3f17e0d90f6,1439.91633306,1438.00255096,1.91378210,4844.59055263,4891.53260838,0.00039503,0.00039124,1.00000000,1.00000000,1.00000000
D_0279,nw_retrain_0459_vertically_overlapping_moderate_seed20296088,6,7638,7639,0.24600063,0.13587081,0.00004615,low25,full25,4109.13534988,4108.99947907,79eeed5d80c66e92,bdcedb3a2c2c3681,4109.14396274,4108.88853615,0.25542659,2944.06550151,1777.09462171,0.00008676,0.00014373,1.00000000,1.00000000,1.00000000
D_0280,nw_retrain_0233_converging_hard_seed20273809,3,3812,3836,0.97635183,0.13717272,0.00003588,low25,full25,6.46260606,6.59977878,c0611413c5ef33ca,0c22b7b802786daf,2.48579269,2.62456064,0.13876795,3822.95627399,3305.07106505,0.00003630,0.00004199,-1.00000000,-1.00000000,1.00000000
D_0281,nw_retrain_0326_converging_hard_seed20282923,4,5057,5058,0.89522899,0.13888943,0.00016653,low25,full25,3.17212065,3.31101008,db3a4852dad7b56c,f331e1a4e42ac529,1.98209492,2.86120896,0.87911403,834.04192580,1102.01514316,0.00105404,0.00079773,-1.00000000,-1.00000000,1.00000000
D_0282,nw_retrain_0445_none_easy_seed20294454,1,7352,7353,0.98778498,0.13954219,0.00007183,low25,full25,3.78975957,3.65021738,dbdbe7bd7d604f45,56ee3e2059db536c,2.52222840,1.42130284,1.10092556,1942.76022320,1856.58750089,0.00056668,0.00059298,1.00000000,1.00000000,1.00000000
D_0283,nw_retrain_0326_converging_hard_seed20282923,1,5042,5050,0.49075493,0.14054777,0.00016851,low25,full25,3.13426492,2.99371715,f1a97e29130c1c42,a0d492efc1373123,2.12400105,2.25698600,0.13298494,834.04192580,1102.01514316,0.00015945,0.00012067,1.00000000,-1.00000000,0.00000000
D_0284,nw_retrain_0214_vertically_overlapping_easy_seed20271816,2,3548,3550,0.32761583,0.14194799,0.00058745,low25,full25,1.56035000,1.70229799,0d3d85306471672a,1a04f7c529860912,1.50046849,1.60724808,0.10677959,241.63335617,257.21946813,0.00044191,0.00041513,-1.00000000,-1.00000000,1.00000000
D_0285,nw_retrain_0523_converging_easy_seed22079874,6,8757,8759,1.82581859,0.14761697,0.00007801,low25,full25,3339.52354202,3339.37592506,7f4a0965834f83f5,b198f7f5e47335c8,3339.52354202,3339.37592506,0.14761697,1892.27617105,1981.60568739,0.00007801,0.00007449,1.00000000,1.00000000,1.00000000
D_0286,nw_retrain_0121_vertically_overlapping_moderate_seed20262702,2,1636,1639,0.34540037,0.14853362,0.00043747,low25,full25,1161.29269778,1161.14416416,ae7393f181307cc2,84328eb41c0fc1b0,1160.95412118,1160.55253013,0.40159105,339.52983769,522.17749427,0.00118279,0.00076907,1.00000000,1.00000000,1.00000000
D_0287,nw_retrain_0562_crossing_moderate_seed22083696,2,9131,9192,2.84901269,0.15044166,0.00013657,low25,full25,5.47224657,5.62268822,1710a0473f46924c,ad97600b5a19a827,2.13643330,1.50743207,0.62900123,1101.61001834,1013.60112262,0.00057098,0.00062056,-1.00000000,1.00000000,0.00000000
D_0288,nw_retrain_0369_crossing_easy_seed20287006,1,5669,5671,1.62293928,0.15555324,0.00004461,low25,full25,8634.06208202,8634.21763525,6652a51a59926a47,4e338667addfdde6,8634.06208202,8634.21763525,0.15555324,3487.02287985,3222.05772071,0.00004461,0.00004828,-1.00000000,-1.00000000,1.00000000
D_0289,nw_retrain_0541_crossing_hard_seed22081769,6,8853,8854,0.79586228,0.15653903,0.00015751,low25,full25,3782.04791418,3781.89137515,330d850433cc2790,00702398f369f578,3782.04791418,3781.89137515,0.15653903,993.84066628,1894.01454650,0.00015751,0.00008265,1.00000000,1.00000000,1.00000000
D_0290,nw_retrain_0392_approximately_parallel_moderate_seed20289260,4,6208,6210,0.88755094,0.15786742,0.00004801,low25,full25,121.43144730,121.58931472,c3664fa6c9330517,36723dd76c160269,121.43144730,121.36289417,0.06855313,3288.40336522,2007.16873869,0.00002085,0.00003415,-1.00000000,1.00000000,0.00000000
D_0291,nw_retrain_0179_none_easy_seed20268517,5,2724,2726,2.14290483,0.16113850,0.00014425,low25,full25,249.39166267,249.23052418,7bf91053a11432e6,4d24baa14b31aa62,249.39166267,249.23052418,0.16113850,1117.08767058,922.01539469,0.00014425,0.00017477,1.00000000,1.00000000,1.00000000
D_0292,nw_retrain_0445_none_easy_seed20294454,5,7316,7317,3.67760843,0.16558491,0.00008523,low25,full25,4682.61006793,4682.77565284,de9ff45824bf58ed,542f4b50e7b59ad8,4682.61006793,4682.77565284,0.16558491,1942.76022320,1856.58750089,0.00008523,0.00008919,-1.00000000,-1.00000000,1.00000000
D_0293,nw_retrain_0408_crossing_easy_seed20291090,2,6434,6435,1.49026314,0.16865409,0.00010134,low25,full25,6.56369623,6.39504214,be505b5b86e01366,5c5d0ef00a9309d7,2.81199360,4.47080820,1.65881460,1664.24439244,1968.45183403,0.00099674,0.00084270,1.00000000,-1.00000000,0.00000000
D_0294,nw_retrain_0495_vertically_overlapping_moderate_seed20299354,3,8453,8455,2.26122714,0.17446396,0.00003487,low25,full25,10834.34583944,10834.52030340,e3999d03df85a426,b990d2469d4698a4,10834.34583944,10834.72051379,0.37467434,5003.50548074,5655.00731860,0.00007488,0.00006626,-1.00000000,-1.00000000,1.00000000
D_0295,nw_retrain_0420_converging_moderate_seed20292004,6,6792,6794,1.47420958,0.17691582,0.00016938,low25,full25,3567.64966765,3567.47275183,98f58b7071df2f70,5fb7a8ca033cb884,3563.30111483,3564.10857860,0.80746377,1044.50835766,1444.04091377,0.00077306,0.00055917,1.00000000,-1.00000000,0.00000000
D_0296,nw_retrain_0332_crossing_moderate_seed20283380,4,5140,5143,0.53769348,0.18000832,0.00017728,low25,full25,48.70656914,48.88657746,af16963619457121,127766732b45b1ea,48.70024572,48.87159290,0.17134718,1015.38996948,485.71064418,0.00016875,0.00035278,-1.00000000,-1.00000000,1.00000000
D_0297,nw_retrain_0570_crossing_easy_seed22084742,4,9286,9287,3.46659872,0.19267577,0.00004931,low25,full25,11121.01360354,11120.82092777,4c8fa2335fed7b58,bd19644820032268,11121.01360354,11119.86232671,1.15127682,3907.36595472,4685.15264818,0.00029464,0.00024573,1.00000000,1.00000000,1.00000000
D_0298,nw_retrain_0404_none_easy_seed20290436,2,6288,6290,2.09365943,0.19867148,0.00022598,low25,full25,5.19766953,4.99899805,1a437a75e655409b,d453d6659170026c,2.31246339,1.94529313,0.36717025,879.16586469,455.81315212,0.00041763,0.00080553,1.00000000,1.00000000,1.00000000
D_0299,nw_retrain_0505_crossing_easy_seed22078110,1,8568,8569,0.39648787,0.20017552,0.00017518,low25,full25,3270.73626563,3270.53609011,e46d9797bae62616,4e8056cee1ff61ba,3270.73427182,3270.51489344,0.21937839,1142.67509105,1362.37363364,0.00019199,0.00016103,1.00000000,1.00000000,1.00000000
D_0300,nw_retrain_0175_vertically_overlapping_easy_seed20267994,1,2666,2667,1.22672029,0.20111963,0.00008853,low25,full25,6368.98749450,6369.18861413,ef447dae38fc7f86,85b1fae49a035de5,6369.57372703,6368.33160713,1.24211991,2271.84607494,2731.38276654,0.00054674,0.00045476,-1.00000000,1.00000000,0.00000000
D_0301,nw_retrain_0161_none_easy_seed20266753,3,2429,2431,1.59428272,0.21134979,0.00030199,low25,full25,199.91021327,199.69886348,6d6636152a4aa633,789a6a534f5918a8,199.77656628,199.70061211,0.07595417,699.85377174,775.72425415,0.00010853,0.00009791,1.00000000,1.00000000,1.00000000
D_0302,nw_retrain_0151_approximately_parallel_moderate_seed20265773,3,2180,2182,2.36941956,0.21420517,0.00007822,low25,full25,7.77963106,7.56542589,4ec1d7da7e98349b,85b0854627ee5289,2.97739541,3.28678579,0.30939038,2738.64729326,1308.07074583,0.00011297,0.00023652,1.00000000,-1.00000000,0.00000000
D_0303,nw_retrain_0369_crossing_easy_seed20287006,5,5698,5699,0.66682221,0.22122131,0.00006344,low25,full25,8771.78339141,8771.56217010,4300178c735266d0,5373813cccabb308,8771.98373694,8771.56217010,0.42156683,3487.02287985,3222.05772071,0.00012090,0.00013084,1.00000000,1.00000000,1.00000000
D_0304,nw_retrain_0250_vertically_overlapping_hard_seed20275475,5,4020,4021,2.32302748,0.22542640,0.00519233,low25,full25,88.42038828,88.64581468,5d96c8478a1a2fca,8400251b06b8ff1b,88.24318827,88.45681180,0.21362353,43.41523816,36.92910088,0.00492047,0.00578469,-1.00000000,-1.00000000,1.00000000
D_0305,nw_retrain_0121_vertically_overlapping_moderate_seed20262702,4,1628,1629,1.00361625,0.23274505,0.00068549,low25,full25,2.34112222,2.57386727,b7a290b8fece6aa0,0fa77dfa9350b0f4,1.79659196,2.51353515,0.71694320,339.52983769,522.17749427,0.00211158,0.00137299,-1.00000000,-1.00000000,1.00000000
D_0306,nw_retrain_0413_vertically_overlapping_easy_seed20291842,6,6585,6587,1.74848320,0.23605774,0.00007983,low25,full25,170.32218261,170.55824035,7ab3b110a40b8c73,d6b169b1d745a177,170.32218261,170.55824035,0.23605774,2957.17350785,3977.20231044,0.00007983,0.00005935,-1.00000000,-1.00000000,1.00000000
D_0307,nw_retrain_0150_crossing_easy_seed20265675,2,2112,2138,2.95952579,0.24497113,0.00006355,low25,full25,7.72044229,7.96541342,e7974b23848f2033,c683f69e3931246c,2.35813700,2.79713596,0.43899896,3854.80911711,3204.98562074,0.00011388,0.00013697,-1.00000000,-1.00000000,1.00000000
D_0308,nw_retrain_0431_none_easy_seed20293082,2,6964,6966,1.84261490,0.24539807,0.00004802,low25,full25,8950.26263974,8950.50803781,5ae2f2e134f8d1ec,d835dc86b0c81dc7,8947.75637966,8949.01061274,1.25423308,5110.12305595,4648.84232399,0.00024544,0.00026979,-1.00000000,-1.00000000,1.00000000
D_0309,nw_retrain_0171_crossing_easy_seed20267864,2,2624,2626,1.05463648,0.24849935,0.00016314,low25,full25,4.12545392,3.87695456,c89eec67ab05a38c,6f550402e7555660,2.14639566,2.02636693,0.12002873,1523.26548881,908.55083061,0.00007880,0.00013211,1.00000000,1.00000000,1.00000000
D_0310,nw_retrain_0250_vertically_overlapping_hard_seed20275475,3,4044,4045,0.44433210,0.27068531,0.00623480,low25,full25,3.00179765,3.27248296,bc1e4cb70d92a7f8,23236b7ee5871bb7,1.91385410,2.72781672,0.81396262,43.41523816,36.92910088,0.01874832,0.02204122,-1.00000000,-1.00000000,1.00000000
D_0311,nw_retrain_0415_approximately_parallel_easy_seed20291645,2,6661,6662,0.84122148,0.30088641,0.00020772,low25,full25,3534.88043766,3535.18132407,054a2d83e0803c2c,38b3f3ddf47a9fad,3534.88043766,3535.18132407,0.30088641,1448.49062173,779.42748798,0.00020772,0.00038604,-1.00000000,-1.00000000,1.00000000
D_0312,nw_retrain_0455_converging_easy_seed20295434,2,7545,7547,0.33720326,0.30129831,0.00006749,low25,full25,9130.56630459,9130.86760290,9c373da2d13c7d01,59c2123c1ae86acf,9130.56630459,9130.86760290,0.30129831,4464.57417093,3855.75003859,0.00006749,0.00007814,-1.00000000,-1.00000000,1.00000000
D_0313,nw_retrain_0233_converging_hard_seed20273809,6,3752,3755,0.92876547,0.31509087,0.00008242,low25,full25,6708.19655402,6708.51164489,a28d4fb4ddc3b367,7fefee142cf0dfbd,6706.80861772,6708.51164489,1.70302717,3822.95627399,3305.07106505,0.00044547,0.00051528,-1.00000000,-1.00000000,1.00000000
D_0314,nw_retrain_0600_converging_easy_seed22087551,6,9560,9562,1.52869836,0.31778859,0.00368627,low25,full25,18.37417348,18.69196207,6974d1257036cc32,3f92e0503b6cb669,18.37417348,18.62201858,0.24784510,86.20882803,9.54157287,0.00287494,0.02597529,-1.00000000,-1.00000000,1.00000000
D_0315,nw_retrain_0581_converging_hard_seed22085689,1,9365,9418,3.17282497,0.32072619,0.01632827,low25,full25,2.20849325,2.52921944,3de07614d012db66,17c25845e05f3c98,1.18345321,1.86655619,0.68310298,19.64238893,7.43716837,0.03477698,0.09184987,-1.00000000,-1.00000000,1.00000000
D_0316,nw_retrain_0309_none_easy_seed20281257,2,4577,4633,1.56369587,0.32491513,0.00025851,low25,full25,31.80687370,31.48195857,e10f9e7e24a61112,c5abd8f9c643a39e,4.49350253,2.28243939,2.21106314,1256.87678064,941.43362665,0.00175917,0.00234861,1.00000000,1.00000000,1.00000000
D_0317,nw_retrain_0341_converging_moderate_seed20284393,3,5217,5219,0.79129766,0.36069559,0.00011254,low25,full25,8185.45832147,8185.81901707,9ddc93cdea60c478,f82c41885e38562c,8176.08105650,8176.04505095,0.03600554,3204.93822450,3720.44264235,0.00001123,0.00000968,-1.00000000,1.00000000,0.00000000
D_0318,nw_retrain_0243_converging_hard_seed20274789,1,3904,3907,1.44753889,0.36805682,0.00010395,low25,full25,10934.54228926,10934.91034608,5d63ed4f786e1bc5,927c385e91853190,10932.65656615,10933.50589382,0.84932767,3540.58033996,5083.59380215,0.00023988,0.00016707,-1.00000000,-1.00000000,1.00000000
D_0319,nw_retrain_0346_vertically_overlapping_moderate_seed20285014,3,5382,5383,0.85272010,0.37000180,0.00022519,low25,full25,2643.53241344,2643.16241164,a8723ebbd5852c33,63f116025f261388,2638.38046033,2638.25456164,0.12589870,1643.03006496,1577.82436518,0.00007663,0.00007979,1.00000000,1.00000000,1.00000000
D_0320,nw_retrain_0254_none_easy_seed20275736,4,4120,4122,1.02975230,0.37010211,0.00007372,low25,full25,7710.69422281,7710.32412070,ecc0f49f092c9df0,5b473abb762e728d,7707.07441875,7706.87059301,0.20382574,5020.58530266,3781.58752722,0.00004060,0.00005390,1.00000000,1.00000000,1.00000000
D_0321,nw_retrain_0344_converging_easy_seed20284556,2,5281,5283,0.43257223,0.37012129,0.00030149,low25,full25,15.73732927,16.10745057,6474939337434dea,f520634ee134e34f,1.43938193,2.79702320,1.35764127,1227.65289184,304.31066773,0.00110588,0.00446137,-1.00000000,-1.00000000,1.00000000
D_0322,nw_retrain_0133_vertically_overlapping_moderate_seed20264009,2,1765,1767,1.57983027,0.37024965,0.00006853,low25,full25,7414.90709983,7414.53685018,809549d05e6f6b93,2338793a1cd9ce45,7411.51027685,7409.02626988,2.48400697,5402.46077711,4285.67457777,0.00045979,0.00057961,1.00000000,1.00000000,1.00000000
D_0323,nw_retrain_0314_vertically_overlapping_moderate_seed20281747,5,4712,4713,2.32298660,0.38015784,0.00009384,low25,full25,10710.76972511,10711.14988294,eaff423bf461946d,361e82b9575b61de,10323.26089578,10711.14988294,387.88898716,4050.92006849,1016.87205564,0.09575331,0.38145309,-1.00000000,-1.00000000,1.00000000
D_0324,nw_retrain_0310_approximately_parallel_moderate_seed20281224,5,4657,4659,0.43436567,0.38617746,0.00007911,low25,full25,11617.78654085,11618.17271830,e4fa7231565dc001,b58a33ac4d9c75cf,11616.95773033,11618.50165649,1.54392616,4881.70934352,5107.17465508,0.00031627,0.00030231,-1.00000000,-1.00000000,1.00000000
D_0325,nw_retrain_0486_none_easy_seed20298603,1,8195,8244,1.62017976,0.38834415,0.00010445,low25,full25,17.46378960,17.07544545,468ade2e4c6e34e3,21a8d804d49062a8,1.99656358,2.15446190,0.15789832,3718.06697750,3318.98673741,0.00004247,0.00004757,1.00000000,-1.00000000,0.00000000
D_0326,nw_retrain_0472_vertically_overlapping_moderate_seed20297231,2,7973,7998,1.09636394,0.39337032,0.00044972,low25,full25,1.93582450,2.32919483,7c3ab0e3680ca207,f79ba8c4035d70fe,1.59308010,0.62674460,0.96633550,874.70070411,996.79433617,0.00110476,0.00096944,-1.00000000,1.00000000,0.00000000
D_0327,nw_retrain_0546_none_easy_seed22082128,3,8961,8962,0.37847782,0.41737988,0.00022712,low25,full25,2109.77389750,2110.19127738,bbd9fc1cef44e976,2c0a1fc778db7944,2105.38609844,2105.73772154,0.35162310,1837.72088665,1418.17403826,0.00019134,0.00024794,-1.00000000,-1.00000000,1.00000000
D_0328,nw_retrain_0321_crossing_easy_seed20282302,3,4803,4879,1.57966159,0.42018893,0.00039635,low25,full25,6.17592606,5.75573713,223fba770203f52b,73cfabd2281837b3,2.13060498,1.85003840,0.28056658,1060.14338034,580.12621222,0.00026465,0.00048363,1.00000000,1.00000000,1.00000000
D_0329,nw_retrain_0385_crossing_hard_seed20288574,4,5916,5919,1.97554785,0.43249273,0.00008135,low25,full25,11570.23785820,11569.80536548,402ccabce4258789,9e413ca0cad06ee1,11570.30155499,11569.34686704,0.95468795,5316.69897326,4821.74942731,0.00017956,0.00019800,1.00000000,1.00000000,1.00000000
D_0330,nw_retrain_0500_crossing_easy_seed20299975,2,8512,8514,1.58793683,0.43717259,0.00051109,low25,full25,9.04908977,8.61191719,faf53a1a55d07e65,616c81bc145e74e5,2.08334267,2.88256074,0.79921807,855.37513930,886.22278946,0.00093435,0.00090183,1.00000000,-1.00000000,0.00000000
D_0331,nw_retrain_0562_crossing_moderate_seed22083696,6,9144,9146,1.91661651,0.47436690,0.00043061,low25,full25,114.53058007,114.05621317,42b9808631cf244a,cefe0715e816b58b,114.53058007,114.05621317,0.47436690,1101.61001834,1013.60112262,0.00043061,0.00046800,1.00000000,1.00000000,1.00000000
D_0332,nw_retrain_0446_none_easy_seed20294552,1,7372,7400,1.03057892,0.48851824,0.00093899,low25,full25,3.14016355,2.65164531,861ea8361ffba051,6f66967e500b05e6,1.63682887,1.56298122,0.07384764,520.26058116,159.55503515,0.00014194,0.00046283,1.00000000,1.00000000,1.00000000
D_0333,nw_retrain_0341_converging_moderate_seed20284393,5,5256,5257,0.74400834,0.48898112,0.00015257,low25,full25,10056.62437952,10057.11336064,628de09334b99a04,a9ed9b20532ebb62,10056.60314140,10055.80454130,0.79860010,3204.93822450,3720.44264235,0.00024918,0.00021465,-1.00000000,1.00000000,0.00000000
D_0334,nw_retrain_0181_converging_easy_seed20268582,2,2856,2859,1.39185416,0.49311781,0.00009123,low25,full25,7.98212612,7.48900831,8d45eef612d8b9c4,9597c28dcce78749,2.40407969,1.93401172,0.47006797,5405.43237935,5232.89218972,0.00008696,0.00008983,1.00000000,1.00000000,1.00000000
D_0335,nw_retrain_0359_vertically_overlapping_moderate_seed20286026,6,5482,5483,1.02465944,0.51220274,0.00009806,low25,full25,55.57238855,56.08459129,38dd98d2bd692051,553664217714d610,55.25759113,56.08459129,0.82700016,5223.17195540,5898.49171738,0.00015833,0.00014021,-1.00000000,-1.00000000,1.00000000
D_0336,nw_retrain_0254_none_easy_seed20275736,3,4078,4079,0.45120892,0.53317353,0.00010620,low25,full25,4.93949144,4.40631791,536daa38f8ec3396,3f94dc9be5126578,2.36093246,2.78621119,0.42527873,5020.58530266,3781.58752722,0.00008471,0.00011246,1.00000000,-1.00000000,0.00000000
D_0337,nw_retrain_0600_converging_easy_seed22087551,1,9594,9595,1.17223570,0.53775597,0.00623783,low25,full25,6.69823729,7.23599326,28ccf7dc3be9cee8,3ce35bcfc18d015b,2.10766419,2.30009542,0.19243123,86.20882803,9.54157287,0.00223215,0.02016766,-1.00000000,-1.00000000,1.00000000
D_0338,nw_retrain_0471_none_easy_seed20297002,1,7898,7900,1.23714732,0.54192360,0.00146697,low25,full25,8.13825288,7.59632928,82b4a0526370a4b9,9c8a5d84efa89564,3.64435528,2.19424970,1.45010557,369.41590903,356.12083506,0.00392540,0.00407195,1.00000000,1.00000000,1.00000000
D_0339,nw_retrain_0224_crossing_easy_seed20273058,2,3685,3687,0.99319467,0.56550954,0.00013593,low25,full25,10702.33450303,10702.90001257,601e6b8813e6ee0e,058e42e0ef5a4088,10700.98226560,10701.34480887,0.36254327,4160.16165396,4766.91580404,0.00008715,0.00007605,-1.00000000,-1.00000000,1.00000000
D_0340,nw_retrain_0389_vertically_overlapping_easy_seed20289228,5,6110,6111,1.09617586,0.57485398,0.00013551,low25,full25,6174.76077159,6175.33562557,243d07b0b2061f1d,1a06a0b00ae47c00,6174.18326346,6174.52887575,0.34561229,4242.14473173,3297.68026375,0.00008147,0.00010480,-1.00000000,-1.00000000,1.00000000
D_0341,nw_retrain_0487_converging_easy_seed20298701,1,8269,8270,1.25632128,0.57722468,0.00051662,low25,full25,4.37782507,4.95504975,0b713c179c20f79b,3f5d92b37321148c,3.46530037,2.89987011,0.56543026,1117.30070504,471.07169718,0.00050607,0.00120031,-1.00000000,1.00000000,0.00000000
D_0342,nw_retrain_0385_crossing_hard_seed20288574,3,5977,5978,2.81575239,0.57787748,0.00010869,low25,full25,10.80903855,10.23116107,bf67c6c57655fa96,0c6d9e91c7263c94,6.27932078,3.83343449,2.44588629,5316.69897326,4821.74942731,0.00046004,0.00050726,1.00000000,1.00000000,1.00000000
D_0343,nw_retrain_0143_none_easy_seed20264858,3,2070,2071,0.72649129,0.60612773,0.00174717,low25,full25,6.66992633,6.06379861,77d708748c9b8e38,7e5a6f19f5132e53,3.19860308,1.81659401,1.38200907,346.92042705,269.94649241,0.00398365,0.00511957,1.00000000,1.00000000,1.00000000
D_0344,nw_retrain_0416_approximately_parallel_easy_seed20291743,3,6742,6743,1.20835983,0.61169971,0.00017374,low25,full25,9326.38836511,9327.00006481,50c587b5ca053dbd,20997f3e2633c4ab,9324.54853068,9323.46863191,1.07989877,3520.85264127,4036.77411349,0.00030672,0.00026752,-1.00000000,1.00000000,0.00000000
D_0345,nw_retrain_0566_vertically_overlapping_moderate_seed22084088,1,9208,9209,1.15903763,0.62538991,0.00032849,low25,full25,3.68091389,4.30630381,4616983e5ec32c50,13538198e1f4be6a,2.97103328,1.80659271,1.16444057,1903.82241326,2973.19849991,0.00061163,0.00039165,-1.00000000,1.00000000,0.00000000
D_0346,nw_retrain_0270_approximately_parallel_easy_seed20277435,1,4365,4366,0.98184113,0.65582936,0.03914261,low25,full25,1.88427923,1.22844987,461536257533d3d3,17cf75fc74a57693,1.32769877,0.93304877,0.39465000,16.75486954,6.40348442,0.02355435,0.06163051,1.00000000,1.00000000,1.00000000
D_0347,nw_retrain_0332_crossing_moderate_seed20283380,2,5180,5183,1.04129935,0.67276761,0.00066257,low25,full25,3.76246549,4.43523311,9245d81f53879e56,60aaeabf11bd310f,2.69688686,4.43523311,1.73834625,1015.38996948,485.71064418,0.00171200,0.00357897,-1.00000000,-1.00000000,1.00000000
D_0348,nw_retrain_0473_converging_moderate_seed20297198,1,8036,8037,2.81690229,0.68585273,0.00020249,low25,full25,6.82947971,6.14362697,65f921781aef5345,530fc67119195a4d,2.04655921,1.06490744,0.98165177,3387.03156602,3415.18253612,0.00028983,0.00028744,1.00000000,1.00000000,1.00000000
D_0349,nw_retrain_0134_crossing_moderate_seed20264107,6,1885,1886,0.61125922,0.69049333,0.00030699,low25,full25,5041.27434783,5040.58385450,1ffa64021986f564,646f07abd34ab2da,5041.05955214,5040.65113152,0.40842062,2249.27320085,1503.52557514,0.00018158,0.00027164,1.00000000,1.00000000,1.00000000
D_0350,nw_retrain_0158_vertically_overlapping_easy_seed20266328,2,2404,2405,3.25716419,0.73320431,0.00034319,low25,full25,32.48761903,33.22082334,e23c1f3b50d514f5,d269f77634c9c453,2.85787030,7.19584364,4.33797334,2136.41916354,1456.76239604,0.00203049,0.00297782,-1.00000000,-1.00000000,1.00000000
D_0351,nw_retrain_0167_approximately_parallel_easy_seed20267472,4,2500,2503,0.94244146,0.74592400,0.00013687,low25,full25,14182.31791230,14181.57198830,cf9528cb9d2677c2,e413248dfabcd20a,14179.71765211,14177.50218234,2.21546977,5450.01650864,6713.53691355,0.00040651,0.00033000,1.00000000,1.00000000,1.00000000
D_0352,nw_retrain_0493_approximately_parallel_easy_seed20299158,2,8376,8377,1.46254116,0.76463705,0.00082449,low25,full25,2.15808831,2.92272536,f4c3fc761cbee22d,2cb5a4dbf52d8a62,2.16859807,0.80000000,1.36859807,927.40733679,1137.30954947,0.00147572,0.00120336,-1.00000000,1.00000000,0.00000000
D_0353,nw_retrain_0363_vertically_overlapping_hard_seed20286418,2,5544,5547,1.39853594,0.77755457,0.00016187,low25,full25,29.21686224,29.99441681,9ee9186ad2ec71e1,922e8834e38e56c9,4.16292648,10.39826871,6.23534222,4803.63489285,3861.39335398,0.00129805,0.00161479,-1.00000000,-1.00000000,1.00000000
D_0354,nw_retrain_0323_converging_moderate_seed20282498,5,4977,4978,1.29515870,0.78214027,0.00024496,low25,full25,665.64340165,666.42554192,14481326b0d4f2df,0867327c59ed078d,665.65755642,663.41717001,2.24038640,3192.91276720,3513.99493805,0.00070167,0.00063756,-1.00000000,1.00000000,0.00000000
D_0355,nw_retrain_0596_approximately_parallel_hard_seed22087028,4,9469,9471,0.97962826,0.82629675,0.00078805,low25,full25,2795.53576973,2794.70947298,29fc53526c999158,ce7410ab27bca300,2794.09391714,2794.40939776,0.31548062,1048.53104829,1410.57656372,0.00030088,0.00022365,1.00000000,-1.00000000,0.00000000
D_0356,nw_retrain_0416_approximately_parallel_easy_seed20291743,5,6748,6749,2.43573594,0.84630217,0.00024037,low25,full25,4.59349002,5.43979219,d6341672a8103b95,cf817f2c08f7c2ba,4.79359585,5.64153166,0.84793580,3520.85264127,4036.77411349,0.00024083,0.00021005,-1.00000000,-1.00000000,1.00000000
D_0357,nw_retrain_0487_converging_easy_seed20298701,5,8228,8231,3.16060038,0.87799397,0.00078582,low25,full25,974.85734546,975.73533943,2342237c2b34b28f,34ca2096a4d05f71,974.62024530,973.93609317,0.68415213,1117.30070504,471.07169718,0.00061233,0.00145233,-1.00000000,1.00000000,0.00000000
D_0358,nw_retrain_0322_converging_moderate_seed20282662,4,4970,4971,2.65805273,0.89842498,0.00027952,low25,full25,12.44476856,13.34319354,fa7a69cc50ba9432,8500ff23042d0084,3.35975686,1.51821323,1.84154363,3214.16663797,3128.18290343,0.00057295,0.00058869,-1.00000000,1.00000000,0.00000000
D_0359,nw_retrain_0386_none_easy_seed20288803,1,6031,6061,0.76491222,0.90302535,0.00018485,low25,full25,9.21813530,10.12116064,6f10eb442f8809b6,a52e81b08fb5c80f,2.53370229,2.07293264,0.46076965,4885.17982255,2116.37630915,0.00009432,0.00021772,-1.00000000,1.00000000,0.00000000
D_0360,nw_retrain_0221_converging_moderate_seed20272633,5,3596,3598,1.78016322,0.92041681,0.00020941,low25,full25,89.60335739,90.52377420,aaf6f839e3b8d4b4,db79ff7dc270e9e5,89.60335739,90.25746871,0.65411132,4395.29321255,2733.52545287,0.00014882,0.00023929,-1.00000000,-1.00000000,1.00000000
D_0361,nw_retrain_0187_vertically_overlapping_easy_seed20269170,2,3041,3043,0.40556068,0.93526409,0.00322760,low25,full25,5.75208238,4.81681829,dfa04d7994a27e9a,25748fad8fbf9707,2.71930950,2.75513241,0.03582291,289.77080362,316.40837802,0.00012362,0.00011322,1.00000000,-1.00000000,0.00000000
D_0362,nw_retrain_0405_vertically_overlapping_hard_seed20290534,2,6325,6428,1.32485020,0.95245535,0.00088806,low25,full25,5.52919434,4.57673899,73c1910e65f0b3ca,a0ab0c62182ec3c0,1.59452785,2.67567489,1.08114704,1072.51182578,714.99938699,0.00100805,0.00151210,1.00000000,-1.00000000,0.00000000
D_0363,nw_retrain_0380_none_easy_seed20288346,2,5779,5817,1.52267952,1.03411020,0.00033453,low25,full25,26.34643995,25.31232976,a8ef3c42cd78ec31,1460d2c0c86b931d,2.36968260,5.52566594,3.15598333,3091.24084468,3617.95670548,0.00102094,0.00087231,1.00000000,-1.00000000,0.00000000
D_0364,nw_retrain_0596_approximately_parallel_hard_seed22087028,3,9450,9451,1.96694800,1.05104312,0.00100240,low25,full25,17.38103840,18.43208152,29bea56fc4284594,968b6e026afd8d3b,1.93377712,4.07187893,2.13810181,1048.53104829,1410.57656372,0.00203914,0.00151576,-1.00000000,-1.00000000,1.00000000
D_0365,nw_retrain_0553_none_easy_seed22082814,2,9112,9115,0.87246472,1.05641516,0.00023674,low25,full25,55.79801288,56.85442804,7da66708bebf7d2c,25f7a53a7ccbad15,2.52217918,1.87385153,0.64832765,4462.36093260,4862.60867751,0.00014529,0.00013333,-1.00000000,1.00000000,0.00000000
D_0366,nw_retrain_0344_converging_easy_seed20284556,6,5310,5311,1.80244612,1.18723225,0.00096707,low25,full25,119.70138626,120.88861851,9deec7109258aebd,d01c5052ece7497d,68.28842128,64.24545647,4.04296481,1227.65289184,304.31066773,0.00329325,0.01328565,-1.00000000,1.00000000,0.00000000
D_0367,nw_retrain_0384_approximately_parallel_moderate_seed20288738,1,5879,5909,1.94616802,1.23825927,0.00047456,low25,full25,58.83742974,57.59917047,19c87725112f338a,cb30a035aaccc1db,2.02614583,6.02262057,3.99647475,2609.28424593,1418.64177904,0.00153164,0.00281711,1.00000000,-1.00000000,0.00000000
D_0368,nw_retrain_0365_none_easy_seed20286614,1,5652,5655,2.89235207,1.31142572,0.00050398,low25,full25,8.86110153,7.54967581,c35ab60f83323d15,5e27eff46c190484,2.41976052,3.29808215,0.87832164,2602.16081273,1250.89213465,0.00033754,0.00070216,1.00000000,-1.00000000,0.00000000
D_0369,nw_retrain_0437_none_easy_seed20293670,1,7200,7298,2.11802083,1.35141680,0.00140999,low25,full25,19.32244071,17.97102390,305c0976ddafeba5,9e5505404c592818,1.43865861,4.58512492,3.14646631,958.45615581,900.45214234,0.00328285,0.00349432,1.00000000,-1.00000000,0.00000000
D_0370,nw_retrain_0420_converging_moderate_seed20292004,1,6804,6822,0.94976047,1.48228712,0.00141912,low25,full25,5.28561087,6.76789799,32262bfa3bf89e96,03dbb9115add6179,0.50506780,0.90445656,0.39938876,1044.50835766,1444.04091377,0.00038237,0.00027658,-1.00000000,-1.00000000,1.00000000
D_0371,nw_retrain_0436_none_easy_seed20293834,3,7149,7151,0.78864679,1.52824199,0.00104311,low25,full25,4.92773991,3.39949792,374d1d360c9dd8eb,57cf7d86aafa2d01,2.97483896,2.86414475,0.11069421,1465.08731685,623.49354236,0.00007555,0.00017754,1.00000000,1.00000000,1.00000000
D_0372,nw_retrain_0248_vertically_overlapping_easy_seed20275410,1,3941,3967,0.99340826,1.55988468,0.00209816,low25,full25,90.39977087,91.95965555,34e5f0fe4c30a276,3bf91fd8832b3e72,3.47944211,2.77888813,0.70055398,743.45402381,288.86585200,0.00094230,0.00242519,-1.00000000,1.00000000,0.00000000
D_0373,nw_retrain_0392_approximately_parallel_moderate_seed20289260,3,6213,6214,2.35496976,1.56158414,0.00047488,low25,full25,16.95270492,15.39112078,db7444bda983c025,3b19061324be8b2a,3.56067140,2.23406894,1.32660245,3288.40336522,2007.16873869,0.00040342,0.00066093,1.00000000,1.00000000,1.00000000
D_0374,nw_retrain_0167_approximately_parallel_easy_seed20267472,3,2532,2533,0.99032725,1.57510506,0.00028901,low25,full25,13176.84557426,13175.27046920,87ecb4ae04c254a7,a7290c69b84c863b,13171.32223959,13170.71457580,0.60766379,5450.01650864,6713.53691355,0.00011150,0.00009051,1.00000000,1.00000000,1.00000000
D_0375,nw_retrain_0380_none_easy_seed20288346,4,5753,5755,2.29513002,1.60879138,0.00052044,low25,full25,7410.20698563,7408.59819425,7e553e1f100ebffd,838d56e38d7f04c9,7406.02559204,7403.26597654,2.75961550,3091.24084468,3617.95670548,0.00089272,0.00076276,1.00000000,1.00000000,1.00000000
D_0376,nw_retrain_0156_crossing_easy_seed20266132,1,2282,2283,0.83303768,1.68618723,0.00049956,low25,full25,24.29796227,22.61177503,b5a380466b40fc9a,593cd3ccb56f9439,1.79264945,1.87387177,0.08122231,3375.35159054,1974.88678599,0.00002406,0.00004113,1.00000000,-1.00000000,0.00000000
D_0377,nw_retrain_0314_vertically_overlapping_moderate_seed20281747,3,4732,4734,0.95022582,1.77781924,0.00043887,low25,full25,10726.52584273,10728.30366197,91338978cd8caaf1,3f81160a6b18e258,10725.85812213,10725.78782275,0.07029938,4050.92006849,1016.87205564,0.00001735,0.00006913,-1.00000000,1.00000000,0.00000000
D_0378,nw_retrain_0151_approximately_parallel_moderate_seed20265773,6,2216,2217,2.24792222,1.88151921,0.00068703,low25,full25,1748.23826950,1746.35675029,5c6e1f37b00ba4b1,c89c4ba3b4333528,1746.73418375,1745.68724994,1.04693381,2738.64729326,1308.07074583,0.00038228,0.00080036,1.00000000,1.00000000,1.00000000
D_0379,nw_retrain_0185_none_easy_seed20268974,2,2974,2975,2.52846073,1.93925073,0.00457985,low25,full25,654.52134858,652.58209784,41e13c36af4e92ee,c903679a6c99219e,653.27492460,652.29420031,0.98072430,423.43120576,284.56841810,0.00231614,0.00344636,1.00000000,1.00000000,1.00000000
D_0380,nw_retrain_0516_none_easy_seed22079712,2,8676,8677,1.82518175,2.04008119,0.00085411,low25,full25,5237.86633151,5239.90641270,a37ab8bcb539cc8c,72f9eea94bc70d43,5236.48807333,5234.71330416,1.77476917,2388.53799302,2107.02934715,0.00074304,0.00084231,-1.00000000,1.00000000,0.00000000
D_0381,nw_retrain_0192_crossing_moderate_seed20269660,3,3313,3315,2.15216746,2.24773920,0.00052054,low25,full25,11649.86936240,11652.11710160,5f8e0a6ba3cbbf49,f8352803bdc3ca0b,11650.06958539,11652.11710160,2.04751620,4318.10703252,4692.60559975,0.00047417,0.00043633,-1.00000000,-1.00000000,1.00000000
D_0382,nw_retrain_0221_converging_moderate_seed20272633,1,3656,3657,1.64624694,2.26281057,0.00051483,low25,full25,7.66457926,5.40176869,1156281e82dc86cc,965d43fa9b9648a2,3.07647768,1.35971239,1.71676529,4395.29321255,2733.52545287,0.00039059,0.00062804,1.00000000,1.00000000,1.00000000
D_0383,nw_retrain_0309_none_easy_seed20281257,6,4584,4585,1.70900488,2.35641519,0.00187482,low25,full25,906.20667633,908.56309152,b9e6b4418d6e2af5,ea3b41562fedb48a,882.97122515,908.56309152,25.59186637,1256.87678064,941.43362665,0.02036148,0.02718393,-1.00000000,-1.00000000,1.00000000
D_0384,nw_retrain_0465_vertically_overlapping_hard_seed20296545,2,7748,7750,1.12828010,2.71370524,0.00099096,low25,full25,68.15030832,70.86401357,2ca82db57b4e9ce5,2b750425647c23bf,3.29477246,5.24428192,1.94950946,2738.46049088,2905.13451905,0.00071190,0.00067106,-1.00000000,-1.00000000,1.00000000
D_0385,nw_retrain_0384_approximately_parallel_moderate_seed20288738,6,5889,5890,1.67258788,2.74092722,0.00105045,low25,full25,292.99026280,295.73119002,149c8756fd139df2,2743f013f33ccbc9,292.99026280,295.73119002,2.74092722,2609.28424593,1418.64177904,0.00105045,0.00193208,-1.00000000,-1.00000000,1.00000000
D_0386,nw_retrain_0161_none_easy_seed20266753,4,2420,2421,1.89359530,2.96549296,0.00423730,low25,full25,230.03079679,232.99628975,9fdd9c047a874071,8af1d8795c2a0c7d,207.09262515,232.99628975,25.90366460,699.85377174,775.72425415,0.03701297,0.03339288,-1.00000000,-1.00000000,1.00000000
D_0387,nw_retrain_0204_converging_hard_seed20270836,3,3462,3463,1.61767471,3.00381216,0.00138566,low25,full25,5055.35676605,5052.35295388,0aaedd8b3be4d569,9011f508ad266963,5054.04031479,5051.17194311,2.86837168,2167.78758740,2152.32795756,0.00132318,0.00133268,1.00000000,1.00000000,1.00000000
D_0388,nw_retrain_0310_approximately_parallel_moderate_seed20281224,1,4709,4711,1.45277239,3.19035181,0.00065353,low25,full25,18.01030611,14.81995430,269c325e55d43dd0,eb41a26aa07bd1e4,3.11522027,2.01656342,1.09865686,4881.70934352,5107.17465508,0.00022506,0.00021512,1.00000000,1.00000000,1.00000000
D_0389,nw_retrain_0204_converging_hard_seed20270836,4,3476,3478,1.20684166,3.26545756,0.00150635,low25,full25,4493.49306056,4496.75851811,b63254fc19940bf3,b1324729747e5769,4491.65609787,4493.72369119,2.06759332,2167.78758740,2152.32795756,0.00095378,0.00096063,-1.00000000,-1.00000000,1.00000000
D_0390,nw_retrain_0190_none_easy_seed20269464,1,3137,3144,1.12856026,3.41861225,0.00087728,low25,full25,9.97632738,13.39493963,8aab4119c2cb5d72,1765fc7783287457,1.64167824,1.35818968,0.28348856,3896.84441265,4879.51753487,0.00007275,0.00005810,-1.00000000,1.00000000,0.00000000
D_0391,nw_retrain_0266_none_easy_seed20276912,3,4328,4330,1.46782700,3.76064390,0.00132884,low25,full25,6.92200840,3.16136451,006492d99b9247a5,9627d9c9f168353c,1.65590905,2.04286611,0.38695706,2830.01902786,2801.34852459,0.00013673,0.00013813,1.00000000,-1.00000000,0.00000000
D_0392,nw_retrain_0413_vertically_overlapping_easy_seed20291842,3,6617,6618,2.26431520,3.82874746,0.00129473,low25,full25,8430.20933643,8434.03808389,be2d20ab033a0f73,65b32c7f110ac4f7,8425.60958935,8426.77614396,1.16655461,2957.17350785,3977.20231044,0.00039448,0.00029331,-1.00000000,-1.00000000,1.00000000
D_0393,nw_retrain_0359_vertically_overlapping_moderate_seed20286026,2,5488,5491,3.07753805,3.99488795,0.00076484,low25,full25,11288.52519468,11292.52008263,cad2c0aeeaca0d5d,f1bb7bb67adbce1f,11288.52519468,11267.38625498,21.13893970,5223.17195540,5898.49171738,0.00404715,0.00358379,-1.00000000,1.00000000,0.00000000
D_0394,nw_retrain_0141_crossing_easy_seed20264924,2,1965,1966,0.58150143,4.08883487,0.00218743,low25,full25,10.14196368,6.05312881,db7da9892d3576c0,ab789b3132644f6e,1.99349392,1.65198341,0.34151051,1869.23838993,1987.22292942,0.00018270,0.00017185,1.00000000,1.00000000,1.00000000
D_0395,nw_retrain_0323_converging_moderate_seed20282498,2,4981,4982,0.70128634,4.48360522,0.00140424,low25,full25,7596.40249405,7600.88609927,fc0e2bf9aa8e7d0b,fb359e221c59e2eb,7595.50627761,7595.65258234,0.14630473,3192.91276720,3513.99493805,0.00004582,0.00004163,-1.00000000,-1.00000000,1.00000000
D_0396,nw_retrain_0389_vertically_overlapping_easy_seed20289228,1,6088,6089,1.76424509,5.20862803,0.00122783,low25,full25,11279.33677985,11284.54540788,36ba2fba9f65a5e4,f01082292b70c2dc,11279.84125739,11280.92766177,1.08640437,4242.14473173,3297.68026375,0.00025610,0.00032945,-1.00000000,-1.00000000,1.00000000
D_0397,nw_retrain_0570_crossing_easy_seed22084742,1,9310,9311,1.56167768,6.22672727,0.00159359,low25,full25,31.77470750,25.54798023,3f37beb68c900d8f,53450dd5c0712e1a,3.37869192,2.38956257,0.98912935,3907.36595472,4685.15264818,0.00025314,0.00021112,1.00000000,1.00000000,1.00000000
D_0398,nw_retrain_0179_none_easy_seed20268517,1,2735,2748,1.97584838,6.99725742,0.00626384,low25,full25,54.70307679,61.70033420,df8d1bd9a0c7befd,c2a0914bc62145a9,5.36314680,1.47916855,3.88397825,1117.08767058,922.01539469,0.00347688,0.00421249,-1.00000000,1.00000000,0.00000000
D_0399,nw_retrain_0465_vertically_overlapping_hard_seed20296545,5,7680,7681,0.84385104,12.53795553,0.00457847,low25,full25,7036.25988239,7023.72192686,8faa2bb2547df714,acb18155bdadcc2f,7025.05227551,7020.96023371,4.09204179,2738.46049088,2905.13451905,0.00149429,0.00140856,1.00000000,1.00000000,1.00000000
D_0400,nw_retrain_0292_approximately_parallel_easy_seed20279460,3,4445,4447,0.66168039,7.00967018,0.69973669,sens10,tenD,34.06956800,41.07923819,89cfe74800a6ff4a,07f2f76053a4f256,9.07185709,13.52194351,4.45008642,10.01758275,7.76908743,0.44422757,0.57279397,-1.00000000,-1.00000000,1.00000000
D_0401,nw_retrain_0292_approximately_parallel_easy_seed20279460,6,4420,4423,1.18732276,8.01406955,0.80000033,sens10,tenD,31.24624944,23.23217989,a430aba3d95deba1,a969f245c43a8f13,31.23575186,21.63377879,9.60197307,10.01758275,7.76908743,0.95851198,1.23592033,1.00000000,1.00000000,1.00000000
D_0402,nw_retrain_0270_approximately_parallel_easy_seed20277435,4,4389,4395,0.83526016,8.95167332,0.53427293,sens10,tenD,11.02892314,19.98059646,c26fe2025fffe091,9716ab98c6a01d64,10.92412707,19.90381500,8.97968794,16.75486954,6.40348442,0.53594496,1.40231276,-1.00000000,-1.00000000,1.00000000
D_0403,nw_retrain_0581_converging_hard_seed22085689,4,9371,9414,2.04938229,10.60928294,0.54012182,sens10,tenD,4.13642624,14.74570918,09be3ff0d0bf7a10,a324420df82c5e11,2.15522644,8.08386451,5.92863807,19.64238893,7.43716837,0.30182877,0.79716335,-1.00000000,-1.00000000,1.00000000
D_0404,nw_retrain_0258_approximately_parallel_easy_seed20276128,3,4205,4206,1.38749543,12.29272020,0.54946532,sens10,tenD,38.36860552,26.07588532,5284f91de3741685,44503b94bbce83dd,38.05935838,26.10007691,11.95928147,22.37214917,14.54452366,0.53456114,0.82225322,1.00000000,1.00000000,1.00000000
D_0405,nw_retrain_0258_approximately_parallel_easy_seed20276128,4,4196,4198,0.34462411,14.17522961,0.63361054,sens10,tenD,54.17465311,39.99942351,788c89c70639a76b,eec34aa3eefaa2b6,10.93750448,5.17410398,5.76340050,22.37214917,14.54452366,0.25761497,0.39625914,1.00000000,1.00000000,1.00000000
D_0406,nw_retrain_0250_vertically_overlapping_hard_seed20275475,4,4058,4067,3.79007118,25.10101666,0.57816144,sens10,tenD,45.46110127,20.36008460,959a330d60acda6d,60581b4d4b5f202c,4.05480556,9.28424377,5.22943821,43.41523816,36.92910088,0.12045168,0.14160752,1.00000000,-1.00000000,0.00000000
D_0407,nw_retrain_0191_approximately_parallel_easy_seed20269562,2,3289,3291,0.88784940,26.89665784,0.71998346,sens10,tenD,3.10598995,30.00264779,2080ea7ba902c48c,c8153bcea3c7a406,1.87076143,1.54920711,0.32155432,37.35732718,31.21232059,0.00860753,0.01030216,-1.00000000,1.00000000,0.00000000
D_0408,nw_retrain_0270_approximately_parallel_easy_seed20277435,2,4314,4315,2.71501808,35.79691613,2.13650820,sens10,tenD,43.37969124,7.58277511,6e475074b58fb391,9d3644eafb12056c,2.64525535,2.59505227,0.05020308,16.75486954,6.40348442,0.00299633,0.00783996,1.00000000,1.00000000,1.00000000
D_0409,nw_retrain_0250_vertically_overlapping_hard_seed20275475,1,4088,4091,3.82335422,41.31454060,0.95161382,sens10,tenD,2.23134531,43.54588591,a19602177b49ea68,14c2e0c17c68e86f,1.29913091,3.69014938,2.39101847,43.41523816,36.92910088,0.05507325,0.06474619,-1.00000000,-1.00000000,1.00000000
D_0410,nw_retrain_0600_converging_easy_seed22087551,5,9517,9519,1.14093858,46.27541583,0.53678280,sens10,tenD,5.47597195,51.75138779,00dcec78234d982b,a63b8aa13b2fcfcf,2.13827270,26.29277115,24.15449845,86.20882803,9.54157287,0.28018590,2.53150070,-1.00000000,-1.00000000,1.00000000
D_0411,nw_retrain_0191_approximately_parallel_easy_seed20269562,6,3200,3202,1.16566329,51.32081251,1.37378170,sens10,tenD,95.42085371,44.10004120,f9a446006212bf06,9d8a3a2365f5ef3f,34.88349300,31.51965452,3.36383847,37.35732718,31.21232059,0.09004495,0.10777278,1.00000000,1.00000000,1.00000000
D_0412,nw_retrain_0600_converging_easy_seed22087551,2,9551,9576,1.61855259,88.07015437,1.02159090,sens10,tenD,15.33008252,103.40023689,0cf21026673b1ff0,2eec092206abbd75,4.32569814,6.55712795,2.23142981,86.20882803,9.54157287,0.02588401,0.23386394,-1.00000000,-1.00000000,1.00000000
D_0413,nw_retrain_0453_converging_hard_seed20295238,5,7436,7438,2.87276977,99.66578626,0.51578540,sens10,tenD,139.23394719,238.89973345,9b0bfcc2c987bc17,3484e33d30775da4,34.80500016,153.17484800,118.36984785,193.23111019,55.51212979,0.61258173,2.13232402,-1.00000000,-1.00000000,1.00000000
D_0414,nw_retrain_0426_vertically_overlapping_hard_seed20292592,2,6942,6948,1.83515791,116.06804549,0.59382196,sens10,tenD,1.47433981,117.54238529,5716e9fc478fcd8a,f4156b9656ffe5a8,1.47433981,4.29389475,2.81955494,195.45933524,192.07280122,0.01442528,0.01467962,-1.00000000,-1.00000000,1.00000000
D_0415,nw_retrain_0214_vertically_overlapping_easy_seed20271816,4,3512,3515,2.59821891,125.07224262,0.51761166,sens10,tenD,126.16183645,1.08959383,2ae8673f86c06584,1fb18cd9b4004967,22.59559528,1.08959383,21.50600145,241.63335617,257.21946813,0.08900262,0.08360954,1.00000000,1.00000000,1.00000000
D_0416,nw_retrain_0453_converging_hard_seed20295238,2,7472,7498,0.94005527,180.54722485,0.93435899,sens10,tenD,225.42224035,44.87501550,c599acb67b7fac01,d8b3d2f6c622c049,110.81684973,3.93788524,106.87896448,193.23111019,55.51212979,0.55311468,1.92532632,1.00000000,1.00000000,1.00000000
D_0417,nw_retrain_0471_none_easy_seed20297002,3,7853,7855,0.57534123,192.03426461,0.51983215,sens10,tenD,216.32255976,24.28829516,c9e00ccc72778a3f,b2b289e94f65ec32,141.73980817,4.58121759,137.15859058,369.41590903,356.12083506,0.37128501,0.38514621,1.00000000,1.00000000,1.00000000
D_0418,nw_retrain_0471_none_easy_seed20297002,6,7837,7838,3.00780262,200.41621088,0.54252187,sens10,tenD,275.87762237,75.46141149,e962291922612d2a,3cc82dc4577da353,275.87762237,57.36684054,218.51078183,369.41590903,356.12083506,0.59150344,0.61358606,1.00000000,1.00000000,1.00000000
D_0419,nw_retrain_0187_vertically_overlapping_easy_seed20269170,6,3052,3053,2.58103108,205.68070384,0.70980479,sens10,tenD,512.76543692,307.08473308,e2da8cbd3a3a2989,477926659615bb12,512.68408718,277.74771236,234.93637481,289.77080362,316.40837802,0.81076621,0.74250997,1.00000000,1.00000000,1.00000000
D_0420,nw_retrain_0547_approximately_parallel_moderate_seed22082619,6,9016,9019,3.20019207,235.72968103,1.42543384,sens10,tenD,5.09334692,240.82302795,ef592433065a198f,43ebd3cec467db75,4.33659660,228.54126764,224.20467105,165.37398976,91.06049956,1.35574325,2.46215068,-1.00000000,-1.00000000,1.00000000
D_0421,nw_retrain_0426_vertically_overlapping_hard_seed20292592,5,6899,6924,3.18132828,235.89685620,1.20688457,sens10,tenD,328.59171557,564.48857177,200cf0a96b98b27e,d9584a06e4d1e03c,328.58307587,496.81472761,168.23165174,195.45933524,192.07280122,0.86069899,0.87587441,-1.00000000,-1.00000000,1.00000000
D_0422,nw_retrain_0446_none_easy_seed20294552,3,7427,7433,2.79666652,394.39932583,0.75808035,sens10,tenD,4.62519990,399.02452573,f447c227d342241f,f080661e645b6360,2.63887198,398.55984840,395.92097642,520.26058116,159.55503515,0.76100514,2.48140697,-1.00000000,-1.00000000,1.00000000
D_0423,nw_retrain_0143_none_easy_seed20264858,3,1984,1986,0.86540766,438.91054932,1.26516202,sens10,tenD,706.57212582,267.66157649,d481acd0ff1335ae,dbe93fd500b8c5d2,704.22707061,58.90721583,645.31985478,346.92042705,269.94649241,1.86013796,2.39054729,1.00000000,1.00000000,1.00000000
D_0424,nw_retrain_0143_none_easy_seed20264858,4,2006,2007,1.62372778,491.53762502,1.41685985,sens10,tenD,511.10878346,19.57115844,623f121f3eca26ca,ff4603fe68519981,509.23172462,3.55516577,505.67655886,346.92042705,269.94649241,1.45761541,1.87324738,1.00000000,1.00000000,1.00000000
D_0425,nw_retrain_0541_crossing_hard_seed22081769,3,8836,8837,1.13849117,544.10405718,0.54747615,sens10,tenD,362.06237901,906.16643619,625624b660283feb,8ea912ebd3c9c4f7,56.20933718,454.03192069,397.82258351,993.84066628,1894.01454650,0.40028809,0.21004199,-1.00000000,-1.00000000,1.00000000
D_0426,nw_retrain_0493_approximately_parallel_easy_seed20299158,4,8349,8350,2.79013689,553.33080473,0.59664269,sens10,tenD,2414.85230156,2968.18310629,bbb6a5dfea1c06e3,0a9d91e9dd56cfe5,2250.22684143,2967.34559370,717.11875227,927.40733679,1137.30954947,0.77325111,0.63053964,-1.00000000,-1.00000000,1.00000000
D_0427,nw_retrain_0248_vertically_overlapping_easy_seed20275410,4,3976,3979,0.52689341,562.39126218,0.75645735,sens10,tenD,889.64601637,327.25475419,16835c63845fec50,8a15bfdc9f73c007,671.57753408,7.81635327,663.76118081,743.45402381,288.86585200,0.89280730,2.29781809,1.00000000,1.00000000,1.00000000
D_0428,nw_retrain_0472_vertically_overlapping_moderate_seed20297231,5,7941,7942,1.70077449,568.04392305,0.64941519,sens10,tenD,2441.03038752,1872.98646448,3ad19e2f75a837a5,2c532d52bfd8c981,1864.55662142,1803.55070468,61.00591674,874.70070411,996.79433617,0.06974490,0.06120211,1.00000000,1.00000000,1.00000000
D_0429,nw_retrain_0487_converging_easy_seed20298701,3,8297,8298,2.19375947,604.68433444,0.54120107,sens10,tenD,22.48365188,627.16798632,f96abb4c229c3073,0e108cce67c3448c,2.17991455,156.64407282,154.46415828,1117.30070504,471.07169718,0.13824762,0.32789947,-1.00000000,-1.00000000,1.00000000
D_0430,nw_retrain_0179_none_easy_seed20268517,6,2710,2779,2.25772724,622.98953181,0.55769081,sens10,tenD,2194.43030629,1571.44077448,e3fcecd764414b2a,3c11d5294bbf9567,2171.21359187,1542.29436419,628.91922768,1117.08767058,922.01539469,0.56299899,0.68211359,1.00000000,1.00000000,1.00000000
D_0431,nw_retrain_0214_vertically_overlapping_easy_seed20271816,1,3570,3605,2.64346340,626.84179558,2.59418569,sens10,tenD,776.51773570,149.67594012,fd0b40572e62f087,f3bd143928c7e5bc,775.90348773,17.00868557,758.89480216,241.63335617,257.21946813,3.14068726,2.95037855,1.00000000,1.00000000,1.00000000
D_0432,nw_retrain_0185_none_easy_seed20268974,1,3017,3025,1.84912682,629.02236825,1.48553616,sens10,tenD,662.35706289,33.33469464,9297edd3ae953dcf,f699c1acb5950d8e,321.10288827,1.63739659,319.46549168,423.43120576,284.56841810,0.75446846,1.12263158,1.00000000,1.00000000,1.00000000
D_0433,nw_retrain_0420_converging_moderate_seed20292004,5,6812,6814,3.09316801,629.58657152,0.60275877,sens10,tenD,644.44829293,14.86172141,a8f26ebe5a3cf853,5216c7b0d1089e91,642.83728165,2.82859739,640.00868426,1044.50835766,1444.04091377,0.61273678,0.44320675,1.00000000,1.00000000,1.00000000
D_0434,nw_retrain_0309_none_easy_seed20281257,6,4570,4586,2.61729041,656.62767420,0.52242804,sens10,tenD,1519.65363698,863.02596278,c64635d963839731,3626755fb333201c,1473.14154911,818.35127375,654.79027536,1256.87678064,941.43362665,0.52096616,0.69552463,1.00000000,1.00000000,1.00000000
D_0435,nw_retrain_0437_none_easy_seed20293670,4,7214,7239,1.44990403,660.81066896,0.68945321,sens10,tenD,809.96951758,1470.78018653,b4666aac86cb9b27,fa39068c5490fa53,809.24863918,1465.02723319,655.77859401,958.45615581,900.45214234,0.68420302,0.72827701,-1.00000000,-1.00000000,1.00000000
D_0436,nw_retrain_0596_approximately_parallel_hard_seed22087028,5,9465,9475,2.77921134,662.52718092,0.63186224,sens10,tenD,667.05983410,4.53265318,663822f6914444a6,0a31f2a1bf79754c,665.36485655,3.34204185,662.02281470,1048.53104829,1410.57656372,0.63138122,0.46932781,1.00000000,1.00000000,1.00000000
D_0437,nw_retrain_0500_crossing_easy_seed20299975,4,8534,8535,2.66053423,662.66087826,0.77470206,sens10,tenD,3.10279996,665.76367822,ce3b6e5c79ee14f5,de7cbc5c7b4337ec,2.62298746,665.76367822,663.14069075,855.37513930,886.22278946,0.77526299,0.74827763,-1.00000000,-1.00000000,1.00000000
D_0438,nw_retrain_0332_crossing_moderate_seed20283380,1,5169,5175,1.85792100,672.16837438,0.66198051,sens10,tenD,956.62110379,284.45272941,222d2ff89994cb91,e7591de682726a09,839.81341362,180.33879305,659.47462056,1015.38996948,485.71064418,0.64947916,1.35775205,1.00000000,1.00000000,1.00000000
D_0439,nw_retrain_0344_converging_easy_seed20284556,2,5353,5354,1.79488853,705.90106681,0.57500053,sens10,tenD,772.84847532,66.94740851,da1ad810def2de15,16f97fc32f8b7df7,527.84612708,4.24666543,523.59946165,1227.65289184,304.31066773,0.42650448,1.72060830,1.00000000,1.00000000,1.00000000
D_0440,nw_retrain_0487_converging_easy_seed20298701,5,8292,8309,1.12684262,744.41869143,0.66626530,sens10,tenD,863.81471317,119.39602174,39dfc0f9ca06bd4c,8c3c0b4c4fcb7f37,863.38702030,9.73305548,853.65396482,1117.30070504,471.07169718,0.76403242,1.81215295,1.00000000,1.00000000,1.00000000
D_0441,nw_retrain_0500_crossing_easy_seed20299975,3,8552,8554,1.56033063,759.06939096,0.88741110,sens10,tenD,763.65816383,4.58877287,a181f6f715b68d81,81f1b1c6d366e511,763.53974174,3.87922246,759.66051928,855.37513930,886.22278946,0.88810217,0.85718910,1.00000000,1.00000000,1.00000000
D_0442,nw_retrain_0344_converging_easy_seed20284556,5,5326,5327,0.97604153,775.77757478,0.63191932,sens10,tenD,827.89265878,52.11508401,c7abf2ce29a4b86e,a9b059183ad3a5ab,795.62764284,11.62256456,784.00507827,1227.65289184,304.31066773,0.63862113,2.57633123,1.00000000,1.00000000,1.00000000
D_0443,nw_retrain_0505_crossing_easy_seed22078110,5,8565,8567,2.79087375,779.64738253,0.68230015,sens10,tenD,976.64741346,1756.29479599,798330d61fc8d280,99411bbcbe8de032,693.37611595,1754.67776388,1061.30164793,1142.67509105,1362.37363364,0.92878689,0.77900924,-1.00000000,-1.00000000,1.00000000
D_0444,nw_retrain_0326_converging_hard_seed20282923,5,5031,5062,2.80545840,825.10183464,0.98928101,sens10,tenD,2488.37390092,1663.27206628,786d12370dd9f3c8,cb3fe5326dda4edf,2488.31342920,1662.95090008,825.36252913,834.04192580,1102.01514316,0.98959357,0.74895752,1.00000000,1.00000000,1.00000000
D_0445,nw_retrain_0404_none_easy_seed20290436,4,6252,6304,2.67106861,829.16236667,0.94312393,sens10,tenD,1063.82008256,234.65771588,b6384d19d27028e1,c975b5cdfb0a5273,1063.18224305,234.53928989,828.64295316,879.16586469,455.81315212,0.94253313,1.81794437,1.00000000,1.00000000,1.00000000
D_0446,nw_retrain_0505_crossing_easy_seed22078110,1,8633,8634,1.55500094,879.92354296,0.77005577,sens10,tenD,1193.15410515,313.23056219,1b7fb224885208be,5a18332242fd322f,1192.81584801,118.00137896,1074.81446905,1142.67509105,1362.37363364,0.94061250,0.78892783,1.00000000,1.00000000,1.00000000
D_0447,nw_retrain_0415_approximately_parallel_easy_seed20291645,4,6659,6667,2.93434484,910.33906828,0.62847426,sens10,tenD,2417.45019572,1507.11112744,fb3429a8c6905aa9,66d10b992e924d5b,2416.43420702,1506.51698246,909.91722457,1448.49062173,779.42748798,0.62818303,1.16741742,1.00000000,1.00000000,1.00000000
D_0448,nw_retrain_0468_converging_moderate_seed20296839,3,7792,7876,1.80464364,922.70074164,0.79316787,sens10,tenD,34.69005004,957.39079168,87279ee188d7a871,e046346065928fbf,6.60813900,764.03844765,757.43030865,1163.31078919,1405.13488844,0.65109884,0.53904455,-1.00000000,-1.00000000,1.00000000
D_0449,nw_retrain_0171_crossing_easy_seed20267864,3,2660,2663,1.70537942,954.19521275,0.62641425,sens10,tenD,2220.48662794,1266.29141519,f130150288bedac0,47e7e0780e19c6f3,2219.50055740,963.96976301,1255.53079439,1523.26548881,908.55083061,0.82423636,1.38190484,1.00000000,1.00000000,1.00000000
D_0450,nw_retrain_0546_none_easy_seed22082128,4,8870,8902,3.04682765,957.09072240,0.52080309,sens10,tenD,3756.33789568,2799.24717328,6672b8bde3062c44,5c230513dfdbb702,3742.78790894,2787.04302994,955.74487900,1837.72088665,1418.17403826,0.52007075,0.67392637,1.00000000,1.00000000,1.00000000
D_0451,nw_retrain_0546_none_easy_seed22082128,3,8965,8966,2.07299227,962.45749717,0.52372344,sens10,tenD,966.56947738,4.11198022,89b4ec2ec94b6fbe,192cfc6f95aef76c,966.17955561,4.11198022,962.06757539,1837.72088665,1418.17403826,0.52351126,0.67838470,1.00000000,1.00000000,1.00000000
D_0452,nw_retrain_0436_none_easy_seed20293834,3,7148,7231,2.89186678,1023.19411159,0.69838439,sens10,tenD,7.27725449,1030.47136608,febe99dab570e3d6,13c6ff112424bc61,3.29451775,312.80419021,309.50967246,1465.08731685,623.49354236,0.21125681,0.49641199,-1.00000000,-1.00000000,1.00000000
D_0453,nw_retrain_0596_approximately_parallel_hard_seed22087028,2,9496,9537,1.33660192,1069.23596683,1.01974660,sens10,tenD,3345.31700355,2276.08103672,d8d0ee379b78cc1d,daaece164f8c4af3,3345.12873955,2273.65204972,1071.47668983,1048.53104829,1410.57656372,1.02188361,0.75960194,1.00000000,1.00000000,1.00000000
D_0454,nw_retrain_0404_none_easy_seed20290436,1,6229,6230,1.63232100,1083.30319605,1.23219433,sens10,tenD,1377.82930627,294.52611022,9c64f3dfa1e952d8,d2c1e2042a4bc868,1000.73324394,60.61801862,940.11522532,879.16586469,455.81315212,1.06932635,2.06250131,1.00000000,1.00000000,1.00000000
D_0455,nw_retrain_0175_vertically_overlapping_easy_seed20267994,1,2680,2682,0.99446960,1147.36361098,0.50503580,sens10,tenD,1125.77844772,2273.14205870,0719c5caa063d069,7e8a5507f755d118,1314.90075560,785.17878644,529.72196916,2271.84607494,2731.38276654,0.23316807,0.19393912,-1.00000000,1.00000000,0.00000000
D_0456,nw_retrain_0445_none_easy_seed20294454,3,7277,7282,1.35063079,1172.95805070,0.60375853,sens10,tenD,3503.07700393,2330.11895323,97157f4f43705f2e,0a3a18dbf454f6f2,3502.10481802,2148.24757309,1353.85724492,1942.76022320,1856.58750089,0.69687305,0.72921812,1.00000000,1.00000000,1.00000000
D_0457,nw_retrain_0332_crossing_moderate_seed20283380,4,5121,5122,1.62466625,1266.10240488,1.24691246,sens10,tenD,1277.65985162,11.55744675,41bb9e3850e791f0,c26289c7aa7ebbc5,1277.81808142,4.02840915,1273.78967227,1015.38996948,485.71064418,1.25448321,2.62252781,1.00000000,1.00000000,1.00000000
D_0458,nw_retrain_0436_none_easy_seed20293834,4,7114,7115,3.46152343,1308.17034948,0.89289583,sens10,tenD,534.24968232,1842.42003180,6a940a8071a1a022,ed4983d8126f7b9b,375.83331053,1841.03046492,1465.19715439,1465.08731685,623.49354236,1.00007497,2.34997968,-1.00000000,-1.00000000,1.00000000
D_0459,nw_retrain_0321_crossing_easy_seed20282302,3,4854,4873,2.94607450,1416.57455522,1.33621035,sens10,tenD,8.85830279,1425.43285801,716d6f10a3511f71,81f1114be1910ac9,4.18820881,1424.65045995,1420.46225113,1060.14338034,580.12621222,1.33987749,2.44854003,-1.00000000,-1.00000000,1.00000000
D_0460,nw_retrain_0204_converging_hard_seed20270836,4,3441,3470,2.03263283,1465.53184392,0.67604956,sens10,tenD,1678.99792834,213.46608442,ad3848c855142117,234a43f1913e3d6b,1604.00770420,86.37338534,1517.63431885,2167.78758740,2152.32795756,0.70008442,0.70511295,1.00000000,1.00000000,1.00000000
D_0461,nw_retrain_0161_none_easy_seed20266753,6,2444,2445,2.67939104,1467.02192317,2.09618349,sens10,tenD,2200.88393562,733.86201245,4085075eba4080fb,0e17fb947da695d1,2200.88393562,678.17093308,1522.71300254,699.85377174,775.72425415,2.17575880,1.96295655,1.00000000,1.00000000,1.00000000
D_0462,nw_retrain_0516_none_easy_seed22079712,5,8636,8637,1.90879573,1495.47397423,0.62610433,sens10,tenD,126.62684675,1622.10082098,2a0e3946651e5cd2,1f4c57c977d98966,46.00518219,1579.22355776,1533.21837557,2388.53799302,2107.02934715,0.64190663,0.72766826,-1.00000000,-1.00000000,1.00000000
D_0463,nw_retrain_0405_vertically_overlapping_hard_seed20290534,2,6348,6397,0.95933876,1583.13359891,1.47609897,sens10,tenD,2091.44112588,508.30752697,bb30eda3314d7fc9,92feaaadefad4b42,2090.41087674,216.95026881,1873.46060793,1072.51182578,714.99938699,1.74679716,2.62022687,1.00000000,1.00000000,1.00000000
D_0464,nw_retrain_0459_vertically_overlapping_moderate_seed20296088,5,7656,7658,1.96378009,1623.01150533,0.55128240,sens10,tenD,152.80584589,1775.81735122,dd1c8a7d71349743,e1ae87354eb408d4,106.71723344,1774.47711188,1667.75987844,2944.06550151,1777.09462171,0.56648192,0.93847556,-1.00000000,-1.00000000,1.00000000
D_0465,nw_retrain_0420_converging_moderate_seed20292004,2,6829,6830,2.08581160,1647.96154084,1.57773897,sens10,tenD,1695.32171698,47.36017614,449bc0b7cfa0b7f2,c2110c06b422306b,1534.19604705,4.97244783,1529.22359922,1044.50835766,1444.04091377,1.46406066,1.05898911,1.00000000,1.00000000,1.00000000
D_0466,nw_retrain_0322_converging_moderate_seed20282662,2,4929,4962,2.55221460,1648.29664147,0.51282240,sens10,tenD,2700.63895387,4348.93559534,418e09253803a19c,14df1cca42e420e1,2699.01839524,4348.93559534,1649.91720010,3214.16663797,3128.18290343,0.51332659,0.52743629,-1.00000000,-1.00000000,1.00000000
D_0467,nw_retrain_0472_vertically_overlapping_moderate_seed20297231,2,7945,7999,2.01443137,1733.71387558,1.98206526,sens10,tenD,22.33235898,1756.04623456,6f8b5ee2f5c04544,61a6c50119ea0d70,5.92635274,1754.72540913,1748.79905639,874.70070411,996.79433617,1.99931136,1.75442315,-1.00000000,-1.00000000,1.00000000
D_0468,nw_retrain_0409_vertically_overlapping_easy_seed20291319,4,6503,6549,2.29382277,1752.92070526,1.13591656,sens10,tenD,2319.87025440,566.94954914,30c0149d7ab3d1e0,68857b0fe1f16074,2319.71034982,565.83620605,1753.87414377,1543.17734856,2286.94833335,1.13653440,0.76690589,1.00000000,1.00000000,1.00000000
D_0469,nw_retrain_0243_converging_hard_seed20274789,4,3884,3885,2.72101853,1784.93915551,0.50413745,sens10,tenD,59.87455771,1844.81371322,94e6069403334e0e,3a4cba0d4062a9fc,4.40654057,1844.20247301,1839.79593243,3540.58033996,5083.59380215,0.51963118,0.36190852,-1.00000000,-1.00000000,1.00000000
D_0470,nw_retrain_0384_approximately_parallel_moderate_seed20288738,3,5862,5869,1.57700752,1785.45715822,0.68427085,sens10,tenD,250.56118184,2036.01834006,d63dc077221c8813,e97721f05c26eb64,67.58260876,1924.27369433,1856.69108557,2609.28424593,1418.64177904,0.71157103,1.30878077,-1.00000000,-1.00000000,1.00000000
D_0471,nw_retrain_0365_none_easy_seed20286614,4,5604,5622,2.34225047,1823.15438709,0.70063094,sens10,tenD,8.74163339,1831.89602048,eb1cd1a502472920,ad5ec7fbf9dabfd0,5.96422509,1831.56483282,1825.60060773,2602.16081273,1250.89213465,0.70157102,1.45943887,-1.00000000,-1.00000000,1.00000000
D_0472,nw_retrain_0566_vertically_overlapping_moderate_seed22084088,3,9277,9278,2.01602909,1891.90278884,0.99373911,sens10,tenD,50.70764458,1942.61043342,0d3a99fdbbcc5e44,29436e14acb0b06f,37.83424357,1942.52781787,1904.69357430,1903.82241326,2973.19849991,1.00045759,0.64062106,-1.00000000,-1.00000000,1.00000000
D_0473,nw_retrain_0516_none_easy_seed22079712,3,8705,8706,1.69464460,1900.79553371,0.79579874,sens10,tenD,2357.46176024,456.66622653,954a6b8ee9e8cd07,dc8dc85b989bd39f,2358.26478309,71.27067180,2286.99411129,2388.53799302,2107.02934715,0.95748701,1.08541161,1.00000000,1.00000000,1.00000000
D_0474,nw_retrain_0266_none_easy_seed20276912,4,4272,4273,1.61843039,1923.44892533,0.67965936,sens10,tenD,5253.72945125,3330.28052592,da96fbb48c489337,8a69b25abf84d537,5247.29219847,3330.28052592,1917.01167255,2830.01902786,2801.34852459,0.67738473,0.68431745,1.00000000,1.00000000,1.00000000
D_0475,nw_retrain_0416_approximately_parallel_easy_seed20291743,6,6757,6758,2.73360328,1926.06571910,0.54704525,sens10,tenD,757.19974408,2683.26546318,6d4c28979eeb7b06,b179bf236dd2b886,576.38982885,2548.87305809,1972.48322924,3520.85264127,4036.77411349,0.56022885,0.48862859,-1.00000000,-1.00000000,1.00000000
D_0476,nw_retrain_0233_converging_hard_seed20273809,5,3746,3775,2.12539556,1926.75936340,0.50399723,sens10,tenD,3673.32801955,1746.56865614,954f1f020d49b2af,75eb0a122ae461ea,3673.60441482,1746.45585751,1927.14855731,3822.95627399,3305.07106505,0.50409903,0.58308839,1.00000000,1.00000000,1.00000000
D_0477,nw_retrain_0158_vertically_overlapping_easy_seed20266328,3,2346,2399,2.63114948,2004.63618639,0.93831595,sens10,tenD,3698.24931031,1693.61312392,372f2918007000d9,5fa078350bf38cc9,3637.01120021,1661.82018231,1975.19101791,2136.41916354,1456.76239604,0.92453347,1.35587727,1.00000000,1.00000000,1.00000000
D_0478,nw_retrain_0459_vertically_overlapping_moderate_seed20296088,3,7601,7622,2.92383729,2010.67669473,0.68295923,sens10,tenD,343.83320132,2354.50989605,f6184da583af9dde,e6388453e4afb80d,341.48880323,2351.80454065,2010.31573742,2944.06550151,1777.09462171,0.68283662,1.13123731,-1.00000000,-1.00000000,1.00000000
D_0479,nw_retrain_0493_approximately_parallel_easy_seed20299158,2,8302,8417,1.86698124,2033.39962192,2.19256366,sens10,tenD,2400.52059396,367.12097205,0d243af45a2609f7,b55b6dd3ad116c19,2399.17727346,108.11485935,2291.06241411,927.40733679,1137.30954947,2.47039496,2.01445808,1.00000000,1.00000000,1.00000000
D_0480,nw_retrain_0416_approximately_parallel_easy_seed20291743,1,6789,6817,1.46198378,2051.80149153,0.58275699,sens10,tenD,2130.00112698,78.19963545,aabc8136f7b20d79,db2454637a6c55a8,1902.18743546,21.18589978,1881.00153568,3520.85264127,4036.77411349,0.53424603,0.46596651,1.00000000,1.00000000,1.00000000
D_0481,nw_retrain_0151_approximately_parallel_moderate_seed20265773,3,2198,2199,1.32929836,2149.47758269,0.78486835,sens10,tenD,2679.45719309,529.97961039,be227bc3ad19d427,0497b4445deceecf,2675.55788843,10.98929136,2664.56859707,2738.64729326,1308.07074583,0.97295063,2.03702178,1.00000000,1.00000000,1.00000000
D_0482,nw_retrain_0413_vertically_overlapping_easy_seed20291842,3,6571,6604,1.47379093,2153.12656833,0.72810289,sens10,tenD,305.34462832,2458.47119665,d540af6c1a4c8f5f,3ea25011d4720ba6,62.90505479,2449.37255940,2386.46750461,2957.17350785,3977.20231044,0.80700963,0.60003674,-1.00000000,-1.00000000,1.00000000
D_0483,nw_retrain_0296_converging_moderate_seed20279983,6,4511,4557,2.61504957,2158.71969704,1.08514075,sens10,tenD,4669.53038190,2510.81068486,7cefe86003b99e7e,4ead05a87108d0bf,4669.53038190,2510.37300760,2159.15737431,1989.34534868,2202.67345528,1.08536076,0.98024397,1.00000000,1.00000000,1.00000000
D_0484,nw_retrain_0314_vertically_overlapping_moderate_seed20281747,5,4715,4720,2.55229454,2162.89711770,0.53392737,sens10,tenD,10298.05690038,8135.15978268,f4cf58a04e38ab00,601a0a2abe41a247,10232.83935254,8111.36334001,2121.47601253,4050.92006849,1016.87205564,0.52370226,2.08627624,1.00000000,1.00000000,1.00000000
D_0485,nw_retrain_0432_converging_moderate_seed20293311,4,7031,7044,2.56563683,2174.65391706,0.56662105,sens10,tenD,6093.58746164,8268.24137870,856a6fe8440a3788,78b8892d204fbc71,6080.87458179,8268.24137870,2187.36679691,3837.93348926,3241.61921669,0.56993348,0.67477598,-1.00000000,-1.00000000,1.00000000
D_0486,nw_retrain_0570_crossing_easy_seed22084742,4,9294,9339,1.02757652,2184.92519308,0.55918110,sens10,tenD,3866.12829696,6051.05349004,ecf74989133b5096,6d68006515a35146,3861.24727914,6048.92648140,2187.67920226,3907.36595472,4685.15264818,0.55988593,0.46693872,-1.00000000,-1.00000000,1.00000000
D_0487,nw_retrain_0473_converging_moderate_seed20297198,1,8072,8073,1.48909397,2254.88682706,0.66574131,sens10,tenD,2349.51601728,94.62919022,55016b190083f782,a2d3531f056d10a8,1122.90490120,6.37864945,1116.52625175,3387.03156602,3415.18253612,0.32964743,0.32693018,1.00000000,1.00000000,1.00000000
D_0488,nw_retrain_0309_none_easy_seed20281257,1,4641,4643,2.42274393,2275.93844983,1.81078884,sens10,tenD,1.80703820,2277.74548802,92e56f90c7f757b1,934873bdc9543a8a,1.73991926,2273.31830963,2271.57839037,1256.87678064,941.43362665,1.80731988,2.41289277,-1.00000000,-1.00000000,1.00000000
D_0489,nw_retrain_0392_approximately_parallel_moderate_seed20289260,4,6145,6198,2.81161214,2343.39791540,0.71262484,sens10,tenD,5203.91863741,2860.52072200,ed8da133a827681e,648f34feb099b03f,5203.91863741,2842.86600092,2361.05263649,3288.40336522,2007.16873869,0.71799362,1.17630999,1.00000000,1.00000000,1.00000000
D_0490,nw_retrain_0389_vertically_overlapping_easy_seed20289228,3,6141,6142,0.49326862,2353.12969882,0.55470283,sens10,tenD,5895.21475753,3542.08505870,a637da17c5dce228,3b3fc7148e939324,5888.44611761,3038.52810796,2849.91800965,4242.14473173,3297.68026375,0.67181065,0.86421902,1.00000000,1.00000000,1.00000000
D_0491,nw_retrain_0408_crossing_easy_seed20291090,1,6402,6447,1.04550848,2356.65059784,1.41604839,sens10,tenD,2368.68878079,12.03818294,d3f3df509435dd86,05835b96a06e3542,2366.27726776,8.67895622,2357.59831154,1664.24439244,1968.45183403,1.41661785,1.19769164,1.00000000,1.00000000,1.00000000
D_0492,nw_retrain_0380_none_easy_seed20288346,2,5777,5785,1.41309127,2367.72945788,0.76594791,sens10,tenD,2894.07691106,526.34745318,234c0458cf3879f4,6bf10567eb6fbd33,2894.07691106,51.82917179,2842.24773927,3091.24084468,3617.95670548,0.91945205,0.78559473,1.00000000,1.00000000,1.00000000
D_0493,nw_retrain_0233_converging_hard_seed20273809,2,3787,3828,2.04552815,2369.42845363,0.61978958,sens10,tenD,6211.30624387,3841.87779024,c706bcf434ba098a,24957f2b1b109d3d,6210.40921994,2711.27137837,3499.13784158,3822.95627399,3305.07106505,0.91529633,1.05871788,1.00000000,1.00000000,1.00000000
D_0494,nw_retrain_0437_none_easy_seed20293670,1,7203,7258,1.62824841,2372.86450436,2.47571523,sens10,tenD,199.04426148,2571.90876584,3b0b7e1f744d134d,62bdb83aa6d9aa56,10.21564022,2435.97514577,2425.75950554,958.45615581,900.45214234,2.53090294,2.69393496,-1.00000000,-1.00000000,1.00000000
D_0495,nw_retrain_0432_converging_moderate_seed20293311,1,7103,7105,1.47947847,2406.54133501,0.62704092,sens10,tenD,8432.17690287,6025.63556785,b0c1710ee4a3f896,cef3a7ce44c73f3c,8432.64870170,6023.37554524,2409.27315646,3837.93348926,3241.61921669,0.62775271,0.74323139,1.00000000,1.00000000,1.00000000
D_0496,nw_retrain_0310_approximately_parallel_moderate_seed20281224,5,4728,4729,1.08194717,2457.33331642,0.50337559,sens10,tenD,2916.69633900,459.36302258,35859cf87d558e58,25b1dc0b178bb94d,2914.65725920,88.60081719,2826.05644201,4881.70934352,5107.17465508,0.57890715,0.55335026,1.00000000,1.00000000,1.00000000
D_0497,nw_retrain_0486_none_easy_seed20298603,4,8198,8224,1.96834167,2461.08440233,0.66192578,sens10,tenD,8638.09492568,6177.01052335,c19517cd1c028947,1ca0c836d9883059,8635.17309414,6177.09864231,2458.07445184,3718.06697750,3318.98673741,0.66111624,0.74060990,1.00000000,1.00000000,1.00000000
D_0498,nw_retrain_0204_converging_hard_seed20270836,1,3482,3492,2.14033993,2470.97023006,1.13985810,sens10,tenD,2525.71623823,54.74600817,3073040c44fa6596,ed7cfd456db89e88,2477.47969125,16.78164662,2460.69804463,2167.78758740,2152.32795756,1.13511954,1.14327282,1.00000000,1.00000000,1.00000000
D_0499,nw_retrain_0322_converging_moderate_seed20282662,4,4924,4925,2.83772362,2474.86706512,0.76998717,sens10,tenD,516.90202564,2991.76909076,1bd590bba536e199,81d65a1c17bca8db,302.94087483,2985.52584157,2682.58496675,3214.16663797,3128.18290343,0.83461291,0.85755375,-1.00000000,-1.00000000,1.00000000
D_0500,nw_retrain_0190_none_easy_seed20269464,4,3143,3160,3.18042650,2490.92943313,0.63921706,sens10,tenD,419.27052320,2910.19995633,b66de8ce9d98580e,f54f9a2fc68c36f1,46.50505027,2556.57781092,2510.07276065,3896.84441265,4879.51753487,0.64412958,0.51441003,-1.00000000,-1.00000000,1.00000000
D_0501,nw_retrain_0141_crossing_easy_seed20264924,6,1923,1989,2.02602818,2580.24951322,1.38037477,sens10,tenD,1211.03587773,3791.28539095,89bfc3cf4bf9efdf,0884f8b79e1153b1,1023.61169114,3652.00800144,2628.39631030,1869.23838993,1987.22292942,1.40613221,1.32264794,-1.00000000,-1.00000000,1.00000000
D_0502,nw_retrain_0479_converging_easy_seed20297786,6,8098,8099,2.82391607,2614.07908006,0.50456308,sens10,tenD,3092.04858368,477.96950361,1f5b84401a5c59ff,3499be3e6e06978d,3091.84498422,401.38879614,2690.45618809,5180.87662813,2297.50352000,0.51930520,1.17103463,1.00000000,1.00000000,1.00000000
D_0503,nw_retrain_0553_none_easy_seed22082814,3,9090,9091,0.96874633,2617.12113104,0.58648800,sens10,tenD,2293.42839039,4910.54952143,a2b781efd312c543,e9c5c3230e1a5ca4,1282.53506622,4887.83624574,3605.30117953,4462.36093260,4862.60867751,0.80793581,0.74143354,-1.00000000,-1.00000000,1.00000000
D_0504,nw_retrain_0203_converging_moderate_seed20270869,3,3416,3419,1.86074144,2627.05456928,0.54226555,sens10,tenD,7373.37957708,10000.43414636,84088192758f1684,f751bcbcf4505542,5758.40124526,10000.51003493,4242.10878967,4844.59055263,4891.53260838,0.87563825,0.86723510,-1.00000000,-1.00000000,1.00000000
D_0505,nw_retrain_0413_vertically_overlapping_easy_seed20291842,4,6566,6599,2.68835752,2740.65566545,0.92678216,sens10,tenD,5891.29554347,8631.95120892,906e052370845764,5715fa990a6b94bf,5867.00002059,8629.10348591,2762.10346532,2957.17350785,3977.20231044,0.93403497,0.69448402,-1.00000000,-1.00000000,1.00000000
D_0506,nw_retrain_0562_crossing_moderate_seed22083696,4,9100,9140,3.12308843,2743.65164152,2.49058342,sens10,tenD,2950.78595063,207.13430912,c8c9829ed9719aaa,e105f7f50993284a,2949.96193514,206.42405219,2743.53788295,1101.61001834,1013.60112262,2.49048015,2.70672341,1.00000000,1.00000000,1.00000000
D_0507,nw_retrain_0156_crossing_easy_seed20266132,3,2276,2279,1.62734645,2824.94959561,0.83693491,sens10,tenD,5326.37086264,2501.42126703,c49ac7f1d7f9ebbc,4a9860e738029e27,5324.29095641,1775.69847080,3548.59248560,3375.35159054,1974.88678599,1.05132529,1.79685869,1.00000000,1.00000000,1.00000000
D_0508,nw_retrain_0570_crossing_easy_seed22084742,2,9320,9321,1.52697714,2831.17850495,0.72457470,sens10,tenD,2867.75072732,36.57222237,ac540d3dc666c657,3d1da3422f6dbf4f,2864.37205081,7.61402007,2856.75803074,3907.36595472,4685.15264818,0.73112119,0.60974706,1.00000000,1.00000000,1.00000000
D_0509,nw_retrain_0254_none_easy_seed20275736,3,4118,4119,0.46730607,2873.23108786,0.57229006,sens10,tenD,463.84581657,3337.07690443,346d73f39ab43f24,a8fc6367f4a7097c,217.50354690,3337.00832733,3119.50478043,5020.58530266,3781.58752722,0.62134285,0.82491936,-1.00000000,-1.00000000,1.00000000
D_0510,nw_retrain_0369_crossing_easy_seed20287006,4,5732,5733,1.23933597,2881.19662489,0.82626261,sens10,tenD,2069.47060962,4950.66723452,fff3149294042b2f,ca094ed2707189f6,1298.87360867,4857.32198001,3558.44837134,3487.02287985,3222.05772071,1.02048323,1.10440243,-1.00000000,-1.00000000,1.00000000
D_0511,nw_retrain_0156_crossing_easy_seed20266132,5,2292,2294,1.97096093,2883.95269267,0.85441549,sens10,tenD,3187.53269841,303.58000574,88ef105dfb790209,3f675718b164fb5d,3185.22940116,22.01532487,3163.21407630,3375.35159054,1974.88678599,0.93715099,1.60171920,1.00000000,1.00000000,1.00000000
D_0512,nw_retrain_0479_converging_easy_seed20297786,2,8201,8206,1.44626462,2910.39578224,0.56175740,sens10,tenD,2706.15775423,5616.55353647,c810a300125ea818,16fe38cb195bb87a,2205.35859362,5127.57044596,2922.21185234,5180.87662813,2297.50352000,0.56403811,1.27190745,-1.00000000,-1.00000000,1.00000000
D_0513,nw_retrain_0465_vertically_overlapping_hard_seed20296545,2,7703,7746,3.77546890,2933.34388677,1.07116531,sens10,tenD,6356.50589650,3423.16200974,7d670d26cbe76c41,5cdefe652995e70e,6339.60822921,3321.55487825,3018.05335095,2738.46049088,2905.13451905,1.10209856,1.03886871,1.00000000,1.00000000,1.00000000
D_0514,nw_retrain_0221_converging_moderate_seed20272633,5,3618,3648,1.48834286,2952.76207109,0.67180093,sens10,tenD,6496.97248750,3544.21041641,53d5633772459377,d33faf97f84f019c,6496.97248750,3544.01515259,2952.95733491,4395.29321255,2733.52545287,0.67184536,1.08027431,1.00000000,1.00000000,1.00000000
D_0515,nw_retrain_0431_none_easy_seed20293082,5,7010,7020,3.61240329,2987.39449505,0.58460324,sens10,tenD,12330.17090129,9342.77640624,99d443498818cbfb,d4f3fa1536954fac,12329.75515957,9339.79117289,2989.96398668,5110.12305595,4648.84232399,0.58510606,0.64316313,1.00000000,1.00000000,1.00000000
D_0516,nw_retrain_0310_approximately_parallel_moderate_seed20281224,1,4698,4724,1.87693676,2990.23692052,0.61253891,sens10,tenD,60.90421998,3051.14114050,57b6bb15592ed347,b8c427e552a85427,17.93663133,2007.51973159,1989.58310026,4881.70934352,5107.17465508,0.40755870,0.38956629,-1.00000000,-1.00000000,1.00000000
D_0517,nw_retrain_0523_converging_easy_seed22079874,5,8780,8787,2.27753104,3012.82507351,1.59216985,sens10,tenD,1305.89384225,4318.71891576,248e4268de816bcf,1f70d749e9170733,1148.29864341,4318.61878921,3170.32014580,1892.27617105,1981.60568739,1.67540034,1.59987437,-1.00000000,-1.00000000,1.00000000
D_0518,nw_retrain_0151_approximately_parallel_moderate_seed20265773,5,2160,2175,2.90055604,3046.55831584,1.11243179,sens10,tenD,3083.58426723,37.02595139,62d7ef7c68e24c6c,26a4622372c632c7,3080.26114586,15.96054156,3064.30060431,2738.64729326,1308.07074583,1.11891028,2.34261076,1.00000000,1.00000000,1.00000000
D_0519,nw_retrain_0323_converging_moderate_seed20282498,2,5006,5007,2.37137576,3069.98517543,0.96149986,sens10,tenD,3094.43051466,24.44533923,9e017aa85a23a0c8,4acdff5436f22900,3023.45240165,1.54475148,3021.90765017,3192.91276720,3513.99493805,0.94644228,0.85996358,1.00000000,1.00000000,1.00000000
D_0520,nw_retrain_0346_vertically_overlapping_moderate_seed20285014,1,5484,5487,1.76524883,3109.01344312,1.89224379,sens10,tenD,3286.28707336,177.27363024,bad6cdf47f5a9f63,6c32db61fefbd9a5,3284.90036265,12.26157283,3272.63878982,1643.03006496,1577.82436518,1.99183135,2.07414644,1.00000000,1.00000000,1.00000000
D_0521,nw_retrain_0181_converging_easy_seed20268582,4,2860,2861,2.30248498,3138.51192434,0.58062181,sens10,tenD,8630.73367407,11769.24559841,067f915c46236dda,3b036d86504feb06,7292.46941987,11768.52483497,4476.05541510,5405.43237935,5232.89218972,0.82806612,0.85536932,-1.00000000,-1.00000000,1.00000000
D_0522,nw_retrain_0495_vertically_overlapping_moderate_seed20299354,2,8516,8653,1.08044866,3221.07041081,0.64376274,sens10,tenD,840.48943658,4061.55984739,f84e6c9e66469c7d,4aa061422d2bc487,17.55456726,1145.73663377,1128.18206651,5003.50548074,5655.00731860,0.22547833,0.19950143,-1.00000000,-1.00000000,1.00000000
D_0523,nw_retrain_0266_none_easy_seed20276912,3,4269,4346,1.49793952,3246.82742409,1.14728113,sens10,tenD,2309.02071849,5555.84814258,aa7eacb256f77145,9b2b2d36ec0d0137,1618.81946395,5550.53303200,3931.71356806,2830.01902786,2801.34852459,1.38928874,1.40350747,-1.00000000,-1.00000000,1.00000000
D_0524,nw_retrain_0224_crossing_easy_seed20273058,3,3740,3742,1.86022499,3270.12202876,0.78605648,sens10,tenD,3343.11952183,72.99749306,9249ddd5654fb9b6,78fc29bd1d62e980,3342.92298973,9.34977084,3333.57321889,4160.16165396,4766.91580404,0.80130858,0.69931447,1.00000000,1.00000000,1.00000000
D_0525,nw_retrain_0455_converging_easy_seed20295434,1,7644,7646,1.98628508,3298.94141373,0.73891513,sens10,tenD,1278.13725803,4577.07867177,4601e79bf6ca2d7f,c6e819878ead0081,872.85557140,2865.75361681,1992.89804542,4464.57417093,3855.75003859,0.44638032,0.51686391,-1.00000000,-1.00000000,1.00000000
D_0526,nw_retrain_0365_none_easy_seed20286614,1,5653,5654,1.02091585,3323.44349895,1.27718605,sens10,tenD,115.83093415,3439.27443310,7f4f07f3a093e57b,047d9974e2239e58,10.62678554,3438.49736261,3427.87057707,2602.16081273,1250.89213465,1.31731696,2.74034066,-1.00000000,-1.00000000,1.00000000
D_0527,nw_retrain_0486_none_easy_seed20298603,1,8232,8234,0.80969173,3331.21270207,0.89595285,sens10,tenD,215.92825800,3547.14096007,b2dc97d890289d20,ede70b49fd091b0e,8.16960784,1912.10940438,1903.93979654,3718.06697750,3318.98673741,0.51207786,0.57365092,-1.00000000,-1.00000000,1.00000000
D_0528,nw_retrain_0363_vertically_overlapping_hard_seed20286418,3,5533,5627,2.48435494,3334.10359607,0.69407931,sens10,tenD,9938.63186580,6604.52826973,0403a4321c7d1c19,f2e2bab5036392d8,9937.09279249,6595.45154465,3341.64124784,4803.63489285,3861.39335398,0.69564847,0.86539778,1.00000000,1.00000000,1.00000000
D_0529,nw_retrain_0150_crossing_easy_seed20265675,2,2105,2106,2.10692215,3377.37579320,0.87614605,sens10,tenD,9058.75545402,5681.37966082,844b76c9a45c49b2,1a70f206b3164fc5,9052.44960630,3571.74954364,5480.70006266,3854.80911711,3204.98562074,1.42178248,1.71005449,1.00000000,1.00000000,1.00000000
D_0530,nw_retrain_0465_vertically_overlapping_hard_seed20296545,5,7704,7711,2.88935919,3403.72189048,1.24293263,sens10,tenD,3112.19925465,6515.92114513,6b2ad76f46c27e92,ec54fecd9f013b4b,3092.13377214,6485.14242536,3393.00865322,2738.46049088,2905.13451905,1.23902049,1.16793513,-1.00000000,-1.00000000,1.00000000
D_0531,nw_retrain_0224_crossing_easy_seed20273058,5,3699,3727,2.62599853,3481.31982944,0.83682321,sens10,tenD,1291.88017219,4773.20000164,6953874c08230820,ee32550ecab16a31,1287.63333683,4771.91435700,3484.28102017,4160.16165396,4766.91580404,0.83753501,0.73092984,-1.00000000,-1.00000000,1.00000000
D_0532,nw_retrain_0369_crossing_easy_seed20287006,2,5714,5759,3.09360785,3555.45087364,1.01962361,sens10,tenD,5162.56446884,1607.11359520,6a6f83852e071778,6aed3d042415370d,5164.04526970,1603.13779295,3560.90747675,3487.02287985,3222.05772071,1.02118845,1.10516564,1.00000000,1.00000000,1.00000000
D_0533,nw_retrain_0473_converging_moderate_seed20297198,5,7993,7995,4.31111925,3808.48177744,1.12443055,sens10,tenD,3818.08136432,9.59958688,fde3190a1f698a5e,201a785f915f70d5,3818.08136432,4.21248908,3813.86887524,3387.03156602,3415.18253612,1.12602106,1.11673939,1.00000000,1.00000000,1.00000000
D_0534,nw_retrain_0296_converging_moderate_seed20279983,2,4501,4608,2.36902520,3844.69150567,1.93264156,sens10,tenD,4740.83500393,896.14349826,4a4fd70448327768,b6b585c9a6360780,4740.83500393,203.75643152,4537.07857241,1989.34534868,2202.67345528,2.28068926,2.05980535,1.00000000,1.00000000,1.00000000
D_0535,nw_retrain_0167_approximately_parallel_easy_seed20267472,3,2554,2556,2.38210647,3861.81092075,0.70858701,sens10,tenD,5051.52058281,1189.70966207,721035e193726d54,fb1eccd400a13a33,2734.32062408,265.41947392,2468.90115016,5450.01650864,6713.53691355,0.45300801,0.36774969,1.00000000,1.00000000,1.00000000
D_0536,nw_retrain_0523_converging_easy_seed22079874,1,8752,8753,0.97158387,3982.60869016,2.10466567,sens10,tenD,4451.28353605,468.67484589,35c22ab0623731e9,3ac648c7979efd7f,4448.14644847,32.98679981,4415.15964866,1892.27617105,1981.60568739,2.33325331,2.22807175,1.00000000,1.00000000,1.00000000
D_0537,nw_retrain_0455_converging_easy_seed20295434,4,7549,7550,2.36494577,4144.86879597,0.92839062,sens10,tenD,23.17302202,4168.04181799,0e68c63d931451c6,7b5546edca310a45,6.41529834,4168.77918898,4162.36389064,4464.57417093,3855.75003859,0.93230927,1.07952120,-1.00000000,-1.00000000,1.00000000
D_0538,nw_retrain_0363_vertically_overlapping_hard_seed20286418,4,5564,5594,2.43076969,4181.50496615,0.87048767,sens10,tenD,1368.38785539,5549.89282153,65179c068de0aa2d,aa90161d59cf2bc2,1360.59543665,5539.80332306,4179.20788641,4803.63489285,3861.39335398,0.87000948,1.08230566,-1.00000000,-1.00000000,1.00000000
D_0539,nw_retrain_0181_converging_easy_seed20268582,2,2830,2831,2.16852982,4184.79942268,0.77418403,sens10,tenD,9570.73378867,13755.53321135,4f5e546782f0e80e,67fb2e4d5d2523f2,7572.76020826,13753.51165304,6180.75144478,5405.43237935,5232.89218972,1.14343331,1.18113487,-1.00000000,-1.00000000,1.00000000
D_0540,nw_retrain_0431_none_easy_seed20293082,2,6966,6990,2.33894515,4236.35673796,0.82901267,sens10,tenD,8950.50803781,4714.15129985,d835dc86b0c81dc7,76fe4ce9ae930338,8949.01061274,4710.76283127,4238.24778147,5110.12305595,4648.84232399,0.82938272,0.91167811,1.00000000,1.00000000,1.00000000
D_0541,nw_retrain_0385_crossing_hard_seed20288574,1,5968,5969,1.70321522,4450.16037696,0.83701567,sens10,tenD,5583.15874006,10033.31911702,3be954870e2203f5,f9d5fefaad799310,4512.36763605,10023.58811729,5511.22048124,5316.69897326,4821.74942731,1.03658690,1.14299189,-1.00000000,-1.00000000,1.00000000
D_0542,nw_retrain_0386_none_easy_seed20288803,3,6012,6059,2.25125409,4700.17912522,0.96213022,sens10,tenD,5025.35957539,325.18045016,a65e25b319436b02,f7ab741d507c61cc,5020.84220175,244.38373035,4776.45847140,4885.17982255,2116.37630915,0.97774466,2.25690415,1.00000000,1.00000000,1.00000000
D_0543,nw_retrain_0190_none_easy_seed20269464,3,3189,3229,1.49543748,5512.45320516,1.41459412,sens10,tenD,5579.43177850,66.97857334,943bf6c08013a1c4,ca1ac18acfb6a623,4718.05673128,6.07546629,4711.98126499,3896.84441265,4879.51753487,1.20917870,0.96566540,1.00000000,1.00000000,1.00000000
D_0544,nw_retrain_0203_converging_moderate_seed20270869,5,3367,3403,3.09633954,5755.82447237,1.18809307,sens10,tenD,8241.13611676,2485.31164439,23897352255c1d9c,f6851de689407ddd,8241.42251375,2477.92833231,5763.49418143,4844.59055263,4891.53260838,1.18967622,1.17825938,1.00000000,1.00000000,1.00000000
D_0545,nw_retrain_0254_none_easy_seed20275736,4,4084,4085,0.63686528,5923.38219237,1.17981905,sens10,tenD,2617.67492234,8541.05711471,c0ae9abd225700a9,ee37424325b5d7ed,1440.73833645,8531.04590756,7090.30757111,5020.58530266,3781.58752722,1.41224721,1.87495530,-1.00000000,-1.00000000,1.00000000
D_0546,nw_retrain_0192_crossing_moderate_seed20269660,5,3280,3318,2.81804646,6279.46375687,1.45421679,sens10,tenD,6858.67237492,13138.13613178,e06f73d06b82e141,ba86ee80f7543c98,6853.49366454,13138.13613178,6284.64246724,4318.10703252,4692.60559975,1.45541609,1.33926501,-1.00000000,-1.00000000,1.00000000
D_0547,nw_retrain_0192_crossing_moderate_seed20269660,2,3337,3394,2.72636302,6455.40177041,1.49496104,sens10,tenD,10582.51333571,4127.11156529,256a2b6209da657a,a1d77229ebb9eb77,10572.16138510,4022.03772385,6550.12366124,4318.10703252,4692.60559975,1.51689701,1.39583937,1.00000000,1.00000000,1.00000000
D_0548,nw_retrain_0243_converging_hard_seed20274789,2,3893,3895,1.59459142,6590.35036981,1.86137575,sens10,tenD,8731.37907539,2141.02870557,32c0d97d7d8f63dd,738e0a1cf4af1274,8724.25052525,355.54715801,8368.70336724,3540.58033996,5083.59380215,2.36365301,1.64621795,1.00000000,1.00000000,1.00000000
D_0549,nw_retrain_0341_converging_moderate_seed20284393,1,5268,5271,2.35272739,6907.73059051,2.15533970,sens10,tenD,7465.37128650,557.64069599,fd46fd5eb7be0ecb,6b9467f088cb74b4,7460.63314349,57.07881061,7403.55433288,3204.93822450,3720.44264235,2.31004588,1.98996599,1.00000000,1.00000000,1.00000000
