pair_id,scenario_uid_a,k_prefix_a,a_row,b_row,pair_dist,abs_dJ,dJ_over_std,set,source,a_J_star,b_J_star,a_sha,b_sha
D_0000,nw_retrain_0103_approximately_parallel_easy_seed20260938,6,1328,1331,2.496483273816225,4.6490576902745255,0.5509229919965314,high25,full25,2.4949642459015138,7.144021936176039,258b94c31afb3f84,8830807e23438c19
D_0001,nw_retrain_0292_approximately_parallel_easy_seed20279460,3,4445,4447,0.8506409471198727,7.00967018404085,0.6997366888754062,high25,full25,34.06956800426432,41.07923818830517,89cfe74800a6ff4a,07f2f76053a4f256
D_0002,nw_retrain_0110_none_easy_seed20261624,4,1501,1503,1.3819799218804834,7.17627127003097,0.5144529511717293,high25,full25,25.42608303324595,32.60235430327692,82f2fe976b6df642,8a2ebb3c2cf7004b
D_0003,nw_retrain_0292_approximately_parallel_easy_seed20279460,6,4420,4423,1.2405334468638944,8.014069549413797,0.8000003343511588,high25,full25,31.246249435292214,23.232179885878416,a430aba3d95deba1,a969f245c43a8f13
D_0004,nw_retrain_0270_approximately_parallel_easy_seed20277435,4,4389,4395,0.9380649150413654,8.951673322294669,0.534272934854475,high25,full25,11.028923135481188,19.980596457775857,c26fe2025fffe091,9716ab98c6a01d64
D_0005,nw_retrain_0103_approximately_parallel_easy_seed20260938,2,1321,1323,0.5853548216000354,9.88953973795538,1.1719309986840034,high25,full25,4.326334497845965,14.215874235801344,f323f3b1eecd190b,b262433f657617e6
D_0006,nw_retrain_0110_none_easy_seed20261624,3,1445,1446,1.9694609250058968,10.448119898123116,0.7490054254543682,high25,full25,3.181493352948512,13.62961325107163,18e4428d70938a7f,0ffb668a9ca7f24d
D_0007,nw_retrain_0581_converging_hard_seed22085689,4,9371,9414,2.55118708729785,10.609282939905947,0.5401218242816819,high25,full25,4.136426239973802,14.745709179879752,09be3ff0d0bf7a10,a324420df82c5e11
D_0008,nw_retrain_0258_approximately_parallel_easy_seed20276128,3,4205,4206,1.4510830847103788,12.292720204377918,0.5494653246475012,high25,full25,38.36860551945997,26.07588531508205,5284f91de3741685,44503b94bbce83dd
D_0009,nw_retrain_0258_approximately_parallel_easy_seed20276128,4,4196,4198,0.4408143518936785,14.175229605674687,0.633610544105691,high25,full25,54.17465311474546,39.99942350907077,788c89c70639a76b,eec34aa3eefaa2b6
D_0010,nw_dual_val_060,4,14372,14394,2.645161549223108,22.759781488996254,0.8796713935378018,high25,full25,7.506107487780573,30.26588897677683,641bf79edfc930f1,700bf7bfa66f7741
D_0011,nw_dual_val_058,4,14181,14183,2.544623580983139,23.33076983580952,1.164107415582374,high25,full25,2.2970404264903546,25.62781026229987,3f48b8a8d77b9100,9610d548ddc6c6dd
D_0012,nw_retrain_0191_approximately_parallel_easy_seed20269562,2,3289,3291,0.912362193467333,26.896657841647528,0.7199834643740609,high25,full25,3.105989952772392,30.00264779441992,2080ea7ba902c48c,c8153bcea3c7a406
D_0013,nw_dual_val_059,1,14259,14272,2.103537671005629,30.542555784277184,0.6927235519655426,high25,full25,100.72428974119369,131.26684552547087,460d7b7968be68e1,7424fe8071c561fe
D_0014,nw_retrain_0270_approximately_parallel_easy_seed20277435,2,4314,4315,2.942031876620242,35.796916129688285,2.1365081980500014,high25,full25,43.379691241110194,7.582775111421913,6e475074b58fb391,9d3644eafb12056c
D_0015,nw_retrain_0250_vertically_overlapping_hard_seed20275475,5,4012,4015,1.0592995725033296,39.43507391035221,0.9083233349087604,high25,full25,27.519226264644992,66.9543001749972,cd95853af4e96cc4,0147e0854a749aab
D_0016,nw_retrain_0250_vertically_overlapping_hard_seed20275475,1,4088,4091,4.065294289705467,41.31454060123224,0.9516138193234968,high25,full25,2.231345307132126,43.54588590836436,a19602177b49ea68,14c2e0c17c68e86f
D_0017,nw_retrain_0600_converging_easy_seed22087551,5,9517,9519,1.3995788162328926,46.27541583389078,0.53678279700447,high25,full25,5.475971951192998,51.75138778508378,00dcec78234d982b,a63b8aa13b2fcfcf
D_0018,nw_retrain_0191_approximately_parallel_easy_seed20269562,6,3200,3202,1.3577006348375489,51.32081251464999,1.373781702036405,high25,full25,95.42085371282658,44.1000411981766,f9a446006212bf06,9d8a3a2365f5ef3f
D_0019,nw_retrain_0600_converging_easy_seed22087551,2,9551,9576,1.9093155072488,88.07015436746367,1.0215909018230815,high25,full25,15.330082519275347,103.40023688673902,0cf21026673b1ff0,2eec092206abbd75
D_0020,nw_retrain_0453_converging_hard_seed20295238,5,7436,7438,2.926356950048967,99.66578626470876,0.5157854041494638,high25,full25,139.2339471856585,238.89973345036728,9b0bfcc2c987bc17,3484e33d30775da4
D_0021,nw_retrain_0426_vertically_overlapping_hard_seed20292592,2,6942,6948,1.974252164282819,116.06804548727683,0.5938219596798896,high25,full25,1.4743398051684171,117.54238529244526,5716e9fc478fcd8a,f4156b9656ffe5a8
D_0022,nw_retrain_0214_vertically_overlapping_easy_seed20271816,4,3512,3515,3.2361961176430736,125.0722426225596,0.517611660099084,high25,full25,126.16183645228438,1.0895938297247914,2ae8673f86c06584,1fb18cd9b4004967
D_0023,nw_retrain_0214_vertically_overlapping_easy_seed20271816,1,3568,3605,2.8095671335025023,145.94024166738652,0.60397390484699,high25,full25,3.735698452798309,149.67594012018483,80b449c8c100dd6f,f3bd143928c7e5bc
D_0024,nw_retrain_0453_converging_hard_seed20295238,2,7472,7498,1.0850063777756818,180.54722485234376,0.9343589894650228,high25,full25,225.4222403519607,44.87501549961696,c599acb67b7fac01,d8b3d2f6c622c049
D_0025,nw_retrain_0471_none_easy_seed20297002,3,7853,7855,0.6107668712410427,192.03426460807069,0.5198321455900174,high25,full25,216.32255976403684,24.28829515596615,c9e00ccc72778a3f,b2b289e94f65ec32
D_0026,nw_retrain_0182_crossing_moderate_seed20268680,3,2929,2931,3.1817373204963166,193.62966625998527,2.895735040430137,high25,full25,197.97623540305247,4.346569143067186,1d5ca008c82716eb,ef29eb5e669d9c5f
D_0027,nw_retrain_0471_none_easy_seed20297002,6,7837,7838,3.354348367913952,200.4162108844868,0.5425218729987296,high25,full25,275.8776223717831,75.46141148729635,e962291922612d2a,3cc82dc4577da353
D_0028,nw_retrain_0121_vertically_overlapping_moderate_seed20262702,2,1601,1602,1.2280098265660668,204.21494993402067,0.6014639282425966,high25,full25,29.37171783180569,233.58666776582635,79e93a12e4a6e99d,ad52fd871b87353c
D_0029,nw_retrain_0121_vertically_overlapping_moderate_seed20262702,4,1660,1661,2.37278911119759,204.37535508553648,0.6019363613948816,high25,full25,6.6281173184111575,211.00347240394763,fcf22bed69c3b781,f2f8f52d4090d014
D_0030,nw_retrain_0187_vertically_overlapping_easy_seed20269170,6,3052,3053,2.921708775325033,205.68070383789285,0.7098047880214289,high25,full25,512.765436921931,307.0847330840382,e2da8cbd3a3a2989,477926659615bb12
D_0031,nw_retrain_0547_approximately_parallel_moderate_seed22082619,6,9016,9019,4.862766919699081,235.72968103085785,1.4254338386433485,high25,full25,5.093346922160078,240.8230279530179,ef592433065a198f,43ebd3cec467db75
D_0032,nw_retrain_0426_vertically_overlapping_hard_seed20292592,5,6899,6924,3.5230828500924303,235.89685620001623,1.2068845722604518,high25,full25,328.5917155712069,564.4885717712232,200cf0a96b98b27e,d9584a06e4d1e03c
D_0033,nw_retrain_0446_none_easy_seed20294552,3,7427,7433,3.16566176567316,394.3993258281032,0.7580803545599618,high25,full25,4.625199900980207,399.0245257290834,f447c227d342241f,f080661e645b6360
D_0034,nw_retrain_0143_none_easy_seed20264858,3,1984,1986,1.023826719880245,438.9105493232777,1.2651620230652432,high25,full25,706.5721258162786,267.66157649300084,d481acd0ff1335ae,dbe93fd500b8c5d2
D_0035,nw_retrain_0472_vertically_overlapping_moderate_seed20297231,5,7943,7987,2.6407688424207043,443.8618844527102,0.5074442976490512,high25,full25,1817.5263894389616,2261.388273891672,5617d64d0ac60e75,504369db41836b04
D_0036,nw_retrain_0143_none_easy_seed20264858,4,2006,2007,1.6952961670479147,491.5376250156985,1.4168598522782527,high25,full25,511.1087834574933,19.57115844179481,623f121f3eca26ca,ff4603fe68519981
D_0037,nw_retrain_0541_crossing_hard_seed22081769,3,8836,8837,1.1701730517087503,544.1040571777274,0.5474761454611657,high25,full25,362.0623790128982,906.1664361906256,625624b660283feb,8ea912ebd3c9c4f7
D_0038,nw_retrain_0493_approximately_parallel_easy_seed20299158,4,8349,8350,3.6250030596673017,553.3308047284181,0.5966426863115323,high25,full25,2414.852301564788,2968.183106293206,bbb6a5dfea1c06e3,0a9d91e9dd56cfe5
D_0039,nw_retrain_0248_vertically_overlapping_easy_seed20275410,4,3976,3979,0.5671305286595105,562.3912621820109,0.7564573519932528,high25,full25,889.6460163695963,327.2547541875854,16835c63845fec50,8a15bfdc9f73c007
D_0040,nw_retrain_0487_converging_easy_seed20298701,3,8297,8298,2.5012048746153765,604.6843344411903,0.5412010676381291,high25,full25,22.48365187809509,627.1679863192854,f96abb4c229c3073,0e108cce67c3448c
D_0041,nw_retrain_0179_none_easy_seed20268517,6,2710,2779,2.8266038403915865,622.9895318117801,0.5576908135505544,high25,full25,2194.4303062914764,1571.4407744796963,e3fcecd764414b2a,3c11d5294bbf9567
D_0042,nw_retrain_0185_none_easy_seed20268974,1,3017,3025,2.283248028874335,629.0223682519063,1.4855361619306635,high25,full25,662.3570628936131,33.3346946417069,9297edd3ae953dcf,f699c1acb5950d8e
D_0043,nw_retrain_0420_converging_moderate_seed20292004,5,6812,6814,3.254154363738424,629.5865715225301,0.6027587686619961,high25,full25,644.4482929282295,14.861721405699427,a8f26ebe5a3cf853,5216c7b0d1089e91
D_0044,nw_retrain_0309_none_easy_seed20281257,6,4570,4586,3.396729472982761,656.627674200362,0.5224280409304668,high25,full25,1519.6536369801722,863.0259627798102,c64635d963839731,3626755fb333201c
D_0045,nw_retrain_0437_none_easy_seed20293670,4,7214,7239,1.5349191443511774,660.8106689567617,0.6894532055023401,high25,full25,809.9695175778563,1470.780186534618,b4666aac86cb9b27,fa39068c5490fa53
D_0046,nw_retrain_0596_approximately_parallel_hard_seed22087028,5,9465,9475,3.0503769482175653,662.5271809215742,0.6318622438544514,high25,full25,667.0598341030632,4.532653181488986,663822f6914444a6,0a31f2a1bf79754c
D_0047,nw_retrain_0332_crossing_moderate_seed20283380,1,5169,5175,2.008989164731992,672.168374380158,0.6619805144636847,high25,full25,956.6211037909044,284.45272941074643,222d2ff89994cb91,e7591de682726a09
D_0048,nw_retrain_0187_vertically_overlapping_easy_seed20269170,2,3056,3059,2.443634430847084,703.9773034238566,2.429427998372153,high25,full25,14.767602410658135,718.7449058345147,ec8d6cce2a1902ab,05b2d8748e98938e
D_0049,nw_retrain_0344_converging_easy_seed20284556,2,5353,5354,2.0702852783504557,705.9010668085107,0.5750005327232541,high25,full25,772.8484753193208,66.94740851081006,da1ad810def2de15,16f97fc32f8b7df7
D_0050,nw_retrain_0596_approximately_parallel_hard_seed22087028,3,9501,9503,2.268728203878905,709.7365806775476,0.6768865660555994,high25,full25,734.7769098492339,25.040329171686263,5c66ff1734f80e1f,487b7190597fc221
D_0051,nw_retrain_0420_converging_moderate_seed20292004,2,6811,6827,2.2811504773360376,719.0390932580509,0.6883995594505007,high25,full25,8.251393054648164,727.290486312699,e510f81256385121,c14e9af731a301ae
D_0052,nw_retrain_0487_converging_easy_seed20298701,5,8292,8309,1.4687824082272578,744.4186914344152,0.6662653017899001,high25,full25,863.8147131695512,119.39602173513596,39dfc0f9ca06bd4c,8c3c0b4c4fcb7f37
D_0053,nw_retrain_0405_vertically_overlapping_hard_seed20290534,4,6362,6363,3.939717118255512,749.5966031143821,0.6989168651504503,high25,full25,787.4217661984915,37.82516308410939,f3a6c73b646819f5,01bddd14c3d698a0
D_0054,nw_retrain_0500_crossing_easy_seed20299975,3,8552,8554,1.8669972882555836,759.0693909586525,0.8874110972919563,high25,full25,763.6581638259387,4.588772867286136,a181f6f715b68d81,81f1b1c6d366e511
D_0055,nw_retrain_0344_converging_easy_seed20284556,5,5326,5327,1.1366609231986726,775.7775747765029,0.6319193152490999,high25,full25,827.8926587849467,52.1150840084438,c7abf2ce29a4b86e,a9b059183ad3a5ab
D_0056,nw_retrain_0505_crossing_easy_seed22078110,5,8565,8567,3.059580126804055,779.6473825277019,0.6823001469399865,high25,full25,976.647413459669,1756.294795987371,798330d61fc8d280,99411bbcbe8de032
D_0057,nw_retrain_0562_crossing_moderate_seed22083696,1,9167,9196,2.308796490877543,801.4854871608511,0.727558277262041,high25,full25,955.5912941873228,154.1058070264717,4b7ea55a3bc4d2c1,ed16bf6afd70c0f7
D_0058,nw_retrain_0326_converging_hard_seed20282923,5,5031,5062,4.201620121791052,825.1018346437927,0.9892810050885286,high25,full25,2488.373900923505,1663.2720662797124,786d12370dd9f3c8,cb3fe5326dda4edf
D_0059,nw_retrain_0505_crossing_easy_seed22078110,1,8633,8634,1.826074676389746,879.9235429627225,0.7700557663811398,high25,full25,1193.1541051543709,313.23056219164835,1b7fb224885208be,5a18332242fd322f
D_0060,nw_retrain_0415_approximately_parallel_easy_seed20291645,4,6659,6667,3.0245167921101523,910.3390682793952,0.6284742577005141,high25,full25,2417.4501957190137,1507.1111274396185,fb3429a8c6905aa9,66d10b992e924d5b
D_0061,nw_retrain_0468_converging_moderate_seed20296839,3,7792,7876,2.041016848000249,922.7007416370255,0.7931678707102597,high25,full25,34.690050041287115,957.3907916783128,87279ee188d7a871,e046346065928fbf
D_0062,nw_retrain_0171_crossing_easy_seed20267864,3,2660,2663,1.8860523469633608,954.1952127466968,0.6264142526418005,high25,full25,2220.4866279370044,1266.2914151903076,f130150288bedac0,47e7e0780e19c6f3
D_0063,nw_retrain_0546_none_easy_seed22082128,4,8870,8902,4.736464294089104,957.090722400988,0.5208030933055542,high25,full25,3756.3378956771658,2799.247173276178,6672b8bde3062c44,5c230513dfdbb702
D_0064,nw_retrain_0546_none_easy_seed22082128,3,8965,8966,2.335842510090515,962.4574971657078,0.5237234359994303,high25,full25,966.5694773846044,4.111980218896663,89b4ec2ec94b6fbe,192cfc6f95aef76c
D_0065,nw_retrain_0445_none_easy_seed20294454,3,7279,7383,1.6964702899788315,1012.9705750695956,0.5214079241331625,high25,full25,3503.4488742618555,2490.47829919226,9313f89c7885f356,d93f3778ab48ad9a
D_0066,nw_retrain_0436_none_easy_seed20293834,3,7148,7231,3.5754574545115627,1023.194111593956,0.6983843896711487,high25,full25,7.277254485873683,1030.4713660798295,febe99dab570e3d6,13c6ff112424bc61
D_0067,nw_retrain_0404_none_easy_seed20290436,1,6229,6230,1.8342437762825403,1083.3031960505157,1.2321943327867395,high25,full25,1377.829306274612,294.52611022409667,9c64f3dfa1e952d8,d2c1e2042a4bc868
D_0068,nw_retrain_0141_crossing_easy_seed20264924,2,1934,1935,1.0301995312469994,1119.261739287315,0.5987795592668034,high25,full25,81.78423270698005,1201.045971994295,406bd6b49cf161d3,362773318bd493c3
D_0069,nw_retrain_0175_vertically_overlapping_easy_seed20267994,1,2680,2682,1.063107255020364,1147.3636109783963,0.5050358048604879,high25,full25,1125.7784477224272,2273.142058700824,0719c5caa063d069,7e8a5507f755d118
D_0070,nw_retrain_0014_vertically_overlapping_hard_seed20252216,6,186,187,3.402740849126761,1151.300472658229,0.727182155208997,high25,full25,1932.573419806969,3083.873892465198,a051ffcfe50a7476,3021c5695924393b
D_0071,nw_retrain_0332_crossing_moderate_seed20283380,4,5121,5122,2.3320538395615937,1266.102404877336,1.2469124601663923,high25,full25,1277.6598516241424,11.55744674680636,41bb9e3850e791f0,c26289c7aa7ebbc5
D_0072,nw_retrain_0134_crossing_moderate_seed20264107,2,1846,1874,1.9157029348294932,1266.9936812813887,0.5632902578489393,high25,full25,2930.069110692176,1663.0754294107871,46432a96f014aeb8,2688e024695b1096
D_0073,nw_retrain_0014_vertically_overlapping_hard_seed20252216,1,197,208,1.2509283806045728,1278.181426330058,0.8073224552759485,high25,full25,3989.463977978328,5267.645404308386,bb9cd04bc25aada0,7337b65a65b429b7
D_0074,nw_retrain_0017_approximately_parallel_moderate_seed20252641,5,313,314,3.448259586427393,1288.3095350826509,0.5073484796285385,high25,full25,2686.9890335120303,3975.298568594681,da934c49f54fc714,376e05286106c74b
D_0075,nw_retrain_0091_approximately_parallel_moderate_seed20259762,5,1062,1063,1.108731064891113,1301.6764434030524,0.6277745057992277,high25,full25,2071.9906185991163,770.3141751960637,a94ce4bc829be4ce,109262b096313e8a
D_0076,nw_retrain_0436_none_easy_seed20293834,4,7114,7115,4.007113946574726,1308.1703494840413,0.8928958256875315,high25,full25,534.249682315114,1842.4200317991551,6a940a8071a1a022,ed4983d8126f7b9b
D_0077,nw_retrain_0017_approximately_parallel_moderate_seed20252641,2,338,381,1.5165280597300963,1318.526875267989,0.5192483539863465,high25,full25,2498.744068996999,3817.270944264988,f3efa1f5256baea6,d32c4c9bc1342b12
D_0078,nw_retrain_0061_vertically_overlapping_moderate_seed20257346,2,598,626,2.353882632940862,1331.8555214605094,0.7268394300720264,high25,full25,2693.0349160123865,4024.890437472896,48dbfd2198b881b6,185e5595ddbd93da
D_0079,nw_retrain_0091_approximately_parallel_moderate_seed20259762,3,1065,1066,2.598889378978079,1335.4380642371757,0.6440571119273004,high25,full25,19.712307045096825,1355.1503712822723,9294450065d0949b,fe92d6b48792d933
D_0080,nw_retrain_0384_approximately_parallel_moderate_seed20288738,4,5886,5896,2.6205786485199054,1348.454914008064,0.5167911146944651,high25,full25,2538.722442339644,3887.177356347708,ef319601cdf9c2f2,50b12a7c2814f4a2
D_0081,nw_retrain_0321_crossing_easy_seed20282302,3,4854,4873,3.11787288808686,1416.574555224793,1.336210348049694,high25,full25,8.858302787631983,1425.4328580124247,716d6f10a3511f71,81f1114be1910ac9
D_0082,nw_retrain_0016_vertically_overlapping_easy_seed20252543,3,271,274,3.499612126400909,1436.2285989968996,1.217025689577455,high25,full25,1922.4304587515564,486.2018597546568,c9ee92001185da84,7404123a96c3b7d5
D_0083,nw_retrain_0161_none_easy_seed20266753,3,2437,2443,4.125757247320228,1442.5477779647158,2.0612131222600145,high25,full25,3.953242247378877,1446.5010202120948,d3cd72a19f82d623,7ed0e20a22de6b83
D_0084,nw_retrain_0204_converging_hard_seed20270836,4,3441,3470,2.354000533186217,1465.5318439198556,0.6760495596695341,high25,full25,1678.9979283380817,213.46608441822613,ad3848c855142117,234a43f1913e3d6b
D_0085,nw_retrain_0161_none_easy_seed20266753,6,2444,2445,3.176091472879542,1467.0219231712504,2.0961834920643203,high25,full25,2200.8839356217386,733.8620124504884,4085075eba4080fb,0e17fb947da695d1
D_0086,nw_retrain_0516_none_easy_seed22079712,5,8636,8637,2.4635160725211294,1495.473974226427,0.6261043276672854,high25,full25,126.62684675385508,1622.100820980282,2a0e3946651e5cd2,1f4c57c977d98966
D_0087,nw_retrain_0016_vertically_overlapping_easy_seed20252543,5,246,292,3.086125723190894,1535.2530090126008,1.300936601091493,high25,full25,2618.8750826727864,1083.6220736601856,c69299a5ebff1e88,a64362c47a62400f
D_0088,nw_retrain_0405_vertically_overlapping_hard_seed20290534,2,6348,6397,0.9727824024553214,1583.133598907213,1.4760989677186949,high25,full25,2091.4411258762093,508.30752696899646,bb30eda3314d7fc9,92feaaadefad4b42
D_0089,nw_retrain_0119_converging_moderate_seed20262637,6,1526,1561,2.1957511601006083,1601.471810336172,0.5243913893128713,high25,full25,1877.7898790643137,276.31806872814167,27933d2b5a5c9a72,6ee8aaa0873a5a31
D_0090,nw_retrain_0459_vertically_overlapping_moderate_seed20296088,5,7656,7658,2.5517024503246493,1623.0115053293052,0.5512824033633656,high25,full25,152.8058458920184,1775.8173512213236,dd1c8a7d71349743,e1ae87354eb408d4
D_0091,nw_retrain_0493_approximately_parallel_easy_seed20299158,2,8302,8341,2.3195347815889464,1660.190956679187,1.790142142310969,high25,full25,2400.5205939628786,740.3296372836917,0d243af45a2609f7,0889ad92b8f1c24d
D_0092,nw_retrain_0077_none_easy_seed20258521,2,736,739,1.8700517655911983,1668.577538023554,0.5815279048127292,high25,full25,1744.1559265848043,75.57838856125043,89b9566d266fcf9b,f86aee60e591c79d
D_0093,nw_retrain_0472_vertically_overlapping_moderate_seed20297231,2,7945,7999,2.619206588903134,1733.7138755792753,1.9820652566338377,high25,full25,22.3323589800694,1756.0462345593446,6f8b5ee2f5c04544,61a6c50119ea0d70
D_0094,nw_retrain_0409_vertically_overlapping_easy_seed20291319,4,6503,6549,2.6723264503458384,1752.9207052642755,1.1359165600102834,high25,full25,2319.8702544017733,566.9495491374976,30c0149d7ab3d1e0,68857b0fe1f16074
D_0095,nw_retrain_0099_vertically_overlapping_easy_seed20260677,4,1191,1222,2.280718440733178,1764.0770901267424,0.7535067567755072,high25,full25,4881.2925142503145,6645.369604377057,b7ae40997d278b7e,9c78339dbbafd77e
D_0096,nw_retrain_0243_converging_hard_seed20274789,4,3884,3885,3.4268172312303147,1784.939155512489,0.5041374532218278,high25,full25,59.87455771024178,1844.8137132227307,94e6069403334e0e,3a4cba0d4062a9fc
D_0097,nw_retrain_0365_none_easy_seed20286614,4,5604,5622,2.5219585446112607,1823.154387090404,0.7006309441651565,high25,full25,8.741633394538013,1831.8960204849416,eb1cd1a502472920,ad5ec7fbf9dabfd0
D_0098,nw_retrain_0006_none_easy_seed20251432,2,17,74,2.917153170457778,1862.8398035892376,0.6232485550446901,high25,full25,5585.502724970488,7448.342528559726,cdaa2727cbe28d1f,fcbcc511e9c60fb5
D_0099,nw_retrain_0006_none_easy_seed20251432,4,81,82,1.0821075836176497,1863.654926180512,0.6235212698407865,high25,full25,2136.493461061321,4000.148387241833,53e7cd301243ddcb,f3467cc82a0a1f02
D_0100,nw_retrain_0322_converging_moderate_seed20282662,2,4961,4963,1.4672524388692996,1883.543969806188,0.5860131666962738,high25,full25,5219.478161372961,7103.022131179149,c4824f8733dfaf74,02491e8eae97216b
D_0101,nw_retrain_0566_vertically_overlapping_moderate_seed22084088,3,9277,9278,2.762336478506497,1891.9027888366625,0.9937391091019604,high25,full25,50.7076445811211,1942.6104334177835,0d3a99fdbbcc5e44,29436e14acb0b06f
D_0102,nw_retrain_0516_none_easy_seed22079712,3,8705,8706,2.0169295515750822,1900.7955337130693,0.7957987435281236,high25,full25,2357.461760242192,456.666226529123,954a6b8ee9e8cd07,dc8dc85b989bd39f
D_0103,nw_retrain_0266_none_easy_seed20276912,4,4272,4273,1.655215550296515,1923.4489253276645,0.6796593614362525,high25,full25,5253.729451248799,3330.2805259211345,da96fbb48c489337,8a69b25abf84d537
D_0104,nw_retrain_0416_approximately_parallel_easy_seed20291743,6,6757,6758,3.3362327124066824,1926.065719102854,0.5470452516313656,high25,full25,757.199744079016,2683.26546318187,6d4c28979eeb7b06,b179bf236dd2b886
D_0105,nw_retrain_0233_converging_hard_seed20273809,5,3746,3775,2.9149588600150675,1926.7593634022248,0.5039972276193109,high25,full25,3673.328019546776,1746.5686561445514,954f1f020d49b2af,75eb0a122ae461ea
D_0106,nw_retrain_0432_converging_moderate_seed20293311,4,7028,7029,1.9778387498081516,1974.2669881984864,0.5144088592786858,high25,full25,6106.98471389869,4132.717725700203,6982f8da5f266111,a2915aceeb171950
D_0107,nw_retrain_0089_none_easy_seed20259828,5,946,958,0.829371821233333,1994.524292603971,0.6653777480440205,high25,full25,1011.8103256234148,3006.334618227386,6ae5f76a4d9163d7,172307e9a6b1c1d5
D_0108,nw_retrain_0077_none_easy_seed20258521,4,782,783,3.905682362971717,2003.6805831824893,0.6983170664230843,high25,full25,8.372377421399342,2012.0529606038888,2f0092a1b1120e84,dcd913a37266b019
D_0109,nw_retrain_0158_vertically_overlapping_easy_seed20266328,3,2346,2399,3.4851999839866235,2004.6361863883385,0.9383159543778118,high25,full25,3698.249310309292,1693.6131239209535,372f2918007000d9,5fa078350bf38cc9
D_0110,nw_retrain_0459_vertically_overlapping_moderate_seed20296088,3,7601,7622,3.0954434733846288,2010.676694730924,0.6829592255004194,high25,full25,343.8332013184611,2354.509896049385,f6184da583af9dde,e6388453e4afb80d
D_0111,nw_retrain_0416_approximately_parallel_easy_seed20291743,1,6789,6817,1.6497992046752497,2051.801491534038,0.5827569911563907,high25,full25,2130.001126980337,78.19963544629894,aabc8136f7b20d79,db2454637a6c55a8
D_0112,nw_retrain_0089_none_easy_seed20259828,2,1006,1007,2.5361994416126543,2065.2649084376385,0.6889769751044246,high25,full25,2206.5682257069525,141.30331726931408,8d5fca303bba0414,a31af0a5fd21fca6
D_0113,nw_retrain_0099_vertically_overlapping_easy_seed20260677,1,1248,1251,3.0170947829173933,2149.212645719904,0.9180133109607816,high25,full25,1185.3671430785264,3334.5797887984304,d7af8bb6869470af,6df8349a8ac95fea
D_0114,nw_retrain_0151_approximately_parallel_moderate_seed20265773,3,2198,2199,1.9433868517430093,2149.477582691869,0.7848683501454137,high25,full25,2679.457193086132,529.9796103942625,be227bc3ad19d427,0497b4445deceecf
D_0115,nw_retrain_0413_vertically_overlapping_easy_seed20291842,3,6571,6604,1.5800334699564245,2153.126568326512,0.7281028869671339,high25,full25,305.34462831878574,2458.471196645298,d540af6c1a4c8f5f,3ea25011d4720ba6
D_0116,nw_retrain_0314_vertically_overlapping_moderate_seed20281747,5,4715,4720,2.7684724968179024,2162.897117696134,0.5339273748001574,high25,full25,10298.056900375375,8135.159782679241,f4cf58a04e38ab00,601a0a2abe41a247
D_0117,nw_retrain_0119_converging_moderate_seed20262637,1,1556,1558,2.119879651039145,2181.1464815518325,0.7142020398821455,high25,full25,2201.1609632188133,20.01448166698062,af5da15b1c3ab037,87139c6cfe61a6ea
D_0118,nw_retrain_0570_crossing_easy_seed22084742,4,9294,9339,1.2751208130578464,2184.9251930789123,0.5591811001065476,high25,full25,3866.128296957625,6051.053490036537,ecf74989133b5096,6d68006515a35146
D_0119,nw_retrain_0068_crossing_easy_seed20257639,3,665,669,2.3817614928460937,2222.2634159099034,0.6624206416912506,high25,full25,2993.6030907721606,5215.866506682064,2f9caa5a916a05a1,00890f8e6bd54e71
D_0120,nw_retrain_0095_crossing_easy_seed20260285,5,1148,1178,3.585901869320117,2222.790006431166,0.7808692780545172,high25,full25,3174.4401475077543,951.650141076588,af2bd0b136fdc07c,02f8094f7b60e8f7
D_0121,nw_retrain_0473_converging_moderate_seed20297198,1,8072,8073,1.7174382478814545,2254.8868270633634,0.6657413086096174,high25,full25,2349.516017284025,94.62919022066151,55016b190083f782,a2d3531f056d10a8
D_0122,nw_retrain_0224_crossing_easy_seed20273058,1,3761,3763,3.579778796923088,2274.654571035634,0.5467707171591409,high25,full25,2298.071689280501,23.417118244866664,336556c3a4eb2898,80b9acd525eae40e
D_0123,nw_retrain_0389_vertically_overlapping_easy_seed20289228,3,6141,6142,0.5126282758453636,2353.129698822695,0.554702832560925,high25,full25,5895.214757527112,3542.085058704417,a637da17c5dce228,3b3fc7148e939324
D_0124,nw_retrain_0408_crossing_easy_seed20291090,1,6402,6447,1.2363134059329626,2356.6505978438563,1.4160483932255434,high25,full25,2368.688780786093,12.038182942236704,d3f3df509435dd86,05835b96a06e3542
D_0125,nw_retrain_0380_none_easy_seed20288346,2,5777,5785,2.1289694298631434,2367.72945788012,0.7659479079270336,high25,full25,2894.076911060973,526.347453180853,234c0458cf3879f4,6bf10567eb6fbd33
D_0126,nw_retrain_0437_none_easy_seed20293670,1,7203,7258,1.7575033262531132,2372.8645043610686,2.475715232227139,high25,full25,199.04426147905747,2571.908765840126,3b0b7e1f744d134d,62bdb83aa6d9aa56
D_0127,nw_retrain_0024_converging_hard_seed20253196,2,529,530,1.2868558936557566,2384.3565173103025,0.702064896912707,high25,full25,4823.144530695763,7207.5010480060655,aa8551c22373a827,9eabe62a632dec3e
D_0128,nw_retrain_0309_none_easy_seed20281257,2,4593,4595,2.241803937407214,2402.933402002298,1.9118289390151173,high25,full25,318.94980982003426,2721.883211822332,18240b7a8078ff85,88c4f0909e1d71b0
D_0129,nw_retrain_0432_converging_moderate_seed20293311,1,7103,7105,2.0326646528531223,2406.541335012198,0.627040917135657,high25,full25,8432.176902866797,6025.635567854599,b0c1710ee4a3f896,cef3a7ce44c73f3c
D_0130,nw_retrain_0392_approximately_parallel_moderate_seed20289260,3,6192,6195,2.427318996610222,2423.5975677794604,0.7370134678162027,high25,full25,646.7100193638794,3070.30758714334,959827a4c3b5cae6,0b0d78dcb5a6feb1
D_0131,nw_retrain_0310_approximately_parallel_moderate_seed20281224,5,4728,4729,1.2014147372613204,2457.3333164233945,0.5033755890619305,high25,full25,2916.6963390024766,459.3630225790821,35859cf87d558e58,25b1dc0b178bb94d
D_0132,nw_retrain_0204_converging_hard_seed20270836,1,3482,3492,2.960149861402849,2470.970230058084,1.1398580951466846,high25,full25,2525.716238225064,54.74600816698005,3073040c44fa6596,ed7cfd456db89e88
D_0133,nw_retrain_0322_converging_moderate_seed20282662,4,4924,4925,3.39410650582238,2474.867065123135,0.7699871674003735,high25,full25,516.9020256410882,2991.769090764223,1bd590bba536e199,81d65a1c17bca8db
D_0134,nw_retrain_0233_converging_hard_seed20273809,1,3832,3833,1.671943653661642,2574.0340805348205,0.6733098408803994,high25,full25,9672.50267011287,7098.468589578049,59f10099c66f79ff,cfa8366c10fa33cb
D_0135,nw_retrain_0141_crossing_easy_seed20264924,6,1923,1989,2.518524688449655,2580.2495132208387,1.3803747703450755,high25,full25,1211.035877732117,3791.285390952956,89bfc3cf4bf9efdf,0884f8b79e1153b1
D_0136,nw_retrain_0296_converging_moderate_seed20279983,6,4477,4556,3.158477317087169,2602.388786640715,1.308163405796635,high25,full25,5108.337200629869,2505.948413989154,023ce3af1aca069c,3a0cf91abdaa2fe2
D_0137,nw_retrain_0203_converging_moderate_seed20270869,3,3416,3417,2.34737208064526,2613.4575455136337,0.5394589113618408,high25,full25,7373.379577080293,9986.837122593926,84088192758f1684,7b8999cc508f9e08
D_0138,nw_retrain_0479_converging_easy_seed20297786,6,8098,8099,2.9593042206054863,2614.0790800626974,0.5045630822146923,high25,full25,3092.0485836752387,477.9695036125411,1f5b84401a5c59ff,3499be3e6e06978d
D_0139,nw_retrain_0553_none_easy_seed22082814,3,9090,9091,1.0230505314116556,2617.121131035312,0.5864879982956829,high25,full25,2293.428390389986,4910.549521425298,a2b781efd312c543,e9c5c3230e1a5ca4
D_0140,nw_retrain_0495_vertically_overlapping_moderate_seed20299354,2,8507,8652,2.9406964549556545,2697.567929657193,0.5391356000394597,high25,full25,110.6059116766192,2808.173841333812,ba4577250ca81970,bb07d006fe2d2529
D_0141,nw_retrain_0133_vertically_overlapping_moderate_seed20264009,5,1806,1807,1.517896488575157,2720.8521626442757,0.5036320067648925,high25,full25,2845.5907471217824,124.73858447750708,1e6972aeab7aef70,15226f7e369036d7
D_0142,nw_retrain_0266_none_easy_seed20276912,3,4344,4347,2.021524571132429,2721.353076709619,0.961602395573856,high25,full25,2821.843091482757,5543.196168192376,80870c8199159ad7,055116d3c5db3e00
D_0143,nw_retrain_0061_vertically_overlapping_moderate_seed20257346,4,570,595,1.8972749964177449,2732.4459069472414,1.491189842821898,high25,full25,598.2193419172593,3330.665248864501,c981332ba6853e8e,53c0a66681c60a5d
D_0144,nw_retrain_0095_crossing_easy_seed20260285,3,1143,1197,1.990729421422927,2738.557984239962,0.9620592992935588,high25,full25,2743.178251629647,4.620267389685273,8dfcbfd28d246fc9,346003ba083278d9
D_0145,nw_retrain_0413_vertically_overlapping_easy_seed20291842,4,6566,6599,3.0731277312989893,2740.655665448653,0.9267821648529256,high25,full25,5891.295543473097,8631.95120892175,906e052370845764,5715fa990a6b94bf
D_0146,nw_retrain_0562_crossing_moderate_seed22083696,4,9100,9140,3.904960331039273,2743.6516415153687,2.4905834150275505,high25,full25,2950.785950634064,207.13430911869548,c8c9829ed9719aaa,e105f7f50993284a
D_0147,nw_retrain_0156_crossing_easy_seed20266132,3,2276,2279,2.02626090811431,2824.9495956116684,0.83693491473064,high25,full25,5326.370862636737,2501.4212670250686,c49ac7f1d7f9ebbc,4a9860e738029e27
D_0148,nw_retrain_0570_crossing_easy_seed22084742,2,9320,9321,1.755086619347109,2831.1785049517875,0.7245746975739931,high25,full25,2867.7507273203664,36.57222236857887,ac540d3dc666c657,3d1da3422f6dbf4f
D_0149,nw_retrain_0254_none_easy_seed20275736,3,4118,4119,0.5376504423554727,2873.2310878599665,0.572290064733866,high25,full25,463.8458165652193,3337.0769044251856,346d73f39ab43f24,a8fc6367f4a7097c
D_0150,nw_retrain_0369_crossing_easy_seed20287006,4,5732,5733,1.3190628948996763,2881.1966248938243,0.8262626097298114,high25,full25,2069.470609622408,4950.667234516232,fff3149294042b2f,ca094ed2707189f6
D_0151,nw_retrain_0156_crossing_easy_seed20266132,5,2292,2294,2.819445288655442,2883.9526926714097,0.8544154928206876,high25,full25,3187.5326984065987,303.5800057351889,88ef105dfb790209,3f675718b164fb5d
D_0152,nw_retrain_0479_converging_easy_seed20297786,2,8201,8206,1.77306840371896,2910.3957822404877,0.5617573995950726,high25,full25,2706.1577542268424,5616.55353646733,c810a300125ea818,16fe38cb195bb87a
D_0153,nw_retrain_0384_approximately_parallel_moderate_seed20288738,3,5849,5850,1.197870945363332,2911.740742989232,1.1159155034691035,high25,full25,2928.815607593206,17.074864603974405,3496a93ea6af7740,5833a160b019593c
D_0154,nw_retrain_0465_vertically_overlapping_hard_seed20296545,2,7703,7746,4.284440343249312,2933.34388676842,1.071165312238187,high25,full25,6356.505896504506,3423.1620097360865,7d670d26cbe76c41,5cdefe652995e70e
D_0155,nw_retrain_0221_converging_moderate_seed20272633,5,3618,3648,1.8613720857324567,2952.762071093526,0.6718009307468037,high25,full25,6496.972487499671,3544.2104164061443,53d5633772459377,d33faf97f84f019c
D_0156,nw_retrain_0010_crossing_moderate_seed20251824,1,129,176,2.9169709637824592,2961.5169752286274,0.7211717789149674,high25,full25,11747.394851239318,8785.87787601069,6a7bf766b10b5a77,dd57cc0c6d9c310c
D_0157,nw_retrain_0310_approximately_parallel_moderate_seed20281224,1,4698,4724,2.122539958446359,2990.2369205197538,0.6125389100621376,high25,full25,60.90421998349025,3051.141140503244,57b6bb15592ed347,b8c427e552a85427
D_0158,nw_retrain_0523_converging_easy_seed22079874,5,8780,8787,2.843224910671388,3012.825073508203,1.5921698532193236,high25,full25,1305.8938422516085,4318.718915759811,248e4268de816bcf,1f70d749e9170733
D_0159,nw_retrain_0323_converging_moderate_seed20282498,2,5006,5007,2.57134393973423,3069.985175430366,0.9614998589912872,high25,full25,3094.430514657981,24.44533922761504,9e017aa85a23a0c8,4acdff5436f22900
D_0160,nw_retrain_0150_crossing_easy_seed20265675,2,2102,2137,2.452987364951012,3106.9571390073097,0.8059950686572324,high25,full25,3109.0550768630683,2.0979378557586683,e5fd23b416176ca0,404bc50dbdce5ba8
D_0161,nw_retrain_0346_vertically_overlapping_moderate_seed20285014,1,5484,5487,1.8161522660180545,3109.013443120015,1.8922437936033552,high25,full25,3286.2870733634327,177.27363024341793,bad6cdf47f5a9f63,6c32db61fefbd9a5
D_0162,nw_retrain_0109_vertically_overlapping_easy_seed20261526,5,1350,1375,2.971499357012298,3117.81175924132,0.5490020150952605,high25,full25,12746.195503509683,9628.383744268363,96f792dcc20b7e49,51d7d326696a76b7
D_0163,nw_retrain_0190_none_easy_seed20269464,4,3133,3154,1.5016818446621345,3223.154069367147,0.8271190040080437,high25,full25,9577.009200503951,12800.163269871098,a3d0f667cf415af7,1318c11c75ae3410
D_0164,nw_retrain_0455_converging_easy_seed20295434,1,7644,7646,2.0113361251036195,3298.9414137348112,0.7389151322014761,high25,full25,1278.1372580344694,4577.078671769281,4601e79bf6ca2d7f,c6e819878ead0081
D_0165,nw_retrain_0431_none_easy_seed20293082,4,7050,7051,1.4013964730171298,3300.576225033867,0.645889773865436,high25,full25,1912.316942951113,5212.89316798498,709b76f9fa6b7062,6bf489cfe26d6ba0
D_0166,nw_retrain_0365_none_easy_seed20286614,1,5653,5654,1.1885791404027637,3323.4434989492524,1.2771860534885704,high25,full25,115.83093414579363,3439.274433095046,7f4f07f3a093e57b,047d9974e2239e58
D_0167,nw_retrain_0486_none_easy_seed20298603,1,8232,8234,0.9155049429328468,3331.2127020695025,0.8959528492171918,high25,full25,215.9282580032923,3547.1409600727948,b2dc97d890289d20,ede70b49fd091b0e
D_0168,nw_retrain_0363_vertically_overlapping_hard_seed20286418,3,5533,5627,2.9843743709465915,3334.103596068934,0.6940793108639911,high25,full25,9938.631865803003,6604.528269734069,0403a4321c7d1c19,f2e2bab5036392d8
D_0169,nw_retrain_0133_vertically_overlapping_moderate_seed20264009,3,1785,1815,2.516346317315488,3352.3571621816227,0.6205241093809942,high25,full25,10055.32950241004,13407.686664591663,26ae98153ea51402,606d5575598d3fa7
D_0170,nw_retrain_0465_vertically_overlapping_hard_seed20296545,5,7704,7709,3.984118927661439,3363.9941171813384,1.2284252879970807,high25,full25,3112.199254653266,6476.1933718346045,6b2ad76f46c27e92,7dc69dc7fbf80efa
D_0171,nw_retrain_0068_crossing_easy_seed20257639,4,634,694,2.697890458163732,3416.750926794712,1.0184779739533314,high25,full25,8533.941447630448,5117.190520835737,b43896af407e9f3f,be70d55ee05b4cc7
D_0172,nw_retrain_0122_vertically_overlapping_easy_seed20262800,3,1710,1711,1.5649269957747214,3446.85479629193,0.6740768326102609,high25,full25,7209.331652683838,10656.186448975768,af418bc1ae9a82b5,6543c67582dc16c4
D_0173,nw_retrain_0224_crossing_easy_seed20273058,5,3699,3727,3.284633587049806,3481.319829444366,0.8368232100133743,high25,full25,1291.880172194407,4773.200001638773,6953874c08230820,ee32550ecab16a31
D_0174,nw_retrain_0386_none_easy_seed20288803,2,6094,6095,1.834551441163364,3505.338832604452,0.7175455070094349,high25,full25,102.61251245964029,3607.951345064092,2bbd14926cb261be,76ecbe7cb64202b4
D_0175,nw_retrain_0181_converging_easy_seed20268582,1,2833,2885,1.443151635515601,3526.7766274979003,0.6524504202419794,high25,full25,12987.134425177896,9460.357797679995,04bcb4f29fd69e80,4453f02b05d461e2
D_0176,nw_retrain_0553_none_easy_seed22082814,4,9080,9084,2.1245944599511035,3549.882251310254,0.7955166121534144,high25,full25,9641.605601444073,6091.723350133819,645100c7d883a075,a778379c6d467cab
D_0177,nw_retrain_0024_converging_hard_seed20253196,5,503,516,1.7395566053974192,3552.965467774974,1.0461574503471034,high25,full25,938.138413295732,4491.103881070706,f3bae78205d2f13e,5623cc4b4fecca80
D_0178,nw_retrain_0369_crossing_easy_seed20287006,2,5714,5759,3.5353772153953678,3555.4508736399566,1.019623614798642,high25,full25,5162.564468839218,1607.113595199261,6a6f83852e071778,6aed3d042415370d
D_0179,nw_retrain_0431_none_easy_seed20293082,2,6989,6990,2.8804173040492733,3588.8198285955573,0.702296165728332,high25,full25,1125.3314712588303,4714.151299854388,2a32fb5d4469d7e7,76fe4ce9ae930338
D_0180,nw_retrain_0486_none_easy_seed20298603,4,8198,8215,3.323962068636022,3804.354976329254,1.0232077580510743,high25,full25,8638.094925682031,4833.739949352777,c19517cd1c028947,e780ac07d98f25df
D_0181,nw_retrain_0473_converging_moderate_seed20297198,5,7993,7995,5.551487358832422,3808.48177743703,1.1244305531860568,high25,full25,3818.081364319743,9.599586882713048,fde3190a1f698a5e,201a785f915f70d5
D_0182,nw_retrain_0175_vertically_overlapping_easy_seed20267994,4,2630,2644,3.844013186649264,3828.669428100148,1.685267972300814,high25,full25,3877.45091799684,48.78148989669167,c07031cf0eb421ec,bda49b0665e1404c
D_0183,nw_retrain_0523_converging_easy_seed22079874,1,8752,8753,1.0040644465525603,3982.60869016469,2.104665667252272,high25,full25,4451.283536049849,468.6748458851592,35c22ab0623731e9,3ac648c7979efd7f
D_0184,nw_retrain_0385_crossing_hard_seed20288574,2,5929,5930,2.492314235563177,4050.225512820192,0.7617932730805577,high25,full25,7366.454029538834,3316.228516718643,35411dae89adeb0e,add531dfc3bd3db7
D_0185,nw_retrain_0010_crossing_moderate_seed20251824,4,93,145,3.416396921089788,4134.986554597238,1.006928420235765,high25,full25,4168.7244595178745,33.73790492063684,e3154a47a2f2585e,e383e7ed660d665b
D_0186,nw_retrain_0455_converging_easy_seed20295434,4,7549,7550,2.36860413970952,4144.868795967892,0.9283906229977646,high25,full25,23.173022021846627,4168.041817989739,0e68c63d931451c6,7b5546edca310a45
D_0187,nw_retrain_0363_vertically_overlapping_hard_seed20286418,4,5564,5594,2.9661777359453607,4181.504966146459,0.8704876743179892,high25,full25,1368.3878553855538,5549.892821532013,65179c068de0aa2d,aa90161d59cf2bc2
D_0188,nw_retrain_0109_vertically_overlapping_easy_seed20261526,3,1425,1426,1.7125729785009078,4218.27715409185,0.7427782164726512,high25,full25,7558.681456668141,11776.958610759992,31358164775f67e7,0600b656d3123301
D_0189,nw_retrain_0167_approximately_parallel_easy_seed20267472,3,2554,2557,1.721268361482016,4326.57147022071,0.7938639201108587,high25,full25,5051.520582811877,724.949112591167,721035e193726d54,d29705c5754de728
D_0190,nw_retrain_0122_vertically_overlapping_easy_seed20262800,4,1717,1718,1.4476880457718957,5265.283876599056,1.029694050979445,high25,full25,6608.107590654648,1342.8237140555923,2fcfcc73922f0ed3,3e1f8c8dd960ae50
D_0191,nw_retrain_0385_crossing_hard_seed20288574,4,5950,5956,2.725142209144639,5579.765474451779,1.049479292041884,high25,full25,12576.039574324815,6996.274099873037,aebe8da0ceaf97f8,12110f503e66f76d
D_0192,nw_retrain_0086_vertically_overlapping_hard_seed20259272,2,938,939,3.5952494172719773,5867.103312039261,2.8974420218895345,high25,full25,5882.187430545674,15.0841185064129,8e5830a70b1cbaf2,c14e88b0eb02db1a
D_0193,nw_retrain_0254_none_easy_seed20275736,4,4084,4085,0.7066843525498571,5923.382192368284,1.1798190520201866,high25,full25,2617.674922342996,8541.05711471128,c0ae9abd225700a9,ee37424325b5d7ed
D_0194,nw_retrain_0192_crossing_moderate_seed20269660,5,3280,3319,3.3133628702855766,6294.193387820442,1.4576279236299423,high25,full25,6858.672374915408,13152.86576273585,e06f73d06b82e141,45bbe47d927fbb24
D_0195,nw_retrain_0192_crossing_moderate_seed20269660,2,3337,3394,2.8417065778115305,6455.401770413419,1.4949610377419815,high25,full25,10582.513335707734,4127.1115652943145,256a2b6209da657a,a1d77229ebb9eb77
D_0196,nw_retrain_0243_converging_hard_seed20274789,2,3893,3895,1.664126576567509,6590.350369812392,1.861375745507032,high25,full25,8731.379075387158,2141.028705574766,32c0d97d7d8f63dd,738e0a1cf4af1274
D_0197,nw_retrain_0203_converging_moderate_seed20270869,5,3354,3367,2.7156321192990323,6643.588804854446,1.3713416505865317,high25,full25,1597.5473119020808,8241.136116756526,3c201278169e3bb3,23897352255c1d9c
D_0198,nw_retrain_0359_vertically_overlapping_moderate_seed20286026,1,5461,5463,3.432756832677631,9612.665260000987,1.8403884348602184,high25,full25,9736.708903921572,124.0436439205841,150bb7f41bdd8cfc,4c608c5aa9f44743
D_0199,nw_retrain_0181_converging_easy_seed20268582,4,2861,2862,3.3100540536898806,9621.412028686793,1.7799523430242166,high25,full25,11769.24559840644,2147.833569719648,3b036d86504feb06,df04e9142c448a43
D_0200,nw_retrain_0363_vertically_overlapping_hard_seed20286418,5,5552,5555,2.3587845874310465,0.0001299701478956,2.7056624992289964e-08,low25,full25,146.9901682044753,146.9902981746232,b58620d35cad46c4,861e9157d2adeb13
D_0201,nw_retrain_0547_approximately_parallel_moderate_seed22082619,2,9024,9025,0.1391513295556609,0.0010961082106146,6.62805688020442e-06,low25,full25,3.2799032996538995,3.280999407864514,fe557e1dfba0e731,9c09fc7cf934d75d
D_0202,nw_retrain_0141_crossing_easy_seed20264924,4,1952,1955,0.1321345507626901,0.0018481870229152,9.887379977166583e-07,low25,full25,4181.800360560305,4181.798512373282,4f064d5aa2d907a7,bf5699c19950eeef
D_0203,nw_retrain_0426_vertically_overlapping_hard_seed20292592,5,6892,6893,1.5517597256630415,0.0023042212011432,1.178874981011748e-05,low25,full25,25.94349517651285,25.945799397713994,a5cb4c7c1f3deb12,560d8811f0c39d77
D_0204,nw_retrain_0266_none_easy_seed20276912,5,4276,4279,0.4981317136500564,0.0032376395838582,1.1440345637204668e-06,low25,full25,7030.861177743296,7030.857940103712,80c4fea819cf04aa,b787415be27cd5f3
D_0205,nw_retrain_0122_vertically_overlapping_easy_seed20262800,6,1700,1703,0.6676064138668849,0.0040630331863695,7.945784498972033e-07,low25,full25,68.83634358733197,68.84040662051834,0391f080c0400bfc,337982895a7fa9cf
D_0206,nw_retrain_0581_converging_hard_seed22085689,6,9372,9373,0.4915301891256893,0.005890176458962,0.0002998706766872,low25,full25,16.93472842909187,16.928838252632907,5a9f3ab26537b70e,b17dac020a3d865c
D_0207,nw_retrain_0182_crossing_moderate_seed20268680,6,2932,2933,0.2971327986576931,0.0064518664757002,9.648777581827988e-05,low25,full25,36.41079992981488,36.41725179629058,420789159526090a,02ba982182ae4558
D_0208,nw_retrain_0296_converging_moderate_seed20279983,2,4500,4501,2.756748496791757,0.0069403796087499,3.488775648400954e-06,low25,full25,4740.828063550128,4740.835003929737,10f09a5376e06aa2,4a4fd70448327768
D_0209,nw_retrain_0292_approximately_parallel_easy_seed20279460,6,4406,4407,0.5174668520097437,0.0069683148892281,0.0006956084180295,low25,full25,12.434848715821438,12.42788040093221,b7fc90750200545a,8684489d951025a0
D_0210,nw_retrain_0408_crossing_easy_seed20291090,4,6436,6439,0.5385486970369127,0.0069928110738146,4.201793381787149e-06,low25,full25,3971.187223495304,3971.1942163063777,e47fba14103ac98e,fe1d93f9d56f4932
D_0211,nw_retrain_0405_vertically_overlapping_hard_seed20290534,5,6344,6345,0.7252490152143864,0.0081014697146315,7.553734625445712e-06,low25,full25,64.76107409682304,64.7529726271084,67c5855c4bc03927,62ee22c306331f06
D_0212,nw_retrain_0541_crossing_hard_seed22081769,1,8822,8875,1.0228208727211314,0.0081805236737535,8.231222520175939e-06,low25,full25,6.0599758132106105,6.068156336884364,3d802fcdc97a6953,a33956ec92f6e508
D_0213,nw_retrain_0270_approximately_parallel_easy_seed20277435,6,4321,4322,2.8162486001089744,0.0089636987274515,0.0005349906608342,low25,full25,6.303701676812628,6.294737978085177,2b39b776d035f3dc,dfd5a359fa5a8b6a
D_0214,nw_retrain_0258_approximately_parallel_easy_seed20276128,3,4208,4210,0.0867489831915366,0.0128722275212638,0.0005753683933511,low25,full25,23.264614739802266,23.27748696732353,c94293ab3280ce88,7c59a152a6c9e832
D_0215,nw_retrain_0479_converging_easy_seed20297786,2,8125,8127,0.1128246526077116,0.015878459020314,3.0648209096708656e-06,low25,full25,5183.977924287978,5183.962045828957,2f649a67f6732ce6,a639d12acf2f7b4e
D_0216,nw_retrain_0322_converging_moderate_seed20282662,2,4944,4945,1.021081624256487,0.0181317054593819,5.641184014913037e-06,low25,full25,7815.2214693812275,7815.239601086687,a5affe837daa4878,ea52a55c8620ab1e
D_0217,nw_retrain_0296_converging_moderate_seed20279983,5,4544,4545,1.2411763690355233,0.0191801699690863,9.641448118482976e-06,low25,full25,7.149216676217294,7.16839684618638,176c3c83d7f2d80b,dbdd60dda38371aa
D_0218,nw_retrain_0190_none_easy_seed20269464,4,3129,3130,2.7831137339125136,0.0195690743676095,5.021774619503255e-06,low25,full25,8734.190225765224,8734.209794839591,632cafa4aa00ae6c,c964766eb8d07cf7
D_0219,nw_retrain_0156_crossing_easy_seed20266132,6,2252,2254,0.4082870939642455,0.0206869872515369,6.128839232492604e-06,low25,full25,218.9176444136101,218.93833140086164,6ed47c97966d5506,fe094b6aa8a62c13
D_0220,nw_retrain_0516_none_easy_seed22079712,6,8692,8695,0.5345175783841222,0.022007329670032,9.213723932531297e-06,low25,full25,3917.356975622412,3917.378982952082,ae5d7de2059d1395,c60b7f2b4bd07fc5
D_0221,nw_retrain_0346_vertically_overlapping_moderate_seed20285014,5,5365,5367,0.9116167565347684,0.0234299212598085,1.4260190217767633e-05,low25,full25,2.376768846815728,2.3533389255559194,010bf96886708af2,8eb5c66106a581e2
D_0222,nw_retrain_0566_vertically_overlapping_moderate_seed22084088,4,9236,9237,1.1281106960874656,0.0255667841938702,1.342918541974421e-05,low25,full25,6069.215499111565,6069.189932327371,1162380d0eaaeeae,988c88542498273c
D_0223,nw_retrain_0471_none_easy_seed20297002,5,7857,7859,1.281468154305912,0.0268505928191871,7.268391036385567e-05,low25,full25,823.6277645578336,823.6546151506528,398c3b74deb8680c,8df4d130e20bcb89
D_0224,nw_retrain_0495_vertically_overlapping_moderate_seed20299354,6,8397,8398,3.5460180177992,0.0287874695604841,5.753460183329522e-06,low25,full25,11583.46744616206,11583.49623363162,1512cc03444da244,0b1648b77f18bf26
D_0225,nw_retrain_0292_approximately_parallel_easy_seed20279460,3,4424,4427,0.6210418062779672,0.0309424832896603,0.0030888173386508,low25,full25,9.454959118615957,9.424016635326296,8f8c9247194625ef,a1a120e4c221f328
D_0226,nw_retrain_0437_none_easy_seed20293670,6,7249,7250,1.027706632521019,0.0309435110231675,3.2284743371502325e-05,low25,full25,122.64402625832768,122.61308274730452,a169785e6cfabe9f,a56cc19202f1546f
D_0227,nw_retrain_0473_converging_moderate_seed20297198,5,8021,8022,0.2244589938263012,0.0317870304888856,9.384923012763636e-06,low25,full25,7652.073472887624,7652.041685857135,69e465fc3d270ac0,67c2daf3f0983ba4
D_0228,nw_retrain_0171_crossing_easy_seed20267864,6,2581,2582,1.048860882110545,0.0321990418092283,2.113816799882044e-05,low25,full25,16.476822373354697,16.44462333154547,4b5574ef83a9ae39,f24e6dc159d6e3a0
D_0229,nw_retrain_0248_vertically_overlapping_easy_seed20275410,6,3968,3970,2.1130562564789366,0.0338094120799041,4.547613032816974e-05,low25,full25,421.8932733284679,421.859463916388,b1bf4fb77053addb,ed8caa8a3dab56c0
D_0230,nw_retrain_0224_crossing_easy_seed20273058,4,3694,3695,0.7472730438440625,0.0354139736355136,8.512643637723308e-06,low25,full25,10572.624701442028,10572.589287468392,4691c071209bdb2a,bf9ad8a0fd8acc20
D_0231,nw_retrain_0191_approximately_parallel_easy_seed20269562,1,3220,3221,0.4296929705970868,0.0356662477065,0.000954732321619,low25,full25,0.8411598639635269,0.876826111670027,3f8b79b2a9a3c5df,60fef264621c29cb
D_0232,nw_retrain_0431_none_easy_seed20293082,5,7009,7011,0.2851363029489057,0.0374513292026676,7.328850752241854e-06,low25,full25,12330.6959024125,12330.658451083298,883b5d9de8af5803,be6899c69b1c35cb
D_0233,nw_retrain_0409_vertically_overlapping_easy_seed20291319,4,6546,6547,2.979761078900952,0.0390793510066558,2.5323953233938436e-05,low25,full25,52.48523177757295,52.44615242656629,e605701f8802d5fb,96ce8bd2668a5386
D_0234,nw_retrain_0546_none_easy_seed22082128,6,8913,8915,1.967298613870755,0.0428893707467068,2.3338348635099687e-05,low25,full25,61.46368231622113,61.420792945474425,4720d5018f4efeb2,c9e45be878dc2d63
D_0235,nw_retrain_0191_approximately_parallel_easy_seed20269562,6,3241,3242,2.4190958168569936,0.0459296596256422,0.0012294685700164,low25,full25,90.66373165941076,90.7096613190364,89eac38e52dc98ac,9b713fc4b7849f05
D_0236,nw_retrain_0547_approximately_parallel_moderate_seed22082619,6,8952,8954,0.9631518447114904,0.0467832773202996,0.0002828938056648,low25,full25,10.369731402861971,10.322948125541672,55a562072c187475,a1496f7d659009d5
D_0237,nw_retrain_0185_none_easy_seed20268974,6,2952,2954,0.9190494095034524,0.0468700841336584,0.0001106911429664,low25,full25,116.8392783199485,116.79240823581485,bd7ebcdb67615b83,4abdf8c900f76576
D_0238,nw_retrain_0453_converging_hard_seed20295238,2,7497,7499,1.4433276120201262,0.0476122217763901,0.000246400394476,low25,full25,38.863334074071446,38.815721852295056,7f72d43eb455a018,f744ff3da3a9569d
D_0239,nw_retrain_0203_converging_moderate_seed20270869,1,3398,3399,0.3938764328334173,0.0504257932971086,1.040868010399196e-05,low25,full25,13454.772161853409,13454.822587646706,d0447c33e1f6b40f,44c1c9390bd1a2df
D_0240,nw_retrain_0446_none_easy_seed20294552,5,7349,7350,0.9021871320590132,0.0512010499511141,9.841424048909264e-05,low25,full25,20.037009091880662,19.98580804192955,dc25b47ebd166cd8,200b445114f5eaf8
D_0241,nw_retrain_0365_none_easy_seed20286614,6,5612,5613,0.3336789235400613,0.0549933678944398,2.1133731484031823e-05,low25,full25,561.2423055215768,561.1873121536823,33e06a5d4c2e8715,d380971a514f48d6
D_0242,nw_retrain_0505_crossing_easy_seed22078110,5,8588,8589,0.4055128716218593,0.0559882343950022,4.899751017026354e-05,low25,full25,26.74855532033677,26.692567085941768,90b3ca06a28c6e4d,0e31f37f584051dc
D_0243,nw_retrain_0158_vertically_overlapping_easy_seed20266328,4,2376,2378,1.329936999456687,0.0563487255877248,2.6375313678776883e-05,low25,full25,209.01794125375667,209.0742899793444,6ad46422b394da09,ec9b273b2f8a46a2
D_0244,nw_retrain_0386_none_easy_seed20288803,6,5990,5991,0.1530541644564195,0.0593788898459024,1.2154903606987e-05,low25,full25,3860.361008352813,3860.301629462967,7ed0ed76e3734736,c6eceba5e48c26fe
D_0245,nw_retrain_0479_converging_easy_seed20297786,6,8133,8135,0.7989227836730032,0.0609870741171789,1.1771574290354542e-05,low25,full25,146.93321038092793,146.87222330681075,03b5a25ee95e9d1e,f790bb8b08a106ca
D_0246,nw_retrain_0486_none_easy_seed20298603,4,8225,8226,1.3679760609833287,0.0633908147556212,1.7049400976171316e-05,low25,full25,6174.012681586934,6173.949290772179,6c8ec7cee42cf88f,a39891cdf1c82a05
D_0247,nw_retrain_0243_converging_hard_seed20274789,5,3824,3825,0.798434798088873,0.0663384514231211,1.8736603904870872e-05,low25,full25,209.50092239007168,209.43458393864856,a31d2217b1e95069,68c581242f7eb29d
D_0248,nw_retrain_0133_vertically_overlapping_moderate_seed20264009,5,1760,1763,4.847889250730286,0.0673247754548356,1.2461872141690352e-05,low25,full25,4817.104418812462,4817.037094037008,cd21de43e2b75eb1,ece45d7c181249d8
D_0249,nw_retrain_0436_none_easy_seed20293834,6,7164,7165,0.7316851428833663,0.0710100270633091,4.846811944009811e-05,low25,full25,89.52286801422751,89.59387804129082,f54ef001f06eb139,30abd764dd169d82
D_0250,nw_retrain_0426_vertically_overlapping_hard_seed20292592,2,6878,6959,1.340535567397127,0.071377699601264,0.0003651792814871,low25,full25,3.084416627910472,3.155794327511736,6fe17a4ce591bb36,fed5ace622347e87
D_0251,nw_retrain_0258_approximately_parallel_easy_seed20276128,6,4200,4201,1.8300610891813447,0.0718048717135459,0.0032095652135077,low25,full25,44.25762337999517,44.32942825170871,23ca041c18b0f61b,99947096cbb0ded0
D_0252,nw_retrain_0523_converging_easy_seed22079874,3,8731,8770,1.8289600659978755,0.0719419296961696,3.8018726228698e-05,low25,full25,2.311761746938638,2.239819817242468,f85e0bbf4c3fde5f,c55b66611f5ba66c
D_0253,nw_retrain_0415_approximately_parallel_easy_seed20291645,4,6657,6658,0.0868602998219583,0.0722960558177874,4.991130403821569e-05,low25,full25,2415.8117099468286,2415.8840060026464,2caaae53afa77c2a,0389be9d9c87670a
D_0254,nw_retrain_0409_vertically_overlapping_easy_seed20291319,2,6513,6515,1.2701814220315444,0.0746790312477969,4.839303228328795e-05,low25,full25,4873.091270082653,4873.016591051405,e9e6766bea4feb42,41403b0806f68d7f
D_0255,nw_retrain_0175_vertically_overlapping_easy_seed20267994,6,2696,2698,1.5206877361379911,0.0789563121295486,3.4754252499919424e-05,low25,full25,255.26786085094844,255.1889045388189,e9f8aa0d1c706fa9,8f26449901401093
D_0256,nw_retrain_0150_crossing_easy_seed20265675,5,2092,2093,3.797711810244021,0.0848406583832712,2.2009042680388465e-05,low25,full25,35.31130825149804,35.39614890988131,900485cd41eb8534,603393caf802cd30
D_0257,nw_retrain_0432_converging_moderate_seed20293311,2,7069,7070,0.7360371726475187,0.0874766334000067,2.2792639227533517e-05,low25,full25,5.052696734885188,5.140173368285195,3e4d1e2da11adbcb,20da438b49f8b668
D_0258,nw_retrain_0500_crossing_easy_seed20299975,5,8524,8527,0.6890442479724616,0.0877091207119065,0.0001025387770611,low25,full25,2032.091004226964,2032.178713347676,bca70cb06e54c1f5,346fc6153d914ef8
D_0259,nw_retrain_0468_converging_moderate_seed20296839,3,7780,7783,0.1209051740362006,0.0888077040081043,7.634047997599286e-05,low25,full25,2226.6980042629143,2226.609196558906,688ad67bef89946a,84e505df0d23713c
D_0260,nw_retrain_0192_crossing_moderate_seed20269660,5,3286,3287,1.313714807564978,0.0890508051579672,2.062264888002284e-05,low25,full25,1928.306731150165,1928.217680345007,cf9fe4065fa650cc,92ca151b7f555e0b
D_0261,nw_retrain_0459_vertically_overlapping_moderate_seed20296088,3,7624,7627,1.0406918790968978,0.0906841639136746,3.0802359481231506e-05,low25,full25,2.0281123974289623,2.118796561342637,5528e6e922b97cb5,e55df4a71c573a4e
D_0262,nw_retrain_0321_crossing_easy_seed20282302,6,4813,4815,0.6501234872640496,0.0913574725959103,8.617463853496243e-05,low25,full25,4.987707004408771,5.079064477004681,81a4fef32de675b4,04031e17d169c993
D_0263,nw_retrain_0468_converging_moderate_seed20296839,5,7824,7827,2.010689837665185,0.092463458056045,7.94830228647101e-05,low25,full25,3461.401440437556,3461.493903895612,28de8edff58481aa,84c6045be9fd69b4
D_0264,nw_retrain_0453_converging_hard_seed20295238,6,7481,7482,0.3539082679929425,0.0935091813538804,0.0004839240496051,low25,full25,81.24338945692473,81.14988027557085,74787c3681201165,c433baf8ca59c1ee
D_0265,nw_retrain_0455_converging_easy_seed20295434,5,7564,7565,1.3184623978412149,0.0935235850508888,2.0947929515849444e-05,low25,full25,267.9629939750726,268.0565175601235,e405d4456c990eae,d3a9b6ebe5c41b7b
D_0266,nw_retrain_0493_approximately_parallel_easy_seed20299158,6,8328,8329,0.1876644282176379,0.0956535771505286,0.0001031408458352,low25,full25,698.1225671501107,698.2182207272613,fc9d07ddc26d15fc,c85cd352182ac760
D_0267,nw_retrain_0553_none_easy_seed22082814,4,9065,9067,0.4842998579274194,0.0978700771065632,2.1932353430108757e-05,low25,full25,11400.77657635566,11400.874446432766,672b44b13adca00e,d8eec88f13de10d1
D_0268,nw_retrain_0187_vertically_overlapping_easy_seed20269170,6,3096,3098,1.5439278258053672,0.0980104295460932,0.0003382343159554,low25,full25,653.765717077516,653.8637275070621,6783fd7f5d59c022,b7224c8e3c36b33c
D_0269,nw_retrain_0432_converging_moderate_seed20293311,4,7045,7047,0.9590544880783612,0.0989285655195999,2.577651900336483e-05,low25,full25,8266.543332131952,8266.444403566433,f78b9eee2a991642,62dc5969abe525a0
D_0270,nw_retrain_0134_crossing_moderate_seed20264107,2,1832,1835,1.088675207812458,0.1005871897873476,4.471986317588552e-05,low25,full25,2444.2655279119035,2444.164940722116,88307f1a29a2861e,1224f6629ecaead3
D_0271,nw_retrain_0404_none_easy_seed20290436,5,6292,6294,0.1270263884542024,0.1021372338240524,0.0001161751586659,low25,full25,33.67176817509067,33.56963094126662,127fcdc137445bc4,5b3f0bea0d1ab1c5
D_0272,nw_retrain_0472_vertically_overlapping_moderate_seed20297231,6,7937,7938,2.049405900231547,0.1136354308952647,0.0001299135011103,low25,full25,49.7473790198537,49.63374358895844,d1bccd35e7e96adb,0a871cc314eb02dd
D_0273,nw_retrain_0181_converging_easy_seed20268582,6,2853,2854,1.3312651053540194,0.1164935067499755,2.1551191204419035e-05,low25,full25,11458.359271122508,11458.242777615758,dc25e0ec677af082,ab5321e254410428
D_0274,nw_retrain_0143_none_easy_seed20264858,6,1998,1999,0.6599993435638445,0.1213360149840383,0.0003497517168921,low25,full25,84.97332609722727,84.85199008224323,c410182ee4aeadb7,68795212a63ea37a
D_0275,nw_retrain_0214_vertically_overlapping_easy_seed20271816,6,3574,3575,2.9903074033657,0.1228595415776396,0.0005084543935693,low25,full25,239.21313952553,239.33599906710765,3a453a02e1bda3f8,b98cbd29dab86a01
D_0276,nw_retrain_0122_vertically_overlapping_easy_seed20262800,1,1754,1755,2.2427621756145943,0.1279293112482946,2.5018223865139893e-05,low25,full25,22.030403812042856,21.90247450079456,e0c512ea466dcd39,1434b09327e2b086
D_0277,nw_retrain_0182_crossing_moderate_seed20268680,3,2918,2919,0.5516594242599234,0.1308142189741907,0.0019563289292739,low25,full25,16.361723456309583,16.492537675283774,892e1254e09ce8d5,f1b5a013d0f780f9
D_0278,nw_retrain_0203_converging_moderate_seed20270869,5,3389,3390,1.9212405784424167,0.1323061516350208,2.7310079189932116e-05,low25,full25,1442.7821491291888,1442.6498429775538,6e0f736b61a7ae2b,cb38a3f17e0d90f6
D_0279,nw_retrain_0459_vertically_overlapping_moderate_seed20296088,6,7638,7639,0.2460006269895958,0.1358708068019041,4.615074179987132e-05,low25,full25,4109.1353498815415,4108.99947907474,79eeed5d80c66e92,bdcedb3a2c2c3681
D_0280,nw_retrain_0233_converging_hard_seed20273809,3,3812,3836,0.9763518289418018,0.137172717463355,3.58813200131342e-05,low25,full25,6.462606062904934,6.599778780368289,c0611413c5ef33ca,0c22b7b802786daf
D_0281,nw_retrain_0326_converging_hard_seed20282923,4,5057,5058,0.8952289911744112,0.1388894290478664,0.0001665257162153,low25,full25,3.1721206498953887,3.311010078943255,db3a4852dad7b56c,f331e1a4e42ac529
D_0282,nw_retrain_0445_none_easy_seed20294454,1,7352,7353,0.9877849843961718,0.1395421896762547,7.182676894942696e-05,low25,full25,3.78975957366501,3.650217383988755,dbdbe7bd7d604f45,56ee3e2059db536c
D_0283,nw_retrain_0326_converging_hard_seed20282923,1,5042,5050,0.4907549310848867,0.140547766940204,0.0001685140310002,low25,full25,3.1342649201826167,2.9937171532424127,f1a97e29130c1c42,a0d492efc1373123
D_0284,nw_retrain_0214_vertically_overlapping_easy_seed20271816,2,3548,3550,0.3276158315089229,0.1419479851088545,0.0005874519452061,low25,full25,1.5603500048230226,1.702297989931877,0d3d85306471672a,1a04f7c529860912
D_0285,nw_retrain_0523_converging_easy_seed22079874,6,8757,8759,1.8258185935551243,0.1476169658503749,7.801026515522111e-05,low25,full25,3339.5235420238146,3339.375925057964,7f4a0965834f83f5,b198f7f5e47335c8
D_0286,nw_retrain_0121_vertically_overlapping_moderate_seed20262702,2,1636,1639,0.3454003658553143,0.1485336213597747,0.0004374685369901,low25,full25,1161.2926977838604,1161.1441641625006,ae7393f181307cc2,84328eb41c0fc1b0
D_0287,nw_retrain_0562_crossing_moderate_seed22083696,2,9131,9192,2.8490126850609347,0.1504416558457411,0.0001365652575236,low25,full25,5.472246565869595,5.622688221715336,1710a0473f46924c,ad97600b5a19a827
D_0288,nw_retrain_0369_crossing_easy_seed20287006,1,5669,5671,1.6229392778425324,0.1555532377133204,4.460918183592078e-05,low25,full25,8634.062082015202,8634.217635252915,6652a51a59926a47,4e338667addfdde6
D_0289,nw_retrain_0541_crossing_hard_seed22081769,6,8853,8854,0.7958622792993993,0.156539031772354,0.0001575091833968,low25,full25,3782.047914181319,3781.8913751495465,330d850433cc2790,00702398f369f578
D_0290,nw_retrain_0392_approximately_parallel_moderate_seed20289260,4,6208,6210,0.8875509435991114,0.1578674185946766,4.800731572785696e-05,low25,full25,121.43144730315488,121.58931472174956,c3664fa6c9330517,36723dd76c160269
D_0291,nw_retrain_0179_none_easy_seed20268517,5,2724,2726,2.142904832765293,0.1611384961722706,0.0001442487464649,low25,full25,249.39166267450992,249.23052417833765,7bf91053a11432e6,4d24baa14b31aa62
D_0292,nw_retrain_0445_none_easy_seed20294454,5,7316,7317,3.677608432588833,0.1655849096068777,8.523177880065049e-05,low25,full25,4682.610067926328,4682.775652835935,de9ff45824bf58ed,542f4b50e7b59ad8
D_0293,nw_retrain_0408_crossing_easy_seed20291090,2,6434,6435,1.4902631356702272,0.1686540937865492,0.0001013397398561,low25,full25,6.563696231548744,6.395042137762195,be505b5b86e01366,5c5d0ef00a9309d7
D_0294,nw_retrain_0495_vertically_overlapping_moderate_seed20299354,3,8453,8455,2.2612271423380026,0.1744639586231642,3.486834566183185e-05,low25,full25,10834.345839442902,10834.520303401525,e3999d03df85a426,b990d2469d4698a4
D_0295,nw_retrain_0420_converging_moderate_seed20292004,6,6792,6794,1.4742095834526867,0.1769158212291586,0.0001693771236305,low25,full25,3567.649667649423,3567.472751828194,98f58b7071df2f70,5fb7a8ca033cb884
D_0296,nw_retrain_0332_crossing_moderate_seed20283380,4,5140,5143,0.5376934823589409,0.1800083191288095,0.0001772799855609,low25,full25,48.70656913594514,48.88657745507395,af16963619457121,127766732b45b1ea
D_0297,nw_retrain_0570_crossing_easy_seed22084742,4,9286,9287,3.46659871814643,0.1926757663659373,4.93109088318731e-05,low25,full25,11121.013603535652,11120.820927769286,4c8fa2335fed7b58,bd19644820032268
D_0298,nw_retrain_0404_none_easy_seed20290436,2,6288,6290,2.093659425591748,0.1986714826021618,0.000225977247959,low25,full25,5.197669531133716,4.998998048531554,1a437a75e655409b,d453d6659170026c
D_0299,nw_retrain_0505_crossing_easy_seed22078110,1,8568,8569,0.396487865521513,0.2001755238529767,0.0001751814889647,low25,full25,3270.736265629649,3270.536090105796,e46d9797bae62616,4e8056cee1ff61ba
D_0300,nw_retrain_0175_vertically_overlapping_easy_seed20267994,1,2666,2667,1.2267202870186125,0.2011196302837561,8.852696162028884e-05,low25,full25,6368.987494502686,6369.18861413297,ef447dae38fc7f86,85b1fae49a035de5
D_0301,nw_retrain_0161_none_easy_seed20266753,3,2429,2431,1.5942827220485185,0.2113497899493666,0.0003019913566018,low25,full25,199.91021327152137,199.698863481572,6d6636152a4aa633,789a6a534f5918a8
D_0302,nw_retrain_0151_approximately_parallel_moderate_seed20265773,3,2180,2182,2.36941956460704,0.2142051671059945,7.821568247692921e-05,low25,full25,7.779631061020793,7.5654258939147985,4ec1d7da7e98349b,85b0854627ee5289
D_0303,nw_retrain_0369_crossing_easy_seed20287006,5,5698,5699,0.6668222082208036,0.2212213096408959,6.344131290882283e-05,low25,full25,8771.783391413905,8771.562170104264,4300178c735266d0,5373813cccabb308
D_0304,nw_retrain_0250_vertically_overlapping_hard_seed20275475,5,4020,4021,2.323027483370986,0.2254264028032224,0.00519233366815,low25,full25,88.42038828134905,88.64581468415227,5d96c8478a1a2fca,8400251b06b8ff1b
D_0305,nw_retrain_0121_vertically_overlapping_moderate_seed20262702,4,1628,1629,1.0036162450609551,0.2327450481593693,0.0006854921786586,low25,full25,2.341122217119079,2.5738672652784484,b7a290b8fece6aa0,0fa77dfa9350b0f4
D_0306,nw_retrain_0413_vertically_overlapping_easy_seed20291842,6,6585,6587,1.748483197580191,0.2360577369591681,7.982546047187813e-05,low25,full25,170.32218260935227,170.55824034631144,7ab3b110a40b8c73,d6b169b1d745a177
D_0307,nw_retrain_0150_crossing_easy_seed20265675,2,2112,2138,2.959525788708328,0.2449711294720415,6.354948378236813e-05,low25,full25,7.720442287669507,7.965413417141549,e7974b23848f2033,c683f69e3931246c
D_0308,nw_retrain_0431_none_easy_seed20293082,2,6964,6966,1.8426149046450493,0.2453980693990161,4.802194912178364e-05,low25,full25,8950.262639740053,8950.508037809452,5ae2f2e134f8d1ec,d835dc86b0c81dc7
D_0309,nw_retrain_0171_crossing_easy_seed20267864,2,2624,2626,1.0546364820759728,0.2484993544773779,0.0001631359446552,low25,full25,4.125453916260579,3.876954561783201,c89eec67ab05a38c,6f550402e7555660
D_0310,nw_retrain_0250_vertically_overlapping_hard_seed20275475,3,4044,4045,0.4443320967047332,0.2706853095483019,0.0062347996009506,low25,full25,3.001797647876334,3.272482957424636,bc1e4cb70d92a7f8,23236b7ee5871bb7
D_0311,nw_retrain_0415_approximately_parallel_easy_seed20291645,2,6661,6662,0.8412214757329645,0.3008864079497471,0.0002077240980613,low25,full25,3534.8804376640524,3535.181324072002,054a2d83e0803c2c,38b3f3ddf47a9fad
D_0312,nw_retrain_0455_converging_easy_seed20295434,2,7545,7547,0.3372032562665429,0.3012983056687517,6.748645988024905e-05,low25,full25,9130.56630459119,9130.867602896858,9c373da2d13c7d01,59c2123c1ae86acf
D_0313,nw_retrain_0233_converging_hard_seed20273809,6,3752,3755,0.9287654728198595,0.3150908705338224,8.242073619239502e-05,low25,full25,6708.196554020622,6708.511644891156,a28d4fb4ddc3b367,7fefee142cf0dfbd
D_0314,nw_retrain_0600_converging_easy_seed22087551,6,9560,9562,1.5286983649963128,0.3177885936763154,0.0036862650955317,low25,full25,18.37417347959874,18.691962073275054,6974d1257036cc32,3f92e0503b6cb669
D_0315,nw_retrain_0581_converging_hard_seed22085689,1,9365,9418,3.1728249653842244,0.3207261937158865,0.0163282681615691,low25,full25,2.2084932468132754,2.529219440529162,3de07614d012db66,17c25845e05f3c98
D_0316,nw_retrain_0309_none_easy_seed20281257,2,4577,4633,1.5636958697795362,0.3249151264015602,0.0002585099282654,low25,full25,31.806873697761297,31.481958571359737,e10f9e7e24a61112,c5abd8f9c643a39e
D_0317,nw_retrain_0341_converging_moderate_seed20284393,3,5217,5219,0.7912976631695093,0.3606955930927142,0.000112543695955,low25,full25,8185.458321474783,8185.819017067875,9ddc93cdea60c478,f82c41885e38562c
D_0318,nw_retrain_0243_converging_hard_seed20274789,1,3904,3907,1.447538893314932,0.3680568217587279,0.0001039538116407,low25,full25,10934.542289260877,10934.910346082635,5d63ed4f786e1bc5,927c385e91853190
D_0319,nw_retrain_0346_vertically_overlapping_moderate_seed20285014,3,5382,5383,0.8527201031123651,0.3700018046051809,0.0002251947864476,low25,full25,2643.532413444349,2643.162411639744,a8723ebbd5852c33,63f116025f261388
D_0320,nw_retrain_0254_none_easy_seed20275736,4,4120,4122,1.0297523026509487,0.3701021089436835,7.371692474735044e-05,low25,full25,7710.694222811591,7710.324120702648,ecc0f49f092c9df0,5b473abb762e728d
D_0321,nw_retrain_0344_converging_easy_seed20284556,2,5281,5283,0.4325722331499039,0.370121293646708,0.0003014869236297,low25,full25,15.737329271928452,16.10745056557516,6474939337434dea,f520634ee134e34f
D_0322,nw_retrain_0133_vertically_overlapping_moderate_seed20264009,2,1765,1767,1.5798302723637858,0.3702496533160229,6.85335199257327e-05,low25,full25,7414.907099829413,7414.536850176097,809549d05e6f6b93,2338793a1cd9ce45
D_0323,nw_retrain_0314_vertically_overlapping_moderate_seed20281747,5,4712,4713,2.322986598421412,0.3801578353195509,9.38448127565514e-05,low25,full25,10710.769725105609,10711.149882940928,eaff423bf461946d,361e82b9575b61de
D_0324,nw_retrain_0310_approximately_parallel_moderate_seed20281224,5,4657,4659,0.4343656683544716,0.3861774563119979,7.910701541963565e-05,low25,full25,11617.786540845384,11618.172718301696,e4fa7231565dc001,b58a33ac4d9c75cf
D_0325,nw_retrain_0486_none_easy_seed20298603,1,8195,8244,1.6201797616560685,0.388344145877749,0.0001044478618131,low25,full25,17.463789600231706,17.075445454353957,468ade2e4c6e34e3,21a8d804d49062a8
D_0326,nw_retrain_0472_vertically_overlapping_moderate_seed20297231,2,7973,7998,1.0963639408266472,0.3933703249437832,0.0004497199134438,low25,full25,1.935824500076745,2.329194825020528,7c3ab0e3680ca207,f79ba8c4035d70fe
D_0327,nw_retrain_0546_none_easy_seed22082128,3,8961,8962,0.3784778212330071,0.4173798765959873,0.0002271182090965,low25,full25,2109.773897504131,2110.191277380727,bbd9fc1cef44e976,2c0a1fc778db7944
D_0328,nw_retrain_0321_crossing_easy_seed20282302,3,4803,4879,1.579661587724085,0.4201889284899049,0.0003963510373056,low25,full25,6.175926063120144,5.755737134630239,223fba770203f52b,73cfabd2281837b3
D_0329,nw_retrain_0385_crossing_hard_seed20288574,4,5916,5919,1.9755478481017088,0.4324927265261067,8.134610003343882e-05,low25,full25,11570.237858203596,11569.80536547707,402ccabce4258789,9e413ca0cad06ee1
D_0330,nw_retrain_0500_crossing_easy_seed20299975,2,8512,8514,1.5879368312095168,0.437172587612471,0.0005110887229811,low25,full25,9.049089774526305,8.611917186913834,faf53a1a55d07e65,616c81bc145e74e5
D_0331,nw_retrain_0562_crossing_moderate_seed22083696,6,9144,9146,1.916616507870684,0.474366901156074,0.0004306123703098,low25,full25,114.530580069599,114.05621316844292,42b9808631cf244a,cefe0715e816b58b
D_0332,nw_retrain_0446_none_easy_seed20294552,1,7372,7400,1.030578917919976,0.4885182420761453,0.0009389876146073,low25,full25,3.140163553739706,2.6516453116635605,861ea8361ffba051,6f66967e500b05e6
D_0333,nw_retrain_0341_converging_moderate_seed20284393,5,5256,5257,0.7440083364773138,0.4889811218854447,0.0001525711535241,low25,full25,10056.624379515775,10057.11336063766,628de09334b99a04,a9ed9b20532ebb62
D_0334,nw_retrain_0181_converging_easy_seed20268582,2,2856,2859,1.391854160495059,0.4931178081086091,9.122633926422588e-05,low25,full25,7.982126118708022,7.489008310599413,8d45eef612d8b9c4,9597c28dcce78749
D_0335,nw_retrain_0359_vertically_overlapping_moderate_seed20286026,6,5482,5483,1.0246594419295258,0.5122027401564395,9.806354156636138e-05,low25,full25,55.57238854636283,56.08459128651927,38dd98d2bd692051,553664217714d610
D_0336,nw_retrain_0254_none_easy_seed20275736,3,4078,4079,0.451208924159288,0.5331735274373886,0.0001061974840174,low25,full25,4.93949143946121,4.406317912023821,536daa38f8ec3396,3f94dc9be5126578
D_0337,nw_retrain_0600_converging_easy_seed22087551,1,9594,9595,1.172235695283234,0.5377559660487741,0.0062378294470148,low25,full25,6.698237294862392,7.235993260911166,28ccf7dc3be9cee8,3ce35bcfc18d015b
D_0338,nw_retrain_0471_none_easy_seed20297002,1,7898,7900,1.2371473185442412,0.5419236007335648,0.0014669741813532,low25,full25,8.138252884675683,7.596329283942119,82b4a0526370a4b9,9c8a5d84efa89564
D_0339,nw_retrain_0224_crossing_easy_seed20273058,2,3685,3687,0.993194668329526,0.5655095438687567,0.0001359345119029,low25,full25,10702.33450302519,10702.900012569058,601e6b8813e6ee0e,058e42e0ef5a4088
D_0340,nw_retrain_0389_vertically_overlapping_easy_seed20289228,5,6110,6111,1.0961758575163485,0.5748539821106533,0.0001355102238288,low25,full25,6174.760771588882,6175.335625570992,243d07b0b2061f1d,1a06a0b00ae47c00
D_0341,nw_retrain_0487_converging_easy_seed20298701,1,8269,8270,1.2563212839683449,0.5772246785191477,0.0005166242855792,low25,full25,4.377825074099039,4.955049752618187,0b713c179c20f79b,3f5d92b37321148c
D_0342,nw_retrain_0385_crossing_hard_seed20288574,3,5977,5978,2.815752392793772,0.5778774762132635,0.0001086910278577,low25,full25,10.80903854868328,10.231161072470016,bf67c6c57655fa96,0c6d9e91c7263c94
D_0343,nw_retrain_0143_none_easy_seed20264858,3,2070,2071,0.7264912914970812,0.6061277257074931,0.0017471664348792,low25,full25,6.669926333782627,6.063798608075134,77d708748c9b8e38,7e5a6f19f5132e53
D_0344,nw_retrain_0416_approximately_parallel_easy_seed20291743,3,6742,6743,1.2083598326943557,0.6116997064473253,0.0001737362419762,low25,full25,9326.388365105597,9327.000064812044,50c587b5ca053dbd,20997f3e2633c4ab
D_0345,nw_retrain_0566_vertically_overlapping_moderate_seed22084088,1,9208,9209,1.159037633300214,0.6253899148414197,0.0003284917282658,low25,full25,3.680913894097677,4.306303808939097,4616983e5ec32c50,13538198e1f4be6a
D_0346,nw_retrain_0270_approximately_parallel_easy_seed20277435,1,4365,4366,0.981841131370298,0.6558293570623119,0.0391426119727507,low25,full25,1.8842792315650536,1.2284498745027417,461536257533d3d3,17cf75fc74a57693
D_0347,nw_retrain_0332_crossing_moderate_seed20283380,2,5180,5183,1.0412993494606644,0.6727676137347327,0.0006625706713222,low25,full25,3.762465493477343,4.435233107212076,9245d81f53879e56,60aaeabf11bd310f
D_0348,nw_retrain_0473_converging_moderate_seed20297198,1,8036,8037,2.816902290971933,0.6858527326495247,0.0002024937527983,low25,full25,6.829479705525166,6.143626972875642,65f921781aef5345,530fc67119195a4d
D_0349,nw_retrain_0134_crossing_moderate_seed20264107,6,1885,1886,0.6112592152432371,0.6904933327241451,0.0003069850885442,low25,full25,5041.274347829126,5040.583854496402,1ffa64021986f564,646f07abd34ab2da
D_0350,nw_retrain_0158_vertically_overlapping_easy_seed20266328,2,2404,2405,3.257164188322146,0.733204309591045,0.000343193097171,low25,full25,32.48761902884481,33.220823338435856,e23c1f3b50d514f5,d269f77634c9c453
D_0351,nw_retrain_0167_approximately_parallel_easy_seed20267472,4,2500,2503,0.9424414562909644,0.7459239986801549,0.0001368663741654,low25,full25,14182.317912300869,14181.571988302188,cf9528cb9d2677c2,e413248dfabcd20a
D_0352,nw_retrain_0493_approximately_parallel_easy_seed20299158,2,8376,8377,1.462541158490787,0.7646370476256665,0.000824488892088,low25,full25,2.158088307798154,2.9227253554238204,f4c3fc761cbee22d,2cb5a4dbf52d8a62
D_0353,nw_retrain_0363_vertically_overlapping_hard_seed20286418,2,5544,5547,1.398535941523649,0.7775545656572866,0.0001618679568705,low25,full25,29.216862241274004,29.99441680693129,9ee9186ad2ec71e1,922e8834e38e56c9
D_0354,nw_retrain_0323_converging_moderate_seed20282498,5,4977,4978,1.295158704820223,0.782140270492846,0.0002449613652238,low25,full25,665.6434016513025,666.4255419217953,14481326b0d4f2df,0867327c59ed078d
D_0355,nw_retrain_0596_approximately_parallel_hard_seed22087028,4,9469,9471,0.9796282642971936,0.8262967534374184,0.0007880517747066,low25,full25,2795.535769733576,2794.709472980139,29fc53526c999158,ce7410ab27bca300
D_0356,nw_retrain_0416_approximately_parallel_easy_seed20291743,5,6748,6749,2.435735941395899,0.8463021732128748,0.0002403685298532,low25,full25,4.593490015267166,5.439792188480041,d6341672a8103b95,cf817f2c08f7c2ba
D_0357,nw_retrain_0487_converging_easy_seed20298701,5,8228,8231,3.160600375952298,0.8779939735147764,0.0007858170764175,low25,full25,974.8573454599816,975.7353394334964,2342237c2b34b28f,34ca2096a4d05f71
D_0358,nw_retrain_0322_converging_moderate_seed20282662,4,4970,4971,2.6580527291383023,0.8984249820507166,0.0002795203495168,low25,full25,12.44476855879416,13.343193540844876,fa7a69cc50ba9432,8500ff23042d0084
D_0359,nw_retrain_0386_none_easy_seed20288803,1,6031,6061,0.7649122218174722,0.9030253479787936,0.0001848499708875,low25,full25,9.218135296200042,10.121160644178836,6f10eb442f8809b6,a52e81b08fb5c80f
D_0360,nw_retrain_0221_converging_moderate_seed20272633,5,3596,3598,1.7801632188884695,0.9204168125639284,0.0002094096498355,low25,full25,89.60335738501033,90.52377419757426,aaf6f839e3b8d4b4,db79ff7dc270e9e5
D_0361,nw_retrain_0187_vertically_overlapping_easy_seed20269170,2,3041,3043,0.4055606838578235,0.9352640876311824,0.0032275994542897,low25,full25,5.752082379225691,4.816818291594509,dfa04d7994a27e9a,25748fad8fbf9707
D_0362,nw_retrain_0405_vertically_overlapping_hard_seed20290534,2,6325,6428,1.3248501983261949,0.9524553475259632,0.0008880604620176,low25,full25,5.529194336983901,4.576738989457938,73c1910e65f0b3ca,a0ab0c62182ec3c0
D_0363,nw_retrain_0380_none_easy_seed20288346,2,5779,5817,1.522679520648646,1.0341101992421322,0.0003345291587429,low25,full25,26.34643995438572,25.312329755143587,a8ef3c42cd78ec31,1460d2c0c86b931d
D_0364,nw_retrain_0596_approximately_parallel_hard_seed22087028,3,9450,9451,1.9669480027586903,1.0510431209674849,0.0010023958019028,low25,full25,17.381038401961955,18.43208152292944,29bea56fc4284594,968b6e026afd8d3b
D_0365,nw_retrain_0553_none_easy_seed22082814,2,9112,9115,0.87246471626293,1.0564151633824324,0.000236739066906,low25,full25,55.798012875037614,56.854428038420046,7da66708bebf7d2c,25f7a53a7ccbad15
D_0366,nw_retrain_0344_converging_easy_seed20284556,6,5310,5311,1.8024461198402852,1.1872322511675009,0.0009670748621672,low25,full25,119.70138626124506,120.88861851241256,9deec7109258aebd,d01c5052ece7497d
D_0367,nw_retrain_0384_approximately_parallel_moderate_seed20288738,1,5879,5909,1.946168019950889,1.238259271666685,0.0004745589805322,low25,full25,58.83742974091477,57.59917046924809,19c87725112f338a,cb30a035aaccc1db
D_0368,nw_retrain_0365_none_easy_seed20286614,1,5652,5655,2.8923520704442365,1.311425719191936,0.0005039756623717,low25,full25,8.861101533138747,7.549675813946811,c35ab60f83323d15,5e27eff46c190484
D_0369,nw_retrain_0437_none_easy_seed20293670,1,7200,7298,2.1180208279835164,1.35141680468708,0.001409993348673,low25,full25,19.322440709521945,17.971023904834865,305c0976ddafeba5,9e5505404c592818
D_0370,nw_retrain_0420_converging_moderate_seed20292004,1,6804,6822,0.9497604690362644,1.4822871177864076,0.0014191242290314,low25,full25,5.285610869924785,6.767897987711192,32262bfa3bf89e96,03dbb9115add6179
D_0371,nw_retrain_0436_none_easy_seed20293834,3,7149,7151,0.7886467876602811,1.5282419929978843,0.00104310642473,low25,full25,4.927739908999064,3.39949791600118,374d1d360c9dd8eb,57cf7d86aafa2d01
D_0372,nw_retrain_0248_vertically_overlapping_easy_seed20275410,1,3941,3967,0.9934082603130924,1.5598846762706984,0.0020981588992837,low25,full25,90.3997708721563,91.959655548427,34e5f0fe4c30a276,3bf91fd8832b3e72
D_0373,nw_retrain_0392_approximately_parallel_moderate_seed20289260,3,6213,6214,2.354969755171758,1.56158413653659,0.0004748760912522,low25,full25,16.95270491951731,15.39112078298072,db7444bda983c025,3b19061324be8b2a
D_0374,nw_retrain_0167_approximately_parallel_easy_seed20267472,3,2532,2533,0.9903272522715691,1.5751050610415405,0.0002890092275029,low25,full25,13176.845574261177,13175.270469200135,87ecb4ae04c254a7,a7290c69b84c863b
D_0375,nw_retrain_0380_none_easy_seed20288346,4,5753,5755,2.295130023067555,1.6087913776491405,0.0005204354686302,low25,full25,7410.206985630611,7408.598194252962,7e553e1f100ebffd,838d56e38d7f04c9
D_0376,nw_retrain_0156_crossing_easy_seed20266132,1,2282,2283,0.8330376818635211,1.686187233625585,0.0004995589906405,low25,full25,24.29796226606005,22.611775032434466,b5a380466b40fc9a,593cd3ccb56f9439
D_0377,nw_retrain_0314_vertically_overlapping_moderate_seed20281747,3,4732,4734,0.950225821267608,1.7778192380537805,0.0004388680122031,low25,full25,10726.525842734834,10728.303661972888,91338978cd8caaf1,3f81160a6b18e258
D_0378,nw_retrain_0151_approximately_parallel_moderate_seed20265773,6,2216,2217,2.2479222171788207,1.881519210196984,0.0006870250195514,low25,full25,1748.2382695006688,1746.3567502904718,5c6e1f37b00ba4b1,c89c4ba3b4333528
D_0379,nw_retrain_0185_none_easy_seed20268974,2,2974,2975,2.528460732745726,1.939250733828203,0.0045798484085047,low25,full25,654.521348578594,652.5820978447658,41e13c36af4e92ee,c903679a6c99219e
D_0380,nw_retrain_0516_none_easy_seed22079712,2,8676,8677,1.8251817522694416,2.0400811915378654,0.0008541129333094,low25,full25,5237.86633150778,5239.906412699318,a37ab8bcb539cc8c,72f9eea94bc70d43
D_0381,nw_retrain_0192_crossing_moderate_seed20269660,3,3313,3315,2.15216745882138,2.2477391995507787,0.0005205380928782,low25,full25,11649.869362395537,11652.117101595088,5f8e0a6ba3cbbf49,f8352803bdc3ca0b
D_0382,nw_retrain_0221_converging_moderate_seed20272633,1,3656,3657,1.646246937735807,2.2628105719182825,0.0005148258517678,low25,full25,7.664579261816177,5.401768689897895,1156281e82dc86cc,965d43fa9b9648a2
D_0383,nw_retrain_0309_none_easy_seed20281257,6,4584,4585,1.709004878493471,2.356415188798678,0.0018748179814414,low25,full25,906.2066763294602,908.5630915182588,b9e6b4418d6e2af5,ea3b41562fedb48a
D_0384,nw_retrain_0465_vertically_overlapping_hard_seed20296545,2,7748,7750,1.128280103934293,2.7137052431123863,0.0009909601588729,low25,full25,68.15030832282994,70.86401356594233,2ca82db57b4e9ce5,2b750425647c23bf
D_0385,nw_retrain_0384_approximately_parallel_moderate_seed20288738,6,5889,5890,1.6725878844210635,2.7409272246415526,0.0010504517585305,low25,full25,292.9902627994219,295.73119002406344,149c8756fd139df2,2743f013f33ccbc9
D_0386,nw_retrain_0161_none_easy_seed20266753,4,2420,2421,1.8935952964917244,2.965492957705152,0.0042373036732382,low25,full25,230.0307967918499,232.99628974955505,9fdd9c047a874071,8af1d8795c2a0c7d
D_0387,nw_retrain_0204_converging_hard_seed20270836,3,3462,3463,1.6176747111435856,3.0038121626621432,0.0013856579768789,low25,full25,5055.356766047145,5052.352953884483,0aaedd8b3be4d569,9011f508ad266963
D_0388,nw_retrain_0310_approximately_parallel_moderate_seed20281224,1,4709,4711,1.4527723854194396,3.190351809847405,0.0006535317007519,low25,full25,18.010306111431056,14.819954301583651,269c325e55d43dd0,eb41a26aa07bd1e4
D_0389,nw_retrain_0204_converging_hard_seed20270836,4,3476,3478,1.2068416642946969,3.2654575562355603,0.0015063549469576,low25,full25,4493.4930605561,4496.758518112336,b63254fc19940bf3,b1324729747e5769
D_0390,nw_retrain_0190_none_easy_seed20269464,1,3137,3144,1.1285602645618074,3.4186122527447083,0.0008772770710694,low25,full25,9.976327377179636,13.394939629924345,8aab4119c2cb5d72,1765fc7783287457
D_0391,nw_retrain_0266_none_easy_seed20276912,3,4328,4330,1.4678269995767526,3.76064389614521,0.0013288404986411,low25,full25,6.922008403328034,3.161364507182824,006492d99b9247a5,9627d9c9f168353c
D_0392,nw_retrain_0413_vertically_overlapping_easy_seed20291842,3,6617,6618,2.2643152001920925,3.828747456815108,0.0012947320969346,low25,full25,8430.209336428403,8434.038083885218,be2d20ab033a0f73,65b32c7f110ac4f7
D_0393,nw_retrain_0359_vertically_overlapping_moderate_seed20286026,2,5488,5491,3.0775380525136216,3.994887950577322,0.0007648394471196,low25,full25,11288.52519467686,11292.520082627438,cad2c0aeeaca0d5d,f1bb7bb67adbce1f
D_0394,nw_retrain_0141_crossing_easy_seed20264924,2,1965,1966,0.5815014335870462,4.088834871031148,0.0021874336056101,low25,full25,10.141963684096684,6.053128813065536,db7da9892d3576c0,ab789b3132644f6e
D_0395,nw_retrain_0323_converging_moderate_seed20282498,2,4981,4982,0.7012863449139746,4.483605220811114,0.0014042366790836,low25,full25,7596.402494049407,7600.886099270218,fc0e2bf9aa8e7d0b,fb359e221c59e2eb
D_0396,nw_retrain_0389_vertically_overlapping_easy_seed20289228,1,6088,6089,1.764245093279969,5.208628025318831,0.0012278289296361,low25,full25,11279.336779850131,11284.54540787545,36ba2fba9f65a5e4,f01082292b70c2dc
D_0397,nw_retrain_0570_crossing_easy_seed22084742,1,9310,9311,1.5616776770125038,6.226727266533292,0.0015935869172971,low25,full25,31.774707499056376,25.547980232523084,3f37beb68c900d8f,53450dd5c0712e1a
D_0398,nw_retrain_0179_none_easy_seed20268517,1,2735,2748,1.9758483815581955,6.997257415781981,0.0062638390880845,low25,full25,54.703076786082896,61.70033420186488,df8d1bd9a0c7befd,c2a0914bc62145a9
D_0399,nw_retrain_0465_vertically_overlapping_hard_seed20296545,5,7680,7681,0.8438510389086189,12.537955533613058,0.004578468659802,low25,full25,7036.25988238862,7023.721926855007,8faa2bb2547df714,acb18155bdadcc2f
D_0400,nw_retrain_0292_approximately_parallel_easy_seed20279460,3,4445,4447,0.6616803937511506,7.00967018404085,0.6997366888754062,sens10,tenD,34.06956800426432,41.07923818830517,89cfe74800a6ff4a,07f2f76053a4f256
D_0401,nw_retrain_0292_approximately_parallel_easy_seed20279460,6,4420,4423,1.1873227590658748,8.014069549413797,0.8000003343511588,sens10,tenD,31.246249435292214,23.232179885878416,a430aba3d95deba1,a969f245c43a8f13
D_0402,nw_retrain_0270_approximately_parallel_easy_seed20277435,4,4389,4395,0.835260160647434,8.951673322294669,0.534272934854475,sens10,tenD,11.028923135481188,19.980596457775857,c26fe2025fffe091,9716ab98c6a01d64
D_0403,nw_retrain_0581_converging_hard_seed22085689,4,9371,9414,2.0493822910061805,10.609282939905947,0.5401218242816819,sens10,tenD,4.136426239973802,14.745709179879752,09be3ff0d0bf7a10,a324420df82c5e11
D_0404,nw_retrain_0258_approximately_parallel_easy_seed20276128,3,4205,4206,1.3874954276247944,12.292720204377918,0.5494653246475012,sens10,tenD,38.36860551945997,26.07588531508205,5284f91de3741685,44503b94bbce83dd
D_0405,nw_retrain_0258_approximately_parallel_easy_seed20276128,4,4196,4198,0.3446241051512088,14.175229605674687,0.633610544105691,sens10,tenD,54.17465311474546,39.99942350907077,788c89c70639a76b,eec34aa3eefaa2b6
D_0406,nw_retrain_0250_vertically_overlapping_hard_seed20275475,4,4058,4067,3.790071176800562,25.10101666469856,0.5781614412162701,sens10,tenD,45.46110126703087,20.360084602332307,959a330d60acda6d,60581b4d4b5f202c
D_0407,nw_retrain_0191_approximately_parallel_easy_seed20269562,2,3289,3291,0.887849398697371,26.896657841647528,0.7199834643740609,sens10,tenD,3.105989952772392,30.00264779441992,2080ea7ba902c48c,c8153bcea3c7a406
D_0408,nw_retrain_0270_approximately_parallel_easy_seed20277435,2,4314,4315,2.7150180792487904,35.796916129688285,2.1365081980500014,sens10,tenD,43.379691241110194,7.582775111421913,6e475074b58fb391,9d3644eafb12056c
D_0409,nw_retrain_0250_vertically_overlapping_hard_seed20275475,1,4088,4091,3.823354217444789,41.31454060123224,0.9516138193234968,sens10,tenD,2.231345307132126,43.54588590836436,a19602177b49ea68,14c2e0c17c68e86f
D_0410,nw_retrain_0600_converging_easy_seed22087551,5,9517,9519,1.1409385849780294,46.27541583389078,0.53678279700447,sens10,tenD,5.475971951192998,51.75138778508378,00dcec78234d982b,a63b8aa13b2fcfcf
D_0411,nw_retrain_0191_approximately_parallel_easy_seed20269562,6,3200,3202,1.165663292535612,51.32081251464999,1.373781702036405,sens10,tenD,95.42085371282658,44.1000411981766,f9a446006212bf06,9d8a3a2365f5ef3f
D_0412,nw_retrain_0600_converging_easy_seed22087551,2,9551,9576,1.6185525851630598,88.07015436746367,1.0215909018230815,sens10,tenD,15.330082519275347,103.40023688673902,0cf21026673b1ff0,2eec092206abbd75
D_0413,nw_retrain_0453_converging_hard_seed20295238,5,7436,7438,2.87276976954984,99.66578626470876,0.5157854041494638,sens10,tenD,139.2339471856585,238.89973345036728,9b0bfcc2c987bc17,3484e33d30775da4
D_0414,nw_retrain_0426_vertically_overlapping_hard_seed20292592,2,6942,6948,1.8351579117581305,116.06804548727683,0.5938219596798896,sens10,tenD,1.4743398051684171,117.54238529244526,5716e9fc478fcd8a,f4156b9656ffe5a8
D_0415,nw_retrain_0214_vertically_overlapping_easy_seed20271816,4,3512,3515,2.598218911549667,125.0722426225596,0.517611660099084,sens10,tenD,126.16183645228438,1.0895938297247914,2ae8673f86c06584,1fb18cd9b4004967
D_0416,nw_retrain_0453_converging_hard_seed20295238,2,7472,7498,0.9400552728636884,180.54722485234376,0.9343589894650228,sens10,tenD,225.4222403519607,44.87501549961696,c599acb67b7fac01,d8b3d2f6c622c049
D_0417,nw_retrain_0471_none_easy_seed20297002,3,7853,7855,0.5753412292154045,192.03426460807069,0.5198321455900174,sens10,tenD,216.32255976403684,24.28829515596615,c9e00ccc72778a3f,b2b289e94f65ec32
D_0418,nw_retrain_0471_none_easy_seed20297002,6,7837,7838,3.007802620033681,200.4162108844868,0.5425218729987296,sens10,tenD,275.8776223717831,75.46141148729635,e962291922612d2a,3cc82dc4577da353
D_0419,nw_retrain_0187_vertically_overlapping_easy_seed20269170,6,3052,3053,2.5810310783031576,205.68070383789285,0.7098047880214289,sens10,tenD,512.765436921931,307.0847330840382,e2da8cbd3a3a2989,477926659615bb12
D_0420,nw_retrain_0547_approximately_parallel_moderate_seed22082619,6,9016,9019,3.2001920702948183,235.72968103085785,1.4254338386433485,sens10,tenD,5.093346922160078,240.8230279530179,ef592433065a198f,43ebd3cec467db75
D_0421,nw_retrain_0426_vertically_overlapping_hard_seed20292592,5,6899,6924,3.1813282816888493,235.89685620001623,1.2068845722604518,sens10,tenD,328.5917155712069,564.4885717712232,200cf0a96b98b27e,d9584a06e4d1e03c
D_0422,nw_retrain_0446_none_easy_seed20294552,3,7427,7433,2.796666516640828,394.3993258281032,0.7580803545599618,sens10,tenD,4.625199900980207,399.0245257290834,f447c227d342241f,f080661e645b6360
D_0423,nw_retrain_0143_none_easy_seed20264858,3,1984,1986,0.865407661390723,438.9105493232777,1.2651620230652432,sens10,tenD,706.5721258162786,267.66157649300084,d481acd0ff1335ae,dbe93fd500b8c5d2
D_0424,nw_retrain_0143_none_easy_seed20264858,4,2006,2007,1.6237277816666345,491.5376250156985,1.4168598522782527,sens10,tenD,511.1087834574933,19.57115844179481,623f121f3eca26ca,ff4603fe68519981
D_0425,nw_retrain_0541_crossing_hard_seed22081769,3,8836,8837,1.1384911716005377,544.1040571777274,0.5474761454611657,sens10,tenD,362.0623790128982,906.1664361906256,625624b660283feb,8ea912ebd3c9c4f7
D_0426,nw_retrain_0493_approximately_parallel_easy_seed20299158,4,8349,8350,2.7901368942843003,553.3308047284181,0.5966426863115323,sens10,tenD,2414.852301564788,2968.183106293206,bbb6a5dfea1c06e3,0a9d91e9dd56cfe5
D_0427,nw_retrain_0248_vertically_overlapping_easy_seed20275410,4,3976,3979,0.5268934130843548,562.3912621820109,0.7564573519932528,sens10,tenD,889.6460163695963,327.2547541875854,16835c63845fec50,8a15bfdc9f73c007
D_0428,nw_retrain_0472_vertically_overlapping_moderate_seed20297231,5,7941,7942,1.7007744924287167,568.0439230460308,0.649415188959789,sens10,tenD,2441.0303875220184,1872.9864644759875,3ad19e2f75a837a5,2c532d52bfd8c981
D_0429,nw_retrain_0487_converging_easy_seed20298701,3,8297,8298,2.193759474737081,604.6843344411903,0.5412010676381291,sens10,tenD,22.48365187809509,627.1679863192854,f96abb4c229c3073,0e108cce67c3448c
D_0430,nw_retrain_0179_none_easy_seed20268517,6,2710,2779,2.2577272353609303,622.9895318117801,0.5576908135505544,sens10,tenD,2194.4303062914764,1571.4407744796963,e3fcecd764414b2a,3c11d5294bbf9567
D_0431,nw_retrain_0214_vertically_overlapping_easy_seed20271816,1,3570,3605,2.6434634038994966,626.8417955764531,2.5941856931994822,sens10,tenD,776.5177356966379,149.67594012018483,fd0b40572e62f087,f3bd143928c7e5bc
D_0432,nw_retrain_0185_none_easy_seed20268974,1,3017,3025,1.8491268198585853,629.0223682519063,1.4855361619306635,sens10,tenD,662.3570628936131,33.3346946417069,9297edd3ae953dcf,f699c1acb5950d8e
D_0433,nw_retrain_0420_converging_moderate_seed20292004,5,6812,6814,3.093168014509071,629.5865715225301,0.6027587686619961,sens10,tenD,644.4482929282295,14.861721405699427,a8f26ebe5a3cf853,5216c7b0d1089e91
D_0434,nw_retrain_0309_none_easy_seed20281257,6,4570,4586,2.617290412482805,656.627674200362,0.5224280409304668,sens10,tenD,1519.6536369801722,863.0259627798102,c64635d963839731,3626755fb333201c
D_0435,nw_retrain_0437_none_easy_seed20293670,4,7214,7239,1.449904027753163,660.8106689567617,0.6894532055023401,sens10,tenD,809.9695175778563,1470.780186534618,b4666aac86cb9b27,fa39068c5490fa53
D_0436,nw_retrain_0596_approximately_parallel_hard_seed22087028,5,9465,9475,2.779211338673418,662.5271809215742,0.6318622438544514,sens10,tenD,667.0598341030632,4.532653181488986,663822f6914444a6,0a31f2a1bf79754c
D_0437,nw_retrain_0500_crossing_easy_seed20299975,4,8534,8535,2.660534225989013,662.6608782564756,0.7747020550563374,sens10,tenD,3.1027999591762088,665.7636782156518,ce3b6e5c79ee14f5,de7cbc5c7b4337ec
D_0438,nw_retrain_0332_crossing_moderate_seed20283380,1,5169,5175,1.857920998165418,672.168374380158,0.6619805144636847,sens10,tenD,956.6211037909044,284.45272941074643,222d2ff89994cb91,e7591de682726a09
D_0439,nw_retrain_0344_converging_easy_seed20284556,2,5353,5354,1.7948885259076148,705.9010668085107,0.5750005327232541,sens10,tenD,772.8484753193208,66.94740851081006,da1ad810def2de15,16f97fc32f8b7df7
D_0440,nw_retrain_0487_converging_easy_seed20298701,5,8292,8309,1.1268426210459035,744.4186914344152,0.6662653017899001,sens10,tenD,863.8147131695512,119.39602173513596,39dfc0f9ca06bd4c,8c3c0b4c4fcb7f37
D_0441,nw_retrain_0500_crossing_easy_seed20299975,3,8552,8554,1.560330632714038,759.0693909586525,0.8874110972919563,sens10,tenD,763.6581638259387,4.588772867286136,a181f6f715b68d81,81f1b1c6d366e511
D_0442,nw_retrain_0344_converging_easy_seed20284556,5,5326,5327,0.9760415306847768,775.7775747765029,0.6319193152490999,sens10,tenD,827.8926587849467,52.1150840084438,c7abf2ce29a4b86e,a9b059183ad3a5ab
D_0443,nw_retrain_0505_crossing_easy_seed22078110,5,8565,8567,2.790873747938981,779.6473825277019,0.6823001469399865,sens10,tenD,976.647413459669,1756.294795987371,798330d61fc8d280,99411bbcbe8de032
D_0444,nw_retrain_0326_converging_hard_seed20282923,5,5031,5062,2.805458400488968,825.1018346437927,0.9892810050885286,sens10,tenD,2488.373900923505,1663.2720662797124,786d12370dd9f3c8,cb3fe5326dda4edf
D_0445,nw_retrain_0404_none_easy_seed20290436,4,6252,6304,2.6710686126081544,829.1623666720621,0.9431239314147774,sens10,tenD,1063.82008255659,234.6577158845279,b6384d19d27028e1,c975b5cdfb0a5273
D_0446,nw_retrain_0505_crossing_easy_seed22078110,1,8633,8634,1.5550009429633267,879.9235429627225,0.7700557663811398,sens10,tenD,1193.1541051543709,313.23056219164835,1b7fb224885208be,5a18332242fd322f
D_0447,nw_retrain_0415_approximately_parallel_easy_seed20291645,4,6659,6667,2.934344840820065,910.3390682793952,0.6284742577005141,sens10,tenD,2417.4501957190137,1507.1111274396185,fb3429a8c6905aa9,66d10b992e924d5b
D_0448,nw_retrain_0468_converging_moderate_seed20296839,3,7792,7876,1.8046436350780912,922.7007416370255,0.7931678707102597,sens10,tenD,34.690050041287115,957.3907916783128,87279ee188d7a871,e046346065928fbf
D_0449,nw_retrain_0171_crossing_easy_seed20267864,3,2660,2663,1.7053794206388118,954.1952127466968,0.6264142526418005,sens10,tenD,2220.4866279370044,1266.2914151903076,f130150288bedac0,47e7e0780e19c6f3
D_0450,nw_retrain_0546_none_easy_seed22082128,4,8870,8902,3.046827654705551,957.090722400988,0.5208030933055542,sens10,tenD,3756.3378956771658,2799.247173276178,6672b8bde3062c44,5c230513dfdbb702
D_0451,nw_retrain_0546_none_easy_seed22082128,3,8965,8966,2.072992269799083,962.4574971657078,0.5237234359994303,sens10,tenD,966.5694773846044,4.111980218896663,89b4ec2ec94b6fbe,192cfc6f95aef76c
D_0452,nw_retrain_0436_none_easy_seed20293834,3,7148,7231,2.8918667832709137,1023.194111593956,0.6983843896711487,sens10,tenD,7.277254485873683,1030.4713660798295,febe99dab570e3d6,13c6ff112424bc61
D_0453,nw_retrain_0596_approximately_parallel_hard_seed22087028,2,9496,9537,1.3366019230596444,1069.235966830479,1.019746595560982,sens10,tenD,3345.317003553351,2276.081036722872,d8d0ee379b78cc1d,daaece164f8c4af3
D_0454,nw_retrain_0404_none_easy_seed20290436,1,6229,6230,1.6323209953984017,1083.3031960505157,1.2321943327867395,sens10,tenD,1377.829306274612,294.52611022409667,9c64f3dfa1e952d8,d2c1e2042a4bc868
D_0455,nw_retrain_0175_vertically_overlapping_easy_seed20267994,1,2680,2682,0.9944696028422784,1147.3636109783963,0.5050358048604879,sens10,tenD,1125.7784477224272,2273.142058700824,0719c5caa063d069,7e8a5507f755d118
D_0456,nw_retrain_0445_none_easy_seed20294454,3,7277,7282,1.3506307930456094,1172.9580506972206,0.6037585270108163,sens10,tenD,3503.077003929796,2330.118953232575,97157f4f43705f2e,0a3a18dbf454f6f2
D_0457,nw_retrain_0332_crossing_moderate_seed20283380,4,5121,5122,1.6246662530323726,1266.102404877336,1.2469124601663923,sens10,tenD,1277.6598516241424,11.55744674680636,41bb9e3850e791f0,c26289c7aa7ebbc5
D_0458,nw_retrain_0436_none_easy_seed20293834,4,7114,7115,3.461523431734265,1308.1703494840413,0.8928958256875315,sens10,tenD,534.249682315114,1842.4200317991551,6a940a8071a1a022,ed4983d8126f7b9b
D_0459,nw_retrain_0321_crossing_easy_seed20282302,3,4854,4873,2.946074497722087,1416.574555224793,1.336210348049694,sens10,tenD,8.858302787631983,1425.4328580124247,716d6f10a3511f71,81f1114be1910ac9
D_0460,nw_retrain_0204_converging_hard_seed20270836,4,3441,3470,2.03263283087862,1465.5318439198556,0.6760495596695341,sens10,tenD,1678.9979283380817,213.46608441822613,ad3848c855142117,234a43f1913e3d6b
D_0461,nw_retrain_0161_none_easy_seed20266753,6,2444,2445,2.679391042102216,1467.0219231712504,2.0961834920643203,sens10,tenD,2200.8839356217386,733.8620124504884,4085075eba4080fb,0e17fb947da695d1
D_0462,nw_retrain_0516_none_easy_seed22079712,5,8636,8637,1.908795728111325,1495.473974226427,0.6261043276672854,sens10,tenD,126.62684675385508,1622.100820980282,2a0e3946651e5cd2,1f4c57c977d98966
D_0463,nw_retrain_0405_vertically_overlapping_hard_seed20290534,2,6348,6397,0.9593387570568138,1583.133598907213,1.4760989677186949,sens10,tenD,2091.4411258762093,508.30752696899646,bb30eda3314d7fc9,92feaaadefad4b42
D_0464,nw_retrain_0459_vertically_overlapping_moderate_seed20296088,5,7656,7658,1.9637800920686663,1623.0115053293052,0.5512824033633656,sens10,tenD,152.8058458920184,1775.8173512213236,dd1c8a7d71349743,e1ae87354eb408d4
D_0465,nw_retrain_0420_converging_moderate_seed20292004,2,6829,6830,2.085811599578404,1647.9615408385143,1.5777389704421323,sens10,tenD,1695.3217169764462,47.36017613793193,449bc0b7cfa0b7f2,c2110c06b422306b
D_0466,nw_retrain_0322_converging_moderate_seed20282662,2,4929,4962,2.552214595631636,1648.2966414708194,0.5128223975692685,sens10,tenD,2700.6389538691387,4348.935595339958,418e09253803a19c,14df1cca42e420e1
D_0467,nw_retrain_0472_vertically_overlapping_moderate_seed20297231,2,7945,7999,2.014431369480849,1733.7138755792753,1.9820652566338377,sens10,tenD,22.3323589800694,1756.0462345593446,6f8b5ee2f5c04544,61a6c50119ea0d70
D_0468,nw_retrain_0409_vertically_overlapping_easy_seed20291319,4,6503,6549,2.2938227714495345,1752.9207052642755,1.1359165600102834,sens10,tenD,2319.8702544017733,566.9495491374976,30c0149d7ab3d1e0,68857b0fe1f16074
D_0469,nw_retrain_0243_converging_hard_seed20274789,4,3884,3885,2.721018525801595,1784.939155512489,0.5041374532218278,sens10,tenD,59.87455771024178,1844.8137132227307,94e6069403334e0e,3a4cba0d4062a9fc
D_0470,nw_retrain_0384_approximately_parallel_moderate_seed20288738,3,5862,5869,1.5770075224398818,1785.457158218648,0.6842708535893319,sens10,tenD,250.5611818384289,2036.0183400570768,d63dc077221c8813,e97721f05c26eb64
D_0471,nw_retrain_0365_none_easy_seed20286614,4,5604,5622,2.3422504742118933,1823.154387090404,0.7006309441651565,sens10,tenD,8.741633394538013,1831.8960204849416,eb1cd1a502472920,ad5ec7fbf9dabfd0
D_0472,nw_retrain_0566_vertically_overlapping_moderate_seed22084088,3,9277,9278,2.016029090288284,1891.9027888366625,0.9937391091019604,sens10,tenD,50.7076445811211,1942.6104334177835,0d3a99fdbbcc5e44,29436e14acb0b06f
D_0473,nw_retrain_0516_none_easy_seed22079712,3,8705,8706,1.6946445976939744,1900.7955337130693,0.7957987435281236,sens10,tenD,2357.461760242192,456.666226529123,954a6b8ee9e8cd07,dc8dc85b989bd39f
D_0474,nw_retrain_0266_none_easy_seed20276912,4,4272,4273,1.6184303922142438,1923.4489253276645,0.6796593614362525,sens10,tenD,5253.729451248799,3330.2805259211345,da96fbb48c489337,8a69b25abf84d537
D_0475,nw_retrain_0416_approximately_parallel_easy_seed20291743,6,6757,6758,2.733603283826998,1926.065719102854,0.5470452516313656,sens10,tenD,757.199744079016,2683.26546318187,6d4c28979eeb7b06,b179bf236dd2b886
D_0476,nw_retrain_0233_converging_hard_seed20273809,5,3746,3775,2.1253955550003947,1926.7593634022248,0.5039972276193109,sens10,tenD,3673.328019546776,1746.5686561445514,954f1f020d49b2af,75eb0a122ae461ea
D_0477,nw_retrain_0158_vertically_overlapping_easy_seed20266328,3,2346,2399,2.631149484190426,2004.6361863883385,0.9383159543778118,sens10,tenD,3698.249310309292,1693.6131239209535,372f2918007000d9,5fa078350bf38cc9
D_0478,nw_retrain_0459_vertically_overlapping_moderate_seed20296088,3,7601,7622,2.92383729192966,2010.676694730924,0.6829592255004194,sens10,tenD,343.8332013184611,2354.509896049385,f6184da583af9dde,e6388453e4afb80d
D_0479,nw_retrain_0493_approximately_parallel_easy_seed20299158,2,8302,8417,1.8669812429999129,2033.399621916316,2.192563657034177,sens10,tenD,2400.5205939628786,367.1209720465631,0d243af45a2609f7,b55b6dd3ad116c19
D_0480,nw_retrain_0416_approximately_parallel_easy_seed20291743,1,6789,6817,1.461983777997622,2051.801491534038,0.5827569911563907,sens10,tenD,2130.001126980337,78.19963544629894,aabc8136f7b20d79,db2454637a6c55a8
D_0481,nw_retrain_0151_approximately_parallel_moderate_seed20265773,3,2198,2199,1.3292983573950117,2149.477582691869,0.7848683501454137,sens10,tenD,2679.457193086132,529.9796103942625,be227bc3ad19d427,0497b4445deceecf
D_0482,nw_retrain_0413_vertically_overlapping_easy_seed20291842,3,6571,6604,1.4737909315197293,2153.126568326512,0.7281028869671339,sens10,tenD,305.34462831878574,2458.471196645298,d540af6c1a4c8f5f,3ea25011d4720ba6
D_0483,nw_retrain_0296_converging_moderate_seed20279983,6,4511,4557,2.615049566705592,2158.719697039358,1.0851407466616791,sens10,tenD,4669.530381901759,2510.810684862401,7cefe86003b99e7e,4ead05a87108d0bf
D_0484,nw_retrain_0314_vertically_overlapping_moderate_seed20281747,5,4715,4720,2.552294540134989,2162.897117696134,0.5339273748001574,sens10,tenD,10298.056900375375,8135.159782679241,f4cf58a04e38ab00,601a0a2abe41a247
D_0485,nw_retrain_0432_converging_moderate_seed20293311,4,7031,7044,2.565636828359921,2174.653917059012,0.5666210535288481,sens10,tenD,6093.587461644735,8268.241378703748,856a6fe8440a3788,78b8892d204fbc71
D_0486,nw_retrain_0570_crossing_easy_seed22084742,4,9294,9339,1.0275765229150344,2184.9251930789123,0.5591811001065476,sens10,tenD,3866.128296957625,6051.053490036537,ecf74989133b5096,6d68006515a35146
D_0487,nw_retrain_0473_converging_moderate_seed20297198,1,8072,8073,1.489093972826342,2254.8868270633634,0.6657413086096174,sens10,tenD,2349.516017284025,94.62919022066151,55016b190083f782,a2d3531f056d10a8
D_0488,nw_retrain_0309_none_easy_seed20281257,1,4641,4643,2.4227439278741127,2275.938449825575,1.810788841741516,sens10,tenD,1.8070381994203943,2277.745488024995,92e56f90c7f757b1,934873bdc9543a8a
D_0489,nw_retrain_0392_approximately_parallel_moderate_seed20289260,4,6145,6198,2.8116121380600485,2343.397915404672,0.7126248379957195,sens10,tenD,5203.918637407519,2860.520722002847,ed8da133a827681e,648f34feb099b03f
D_0490,nw_retrain_0389_vertically_overlapping_easy_seed20289228,3,6141,6142,0.4932686190711061,2353.129698822695,0.554702832560925,sens10,tenD,5895.214757527112,3542.085058704417,a637da17c5dce228,3b3fc7148e939324
D_0491,nw_retrain_0408_crossing_easy_seed20291090,1,6402,6447,1.045508479635062,2356.6505978438563,1.4160483932255434,sens10,tenD,2368.688780786093,12.038182942236704,d3f3df509435dd86,05835b96a06e3542
D_0492,nw_retrain_0380_none_easy_seed20288346,2,5777,5785,1.4130912747966649,2367.72945788012,0.7659479079270336,sens10,tenD,2894.076911060973,526.347453180853,234c0458cf3879f4,6bf10567eb6fbd33
D_0493,nw_retrain_0233_converging_hard_seed20273809,2,3787,3828,2.045528145438198,2369.42845362662,0.6197895774392209,sens10,tenD,6211.306243868748,3841.877790242129,c706bcf434ba098a,24957f2b1b109d3d
D_0494,nw_retrain_0437_none_easy_seed20293670,1,7203,7258,1.6282484140667075,2372.8645043610686,2.475715232227139,sens10,tenD,199.04426147905747,2571.908765840126,3b0b7e1f744d134d,62bdb83aa6d9aa56
D_0495,nw_retrain_0432_converging_moderate_seed20293311,1,7103,7105,1.4794784655753397,2406.541335012198,0.627040917135657,sens10,tenD,8432.176902866797,6025.635567854599,b0c1710ee4a3f896,cef3a7ce44c73f3c
D_0496,nw_retrain_0310_approximately_parallel_moderate_seed20281224,5,4728,4729,1.0819471695635432,2457.3333164233945,0.5033755890619305,sens10,tenD,2916.6963390024766,459.3630225790821,35859cf87d558e58,25b1dc0b178bb94d
D_0497,nw_retrain_0486_none_easy_seed20298603,4,8198,8224,1.968341673688976,2461.084402333217,0.6619257848844593,sens10,tenD,8638.094925682031,6177.010523348814,c19517cd1c028947,1ca0c836d9883059
D_0498,nw_retrain_0204_converging_hard_seed20270836,1,3482,3492,2.140339928180509,2470.970230058084,1.1398580951466846,sens10,tenD,2525.716238225064,54.74600816698005,3073040c44fa6596,ed7cfd456db89e88
D_0499,nw_retrain_0322_converging_moderate_seed20282662,4,4924,4925,2.8377236188386727,2474.867065123135,0.7699871674003735,sens10,tenD,516.9020256410882,2991.769090764223,1bd590bba536e199,81d65a1c17bca8db
D_0500,nw_retrain_0190_none_easy_seed20269464,4,3143,3160,3.18042650320088,2490.929433128405,0.6392170611279584,sens10,tenD,419.2705232000757,2910.1999563284808,b66de8ce9d98580e,f54f9a2fc68c36f1
D_0501,nw_retrain_0141_crossing_easy_seed20264924,6,1923,1989,2.026028180645349,2580.2495132208387,1.3803747703450755,sens10,tenD,1211.035877732117,3791.285390952956,89bfc3cf4bf9efdf,0884f8b79e1153b1
D_0502,nw_retrain_0479_converging_easy_seed20297786,6,8098,8099,2.8239160655122704,2614.0790800626974,0.5045630822146923,sens10,tenD,3092.0485836752387,477.9695036125411,1f5b84401a5c59ff,3499be3e6e06978d
D_0503,nw_retrain_0553_none_easy_seed22082814,3,9090,9091,0.9687463289380308,2617.121131035312,0.5864879982956829,sens10,tenD,2293.428390389986,4910.549521425298,a2b781efd312c543,e9c5c3230e1a5ca4
D_0504,nw_retrain_0203_converging_moderate_seed20270869,3,3416,3419,1.8607414403831788,2627.054569279938,0.5422655518030919,sens10,tenD,7373.379577080293,10000.43414636023,84088192758f1684,f751bcbcf4505542
D_0505,nw_retrain_0413_vertically_overlapping_easy_seed20291842,4,6566,6599,2.688357520445296,2740.655665448653,0.9267821648529256,sens10,tenD,5891.295543473097,8631.95120892175,906e052370845764,5715fa990a6b94bf
D_0506,nw_retrain_0562_crossing_moderate_seed22083696,4,9100,9140,3.1230884285539444,2743.6516415153687,2.4905834150275505,sens10,tenD,2950.785950634064,207.13430911869548,c8c9829ed9719aaa,e105f7f50993284a
D_0507,nw_retrain_0156_crossing_easy_seed20266132,3,2276,2279,1.6273464523864902,2824.9495956116684,0.83693491473064,sens10,tenD,5326.370862636737,2501.4212670250686,c49ac7f1d7f9ebbc,4a9860e738029e27
D_0508,nw_retrain_0570_crossing_easy_seed22084742,2,9320,9321,1.5269771356682134,2831.1785049517875,0.7245746975739931,sens10,tenD,2867.7507273203664,36.57222236857887,ac540d3dc666c657,3d1da3422f6dbf4f
D_0509,nw_retrain_0254_none_easy_seed20275736,3,4118,4119,0.4673060712256131,2873.2310878599665,0.572290064733866,sens10,tenD,463.8458165652193,3337.0769044251856,346d73f39ab43f24,a8fc6367f4a7097c
D_0510,nw_retrain_0369_crossing_easy_seed20287006,4,5732,5733,1.2393359662773475,2881.1966248938243,0.8262626097298114,sens10,tenD,2069.470609622408,4950.667234516232,fff3149294042b2f,ca094ed2707189f6
D_0511,nw_retrain_0156_crossing_easy_seed20266132,5,2292,2294,1.970960928407313,2883.9526926714097,0.8544154928206876,sens10,tenD,3187.5326984065987,303.5800057351889,88ef105dfb790209,3f675718b164fb5d
D_0512,nw_retrain_0479_converging_easy_seed20297786,2,8201,8206,1.446264619878299,2910.395782240488,0.5617573995950726,sens10,tenD,2706.1577542268424,5616.55353646733,c810a300125ea818,16fe38cb195bb87a
D_0513,nw_retrain_0465_vertically_overlapping_hard_seed20296545,2,7703,7746,3.775468904918281,2933.34388676842,1.071165312238187,sens10,tenD,6356.505896504506,3423.1620097360865,7d670d26cbe76c41,5cdefe652995e70e
D_0514,nw_retrain_0221_converging_moderate_seed20272633,5,3618,3648,1.488342863355536,2952.762071093526,0.6718009307468037,sens10,tenD,6496.972487499671,3544.2104164061443,53d5633772459377,d33faf97f84f019c
D_0515,nw_retrain_0431_none_easy_seed20293082,5,7010,7020,3.6124032926526417,2987.394495047858,0.5846032399489609,sens10,tenD,12330.170901285814,9342.776406237956,99d443498818cbfb,d4f3fa1536954fac
D_0516,nw_retrain_0310_approximately_parallel_moderate_seed20281224,1,4698,4724,1.8769367593093,2990.2369205197538,0.6125389100621376,sens10,tenD,60.90421998349025,3051.141140503244,57b6bb15592ed347,b8c427e552a85427
D_0517,nw_retrain_0523_converging_easy_seed22079874,5,8780,8787,2.277531038948588,3012.825073508203,1.5921698532193236,sens10,tenD,1305.8938422516085,4318.718915759811,248e4268de816bcf,1f70d749e9170733
D_0518,nw_retrain_0151_approximately_parallel_moderate_seed20265773,5,2160,2175,2.900556041192241,3046.5583158425784,1.1124317919066795,sens10,tenD,3083.58426723237,37.025951389791736,62d7ef7c68e24c6c,26a4622372c632c7
D_0519,nw_retrain_0323_converging_moderate_seed20282498,2,5006,5007,2.371375763665424,3069.985175430366,0.9614998589912872,sens10,tenD,3094.430514657981,24.44533922761504,9e017aa85a23a0c8,4acdff5436f22900
D_0520,nw_retrain_0346_vertically_overlapping_moderate_seed20285014,1,5484,5487,1.7652488290044457,3109.013443120015,1.8922437936033552,sens10,tenD,3286.2870733634327,177.27363024341793,bad6cdf47f5a9f63,6c32db61fefbd9a5
D_0521,nw_retrain_0181_converging_easy_seed20268582,4,2860,2861,2.302484984339228,3138.511924340397,0.5806218085955529,sens10,tenD,8630.733674066043,11769.24559840644,067f915c46236dda,3b036d86504feb06
D_0522,nw_retrain_0495_vertically_overlapping_moderate_seed20299354,2,8516,8653,1.0804486603851042,3221.0704108139494,0.6437627425842856,sens10,tenD,840.4894365752897,4061.559847389239,f84e6c9e66469c7d,4aa061422d2bc487
D_0523,nw_retrain_0266_none_easy_seed20276912,3,4269,4346,1.4979395158628086,3246.8274240892792,1.1472811285458535,sens10,tenD,2309.020718489515,5555.848142578794,aa7eacb256f77145,9b2b2d36ec0d0137
D_0524,nw_retrain_0224_crossing_easy_seed20273058,3,3740,3742,1.8602249940218123,3270.1220287635106,0.7860564806773552,sens10,tenD,3343.119521826921,72.99749306341042,9249ddd5654fb9b6,78fc29bd1d62e980
D_0525,nw_retrain_0455_converging_easy_seed20295434,1,7644,7646,1.9862850781139303,3298.9414137348112,0.7389151322014761,sens10,tenD,1278.1372580344694,4577.078671769281,4601e79bf6ca2d7f,c6e819878ead0081
D_0526,nw_retrain_0365_none_easy_seed20286614,1,5653,5654,1.0209158465849264,3323.4434989492524,1.2771860534885704,sens10,tenD,115.83093414579363,3439.274433095046,7f4f07f3a093e57b,047d9974e2239e58
D_0527,nw_retrain_0486_none_easy_seed20298603,1,8232,8234,0.8096917250802964,3331.2127020695025,0.8959528492171918,sens10,tenD,215.9282580032923,3547.1409600727948,b2dc97d890289d20,ede70b49fd091b0e
D_0528,nw_retrain_0363_vertically_overlapping_hard_seed20286418,3,5533,5627,2.484354944889665,3334.103596068934,0.6940793108639911,sens10,tenD,9938.631865803003,6604.528269734069,0403a4321c7d1c19,f2e2bab5036392d8
D_0529,nw_retrain_0150_crossing_easy_seed20265675,2,2105,2106,2.106922146576392,3377.375793200112,0.8761460530451154,sens10,tenD,9058.755454016858,5681.379660816747,844b76c9a45c49b2,1a70f206b3164fc5
D_0530,nw_retrain_0465_vertically_overlapping_hard_seed20296545,5,7704,7711,2.8893591891487787,3403.7218904773267,1.2429326264919227,sens10,tenD,3112.199254653266,6515.921145130593,6b2ad76f46c27e92,ec54fecd9f013b4b
D_0531,nw_retrain_0224_crossing_easy_seed20273058,5,3699,3727,2.6259985268578205,3481.319829444366,0.8368232100133743,sens10,tenD,1291.880172194407,4773.200001638773,6953874c08230820,ee32550ecab16a31
D_0532,nw_retrain_0369_crossing_easy_seed20287006,2,5714,5759,3.09360784515726,3555.4508736399566,1.019623614798642,sens10,tenD,5162.564468839218,1607.113595199261,6a6f83852e071778,6aed3d042415370d
D_0533,nw_retrain_0473_converging_moderate_seed20297198,5,7993,7995,4.311119252151784,3808.48177743703,1.1244305531860568,sens10,tenD,3818.081364319743,9.599586882713048,fde3190a1f698a5e,201a785f915f70d5
D_0534,nw_retrain_0296_converging_moderate_seed20279983,2,4501,4608,2.3690251967469864,3844.691505666217,1.9326415638233687,sens10,tenD,4740.835003929737,896.14349826352,4a4fd70448327768,b6b585c9a6360780
D_0535,nw_retrain_0167_approximately_parallel_easy_seed20267472,3,2554,2556,2.382106467776793,3861.810920745849,0.7085870133826386,sens10,tenD,5051.520582811877,1189.7096620660277,721035e193726d54,fb1eccd400a13a33
D_0536,nw_retrain_0523_converging_easy_seed22079874,1,8752,8753,0.9715838727644946,3982.60869016469,2.104665667252272,sens10,tenD,4451.283536049849,468.6748458851592,35c22ab0623731e9,3ac648c7979efd7f
D_0537,nw_retrain_0455_converging_easy_seed20295434,4,7549,7550,2.364945773535071,4144.868795967892,0.9283906229977646,sens10,tenD,23.173022021846627,4168.041817989739,0e68c63d931451c6,7b5546edca310a45
D_0538,nw_retrain_0363_vertically_overlapping_hard_seed20286418,4,5564,5594,2.430769686671109,4181.504966146459,0.8704876743179892,sens10,tenD,1368.3878553855538,5549.892821532013,65179c068de0aa2d,aa90161d59cf2bc2
D_0539,nw_retrain_0181_converging_easy_seed20268582,2,2830,2831,2.1685298178814705,4184.79942267787,0.7741840298776321,sens10,tenD,9570.73378867379,13755.53321135166,4f5e546782f0e80e,67fb2e4d5d2523f2
D_0540,nw_retrain_0431_none_easy_seed20293082,2,6966,6990,2.338945145992622,4236.356737955064,0.8290126659513933,sens10,tenD,8950.508037809452,4714.151299854388,d835dc86b0c81dc7,76fe4ce9ae930338
D_0541,nw_retrain_0385_crossing_hard_seed20288574,1,5968,5969,1.7032152183283686,4450.160376957119,0.8370156744519215,sens10,tenD,5583.158740058521,10033.31911701564,3be954870e2203f5,f9d5fefaad799310
D_0542,nw_retrain_0386_none_easy_seed20288803,3,6012,6059,2.25125409423623,4700.179125222994,0.9621302175052427,sens10,tenD,5025.359575386808,325.18045016381313,a65e25b319436b02,f7ab741d507c61cc
D_0543,nw_retrain_0190_none_easy_seed20269464,3,3189,3229,1.4954374837577704,5512.453205156731,1.4145941231985273,sens10,tenD,5579.431778495243,66.97857333851134,943bf6c08013a1c4,ca1ac18acfb6a623
D_0544,nw_retrain_0203_converging_moderate_seed20270869,5,3367,3403,3.0963395425906874,5755.824472369534,1.1880930720242735,sens10,tenD,8241.136116756526,2485.311644386992,23897352255c1d9c,f6851de689407ddd
D_0545,nw_retrain_0254_none_easy_seed20275736,4,4084,4085,0.6368652825857962,5923.382192368284,1.1798190520201866,sens10,tenD,2617.674922342996,8541.05711471128,c0ae9abd225700a9,ee37424325b5d7ed
D_0546,nw_retrain_0192_crossing_moderate_seed20269660,5,3280,3318,2.818046455876807,6279.463756867077,1.4542167921219824,sens10,tenD,6858.672374915408,13138.136131782485,e06f73d06b82e141,ba86ee80f7543c98
D_0547,nw_retrain_0192_crossing_moderate_seed20269660,2,3337,3394,2.7263630208542664,6455.401770413419,1.4949610377419815,sens10,tenD,10582.513335707734,4127.1115652943145,256a2b6209da657a,a1d77229ebb9eb77
D_0548,nw_retrain_0243_converging_hard_seed20274789,2,3893,3895,1.594591416962731,6590.350369812392,1.861375745507032,sens10,tenD,8731.379075387158,2141.028705574766,32c0d97d7d8f63dd,738e0a1cf4af1274
D_0549,nw_retrain_0341_converging_moderate_seed20284393,1,5268,5271,2.3527273900733694,6907.73059051299,2.15533969975088,sens10,tenD,7465.371286503149,557.6406959901597,fd46fd5eb7be0ecb,6b9467f088cb74b4
