params_sha256,budget,seed,scenario_uid,J_star_cont,cont_target,cont_safety,cont_dls,cont_constructability,cont_mechanical,J_star_old,R_k_eng,joint_pass_ratio,n_completions,n_feasible,any_feasible,evals_total,n_errors,elapsed_sec
3845dd325ea29f93,200,502616834,nw_dual_val_013,507.04643560963734,505.9600345012075,0.0,0.00721388192936671,1.079187226500522,0.0,11.007213881929367,0.0,0.0,110,0,0,220,0,45.43
297d5c072bf1bcb9,200,2662502812,nw_dual_val_012,25.39601607784076,23.59837543871179,0.0,0.0,1.797640639128969,0.0,11.0,0.0,0.0,110,0,0,220,0,47.34
06d7db18c83ea602,200,391425538,nw_dual_val_013,399.97686872338306,398.38820265130676,0.0,0.22387355881130025,1.3447335811957193,0.020058932069247307,11.007213881929367,0.0,0.0,110,0,0,220,0,47.31
2a8c49fa99513d88,200,3978981984,nw_dual_val_013,526.0629095663423,524.133316161627,0.0,0.018790867256992083,1.4567167836932116,0.45408575376518895,11.018790867256993,0.0,0.0,110,0,0,220,0,49.71
4e6bd92564573690,200,4036567435,nw_dual_val_013,531.1244012536439,529.9636929460287,0.0,0.00721388192936671,1.1534944256858526,0.0,11.007213881929367,0.0,0.0,110,0,0,220,0,49.84
a7a58d7785f31b18,200,95303962,nw_dual_val_012,81.97960098448955,80.10508782299077,0.0,0.0,1.8745131614987873,0.0,11.0,0.0,0.0,110,0,0,220,0,50.62
49b5da94d11d94a3,200,2985170100,nw_dual_val_012,44.858530345526525,42.743409498631976,0.0,0.0,2.115120846894551,0.0,11.0,0.0,0.0,110,0,0,220,0,50.97
d1ddf8e091eb3135,200,3314079080,nw_dual_val_013,4.727874453783565,3.775632678022979,0.0,0.0,0.9522417757605867,0.0,4.775632678022979,0.0,0.0,110,0,0,220,0,50.84
023deab493c9a644,200,1223013137,nw_dual_val_013,2.439788837601519,1.1509423856119556,0.049848915078518775,0.0,1.2389975369110442,0.0,2.2007913006904745,0.0,0.0,110,0,0,220,0,51.86
ce23a5468878d31c,200,1371168067,nw_dual_val_013,5.576059625043426,4.194611096510141,0.0,0.0,1.3512049033199462,0.030243625213338548,5.22485472172348,0.0,0.0,110,0,0,220,0,52.4
645287833e274dc6,200,2692893339,nw_dual_val_012,1.7596680724558709,0.6860362120696619,0.0,0.0,1.073631860386209,0.0,1.686036212069662,0.0,0.0,110,0,0,220,0,52.84
d1cfa61175528b22,200,3231881267,nw_dual_val_012,39.389405093333274,38.504394489361104,0.0,0.0,0.8850106039721715,0.0,11.0,0.0,0.0,110,0,0,220,0,53.76
441e4cb569fe22a8,200,3670466571,nw_dual_val_012,115.49659469708958,113.29271751904012,0.0,0.0,1.787731973597038,0.4161452044524247,11.0,0.0,0.0,110,0,0,220,0,55.35
2f7b918a5180c88a,200,3006235269,nw_dual_val_012,38.69853305895316,36.950366131776015,0.0,0.0,1.7481669271771423,0.0,11.0,0.0,0.0,110,0,0,220,0,55.53
d08d047b83a4315c,200,2799229511,nw_dual_val_012,21.640294984646133,20.8256569892318,0.0,0.0,0.8146379954143349,0.0,11.0,0.0,0.0,110,0,0,220,0,55.91
0104a0697d340c5e,200,1038278418,nw_dual_val_012,7.096331474348767,5.793809588331389,0.0,0.0,1.2984978425318119,0.004024043485565585,6.797833631816955,0.0,0.0,110,0,0,220,0,56.3
4d7b44140d09af51,200,843598305,nw_dual_val_012,91.17415182988843,89.39726505020312,0.0,0.0,1.6108956316174772,0.16599114806782614,11.0,0.0,0.0,110,0,0,220,0,56.09
c91d04593c20aa57,200,988912563,nw_dual_val_013,2.7784414142482996,1.3009964763946544,0.0,0.0,1.4189183808339871,0.058526557019658206,2.3595230334143125,0.0,0.0,110,0,0,220,0,57.93
54d5813531027977,200,4152985112,nw_dual_val_013,5.107025092876248,4.048282301254241,0.0,0.0,1.0587427916220078,0.0,5.048282301254241,0.0,0.0,110,0,0,220,0,57.91
8ca8c632faefb439,200,2634675938,nw_dual_val_013,10.553145191136597,8.91710333894912,0.0,0.0,1.6360418521874773,0.0,9.91710333894912,0.0,0.0,110,0,0,220,0,58.1
c56607cc82ee8827,200,3124498350,nw_dual_val_012,807.4954556130773,806.158564674577,0.0,0.12845899832267152,0.9325830244434942,0.27584891573415277,11.128458998322671,0.0,0.0,110,0,0,220,0,59.06
8cbdfe80b49691fc,200,500770649,nw_dual_val_012,21.974588808194486,20.59387589245235,0.0,0.0,1.3345242561309483,0.04618865961119095,10.918963214640293,0.0,0.0,110,0,0,220,0,59.86
b2df99a5efbcb358,200,803238842,nw_dual_val_012,714.7572141337911,713.4743762740067,0.0,0.0,0.9859609179883515,0.29687694179613905,10.658601448869929,0.0,0.0,110,0,0,220,0,60.16
ab864a71ac888ca6,200,2167628144,nw_dual_val_012,358.14008666408284,356.9030899863576,0.0,0.0,0.8970402474156366,0.3399564303095923,11.0,0.0,0.0,110,0,0,220,0,60.19
9c9dae68744f4bfa,200,2735848904,nw_dual_val_012,515.3659425161567,513.6453659268044,0.0,0.0,1.4353281989383269,0.2852483904139061,11.0,0.0,0.0,110,0,0,220,0,60.33
d3a50a10f6b13708,200,636055429,nw_dual_val_012,1381.760188997432,1379.1263518854043,0.0,0.0,1.7506897114306732,0.8831474005969548,10.8,0.0,0.0,110,0,0,220,0,61.15
42910349d754864d,200,2641486076,nw_dual_val_013,417.8840574464797,415.9372181970572,0.0,0.01604902701590394,1.3189757494894379,0.6118144729171685,10.616049027015903,0.0,0.0,110,0,0,220,0,62.41
aa53a02e3e80521a,200,2185306155,nw_dual_val_012,60.36552033104784,59.01720252687912,0.0,0.0,1.0426090124313638,0.3057087917373627,11.0,0.0,0.0,110,0,0,220,0,63.34
9ec58181890285d3,200,3649869772,nw_dual_val_012,703.7004705917464,702.3765535823644,0.0,0.0,0.947443395437292,0.3764736139446356,11.0,0.0,0.0,110,0,0,220,0,63.54
703588914815bed9,200,2133221665,nw_dual_val_012,180.88835560408722,179.60328934291454,0.0,0.0,1.0954862413246589,0.18958001984802675,10.6,0.0,0.0,110,0,0,220,0,67.06
968e52e85b503433,200,3608604442,nw_dual_val_013,9.251240610378304,8.105414279829116,0.0,0.04295135598516812,1.1028749745640187,0.0,9.148365635814285,0.0,0.0,110,0,0,220,0,68.78
f9775c397b749a48,200,2297553882,nw_dual_val_012,16.78793152223153,16.05948477872591,0.0,0.0,0.7284467435056221,0.0,10.844420671266999,0.0,0.0,110,0,0,220,0,75.48
5b22b7d9894c7ef5,200,3594666337,nw_dual_val_015,55.56257837052214,53.66304826649232,0.5715603030139798,0.0,1.2967154463823038,0.03125435463353851,11.0,0.0,0.0,110,0,0,220,0,47.47
4201f6a71e6b3717,200,3312255327,nw_dual_val_015,45.545384428225255,44.48054299692923,0.0,0.0,1.0644985889673324,0.0003428423286954462,10.8,0.0,0.0,110,0,0,220,0,48.47
cc3066f7ea3ee0e9,200,4195299834,nw_dual_val_015,1.9639950192112283,0.5314915978267685,0.0,0.0,1.2274162016176253,0.20508721976683444,1.736578817593603,0.0,0.0,110,0,0,220,0,49.98
86ae0acfb5dacbfa,200,2795082304,nw_dual_val_015,9.617826936005716,8.168807781260544,0.0,0.0,1.4490191547451723,0.0,9.168807781260544,0.0,0.0,110,0,0,220,0,56.81
231377105cf61891,200,2593035011,nw_dual_val_013,202.02249080108157,200.83618467071676,0.0,0.0,1.1622358976232694,0.024070232741533106,11.0,0.0,0.0,110,0,0,220,0,59.68
a0b9af185eafccdc,200,94938797,nw_dual_val_015,16.300803846312252,14.284009491901637,0.0,0.1414343754992006,1.548117736022592,0.3272422428888248,10.8,0.0,0.0,110,0,0,220,0,55.44
f21a866ead8514b7,200,714969379,nw_dual_val_015,3.5875827454323397,3.034554446270168,0.0,0.0,0.5530282991621719,0.0,3.634554446270168,0.0,0.0,110,0,0,220,0,58.95
ffe8261f4195656b,200,3646703802,nw_dual_val_013,219.21597244279354,218.02662454783837,0.0,0.0,1.1893478949551763,0.0,11.0,0.0,0.0,110,0,0,220,0,66.25
6f3eb9f73f6fd9d2,200,2956218019,nw_dual_val_015,77.39271359978491,75.80207601841366,0.0,0.0,1.2549622350459273,0.3356753463253317,10.8,0.0,0.0,110,0,0,220,0,54.67
ba136e973dd45bd3,200,607893683,nw_dual_val_015,40.231386385987044,38.84046113291714,0.3564660166586753,0.0,0.9874085491355489,0.04705068727567848,10.985547269748677,0.0,0.0,110,0,0,220,0,57.93
b84d00bb477a3056,200,2679755216,nw_dual_val_015,9.358342516823987,8.073024844217958,0.0,0.0,1.103410235235725,0.18190743737030393,9.254932281588262,0.0,0.0,110,0,0,220,0,58.9
c75f0b47cd74aeae,200,1306876117,nw_dual_val_015,10.26584523254408,8.694329621899843,0.0,0.0,1.571515610644238,0.0,9.694329621899843,0.0,0.0,110,0,0,220,0,63.06
16016184643e8b6d,200,4039046019,nw_dual_val_015,1016.9272371042534,1014.3602538201369,0.0,0.0,1.4066387336839334,1.160344550432579,10.481761090808325,0.0,0.0,110,0,0,220,0,62.14
e393a71cc68906c8,200,3897234425,nw_dual_val_013,219.1557541538121,218.02662454783837,0.0,0.0,1.1291296059737164,0.0,11.0,0.0,0.0,110,0,0,220,0,68.42
6b1abedcda57634c,200,834975301,nw_dual_val_013,219.2756746449787,218.02662454783837,0.0,0.0,1.2486687959267022,0.0003813012136194634,11.0,0.0,0.0,110,0,0,220,0,68.81
810ca02ee80c8ff4,200,1837384854,nw_dual_val_013,202.08775687888505,200.83618467071676,0.0,0.0,1.2370230865774323,0.014549121590834524,11.005339432905709,0.0,0.0,110,0,0,220,0,65.59
fc433e8b7d0021fa,200,692330621,nw_dual_val_013,202.02841091706858,200.83618467071676,0.0,0.0,1.1730448536541414,0.01918139269767162,11.019181392697671,0.0,0.0,110,0,0,220,0,67.32
679dca4b7d0ffaef,200,1215609258,nw_dual_val_013,219.2314267476354,218.02662454783837,0.0,0.0,1.2048021997970337,0.0,11.0,0.0,0.0,110,0,0,220,0,67.71
8428b3fd14b42611,200,1411621867,nw_dual_val_023,7.6822816700137295,6.340252839735564,0.0,0.0,1.238882086202892,0.10314674407527313,7.443399583810837,0.0,0.0,110,0,0,220,0,51.57
4a6cfdab85b0000c,200,2082999752,nw_dual_val_013,34.74986307215291,32.551477390521605,0.0,0.24317933596951105,1.413886401321117,0.5413199443406823,11.072005807728342,0.0,0.0,110,0,0,220,0,68.36
bcf94e3e57069524,200,193500991,nw_dual_val_023,5.342627134824598,3.6173060383626354,0.0,0.15057095127405104,1.5747501451879118,0.0,4.767876989636687,0.0,0.0,110,0,0,220,0,56.48
3b21adf160b45f29,200,734877469,nw_dual_val_015,1165.3254185208636,1164.1249744064999,0.0,0.0,1.063896169906077,0.1365479444578537,11.051296780382703,0.0,0.0,110,0,0,219,0,59.76
074f2ed60734919e,200,1678303884,nw_dual_val_015,1785.0729525424063,1783.5788867774309,0.0,0.2163290975091233,1.2777366674662394,0.0,11.216329097509123,0.0,0.0,110,0,0,220,0,62.13
543abb6f68fd358d,200,696985355,nw_dual_val_015,10.196810074350584,9.003498845557974,0.0,0.0,0.9829780151105908,0.21033321368201752,10.213832059239992,0.0,0.0,110,0,0,220,0,66.3
bcad1e4f4b996373,200,605140039,nw_dual_val_015,1165.3134859683826,1164.1249744064999,0.0,0.0,1.0762977116362085,0.11221385024643867,11.064281280489851,0.0,0.0,110,0,0,220,0,64.54
39c9fc455629d1d3,200,3473989741,nw_dual_val_023,14.078611185898176,12.665182192492757,0.7298631022134403,0.0,0.6,0.08356589119197978,10.942857142857143,0.0,0.0,110,0,0,220,0,56.05
a412444d9b688d39,200,1450446945,nw_dual_val_015,1165.1589419124814,1164.1249744064999,0.0,0.0,0.9689429617161022,0.06502454426548004,11.06502454426548,0.0,0.0,110,0,0,220,0,65.2
6c4213fa3c4e8e6b,200,4146602170,nw_dual_val_015,1785.2120386261468,1783.5788867774309,0.0,0.2163290975091233,1.4149509894723349,0.001871761734477495,11.2182008592436,0.0,0.0,110,0,0,220,0,68.13
953509b673a59564,200,3223144421,nw_dual_val_015,1785.2344369240122,1783.5788867774309,0.0,0.2163290975091233,1.417748935793702,0.02147211327862711,11.23780121078775,0.0,0.0,110,0,0,220,0,70.73
c2f6a8ec7ab00ad3,200,3398002117,nw_dual_val_015,1785.3116912578782,1783.5788867774309,0.0,0.2163290975091233,1.4702422587191746,0.04623312421905291,11.262562221728176,0.0,0.0,110,0,0,220,0,70.11
420ffa13d87ebc54,200,3779148436,nw_dual_val_015,1165.272415503139,1164.1249744064999,0.0,0.0,1.059613239607917,0.08782785703131406,11.087827857031314,0.0,0.0,110,0,0,219,0,68.93
13d23354750c1b18,200,400800197,nw_dual_val_023,3.7448523470668826,2.2032901655252703,0.0,0.0,1.4498526827744558,0.09170949876715616,3.2949996642924266,0.0,0.0,110,0,0,220,0,60.32
7115a3deac1ddce8,200,2401830787,nw_dual_val_023,2.764271872548153,1.333699808953134,0.0,0.0,1.4305720635950192,0.0,2.333699808953134,0.0,0.0,110,0,0,220,0,39.29
978ea2a1b91ebb0b,200,1398970224,nw_dual_val_023,3.4765928443864196,2.379803640822452,0.03218539332677306,0.0,1.0646038102371944,0.0,3.411989034149225,0.0,0.0,110,0,0,220,0,45.1
b0024c421cfbaf1c,200,3479291742,nw_dual_val_023,6.041314149276531,3.9503847831636145,0.7398272216224971,0.0,1.3511021444904199,0.0,5.645340330519092,0.0,0.0,110,0,0,220,0,42.48
4d3b80ace5195554,200,3109277359,nw_dual_val_023,29.652723128229727,28.83215158138825,0.0,0.0,0.8205715468414789,0.0,11.0,0.0,0.0,110,0,0,220,0,49.18
28874b4934a7c7b8,200,2413162303,nw_dual_val_025,5.365739313389441,4.043649777778535,0.0,0.0,1.2771323644431343,0.04495717116777162,5.088606948946307,0.0,0.0,110,0,0,220,0,39.47
e322faa98b9be734,200,3187463956,nw_dual_val_023,1027.1389265307948,1025.4934544502107,0.0,0.13782689785003654,1.2554999064846013,0.2521452762494521,10.937826897850037,0.0,0.0,110,0,0,220,0,48.62
a32bec3c3ca672bd,200,374270329,nw_dual_val_023,563.0928004188332,561.7897666083968,0.0,0.13782689785003654,0.7579846623425518,0.407222250243848,11.137826897850037,0.0,0.0,110,0,0,220,0,51.38
f8bd766e957479d6,200,2783331381,nw_dual_val_025,971.8702395000792,969.3915544171243,0.0,0.31589526823496206,1.5663093248472324,0.5964804898726654,11.315895268234963,0.0,0.0,110,0,0,220,0,43.79
2e5fdcdc9caf5e11,200,3958002609,nw_dual_val_023,1.018939359033976,0.0,0.0,0.0,1.018939359033976,0.0,1.0,0.02727272727272727,0.02727272727272727,110,3,1,220,0,56.69
5678cc1617f572e1,200,2874876189,nw_dual_val_023,6.244503958922944,3.905513108896595,0.7398272216224971,0.0,1.5991636284038515,0.0,5.645340330519092,0.0,0.0,110,0,0,220,0,55.17
982833889b586371,200,2890169066,nw_dual_val_023,1452.1039628753433,1450.8897299641574,0.0,0.13782689785003654,0.8849273261809785,0.19147868715485383,10.737826897850036,0.0,0.0,110,0,0,220,0,59.08
03e4afcc20c1af1e,200,1203961416,nw_dual_val_023,835.7813490863134,834.5495411716988,0.0,0.13782689785003654,0.8200073403942489,0.2739736763703453,10.937826897850037,0.0,0.0,110,0,0,220,0,61.2
235a7c8b4f6be992,200,3790948577,nw_dual_val_023,1560.8856683012957,1559.5898161709238,0.0,0.2612387857142962,0.9666927413976211,0.06792060325996942,11.329159388974265,0.0,0.0,110,0,0,220,0,57.1
9c6ba0bf2d30dd8e,200,3688055599,nw_dual_val_023,1560.8914805082338,1559.5898161709238,0.0,0.2612387857142962,0.9488379131724338,0.09158763842333127,11.352826424137627,0.0,0.0,110,0,0,220,0,58.89
c2c4bba6fd089559,200,2378557978,nw_dual_val_023,6.828372674567835,4.718885637562309,0.7398272216224971,0.09699749763913212,1.2726623177438963,0.0,6.543442566221001,0.0,0.0,110,0,0,220,0,61.76
26b21bdfd8aabe1c,200,2805440356,nw_dual_val_023,1560.7172702080247,1559.5898161709238,0.0,0.2612387857142962,0.7769296575295539,0.0892855938570337,11.350524379571329,0.0,0.0,110,0,0,206,0,60.53
a67d04830cf79835,200,4149614701,nw_dual_val_023,6.2197053039327095,4.1794557926705815,0.7398272216224971,0.0,1.3004222896396311,0.0,5.806618552380947,0.0,0.0,110,0,0,220,0,61.92
ca21930714649c8d,200,2202648555,nw_dual_val_025,676.5232945612734,675.0789941291152,0.0,0.0,1.3584182810982015,0.08588215105984152,11.0,0.0,0.0,110,0,0,220,0,47.32
165a003aeb4f3632,200,2697699896,nw_dual_val_025,220.41001188915192,219.6776282212502,0.0,0.0,0.7323836679017416,0.0,11.0,0.0,0.0,110,0,0,220,0,51.52
c18c66a728accd10,200,2213685149,nw_dual_val_025,669.2289217356567,668.0522002526596,0.0,0.0,1.0812247428694577,0.09549674012763833,11.0,0.0,0.0,110,0,0,220,0,49.98
47481d63adf08840,200,3810565387,nw_dual_val_025,10.369809520955432,9.133489407811501,0.5591363505752525,0.0,0.6133981845139361,0.0637855780547417,10.333143642947087,0.0,0.0,110,0,0,220,0,65.12
03a7bddb65276d90,200,750662059,nw_dual_val_023,1560.8938578574846,1559.5898161709238,0.0,0.2612387857142962,0.8954148680305245,0.14738803281597324,11.40862681853027,0.0,0.0,110,0,0,206,0,68.69
0ec751b85c26aa3f,200,1468083278,nw_dual_val_025,971.0740606214961,967.8361644463379,0.0,0.31589526823496206,1.786124107091458,1.1358767998317052,11.315895268234963,0.0,0.0,110,0,0,220,0,64.34
e48910469e51ea48,200,504799747,nw_dual_val_025,11.485242692490095,10.514221936268262,0.21225297190197243,0.0,0.694965459477556,0.06380232484230576,10.827776602208035,0.0,0.0,110,0,0,220,0,68.12
05241630f3f92916,200,738741784,nw_dual_val_025,24.361569320429364,22.904799373582136,0.0,0.0,1.38064082005327,0.07612912679395917,10.6,0.0,0.0,110,0,0,220,0,68.9
81c0f51378caa462,200,1935667370,nw_dual_val_025,975.6275521977392,973.8722913798031,0.0,0.31589526823496206,1.2292622124732744,0.2101033372279377,11.115895268234963,0.0,0.0,110,0,0,220,0,68.13
9dd43feb14ed606b,200,1594702186,nw_dual_val_025,179.08679032202238,177.02085991435905,0.7142960528002759,0.02170743692238597,1.3299269179406552,0.0,11.73600348972266,0.0,0.0,110,0,0,220,0,39.86
cd31553c2824a79a,200,590208073,nw_dual_val_025,179.08142590540714,177.02085991435905,0.7142960528002759,0.02170743692238597,1.3245625013254207,0.0,11.73600348972266,0.0,0.0,110,0,0,220,0,36.53
5213224e4b322e81,200,2487699262,nw_dual_val_025,179.0861744281913,177.02085991435905,0.7142960528002759,0.02170743692238597,1.3293110241095794,0.0,11.73600348972266,0.0,0.0,110,0,0,219,0,50.9
4a3a0c51aa666c08,200,3398919620,nw_dual_val_025,972.9917803444966,970.0748625308894,0.0,0.31589526823496206,1.748219988054514,0.852802557317719,11.315895268234963,0.0,0.0,110,0,0,219,0,76.43
0cb6146c45a1dff1,200,260664762,nw_dual_val_025,582.501780018298,580.9706184782472,0.0,0.0,1.4319042278404324,0.09925731221042468,11.0,0.0,0.0,110,0,0,220,0,61.03
4cdbf4b3e36a0ee3,200,1634344412,nw_dual_val_025,4.726356481543692,2.7279289472595307,0.726985943476231,0.0,1.2714415908079302,0.0,4.454914890735761,0.0,0.0,110,0,0,220,0,72.03
ba5b8276f70da65c,200,51845654,nw_dual_val_025,563.9376838381394,562.0823339622237,0.0,0.0,1.6319503720942872,0.22339950382134097,11.0,0.0,0.0,110,0,0,220,0,65.03
7ea127f5c6c9acbb,200,3065793613,nw_dual_val_027,21.29304036273065,20.534955722882977,0.0,0.02896956393743026,0.729115075910242,0.0,10.6,0.0,0.0,110,0,0,220,0,33.58
142ffa4215aff4cc,200,2346951547,nw_dual_val_027,77.00488465105663,74.65175368388887,0.0,0.0,1.599344364666808,0.7537866025009531,11.0,0.0,0.0,110,0,0,220,0,34.55
60812d5529ded162,200,4049027443,nw_dual_val_025,5.7392503820440925,4.392340461489961,0.0,0.0,1.3469099205541322,0.0,5.392340461489961,0.0,0.0,110,0,0,220,0,73.29
0ce8eac616116893,200,2831158622,nw_dual_val_025,5.49940267736142,4.646033008740618,0.0,0.0,0.8533696686208024,0.0,5.646033008740618,0.0,0.0,110,0,0,220,0,77.89
bd56c4f8959b6721,200,1786295836,nw_dual_val_027,35.67057118841759,33.861980570119194,0.0,0.0,1.8085906182983993,0.0,11.0,0.0,0.0,110,0,0,220,0,29.63
b64a9ed46ce26f0e,200,2936138599,nw_dual_val_025,179.08804227619862,177.02085991435905,0.7142960528002759,0.02170743692238597,1.3311788721169209,0.0,11.73600348972266,0.0,0.0,110,0,0,220,0,49.05
d5198db1b7827836,200,1232370118,nw_dual_val_027,21.17787714616392,19.753738228579707,0.0,0.0,1.2098052566171869,0.21433366096702536,10.8,0.0,0.0,110,0,0,220,0,52.83
ac88892d36246b1e,200,1587088148,nw_dual_val_027,18.59490922339613,16.738386410179427,0.0,0.0,1.4480348651291641,0.408487948087539,10.8,0.0,0.0,110,0,0,220,0,52.92
afa0c239d4727d1a,200,795508641,nw_dual_val_027,46.99370509080506,45.08576390678536,0.0,0.0,1.9079411840196965,0.0,11.0,0.0,0.0,110,0,0,220,0,37.01
368f07aae4501e2a,200,285180418,nw_dual_val_027,31.154656722083224,29.60105942170636,0.0,0.03786261283879074,1.5023316816881913,0.013403005849883633,11.0,0.0,0.0,110,0,0,220,0,41.59
4346b78576895a19,200,956294926,nw_dual_val_027,18.99344831054212,17.58584333584843,0.0,0.0,1.389283424145625,0.01832155054806574,10.872283900469416,0.0,0.0,110,0,0,220,0,52.01
7cbe94b405b56c38,200,3133632108,nw_dual_val_027,465.90121461595334,463.63114682994865,0.0,0.0,1.498783843592665,0.7712839424120319,11.0,0.0,0.0,110,0,0,219,0,43.66
97b9c032d9145be6,200,951457058,nw_dual_val_027,108.08639759627657,106.00038780494536,0.0,0.029346888045185704,1.411106642758403,0.6455562605276218,11.0,0.0,0.0,110,0,0,220,0,44.55
cd47535f880f1b2c,200,341177940,nw_dual_val_027,163.6856516757929,162.2538531212334,0.0,0.0,1.4317985545595202,0.0,11.0,0.0,0.0,110,0,0,212,0,42.28
23e51d296a356c2d,200,1391562517,nw_dual_val_027,780.224967339607,779.3821267248575,0.0,0.0,0.6890345107479787,0.1538061040015075,11.094927758768502,0.0,0.0,110,0,0,220,0,36.93
4eed1fb75a2b3bf2,200,2216626445,nw_dual_val_027,44.60180799021374,43.189552490925145,0.0,0.0,1.412255499288597,0.0,11.0,0.0,0.0,110,0,0,220,0,48.68
4e635d1ba24fc998,200,3442646259,nw_dual_val_027,38.95495334949654,36.880142479833545,0.0,0.0,1.7983417195898437,0.27646915007315603,11.0,0.0,0.0,110,0,0,220,0,47.08
1506dc5981e074f8,200,4253860074,nw_dual_val_030,10.087933402631874,7.871658778977901,0.7547315539192786,0.0,1.461543069734695,0.0,9.626390332897179,0.0,0.0,110,0,0,220,0,32.55
172822c0bbdf3c34,200,4261137567,nw_dual_val_027,57.246536601444916,55.711292587074965,0.0,0.0,1.393176458170642,0.1420675561993089,11.0,0.0,0.0,110,0,0,220,0,44.31
ec607e43533b07cc,200,4083473520,nw_dual_val_030,7.5404952155371445,5.290429979576593,0.8196610939794039,0.0,1.430404141981148,0.0,7.110091073555997,0.0,0.0,110,0,0,220,0,27.36
92e1d5de99aef304,200,4064548787,nw_dual_val_030,5.873535631374951,3.1664618371729385,0.8196811533630316,0.0,1.8763463747747544,0.011046266064226101,4.997189256600197,0.0,0.0,110,0,0,220,0,34.21
5ddddd45e279351f,200,970927964,nw_dual_val_027,57.51966533937376,56.19538704449592,0.0,0.0,0.9912979130325977,0.332980381845243,11.0,0.0,0.0,110,0,0,220,0,55.78
f12b8f0ae501d39f,200,4076696232,nw_dual_val_030,24.423675792840843,23.12029394034512,0.0,0.0,1.2896294799645065,0.013752372531213648,10.8,0.0,0.0,110,0,0,220,0,35.81
fe076dc549fea488,200,320388248,nw_dual_val_030,13.190376955729224,11.779206817320429,0.0,0.0,1.260346683750119,0.15082345465867694,11.0,0.0,0.0,110,0,0,220,0,30.8
79c4ef44f7797f24,200,4226939201,nw_dual_val_030,5.4234300603655035,3.1210428075693306,0.8196610939794039,0.0,1.4827261588167688,0.0,4.940703901548734,0.0,0.0,110,0,0,220,0,27.03
63084358a2538a0d,200,1984435465,nw_dual_val_027,780.37547981258,779.3821267248575,0.0,0.0,0.7357217986474559,0.25763128907513827,11.199036928245581,0.0,0.0,110,0,0,206,0,43.81
f20112858c24bee0,200,3111302519,nw_dual_val_030,539.8969757463816,538.0218729524615,0.0,0.018803805043685468,1.456942281090555,0.39935670778589105,10.6,0.0,0.0,110,0,0,220,0,34.54
95034cf0f06e6492,200,1474425021,nw_dual_val_030,80.53468106134423,79.95210642193165,0.0,0.0,0.5825746394125897,0.0,10.8,0.0,0.0,110,0,0,220,0,43.57
ce1684c91e7ff11e,200,1572354975,nw_dual_val_030,7.577217189154871,5.134547676047557,0.8196610939794039,0.0,1.6230084191279104,0.0,6.954208770026961,0.0,0.0,110,0,0,220,0,34.89
73ee0debb5e2bd36,200,1483246154,nw_dual_val_030,13.368857963590232,12.07178684697197,0.0,0.0,1.105414077505643,0.19165703911262022,10.8,0.0,0.0,110,0,0,220,0,36.91
6694b86a23191169,200,3440591681,nw_dual_val_030,6.974468561950822,4.936535791556345,0.8196610939794039,0.0,1.2182716764150732,0.0,6.756196885535749,0.0,0.0,110,0,0,220,0,32.97
1ba3f02568cb3c1c,200,2127772279,nw_dual_val_030,399.22466965829926,397.7510433643597,0.0,0.10675548861191893,1.0944902280159081,0.27238057731178206,10.90675548861192,0.0,0.0,110,0,0,220,0,38.18
4f116bd929d812d7,200,2579866496,nw_dual_val_027,85.36322831564777,83.02414382830378,0.0,0.3431413529454301,1.8613987274817965,0.13454440691677905,11.34314135294543,0.0,0.0,110,0,0,220,0,56.85
fd9b56e20d99876e,200,3842316304,nw_dual_val_030,165.61238557973658,162.72286947339285,0.8792600819461612,0.15271774420964576,1.6673022254968601,0.19023605469106988,12.031977826155806,0.0,0.0,110,0,0,220,0,33.64
cb6393fd1720e8a9,200,883717441,nw_dual_val_030,165.5161147576814,162.73357606957612,0.8792600819461612,0.15271774420964576,1.733106799787945,0.017454062161523256,12.031977826155806,0.0,0.0,110,0,0,220,0,33.36
24bb28fe78d6a8cc,200,426342033,nw_dual_val_030,517.0523894388638,515.1910382567052,0.91107471387626,0.0,0.9502764682824008,0.0,11.91107471387626,0.0,0.0,110,0,0,220,0,29.76
4b26fd5a99aaee54,200,1728003910,nw_dual_val_027,780.2337447978144,779.3821267248575,0.0,0.0,0.6892144896798833,0.16240358327705381,11.128289770819823,0.0,0.0,110,0,0,206,0,58.71
47fe1aff5dca5f13,200,3206366121,nw_dual_val_030,517.2880340783589,515.1910382567052,0.91107471387626,0.0,1.1859211077774807,0.0,11.91107471387626,0.0,0.0,110,0,0,220,0,31.19
9951a0ad3b6524d8,200,1664253882,nw_dual_val_027,780.4563280706498,779.3821267248575,0.0,0.0,0.8641516694812601,0.2100496763109927,11.210049676310993,0.0,0.0,110,0,0,220,0,59.0
c7d69bcffd861897,200,3059104330,nw_dual_val_030,517.2768288727045,515.1910382567052,0.91107471387626,0.0,1.174715902123069,0.0,11.91107471387626,0.0,0.0,110,0,0,220,0,32.89
af78090b1bc8efd3,200,1381175557,nw_dual_val_037,6.300109861603083,3.653150352145614,0.8385270861433778,0.0,1.8084324233140907,0.0,5.491677438288992,0.0,0.0,110,0,0,220,0,31.78
5953f23375dc8af3,200,1837856629,nw_dual_val_030,517.1187423353728,515.1910382567052,0.91107471387626,0.0,1.0166293647913478,0.0,11.91107471387626,0.0,0.0,110,0,0,220,0,33.16
dfaa29cd466b4d4e,200,360713463,nw_dual_val_037,5.0396197343611036,3.7875383310046846,0.0,0.0,1.2520814033564194,0.0,4.787538331004685,0.0,0.0,110,0,0,220,0,33.1
d4d6570c97df206e,200,3621718847,nw_dual_val_030,175.72514889945464,172.97843461988177,0.8792600819461612,0.15271774420964576,1.392131782713451,0.3226046707036027,12.031977826155806,0.0,0.0,110,0,0,220,0,47.86
dfb036fb426efd59,200,3417369771,nw_dual_val_037,3.933632606048217,2.5028830217123317,0.09100519572300565,0.0,1.3076840411886894,0.032060347424190415,3.6259485648595278,0.0,0.0,110,0,0,220,0,31.34
a64923e7bf47f833,200,3214957369,nw_dual_val_030,190.10255040432008,187.71178327160968,0.8792600819461612,0.15271774420964576,1.3587893065545997,0.0,12.031977826155806,0.0,0.0,110,0,0,220,0,39.98
a57c1b35fe921d80,200,11981855,nw_dual_val_037,6.335161942363583,5.192623659439398,0.0,0.0,1.1425382829241848,0.0,5.772240305846139,0.0,0.0,110,0,0,220,0,28.88
65f645f34f10907d,200,3225007623,nw_dual_val_037,4.142325326194049,3.078124076669474,0.0,0.0,1.064201249524575,0.0,3.9797911938069013,0.0,0.0,110,0,0,220,0,28.01
7b365bf0445d392b,200,937270476,nw_dual_val_037,476.22405942565797,474.96741664097476,0.0,0.22716407735982536,1.0294787073234057,0.0,11.227164077359825,0.0,0.0,110,0,0,220,0,26.04
cbb4b180bb441dd5,200,2290469335,nw_dual_val_037,576.8521275316714,575.1917868829502,0.17713940775968032,0.07458631928811006,1.1833124717142491,0.2253024499593117,11.17713940775968,0.0,0.0,110,0,0,220,0,30.02
5897da1ec0115b00,200,2181821742,nw_dual_val_037,5.586996250901905,4.4282983848433055,0.0,0.0,1.1421422463877657,0.01655561967083328,5.444854004514139,0.0,0.0,110,0,0,220,0,28.71
476ce76dae4f0985,200,762885429,nw_dual_val_037,476.2667260619434,474.96741664097476,0.0,0.22716407735982536,1.0721453436088548,0.0,11.227164077359825,0.0,0.0,110,0,0,219,0,26.98
c828aef612fc4f46,200,2804042263,nw_dual_val_037,461.34355730351507,459.6492621629721,0.17713940775968032,0.0,1.4638182044839154,0.05333752829939625,11.17713940775968,0.0,0.0,110,0,0,220,0,30.93
7b4bce00183031e6,200,1611689454,nw_dual_val_037,6.465685874574319,4.937795135737667,0.0,0.0,1.527890738836652,0.0,5.937795135737667,0.0,0.0,110,0,0,220,0,29.44
e469cde88a3e1dff,200,2072225373,nw_dual_val_037,323.3972662802949,322.3716582689492,0.0,0.1467385606691661,0.8788694506765113,0.0,11.146738560669165,0.0,0.0,110,0,0,220,0,30.58
3971a8be6e99e199,200,2576381402,nw_dual_val_037,654.8346165933146,654.1153012706521,0.0,0.0,0.7193153226625002,0.0,11.0,0.0,0.0,110,0,0,220,0,26.25
4d174a532e945c91,200,3462389398,nw_dual_val_037,225.29994016976727,223.84385103590117,0.17713940775968032,0.0,1.0232385559377906,0.25571117016864775,11.17713940775968,0.0,0.0,110,0,0,220,0,33.07
1ef2b96f717a3edd,200,712987171,nw_dual_val_037,476.23996695865407,474.96741664097476,0.0,0.22716407735982536,1.0453862403195076,0.0,11.227164077359825,0.0,0.0,110,0,0,219,0,35.68
6fc002bb8c6ed35d,200,2826071264,nw_dual_val_037,216.900184034728,214.90012176677754,0.17713940775968032,0.0,1.4712385025548458,0.35168435763592426,11.17713940775968,0.0,0.0,110,0,0,220,0,40.11
7cff0a6e7d1af748,200,1192793118,nw_dual_val_037,476.220013311569,474.96741664097476,0.0,0.22716407735982536,1.025432593234431,0.0,11.227164077359825,0.0,0.0,110,0,0,219,0,35.97
d22da36bc21b5bbf,200,3876680671,nw_dual_val_037,654.8434364722164,654.1153012706521,0.0,0.0,0.7281352015642185,0.0,11.0,0.0,0.0,110,0,0,220,0,32.55
a7906845ab77929b,200,2362538195,nw_dual_val_037,654.8354012756058,654.1153012706521,0.0,0.0,0.720100004953735,0.0,11.0,0.0,0.0,110,0,0,216,0,32.15
1b12d50eabb2ef5d,200,846029871,nw_dual_val_037,654.7964870270825,654.1153012706521,0.0,0.0,0.6811857564304331,0.0,11.0,0.0,0.0,110,0,0,220,0,38.34
4b7a903a529f72a2,200,1942634741,nw_dual_val_039,16.846461166165618,15.683775011126741,0.0,0.0,1.1626861550388763,0.0,10.6,0.0,0.0,110,0,0,220,0,46.2
dc77d13ffd9d91d7,200,3087689093,nw_dual_val_039,6.354854614351638,4.363381010353637,0.0,0.0,1.709150753975576,0.2823228500224249,5.645703860376061,0.0,0.0,110,0,0,220,0,49.38
dfcae99e57676d0d,200,1919483546,nw_dual_val_039,27.15003169984725,25.997516888194014,0.0,0.0,1.146761177834565,0.005753633818670715,11.0,0.0,0.0,110,0,0,220,0,47.29
83f082baf0208dad,200,2736797282,nw_dual_val_039,8.095979549033117,7.342556470356138,0.0,0.0,0.7534230786769799,0.0,8.142556470356139,0.0,0.0,110,0,0,220,0,50.55
4c007abaa0ec18cb,200,1655622262,nw_dual_val_039,283.69404374489693,281.7435997961496,0.0,0.0,1.2223938714489275,0.7280500772983842,10.6,0.0,0.0,110,0,0,220,0,50.82
ca916bb09043e01a,200,1819348838,nw_dual_val_039,249.18614118038695,247.82445654247778,0.0,0.0,0.8118955725699559,0.5497890653392042,10.6253691321097,0.0,0.0,110,0,0,220,0,52.01
24946d2bbe7b0117,200,893373616,nw_dual_val_039,858.7828505526418,857.6681986738516,0.0,0.0,0.9025113582866633,0.21214052050343402,10.4,0.0,0.0,110,0,0,220,0,52.26
6734d4adb515bdfa,200,1463548300,nw_dual_val_039,6.744012452664508,5.611358202614852,0.0,0.0,1.1080814065449964,0.02457284350466024,6.635931046119512,0.0,0.0,110,0,0,220,0,58.66
a339132b0cec4b88,200,1343432948,nw_dual_val_039,7.300384473140976,5.2642175451103,0.0,0.0,1.7954997805091373,0.24066714752153842,6.504884692631839,0.0,0.0,110,0,0,220,0,61.27
75e025c25cb6496a,200,2606703988,nw_dual_val_039,26.869927300648005,25.26388167083141,0.0,0.0,1.531976374117621,0.07406925569897327,11.0,0.0,0.0,110,0,0,220,0,65.53
3cf2a7ddd707e402,200,983289174,nw_dual_val_039,5.871312819058535,4.714816101772218,0.0,0.0,1.1467971600642481,0.009699557222069062,5.724515658994287,0.0,0.0,110,0,0,220,0,63.94
0fc799f412afb9ca,200,2026992168,nw_dual_val_039,137.5930084194556,135.17721364307684,0.0,0.0,1.4781793037875421,0.9376154725911953,10.4,0.0,0.0,110,0,0,220,0,60.15
7acd20dae9cc7735,200,3222745069,nw_dual_val_039,29.573222544963546,28.00750483226262,0.0,0.11729602657751344,1.4484216861234136,0.0,11.0,0.0,0.0,110,0,0,220,0,62.15
b628035e91dff01f,200,1125198817,nw_dual_val_039,26.869779024099714,24.687113973649844,0.0,0.10634972774993612,2.0763153226999327,0.0,11.0,0.0,0.0,110,0,0,220,0,63.35
422f1badd9a4af49,200,413900406,nw_dual_val_041,2.652529564845282,1.1934963215560166,0.0,0.18362793591083607,1.2706371456137346,0.004768161764694483,2.381892419231547,0.0,0.0,110,0,0,220,0,67.78
4ba0d91cfd5b299c,200,4289703253,nw_dual_val_041,4.252424423052153,3.031382258287244,0.0,0.10400208931159775,0.9741438387203679,0.14289623673294383,4.278280584331785,0.0,0.0,110,0,0,220,0,69.13
df71e4c432257994,200,135329777,nw_dual_val_039,24.35627626500555,22.59953286158014,0.0,0.0,1.7567434034254117,0.0,11.0,0.0,0.0,110,0,0,220,0,70.3
b61524e0365b52c2,200,4112232221,nw_dual_val_039,36.95491589045423,35.34858652278332,0.0,0.0,1.6042598893918325,0.002069478279072371,11.0,0.0,0.0,110,0,0,206,0,72.09
8aac8627c19c4efd,200,3309007388,nw_dual_val_041,6.120274881493602,4.7539506354300745,0.0,0.07115701400462242,1.2951672320589047,0.0,5.825107649434697,0.0,0.0,110,0,0,220,0,69.79
5664ebbb75540402,200,582201666,nw_dual_val_041,88.06711967984745,86.0293653828192,0.0,0.0,1.3796772565492617,0.6580770404789952,10.8,0.0,0.0,110,0,0,220,0,75.45
b9d20034dfec047e,200,3307358719,nw_dual_val_041,251.87211065517775,250.59930327913742,0.0,0.0,1.0746992432571472,0.19810813278318462,10.6,0.0,0.0,110,0,0,220,0,70.43
747d2d5fd116cc4d,200,2983089967,nw_dual_val_041,801.1457654566746,801.1457654566746,0.0,0.0,0.0,0.0,10.2,0.0,0.0,110,0,0,219,0,79.44
cf5b59cae2d83fa1,200,3418506541,nw_dual_val_039,21.144595936193877,18.593723421979686,0.0,0.13085736360287825,2.034120383158437,0.38589476745287327,11.130857363602878,0.0,0.0,110,0,0,220,0,87.92
a3f608ad15a79423,200,3457375020,nw_dual_val_041,188.88435547989752,186.97033268557283,0.0,0.07624182696471819,1.1788882560075193,0.6588927113524489,10.87624182696472,0.0,0.0,110,0,0,218,0,75.65
8f5fe26e47440446,200,1617696073,nw_dual_val_041,785.6205037442711,784.0511031886344,0.0,0.0,1.3636170034584607,0.20578355217819558,10.4,0.0,0.0,110,0,0,219,0,77.4
6974b69809a40717,200,1604846408,nw_dual_val_041,130.99919536198263,128.05387597624767,0.0,0.0,1.565705155512846,1.37961423022211,10.8,0.0,0.0,110,0,0,220,0,84.1
767aa6290162efd6,200,3575679294,nw_dual_val_039,67.27371875981767,65.69307035078515,0.0,0.0,1.5630615273869897,0.01758688164553367,11.017586881645533,0.0,0.0,110,0,0,220,0,92.38
8ffbcd2b11cb4c1c,200,4155970502,nw_dual_val_039,74.67835894991244,73.01572734444679,0.0,0.3178790327870362,1.3447525726786165,0.0,11.317879032787037,0.0,0.0,110,0,0,220,0,93.79
96cff6506c14128b,200,2696585863,nw_dual_val_041,189.60324581494936,187.42770339146406,0.0,0.07624182696471819,1.2297882158400015,0.8695123806805891,10.87624182696472,0.0,0.0,110,0,0,218,0,79.31
f5e0845b8be07a58,200,3426281369,nw_dual_val_039,13.647716155347046,11.828993498732057,0.0,0.03685227887317177,1.35841996994368,0.42345040779813764,11.0,0.0,0.0,110,0,0,220,0,97.14
4c0aad0ee27f2077,200,1976638679,nw_dual_val_041,195.51403562537772,194.84078095460202,0.0,0.07624182696471819,0.5970128438109769,0.0,11.076241826964718,0.0,0.0,110,0,0,220,0,81.91
4043b25fd5e3ef72,200,2142180648,nw_dual_val_041,187.19951057793156,184.45183114209215,0.0,0.07624182696471819,1.707651239058638,0.9637863698160664,11.081754597909985,0.0,0.0,110,0,0,220,0,91.84
f36b350932da86a3,200,1783767511,nw_dual_val_041,12.16447348800351,11.251840125780213,0.0,0.029389065118877806,0.8832442971044202,0.0,11.0,0.0,0.0,110,0,0,220,0,68.2
9c4444863fc727c8,200,1107897039,nw_dual_val_041,13.614678278148926,12.393798866977718,0.0,0.21800544611456033,1.002873965056647,0.0,11.21800544611456,0.0,0.0,110,0,0,206,0,73.4
4822517af3c5d1e0,200,1859015800,nw_dual_val_041,544.9370183999221,543.5488629788423,0.6808900745019825,0.0,0.707265346577723,0.0,11.680890074501983,0.0,0.0,110,0,0,220,0,94.56
4220ca36949468fb,200,44497126,nw_dual_val_041,18.927202499926345,17.913179017996775,0.0,0.0,1.0140234819295693,0.0,11.0,0.0,0.0,110,0,0,220,0,76.45
ddad2f293d33643a,200,3369967327,nw_dual_val_041,544.891737006263,543.5488629788423,0.6808900745019825,0.0,0.6619839529186692,0.0,11.680890074501983,0.0,0.0,110,0,0,220,0,90.15
cd54c0fdae3ea56f,200,1431107526,nw_dual_val_048,7.336783134619246,5.5354713615002575,0.0,0.21405729720515643,1.496227099481957,0.09102737643187549,6.840556035137289,0.0,0.0,110,0,0,220,0,71.13
0eb786fcfd8a7118,200,2479977732,nw_dual_val_048,1.969010757323571,0.21280973905510991,0.0,0.0,1.7562010182684609,0.0,1.21280973905511,0.0,0.0,110,0,0,220,0,71.28
d13f2ac4021c487b,200,1921584527,nw_dual_val_041,15.93748011928936,14.966838979558313,0.0,0.0,0.9706411397310468,0.0,11.0,0.0,0.0,110,0,0,219,0,79.6
969c1d122cab45ae,200,1522932459,nw_dual_val_048,4.238966955187105,3.2061653888683823,0.0,0.0,1.0328015663187229,0.0,4.206165388868382,0.0,0.0,110,0,0,220,0,71.14
b84bf0fa993995e8,200,648543208,nw_dual_val_041,544.8982465458855,543.5488629788423,0.6808900745019825,0.0,0.6684934925412414,0.0,11.680890074501983,0.0,0.0,110,0,0,219,0,90.05
b7cf0fef9d73cea6,200,1583103754,nw_dual_val_041,544.9158923249199,543.5488629788423,0.6808900745019825,0.0,0.686139271575614,0.0,11.680890074501983,0.0,0.0,110,0,0,220,0,94.45
5f04ca1611a2d5f5,200,1233491042,nw_dual_val_048,1.8427634617441409,0.0,0.0,0.0,1.7901425898038443,0.052620871940296625,1.0526208719402965,0.00909090909090909,0.00909090909090909,110,1,1,220,0,74.11
90fd8f77a1778345,200,2521484474,nw_dual_val_048,13.471787595714236,12.24991575492128,0.0,0.0,1.198802882171784,0.023068958621172374,11.0,0.0,0.0,110,0,0,220,0,67.78
a3e38e1a47bf24d2,200,352383403,nw_dual_val_048,14.24954442636804,12.914434144240062,0.0,0.0,1.335110282127979,0.0,11.0,0.0,0.0,110,0,0,220,0,72.72
6b36a992ffbba57b,200,1305577224,nw_dual_val_048,3.3155327762182925,2.0674425653612443,0.0,0.0,1.2332818477474536,0.014808363109594136,3.0822509284708386,0.0,0.0,110,0,0,220,0,71.35
0e3b077dd486b0c8,200,907964473,nw_dual_val_048,4.3508450695759775,3.3513033787688578,0.0,0.0,0.9892112426899246,0.010330448117195235,4.300510843902348,0.0,0.0,110,0,0,220,0,72.47
acadf81517f55776,200,714959737,nw_dual_val_048,74.85426802609344,73.64490660862818,0.0,0.0,0.9509731694151246,0.25838824805014543,11.0,0.0,0.0,110,0,0,220,0,71.74
7e59364714f91426,200,1138066515,nw_dual_val_048,5.14164220362524,3.776643741622636,0.0,0.0,1.364998462002604,0.0,4.776643741622636,0.0,0.0,110,0,0,220,0,63.37
dbfc0386b6cf8cd3,200,1640634729,nw_dual_val_048,9.506470082648164,7.777731833525229,0.0,0.0,1.7287382491229348,0.0,8.777731833525229,0.0,0.0,110,0,0,220,0,61.1
4d5de3f8f999d9c6,200,1189827272,nw_dual_val_048,21.247182969881795,19.91789372162348,0.0,0.019333479313524766,1.3099557689447923,0.0,11.0,0.0,0.0,110,0,0,220,0,61.09
5de7112e4f53adaa,200,4082825090,nw_dual_val_048,84.02111410460915,82.34563007525077,0.0,0.0,1.305044891646517,0.37043913771187315,10.8,0.0,0.0,110,0,0,220,0,76.99
6eb8192cbbdbcd32,200,1297713115,nw_dual_val_048,76.22300055374286,75.4722281810003,0.0,0.0,0.478746336595003,0.2720260361475452,10.8,0.0,0.0,110,0,0,220,0,79.33
a2b77bbf1e300a11,200,3924391560,nw_dual_val_048,15.273658203918332,13.393460763593774,0.0,0.0,1.8801974403245574,0.0,11.0,0.0,0.0,110,0,0,220,0,73.17
788c6a8e1d3f1c4d,200,4080926491,nw_dual_val_048,68.18662091599323,66.40355346486479,0.0,0.0,1.4357058991277845,0.34736155200066937,11.0,0.0,0.0,110,0,0,220,0,78.45
99889fbd7c5327ca,200,1560442041,nw_dual_val_048,1010.7384263697777,1009.4058911090424,0.0,0.0,1.33253526073536,0.0,11.0,0.0,0.0,110,0,0,219,0,79.58
5bd426d7e9be55e7,200,3592619752,nw_dual_val_048,979.4548787387179,977.702672531068,0.0,0.0,1.4365921013114427,0.3156141063384284,11.002567620373751,0.0,0.0,110,0,0,216,0,82.07
d68c5eb186c765f6,200,2752517106,nw_dual_val_049,6.95112609272471,5.346829973486649,0.0,0.19291593834344342,1.4113801808946174,0.0,6.539745911830092,0.0,0.0,110,0,0,220,0,84.17
8a687a58cf15d9af,200,3522342587,nw_dual_val_048,983.3441248712654,981.7312656835609,0.0,0.0,1.3297114198575664,0.2831477678469931,11.025211178730522,0.0,0.0,110,0,0,216,0,86.0
63ae032f1c6dc07c,200,1690402893,nw_dual_val_049,6.1231144436004294,4.540656843483248,0.0,0.054687493518886875,1.5271942379091012,0.0005758686891939786,5.595920205691328,0.0,0.0,110,0,0,220,0,87.26
5637d39c6320b761,200,4184471681,nw_dual_val_049,7.492946931172435,6.612407354867806,0.0,0.0,0.8805395763046289,0.0,7.607132877453442,0.0,0.0,110,0,0,220,0,84.09
2092103fa0317bf1,200,2808713210,nw_dual_val_048,938.9763899959215,937.4890859167951,0.0,0.0,1.0962676828889475,0.39103639623733605,11.064475259726413,0.0,0.0,110,0,0,220,0,103.27
5c7a4e294e540993,200,2877973503,nw_dual_val_049,9.328146346294357,7.849460178171599,0.0,0.04859562439269268,1.4300905437300653,0.0,8.898055802564292,0.0,0.0,110,0,0,220,0,78.52
a4046a5c6f7a57ec,200,3018262742,nw_dual_val_049,11.494962771526017,9.64433458554577,0.0,0.0,1.8506281859802467,0.0,10.64433458554577,0.0,0.0,110,0,0,220,0,78.5
1d7141c08bdf4490,200,2231082072,nw_dual_val_049,1248.5790119037415,1246.341947787853,0.0,0.11422723971765943,1.5388414490726663,0.5839954270982805,10.514227239717659,0.0,0.0,110,0,0,220,0,98.29
2d0cf049e8bfbceb,200,649792054,nw_dual_val_049,12.201268432408561,10.181229617345634,0.0,0.019325930795241735,2.000712884267684,0.0,10.8,0.0,0.0,110,0,0,220,0,79.4
33644038c4f8c958,200,2939005675,nw_dual_val_049,11.251179920867054,9.817823221508434,0.0,0.004644681100491137,1.4287120182581308,0.0,10.822467902608924,0.0,0.0,110,0,0,220,0,85.03
9ea057aca98fea22,200,3763901251,nw_dual_val_049,431.8945568892485,430.7497151114788,0.0,0.07310654090967923,1.0717352368600632,0.0,11.073106540909679,0.0,0.0,110,0,0,217,0,75.57
eb0cb775e9ab4123,200,1250271640,nw_dual_val_049,1261.5843269965862,1259.0767906064893,0.0,0.022227005713077858,1.4373787024744218,1.0479306819092804,10.622227005713077,0.0,0.0,110,0,0,220,0,89.83
20e304e3f38a9f83,200,4115518190,nw_dual_val_049,683.934075984793,681.4939727810336,0.0,0.0,1.2618337166501095,1.178269487109314,11.0,0.0,0.0,110,0,0,220,0,92.41
c0d90ad00bf0dd85,200,415580956,nw_dual_val_049,432.07439332166496,430.7497151114788,0.0,0.07310654090967923,1.2515716692764487,0.0,11.073106540909679,0.0,0.0,110,0,0,220,0,84.37
4f6ee1da4c3ca0f6,200,2585651378,nw_dual_val_049,854.7341834450486,853.1912097595125,0.0,0.0,1.1460338487531154,0.3969398367830906,11.0,0.0,0.0,110,0,0,220,0,95.92
fe49073da37d428f,200,1452545805,nw_dual_val_049,1257.01340186856,1255.9042358854772,0.0,0.0,0.8185988228734683,0.2905671602096192,10.6,0.0,0.0,110,0,0,220,0,97.47
2aae226891eb9ab6,200,2124564030,nw_dual_val_049,431.91936176403937,430.7497151114788,0.0,0.07310654090967923,1.0965401116509084,0.0,11.073106540909679,0.0,0.0,110,0,0,220,0,84.22
2a51700d7fb2b860,200,174809529,nw_dual_val_050,1.9512621616244072,0.8583771533630524,0.0,0.0,1.0928850082613548,0.0,1.8583771533630524,0.0,0.0,110,0,0,220,0,82.6
919ddf7684eea617,200,2507156592,nw_dual_val_050,10.86914927394542,8.942092569793012,0.6513068073243163,0.0,1.2757498968280918,0.0,10.593399377117327,0.0,0.0,110,0,0,220,0,79.62
9b95ebe1e54a6df7,200,2705004066,nw_dual_val_049,555.9842271349186,553.610955813055,0.0,0.0,1.4810262300933343,0.8922450917701418,10.8,0.0,0.0,110,0,0,220,0,104.87
fc900fe2cc2add7b,200,1165707256,nw_dual_val_049,431.9818739318229,430.7497151114788,0.0,0.07310654090967923,1.1590522794344504,0.0,11.073106540909679,0.0,0.0,110,0,0,219,0,92.62
d529635d20343183,200,2284185604,nw_dual_val_049,853.4202663267197,851.4636570764341,0.0,0.0,1.42895507455839,0.5276541757272021,11.0,0.0,0.0,110,0,0,220,0,108.01
72afabcf8a49b211,200,1514745912,nw_dual_val_050,95.21789948910273,93.57121066749274,0.0,0.0,0.9592118638233391,0.6874769577866643,10.6,0.0,0.0,110,0,0,220,0,85.07
45193d7111f73f7b,200,1035790290,nw_dual_val_049,866.1946085731319,864.5077228864632,0.0,0.0,1.3730201191886828,0.3138655674800234,11.0,0.0,0.0,110,0,0,220,0,113.25
84ce832bc39f7a07,200,1375561451,nw_dual_val_050,715.6864074766049,714.617712853545,0.0,0.0,0.9629303915609823,0.10576423149888269,11.0,0.0,0.0,110,0,0,220,0,73.42
b33c42debc8544c8,200,2070065952,nw_dual_val_049,994.6482958923658,993.5483892287045,0.0,0.0,1.0594277235159844,0.040478940145289084,11.04047894014529,0.0,0.0,110,0,0,220,0,115.77
490a7f2de87a4f64,200,3560575086,nw_dual_val_050,149.07784237055938,147.01023306175327,0.0,0.0,1.4700687357435478,0.5975405730625494,11.0,0.0,0.0,110,0,0,220,0,75.43
65775b8d55a7e1ca,200,1142100159,nw_dual_val_050,57.66867937299425,55.57780049564558,0.6170536974565465,0.0,1.2336606639044398,0.24016451598768085,10.8,0.0,0.0,110,0,0,220,0,92.22
ba31ee05e87e17d2,200,3749520179,nw_dual_val_050,70.29558757660587,69.69980569013809,0.0,0.0,0.549255151124101,0.04652673534366991,10.64652673534367,0.0,0.0,110,0,0,220,0,99.12
9b31be95720326b2,200,4061556275,nw_dual_val_050,9.768627560728524,7.406640864689685,0.505005980457827,0.0,1.4717402527038266,0.38524046287718455,9.296887308024697,0.0,0.0,110,0,0,220,0,103.22
a0533142611d84ff,200,2492250980,nw_dual_val_050,5.98793231933277,4.035429737044196,0.08206607214875176,0.0,1.8543942360423693,0.016042274097451546,5.1335380832904,0.0,0.0,110,0,0,220,0,103.79
79f8fd396f37df02,200,1494941533,nw_dual_val_050,106.72186599508443,104.45281567920414,0.0,0.06476579396045719,1.2284870794967437,0.9757974424230916,11.0,0.0,0.0,110,0,0,220,0,75.49
5c9a989faa15f986,200,597308527,nw_dual_val_050,9.7273922632471,7.535567202683274,0.5707586046707999,0.21719644942176938,1.3341723923788025,0.06969761409245571,9.393219870868299,0.0,0.0,110,0,0,220,0,98.05
ad749be6243bf4ea,200,3116524302,nw_dual_val_050,724.5631420348541,723.0319122418243,0.0,0.0,1.258761586139636,0.27246820689017165,11.0,0.0,0.0,110,0,0,220,0,82.74
fee517b17cfa42b5,200,3607802968,nw_dual_val_050,32.49590325464432,29.557801993261727,0.8472917683367737,0.2616860027504104,1.5204830277880528,0.30864046250735394,11.847291768336774,0.0,0.0,110,0,0,220,0,92.81
c724a7bfe7e630e0,200,2628804146,nw_dual_val_050,13.493873699418417,10.805611613129434,0.8472917683367737,0.38461317281000973,1.1488270131728942,0.307530131969304,11.847291768336774,0.0,0.0,110,0,0,220,0,105.91
8ea9afd878515f3d,200,3273076474,nw_dual_val_050,156.87938330062903,154.6011807887763,0.8472917683367737,0.0,1.258803731321014,0.1721070121949511,11.847291768336774,0.0,0.0,110,0,0,220,0,94.92
8a38341d77279f72,200,1889565519,nw_retrain_0010_crossing_moderate_seed20251824,5.175839795308387,3.8558358904500043,0.0,0.0,1.2725764388177845,0.04742746604059813,4.903263356490602,0.0,0.0,110,0,0,220,0,87.62
1670a333629e06ef,200,3068680083,nw_dual_val_050,10.50984584339765,9.037808139879289,0.8472917683367737,0.0,0.5499437636222764,0.07480217155931163,10.559902079775373,0.0,0.0,110,0,0,220,0,107.5
380744e244a67407,200,1963275223,nw_retrain_0010_crossing_moderate_seed20251824,5.741715747008972,1.5334166738875084,0.0,0.8964951941899993,2.680469532104385,0.631334346827079,4.061246214904587,0.0,0.0,110,0,0,220,0,86.95
a667c88f73f63d23,200,2690546636,nw_dual_val_050,1282.7968906052124,1281.7684337686565,0.0,0.0,1.0032933958568333,0.02516344069907005,11.02516344069907,0.0,0.0,110,0,0,206,0,99.2
487ae23158f46824,200,184925535,nw_dual_val_050,1282.996609439673,1281.7684337686565,0.0,0.0,1.1262281031705323,0.10194756784601693,11.055491403667006,0.0,0.0,110,0,0,219,0,104.64
74240cc9867f8c61,200,587799588,nw_retrain_0010_crossing_moderate_seed20251824,21852.358860009284,21839.45556740297,0.0,1.0884879934378822,1.76151674160977,10.053287871264502,11.847076281618174,0.0,0.0,110,0,0,220,0,87.31
47dc21a274379637,200,1541590456,nw_retrain_0010_crossing_moderate_seed20251824,3.755413145889803,1.617636224781255,0.0,0.0,2.111611053186499,0.026165867922048627,2.6438020927033037,0.0,0.00909090909090909,110,0,0,220,0,80.54
470bc502b3b7bb74,200,1796335827,nw_retrain_0010_crossing_moderate_seed20251824,16.17342022870307,8.034993726250322,0.0,1.5510007814984246,1.746712931861434,4.840712789092886,10.6,0.0,0.0,110,0,0,220,0,92.68
5099244bb3a66cd0,200,2263602606,nw_retrain_0010_crossing_moderate_seed20251824,197.11586396633413,125.97456373356091,0.0,1.2454388864982928,2.4140413816942,67.48181996458072,12.403051530809812,0.0,0.0,110,0,0,220,0,82.48
fff5bbb03e8a488a,200,192559480,nw_retrain_0010_crossing_moderate_seed20251824,6860.861467732676,6741.859384442846,0.0,1.751200540985779,2.8423649782372977,114.40851777060739,11.320166394325819,0.0,0.0,110,0,0,220,0,88.77
d74bf6be74af3731,200,3359640977,nw_dual_val_050,1282.7922830395448,1281.7684337686565,0.0,0.0,0.9840298262781081,0.03981944461012,11.03981944461012,0.0,0.0,110,0,0,220,0,110.98
e8e6b66a2eb2ea05,200,3617870705,nw_retrain_0010_crossing_moderate_seed20251824,6.451269522835761,0.7253279788190503,0.0,0.36946039282431925,2.9397141239296256,2.4167670272627664,4.511555398906136,0.0,0.0,110,0,0,220,0,85.69
fadd8247afffc0d8,200,4064551311,nw_retrain_0010_crossing_moderate_seed20251824,82.68729239635637,55.8303354798407,0.0,1.5769125124724284,2.5567872540821726,22.723257149961068,11.554695327358726,0.0,0.0,110,0,0,220,0,83.24
1869f6ad2db72370,200,708949055,nw_dual_val_050,1282.9954338415844,1281.7684337686565,0.0,0.0,1.1584498733357393,0.06855019959228503,11.037839309847403,0.0,0.0,110,0,0,220,0,109.34
baffbc26f8a467b3,200,3745238528,nw_retrain_0010_crossing_moderate_seed20251824,1835.466772877486,1765.137585441912,0.0,1.4236195322952507,2.759065786387203,66.1465021168913,12.524715431089417,0.0,0.0,110,0,0,220,0,83.55
18843d4936b9e2a5,200,4239139271,nw_retrain_0010_crossing_moderate_seed20251824,2.1019858580247197,0.0,0.0,0.0,2.011611053186499,0.09037480483822082,1.090374804838221,0.0,0.00909090909090909,110,0,0,220,0,101.93
945b36279055fcbf,200,1254618169,nw_retrain_0010_crossing_moderate_seed20251824,2620.8802199253378,2306.021306093344,0.0,1.8243240687419437,2.5891731672508924,310.44541659600105,14.36902352845343,0.0,0.0,110,0,0,220,0,94.92
fd6807ec851387a9,200,1685359763,nw_retrain_0010_crossing_moderate_seed20251824,187.72115175324996,84.02333608966744,0.0,1.2955812343585313,2.6035998813464074,99.79863454787757,13.741941910374882,0.0,0.0,110,0,0,220,0,86.2
d0fcab23e4c5cf54,200,2883457980,nw_retrain_0010_crossing_moderate_seed20251824,22.947302609833486,8.771712440493875,0.0,1.2955812343585313,2.264423299532564,10.615585635448513,16.508934593353036,0.0,0.0,110,0,0,220,0,102.17
e383e7ed660d665b,200,1228601531,nw_retrain_0010_crossing_moderate_seed20251824,47.56628457195325,6.818059704358068,0.0,1.2955812343585313,2.677756488413419,36.774887144823225,15.438196367039813,0.0,0.0,110,0,0,220,0,100.95
066acd15a3e6c749,200,2589415715,nw_retrain_0010_crossing_moderate_seed20251824,15.702633787889525,1.3992546103372194,0.0,1.2955812343585313,2.5963073791250584,10.411490564068716,12.32520488289421,0.0,0.00909090909090909,110,0,0,220,0,100.65
8f65e4c4bb3c9560,200,3561917354,nw_retrain_0014_vertically_overlapping_hard_seed20252216,32.033435344339885,25.05496269304082,0.0,1.4825059110385197,2.5975784536131066,2.89838828664744,11.00323037421111,0.0,0.0,110,0,0,220,0,94.06
6cc7ea2626180c3f,200,1921600539,nw_retrain_0010_crossing_moderate_seed20251824,30131.249010374508,30109.431412193182,0.0,1.5789941052154202,1.939717412128872,18.298886663979847,22.578994105215422,0.0,0.0,110,0,0,219,0,107.34
b4bc677d3d547cbb,200,2042006655,nw_retrain_0010_crossing_moderate_seed20251824,30122.145308047206,30109.431412193182,0.0,1.5789941052154202,2.136465361340739,8.998436387463007,21.577430492678427,0.0,0.0,110,0,0,220,0,109.17
237989c7b86bdfa8,200,2567660703,nw_retrain_0014_vertically_overlapping_hard_seed20252216,52.66461983185887,38.09033666896769,0.0,1.3292645416828124,2.1357703022635213,11.109248318944848,11.537913240867132,0.0,0.0,110,0,0,220,0,78.55
193ae399d56945cf,200,48329939,nw_retrain_0010_crossing_moderate_seed20251824,30122.91406030866,30109.431412193182,0.0,1.8289538418541806,1.9496870172761345,9.704007256345577,22.532961098199756,0.0,0.0,110,0,0,220,0,110.89
69b115e46c4b326f,200,477408751,nw_retrain_0014_vertically_overlapping_hard_seed20252216,7.95280556993803,3.301653041892968,0.0,0.8385314984775155,1.9420985833148463,1.8705224462526993,7.010706986623183,0.0,0.0,110,0,0,220,0,108.41
6dad749a1b12b932,200,594796829,nw_retrain_0014_vertically_overlapping_hard_seed20252216,43.33678408852735,39.90712122068811,0.0,0.7868510124849593,2.264652522457557,0.37815933289671927,11.040974252202343,0.0,0.0,110,0,0,220,0,105.66
aa4a83234a0b84b2,200,4255373086,nw_retrain_0014_vertically_overlapping_hard_seed20252216,244.82774867982798,176.76263739001067,0.0,1.1875629060814188,1.9735842534054644,64.90396413033042,10.4,0.0,0.0,110,0,0,220,0,105.19
8ab847b11c65b361,200,2613876601,nw_retrain_0077_none_easy_seed20258521,13.218145674827124,9.643734693156688,0.0,0.7510538226869684,2.0792118025623814,0.7441453564210861,11.0,0.0,0.0,110,0,0,220,0,36.84
e141a115ad67744a,200,2697666577,nw_retrain_0077_none_easy_seed20258521,24.216973495955738,21.62214061540638,0.0,0.1903874338523326,2.151679121218198,0.25276632547882777,11.045722698928508,0.0,0.0,110,0,0,220,0,46.78
8d782de69e83cd02,200,3716181547,nw_retrain_0014_vertically_overlapping_hard_seed20252216,16.271306681930852,9.40179287278129,0.39881980394380245,0.9711615491542093,1.9332728077118637,3.5662596483396896,11.175525172897604,0.0,0.0,110,0,0,220,0,67.17
bee5f16975dddb3c,200,3816453519,nw_retrain_0010_crossing_moderate_seed20251824,30128.902367877894,30109.431412193182,0.0,1.5789941052154202,2.0051362796592254,15.886825299837534,22.578994105215422,0.0,0.0,110,0,0,220,0,120.82
3ef98e2cabee7e8f,200,763516029,nw_retrain_0014_vertically_overlapping_hard_seed20252216,7804.933006368105,7794.629435719656,0.0,1.8239475004374963,2.146048988651837,6.333574159360293,11.529075108695189,0.0,0.0,110,0,0,220,0,68.58
dc136d64b4acd5ef,200,3374363335,nw_retrain_0014_vertically_overlapping_hard_seed20252216,6581.61787013056,6574.567575076173,0.0,1.5666299657706864,1.9493365999737535,3.5343284886432538,16.10095845441394,0.0,0.0,110,0,0,220,0,58.84
c994ed12e8e4326e,200,846613362,nw_retrain_0014_vertically_overlapping_hard_seed20252216,8842.048753490604,8840.073097338343,0.0,0.0,1.8088596200418547,0.16679653221889298,11.0,0.0,0.0,110,0,0,220,0,68.37
6fd9c529843b434a,200,327730071,nw_retrain_0014_vertically_overlapping_hard_seed20252216,8853.697083225012,8850.420301498096,0.0,1.2273584958165984,1.952557541654561,0.09686568944601733,11.0,0.0,0.0,110,0,0,220,0,62.98
fc1020fbdc9464ed,200,3778681589,nw_retrain_0077_none_easy_seed20258521,25.843097388562178,22.172998606424898,0.0,1.1503330636768976,2.349918211264307,0.16984750719607655,11.0,0.0,0.0,110,0,0,220,0,56.86
fb12beac645f5a6f,200,4087025938,nw_retrain_0077_none_easy_seed20258521,393.6642327824669,281.4055321163144,0.0,1.2500383882853268,2.890857743954153,108.11780453391306,11.0,0.0,0.0,110,0,0,220,0,29.12
cd43c0e18ba27679,200,2950652349,nw_retrain_0014_vertically_overlapping_hard_seed20252216,8765.650461275958,8762.522260856931,0.0,0.7501436490573875,1.8877738948713698,0.490282875098151,11.750143649057387,0.0,0.0,110,0,0,220,0,66.63
8407a25e0055b050,200,98202698,nw_retrain_0014_vertically_overlapping_hard_seed20252216,13.647253379277027,6.449620958190865,0.3985703551924356,0.4798492925414459,2.414848908789274,3.9043638645630065,11.17508645613072,0.0,0.0,110,0,0,220,0,72.79
d6e0372da72fe48f,200,1237356017,nw_retrain_0014_vertically_overlapping_hard_seed20252216,8728.829139483445,8724.58512116563,0.0,1.5994271442810284,2.2183248474443964,0.4262663260892008,12.599427144281028,0.0,0.0,110,0,0,220,0,71.89
408430aab1841b21,200,3218807568,nw_retrain_0014_vertically_overlapping_hard_seed20252216,6582.717409376979,6574.825179232418,0.0,1.5666299657706864,1.8466920786554024,4.478908100135279,14.405153449256687,0.0,0.0,110,0,0,220,0,64.57
652508e015f49806,200,3610621545,nw_retrain_0014_vertically_overlapping_hard_seed20252216,13515.562323117847,13501.858014509982,0.0,1.7999929579204004,1.8744007807351046,10.029914869210202,10.4,0.0,0.0,110,0,0,220,0,89.85
f99e4a114cb891f3,200,1838175994,nw_retrain_0014_vertically_overlapping_hard_seed20252216,6587.785397036551,6574.674035477223,0.0,1.5666299657706864,1.8640722931605538,9.680659300397233,18.817428880426053,0.0,0.0,110,0,0,220,0,66.79
4bc1cfa2b314ca3f,200,1508453255,nw_retrain_0077_none_easy_seed20258521,4.004844863527458,0.0,0.0,0.31827343931790875,2.6192954701635975,1.0672759540459513,2.38554939336386,0.0,0.00909090909090909,110,0,0,220,0,49.42
3ffaa05f939463ad,200,3582547614,nw_retrain_0077_none_easy_seed20258521,14.104551223052159,1.114633072806638,0.0,1.882955331708633,2.2709674183409887,8.835995400195898,11.061319368720536,0.0,0.0,110,0,0,220,0,49.78
e05014f7366e9ac7,200,1297703369,nw_retrain_0014_vertically_overlapping_hard_seed20252216,40.38028808464349,26.11784701578465,0.6618312283091752,1.2880143219535054,1.9673738581413531,10.345221660454804,11.0,0.0,0.0,110,0,0,220,0,87.55
b5dd426ab58cca48,200,3401004465,nw_retrain_0014_vertically_overlapping_hard_seed20252216,4.145317262465475,0.0,0.7295832522362959,0.17508645613071927,1.9793412149823895,1.26130633911607,3.165976047483085,0.0,0.0,110,0,0,220,0,81.48
45d8dbd22669b312,200,290529438,nw_retrain_0014_vertically_overlapping_hard_seed20252216,106.39446826598768,81.4116521356148,0.0,1.3047633813606108,2.3232348268589003,21.354817922153376,11.892793654579677,0.0,0.0,110,0,0,220,0,82.0
cbfe0ed2c8da82e6,200,464700817,nw_retrain_0077_none_easy_seed20258521,6.397812746955929,1.2234183440483752,0.0,1.8267660215498271,2.8828941703059647,0.46473421105176155,4.514918576649964,0.0,0.0,110,0,0,220,0,42.29
9e60d62975aed7db,200,3828828300,nw_retrain_0077_none_easy_seed20258521,100.44299656195686,96.36033600963624,0.0,0.9436881269572455,2.660485971804465,0.4784864535589133,11.943688126957245,0.0,0.0,110,0,0,220,0,16.72
119ef4e21686a6eb,200,4137269075,nw_retrain_0077_none_easy_seed20258521,5256.685699104077,5249.795960438232,0.0,1.292003795360255,2.500934844190675,3.09680002629408,11.0,0.0,0.0,110,0,0,220,0,41.22
a7eaf19896d3fe95,200,4282944423,nw_retrain_0077_none_easy_seed20258521,20043.98753788834,20038.679756058464,0.0,1.6959986745331754,1.4428962571837747,2.168886898161668,13.377607987709732,0.0,0.0,110,0,0,220,0,36.41
a6129e69c15df558,200,2349770634,nw_retrain_0077_none_easy_seed20258521,20062.74278299393,20049.853541885317,0.0,1.6959986745331754,1.947661682588821,9.245580751491017,14.086485198281553,0.0,0.0,110,0,0,220,0,29.62
60a81126e6454f2d,200,2945246799,nw_retrain_0077_none_easy_seed20258521,17432.54531742359,17273.32369539193,0.0,1.6959986745331754,1.6496961538678427,155.87592720326327,16.27076880612709,0.0,0.0,110,0,0,220,0,27.35
af812a7956b5bdd8,200,949102721,nw_retrain_0077_none_easy_seed20258521,17.098280060034686,6.602633428767965,0.0,1.1629142127293148,2.64123666647794,6.691495752059466,12.063512814978697,0.0,0.0,110,0,0,220,0,26.45
c68f3bf3ca633592,200,404284803,nw_retrain_0014_vertically_overlapping_hard_seed20252216,6627.136607579349,6616.1349868156385,0.0,1.5666299657706864,1.823548824117245,7.611441973823719,15.897822363989528,0.0,0.0,110,0,0,220,0,71.12
2db3aee899df1209,200,1894256089,nw_retrain_0077_none_easy_seed20258521,27.92231069376451,22.185644100264405,0.0,0.9436881269572455,3.021175013359146,1.771803453183716,12.023777089049624,0.0,0.0,110,0,0,220,0,19.68
869e0518523c48ca,200,1966828569,nw_retrain_0077_none_easy_seed20258521,3654.2637767624888,3649.368476546238,0.0,0.9436881269572455,2.4944647470327395,1.4571473422608374,11.943688126957245,0.0,0.0,110,0,0,219,0,18.69
8d665bfb5ff5e719,200,823593824,nw_retrain_0077_none_easy_seed20258521,8.69104586881863,0.23088176358539947,0.0,0.5359466068209523,2.2614358599407116,5.662781638471568,7.429610008877919,0.0,0.00909090909090909,110,0,0,220,0,29.1
2f0092a1b1120e84,200,1158754229,nw_retrain_0077_none_easy_seed20258521,16.379907240231304,9.902574924762588,0.0,1.7192609456543242,2.6574166255565426,2.1006547442578483,11.857160312704492,0.0,0.0,110,0,0,220,0,28.01
e9548cb53196750f,200,1912895639,nw_retrain_0077_none_easy_seed20258521,17657.391819913693,17618.25865777639,0.0,1.6959986745331754,1.754233987378728,35.68292947539258,13.584266521230793,0.0,0.0,110,0,0,220,0,33.67
73cc894e1727ae69,200,4257163741,nw_retrain_0077_none_easy_seed20258521,5490.492560465455,5486.393638326941,0.0,0.9436881269572455,2.6113374807307066,0.5438965308261287,11.943688126957245,0.0,0.0,110,0,0,219,0,21.28
dcd913a37266b019,200,780995375,nw_retrain_0077_none_easy_seed20258521,6028.270386287942,6023.321730858278,0.0,1.013297041000168,2.094750728022553,1.8406076606406074,12.897849135637308,0.0,0.0,110,0,0,220,0,27.99
6692bc53f8b112c1,200,310466198,nw_retrain_0119_converging_moderate_seed20262637,124.54242709100761,123.80230655016665,0.0,0.0,0.740120540840961,0.0,10.942857142857143,0.0,0.0,110,0,0,220,0,76.83
9b14c0b51fdfb5c5,200,3980333887,nw_retrain_0119_converging_moderate_seed20262637,16319.375164529332,16314.204358135332,0.0,1.7888390868548327,1.9050943818736044,1.4768729252717445,12.818090302116302,0.0,0.0,110,0,0,220,0,71.09
54353be04ef4af16,200,579426372,nw_retrain_0119_converging_moderate_seed20262637,146.74643270440123,134.85345425719044,0.0,0.6237246685844381,2.1983796348022624,9.070874143824112,10.6,0.0,0.0,110,0,0,220,0,79.45
a1c2d20a608ecdf2,200,3846167030,nw_retrain_0119_converging_moderate_seed20262637,15.683959774532473,14.917419520122587,0.0,0.0,0.7665402544098854,0.0,11.0,0.0,0.0,110,0,0,220,0,79.23
86bff60647a2401e,200,3287424972,nw_retrain_0099_vertically_overlapping_easy_seed20260677,29.38477786825876,21.643447356982406,0.0,0.7288621471031075,2.468851997344052,4.543616366829191,10.670548925658387,0.0,0.0,110,0,0,220,0,92.28
ca86b15f50dca1cf,200,4262894485,nw_retrain_0099_vertically_overlapping_easy_seed20260677,24.30699179206465,10.406086642038694,0.0,1.3849783031293306,1.9682893248534945,10.54763752204313,10.640360995058,0.0,0.0,110,0,0,220,0,93.64
e4c41db51df0bdaa,200,3850116002,nw_retrain_0099_vertically_overlapping_easy_seed20260677,17.602995829096013,9.230547019489435,0.0,1.3055151115965875,2.8651324442879478,4.201801253722043,11.321215996792853,0.0,0.0,110,0,0,220,0,94.86
d15c883fbe08acd8,200,4264516770,nw_retrain_0119_converging_moderate_seed20262637,6078.417080646241,6063.310273677772,0.0,1.524059417419512,2.239209695501907,11.343537855547709,12.30773700222268,0.0,0.0,110,0,0,220,0,79.42
fa855e247071945f,200,661131292,nw_retrain_0099_vertically_overlapping_easy_seed20260677,7.9009430438027834,4.713881848576829,0.1100792474117444,0.0,2.607528602913504,0.4694533449007068,6.29341444088928,0.0,0.0,110,0,0,220,0,95.53
c3e2021c9eb3015b,200,802864794,nw_retrain_0119_converging_moderate_seed20262637,73.45166896903022,60.097055576589966,0.0,1.674611875787311,1.9881505579596381,9.691850958693307,11.018451805581432,0.0,0.0,110,0,0,220,0,87.0
f1f2d1f8e22ae998,200,890816237,nw_retrain_0119_converging_moderate_seed20262637,4496.709761056903,4211.039900422795,0.0,1.8760661210846425,2.1675856808840708,281.6262088321391,12.687031679291637,0.0,0.0,110,0,0,220,0,84.03
b120591c5b26d274,200,1768410878,nw_retrain_0099_vertically_overlapping_easy_seed20260677,7.99033622485087,4.633993531106259,0.38639389028532534,0.31605313995163425,2.1258114942525865,0.5280841692550644,6.8645247305982835,0.0,0.0,110,0,0,220,0,100.62
5294ac7f361166a2,200,2442265667,nw_retrain_0119_converging_moderate_seed20262637,6221.298197778852,6211.310986572333,0.0,1.1628783883551492,2.1852161416596156,6.639116676504479,12.533510444413627,0.0,0.0,110,0,0,220,0,83.49
e8ca124d7dbaf5ca,200,2296006958,nw_retrain_0119_converging_moderate_seed20262637,175.92621499999214,140.0366158721119,0.0,1.5926951312568418,2.536467524564503,31.7604364720589,11.177353087347399,0.0,0.0,110,0,0,220,0,90.22
b9cbc361818bb762,200,22779102,nw_retrain_0119_converging_moderate_seed20262637,1287.878012346188,1204.4704884217708,0.0,1.5476189623256014,2.1753296119118923,79.68457535017947,10.917732082432629,0.0,0.0,110,0,0,220,0,92.76
05c49a05e3f681e6,200,1127011963,nw_retrain_0099_vertically_overlapping_easy_seed20260677,20739.466750752297,20732.021541031838,0.0,1.056308768689642,2.0186593652838285,4.370241586486027,10.904060692121897,0.0,0.0,110,0,0,220,0,104.6
270fbb8ae3471439,200,663697102,nw_retrain_0099_vertically_overlapping_easy_seed20260677,18.805190661114565,10.501106223443857,0.0,1.5239700629608375,3.101202839500336,3.6789115352095334,11.0,0.0,0.0,110,0,0,220,0,110.7
a533cb4ce6ec505f,200,2240764508,nw_retrain_0119_converging_moderate_seed20262637,43.01405598969934,37.161232748801005,0.0,0.8022267917072661,2.317239770503357,2.733356678687714,11.061702278209196,0.0,0.0,110,0,0,220,0,93.64
3af38b4a16783dfb,200,806056771,nw_retrain_0099_vertically_overlapping_easy_seed20260677,19412.467514716183,19402.793327845822,0.0,1.9228581008183496,1.9264055738292476,5.824923195714696,13.383834730666488,0.0,0.0,110,0,0,220,0,107.07
efd5e7934f35d54d,200,4056380254,nw_retrain_0099_vertically_overlapping_easy_seed20260677,12274.589896707046,11790.741242305829,0.0,1.8213816344288218,1.668043748726663,480.35922901806265,11.90702883672968,0.0,0.0,110,0,0,220,0,112.29
c3110f874029e000,200,3087478462,nw_retrain_0099_vertically_overlapping_easy_seed20260677,12147.59109258714,12140.007660868207,0.0,1.3183837332364812,1.923901879218615,4.341146106478736,11.201002322519747,0.0,0.0,110,0,0,220,0,110.71
b7637112b0e9150b,200,3188006929,nw_retrain_0119_converging_moderate_seed20262637,10919.93865813771,10914.037328649847,0.0,1.715683715417968,1.7370679799564008,2.4485777924880843,12.757375941362294,0.0,0.0,110,0,0,220,0,104.94
27416f90c4d9fb2b,200,3721558106,nw_retrain_0099_vertically_overlapping_easy_seed20260677,19181.681050057246,19177.008047607058,0.0,1.53218544806532,2.0,1.140817002125777,12.64368160773316,0.0,0.0,110,0,0,220,0,113.97
b22f665b252dd463,200,662161111,nw_retrain_0099_vertically_overlapping_easy_seed20260677,19460.45984997103,19454.414719902863,0.0,1.5268215963156824,2.1852646879103648,2.3330437839420184,12.526821596315683,0.0,0.0,110,0,0,220,0,120.8
db0338cd904afe71,200,3177032932,nw_retrain_0099_vertically_overlapping_easy_seed20260677,2193.070715592187,2177.511096723886,0.0,0.942453686426297,1.8405213769139277,12.776643804960841,15.099223242048463,0.0,0.0,110,0,0,220,0,131.68
02876f54d01b3ad7,200,1013542195,nw_retrain_0099_vertically_overlapping_easy_seed20260677,11882.316434768636,11829.467359093966,0.0,1.8129148998359004,1.7568185308271809,49.279342244007516,22.812914899835903,0.0,0.0,110,0,0,220,0,136.48
6165ea6157c52472,200,3612680088,nw_retrain_0099_vertically_overlapping_easy_seed20260677,11793.25948312203,11747.015089020599,0.0,1.8129148998359004,1.949097864436616,42.48238133715779,22.812914899835903,0.0,0.0,110,0,0,220,0,138.24
19a739d1451df229,200,2053601025,nw_retrain_0099_vertically_overlapping_easy_seed20260677,2181.845886229339,2177.226990586387,0.0,0.942453686426297,1.3106816944756188,2.365760262050681,14.308213948476979,0.0,0.0,110,0,0,220,0,142.28
759d001eac78ff28,200,4285007639,nw_retrain_0099_vertically_overlapping_easy_seed20260677,11846.691470113503,11746.951738746578,0.0,1.9163293243783468,1.63498298973556,96.18841905281003,22.916329324378346,0.0,0.0,110,0,0,220,0,140.74
e02925304f131aa9,200,2789523921,nw_retrain_0119_converging_moderate_seed20262637,14095.912926313107,14068.375996725717,0.0,1.2550704683201976,1.8408894695502702,24.440969649521094,22.2550704683202,0.0,0.0,110,0,0,220,0,64.13
808b1c4ddae2f466,200,1996751383,nw_retrain_0099_vertically_overlapping_easy_seed20260677,2198.8644113948967,2189.9287332899053,0.2700287478732516,1.0586365684605943,1.6769677252788888,5.93004506337864,18.258710379712486,0.0,0.0,110,0,0,220,0,147.36
d300e5408e4a4f28,200,2239756778,nw_retrain_0099_vertically_overlapping_easy_seed20260677,11871.565875678696,11761.536432747858,0.0,1.9952183030546446,1.8867172605207774,106.14750736726224,22.812914899835903,0.0,0.0,110,0,0,220,0,146.35
56ff62638b8d2319,200,938375734,nw_retrain_0099_vertically_overlapping_easy_seed20260677,2193.3636527918306,2177.198186664569,0.5054658666209363,0.942453686426297,1.6864242140628036,13.031122360151429,17.305395781501595,0.0,0.0,110,0,0,220,0,150.11
d8cbf86a562150ab,200,3547854856,nw_retrain_0119_converging_moderate_seed20262637,14291.753294740196,14280.014052453374,0.0,1.2550704683201976,1.443336545989755,9.040835272511194,21.295905740831394,0.0,0.0,110,0,0,220,0,66.46
959bd7c2c4c9072f,200,2607794196,nw_retrain_0122_vertically_overlapping_easy_seed20262800,25645.67607577967,25638.44514842585,0.0,1.7077199599628354,2.034163247640181,3.4890441462175388,12.707719959962835,0.0,0.0,110,0,0,220,0,50.66
8886b78201853b61,200,3000669572,nw_retrain_0122_vertically_overlapping_easy_seed20262800,63.801930679177836,60.921088695780234,0.0,0.12503606061172082,2.60631772559946,0.14948819718642192,11.0,0.0,0.0,110,0,0,220,0,61.84
f8e6c84d7dc1d0d3,200,3709943927,nw_retrain_0119_converging_moderate_seed20262637,25292.791550068923,25278.977951810226,0.0,1.9733390657263286,2.02773553273215,9.812523660239473,18.568484970213735,0.0,0.0,110,0,0,220,0,80.92
5b0d13cd6ca1ab95,200,3771986650,nw_retrain_0122_vertically_overlapping_easy_seed20262800,78.64471961796667,73.97143332456437,0.0,1.5450874824391478,2.4893681440890676,0.6388306668740819,11.0,0.0,0.0,110,0,0,220,0,51.67
0c69364c6a47ddc5,200,681591744,nw_retrain_0119_converging_moderate_seed20262637,25293.720269042835,25275.45622459769,0.0,1.9733390657263286,2.0022151464348665,14.288490232983841,16.358705897685873,0.0,0.0,110,0,0,220,0,86.22
2f12d0eb59a5e64f,200,1766702444,nw_retrain_0119_converging_moderate_seed20262637,14084.184381818972,14059.918340861012,0.0,1.2550704683201976,1.8131313160441151,21.19783917359653,22.2550704683202,0.0,0.0,110,0,0,220,0,87.06
a9d63cb993a1c475,200,1995725982,nw_retrain_0119_converging_moderate_seed20262637,25285.912552704136,25275.360887824423,0.0,1.9733390657263286,1.6843831114413803,6.893942702541881,16.766726888498884,0.0,0.0,110,0,0,220,0,90.69
86093254f9f982f7,200,1017038619,nw_retrain_0122_vertically_overlapping_easy_seed20262800,46.90354168690633,44.951221559535206,0.0,0.0,1.885483651596984,0.06683647577413979,10.94285714285714,0.0,0.0,110,0,0,220,0,83.89
0cc3fc2614b8c6e6,200,3286140895,nw_retrain_0122_vertically_overlapping_easy_seed20262800,26027.440919779343,26019.030798262476,0.0,1.7077199599628354,2.115037439742154,4.58736411715939,12.74185968398756,0.0,0.0,110,0,0,220,0,77.33
e3e3c6bd02432f67,200,4013960509,nw_retrain_0119_converging_moderate_seed20262637,25371.76980171436,25347.112183693574,0.0,1.9733390657263286,1.7460146104148215,20.938264344645397,22.97333906572633,0.0,0.0,110,0,0,220,0,95.5
a92edec57bbc409c,200,1750228246,nw_retrain_0119_converging_moderate_seed20262637,14320.842881112874,14280.014052453374,0.0,1.7337851481975797,1.6272425715309908,37.46780093977242,22.73378514819758,0.0,0.0,110,0,0,220,0,89.87
c72cd977815406e5,200,1480847820,nw_retrain_0122_vertically_overlapping_easy_seed20262800,3.1633023285138244,2.1958797703141895,0.0,0.0,0.9513286477345797,0.016093910465055313,2.793340346586323,0.0,0.0,110,0,0,220,0,85.74
e5a651a226741e83,200,3125828593,nw_retrain_0122_vertically_overlapping_easy_seed20262800,5851.822052088251,5845.707172461328,0.4783885697165374,0.5990880424781709,2.536320789303853,2.5010822254257383,11.466258407738554,0.0,0.0,110,0,0,220,0,62.97
31d04e25b68b7579,200,1507332007,nw_retrain_0122_vertically_overlapping_easy_seed20262800,7.2039358639940385,3.2222978222435517,0.0,1.1491944412081339,2.601930279096167,0.2305133214461862,5.602005584897872,0.0,0.0,110,0,0,220,0,83.47
6e87b9370b834aa0,200,3719443435,nw_retrain_0122_vertically_overlapping_easy_seed20262800,205.2072293497796,198.88139792742464,0.0,0.7514844816852563,2.5968091954935537,2.977537745176145,11.118641022087386,0.0,0.0,110,0,0,220,0,91.17
615356cb61b92576,200,1123234823,nw_retrain_0122_vertically_overlapping_easy_seed20262800,24.247833239720674,20.60783352562173,0.0,0.8639393738852249,2.419774942776702,0.356285397437021,11.0002291838779,0.0,0.0,110,0,0,220,0,86.24
8ed42d55bb8c2368,200,4247981246,nw_retrain_0122_vertically_overlapping_easy_seed20262800,21.656271820233133,17.965216564723107,0.0,1.3083296536456592,2.172970232270658,0.20975536959370863,11.0,0.0,0.0,110,0,0,220,0,84.99
6177b460f3a33cda,200,1645824341,nw_retrain_0122_vertically_overlapping_easy_seed20262800,8233.657951322737,8190.423940863007,0.0,1.7077199599628354,2.5973075552767684,38.92898294448958,12.707719959962835,0.0,0.0,110,0,0,220,0,82.87
56b89dd925db7d70,200,438990809,nw_retrain_0122_vertically_overlapping_easy_seed20262800,6895.916361509699,6781.120006685093,0.0,1.7077199599628354,2.2663009060102484,110.82233395863182,12.707719959962835,0.0,0.0,110,0,0,220,0,87.35
cb8e118c52dd1f98,200,1075888869,nw_retrain_0122_vertically_overlapping_easy_seed20262800,87.82324204868405,82.47372683976582,0.0,1.1427938602865007,2.301055583982037,1.9056657646496975,11.0,0.0,0.0,110,0,0,220,0,92.53
1e9283263d938f66,200,1007925627,nw_retrain_0122_vertically_overlapping_easy_seed20262800,27.634400652943807,24.384466511941678,0.0,0.5844135857440994,2.6488455370475585,0.016675018210471283,11.000135641064558,0.0,0.0,110,0,0,220,0,84.52
f0fda48e16ffb67a,200,4091575787,nw_retrain_0122_vertically_overlapping_easy_seed20262800,3.092339977126019,0.0,0.0,0.937598751383978,1.9963042297476215,0.15843699599442,2.096035747378398,0.0,0.00909090909090909,110,0,0,219,0,84.4
1fecccf0bd48349d,200,4126609565,nw_retrain_0122_vertically_overlapping_easy_seed20262800,33857.46765545508,33839.14028558716,0.444186340980046,1.1604005974652676,1.823834073774642,14.898948855704015,22.604586938445316,0.0,0.0,110,0,0,220,0,65.45
12e21774e1a24e85,200,575919630,nw_retrain_0151_approximately_parallel_moderate_seed20265773,129.510759442224,117.65498530635769,0.0,1.4100321814484837,1.871928245705072,8.573813708712755,11.18835602145288,0.0,0.0,110,0,0,220,0,48.06
1c46475552c9edba,200,3616649314,nw_retrain_0151_approximately_parallel_moderate_seed20265773,22790.899412704475,22780.44157528354,0.0,1.7037319764494938,1.8896315077721528,6.864473936710946,12.708726825642707,0.0,0.0,110,0,0,220,0,54.79
3bb30c0bb1b68b28,200,1541156448,nw_retrain_0151_approximately_parallel_moderate_seed20265773,83.07450057141213,79.40148364032497,0.0,0.3048897346612864,2.338728270567824,1.0293989258580452,11.18835602145288,0.0,0.0,110,0,0,220,0,46.8
5e3896dec31debbf,200,580547127,nw_retrain_0151_approximately_parallel_moderate_seed20265773,37.005985752438605,31.915876567049054,0.0,1.3224811858096635,2.3576285655767224,1.4099994340031614,11.18835602145288,0.0,0.0,110,0,0,220,0,47.1
880e9b24b99b3a7a,200,2157006744,nw_retrain_0151_approximately_parallel_moderate_seed20265773,12.004930514243057,6.987547989268473,0.0,0.45101956567828133,2.5938228493956084,1.9725401099006958,10.41110766484745,0.0,0.0,110,0,0,220,0,55.62
47b703e3f85e0451,200,2227650983,nw_retrain_0122_vertically_overlapping_easy_seed20262800,33854.839292070705,33839.14028558716,0.444186340980046,1.1604005974652676,1.8735817613560308,12.22083778374347,22.604586938445316,0.0,0.0,110,0,0,220,0,65.14
5fbcdeced8829057,200,2688484819,nw_retrain_0151_approximately_parallel_moderate_seed20265773,164.49606833157247,143.9804909980415,0.0,1.0722352534511856,2.195935276698969,17.2474068033808,10.999838537194039,0.0,0.0,110,0,0,220,0,46.99
a31f4d2905807024,200,2196763530,nw_retrain_0151_approximately_parallel_moderate_seed20265773,7.999215828710884,3.14566845918642,0.0,0.42263960784843313,2.013230782116493,2.417676979559538,6.985985046594392,0.0,0.0,110,0,0,220,0,65.68
d8eaa0dc4c03a849,200,2857075515,nw_retrain_0122_vertically_overlapping_easy_seed20262800,33851.677937914144,33839.14028558716,0.444186340980046,1.1604005974652676,2.046189045204954,8.886876343332736,21.49146328177805,0.0,0.0,110,0,0,220,0,71.84
d177a9b64921bb13,200,3598381548,nw_retrain_0151_approximately_parallel_moderate_seed20265773,53.785558269392126,45.19039650255863,0.0,1.3952231447366248,2.2165834907360957,4.983355131360772,10.867312370201235,0.0,0.0,110,0,0,220,0,64.17
61a77e2e953545eb,200,3320554594,nw_retrain_0122_vertically_overlapping_easy_seed20262800,33863.239392039395,33839.14028558716,0.444186340980046,1.1604005974652676,1.994265857893429,20.500253655896206,22.604586938445316,0.0,0.0,110,0,0,220,0,73.66
10ccd422468bb6ec,200,1822480476,nw_retrain_0151_approximately_parallel_moderate_seed20265773,5546.777430327882,5526.483415537718,0.3328624596541701,1.5729506546722742,2.3687580333124667,16.019443642524482,12.361458907172882,0.0,0.0,110,0,0,220,0,56.61
10f3c81a3af84352,200,1916933415,nw_retrain_0151_approximately_parallel_moderate_seed20265773,8632.02962132982,8628.521886255823,0.0,1.2798575993914998,1.798618533741505,0.42925894086420396,12.2798575993915,0.0,0.0,110,0,0,220,0,56.83
0497b4445deceecf,200,4291706172,nw_retrain_0151_approximately_parallel_moderate_seed20265773,1044.8562088078288,1002.6847465405663,0.0,1.7630893436547581,2.4441842288110074,37.96418869479681,12.772712974982786,0.0,0.0,110,0,0,220,0,45.84
be227bc3ad19d427,200,2554348412,nw_retrain_0151_approximately_parallel_moderate_seed20265773,8027.433792250952,8020.516159393424,0.0,1.5322440378368138,2.4350412294166093,2.9503475902745646,12.2798575993915,0.0,0.0,110,0,0,220,0,52.92
01a6cd55d483a59f,200,3160567176,nw_retrain_0158_vertically_overlapping_easy_seed20266328,20478.035221699727,20474.809572928472,0.0,2.0300372997693636,0.871946990986953,0.3236644804971744,12.830037299769364,0.0,0.0,110,0,0,220,0,40.49
63be0ea0c101ff52,200,2367290348,nw_retrain_0151_approximately_parallel_moderate_seed20265773,24.944615839982585,19.037515368398875,0.0,1.6577944468904517,2.2122068702717077,2.0370991544215493,11.0,0.0,0.0,110,0,0,220,0,43.82
4715b38bf11ffe13,200,3611250980,nw_retrain_0158_vertically_overlapping_easy_seed20266328,75.86057647583044,19.411626705557275,0.0,1.224779997298036,2.6136683281245308,52.610501444850605,10.942857142857147,0.0,0.0,110,0,0,220,0,41.21
933f3a0057934d19,200,1154189312,nw_retrain_0158_vertically_overlapping_easy_seed20266328,343.6557477781101,336.66047496019127,0.0,1.4404564549514827,2.269870358956881,3.2849460040104597,10.8,0.0,0.0,110,0,0,220,0,37.76
b6f85d68ebe8bf26,200,1950077615,nw_retrain_0151_approximately_parallel_moderate_seed20265773,162.83811912219954,160.74063326376498,0.0,0.0,2.0974858584345717,0.0,11.0,0.0,0.0,110,0,0,212,0,46.57
07a4e1dca728b36f,200,1003174205,nw_retrain_0151_approximately_parallel_moderate_seed20265773,179.40851898675746,177.38697002951966,0.0,0.0,2.0215489572377994,0.0,11.0,0.0,0.0,110,0,0,220,0,51.24
d7116d1f51df3678,200,3022186163,nw_retrain_0151_approximately_parallel_moderate_seed20265773,5.380363493165627,0.0,0.0,1.6420693378895255,2.386334561626649,1.3519595936494524,3.9940289315389776,0.0,0.00909090909090909,110,0,0,220,0,48.1
2754a1ebf8937df2,200,2255357056,nw_retrain_0158_vertically_overlapping_easy_seed20266328,145.03052080038594,126.18532604312134,0.0,1.0506448785511608,1.8873287173491533,15.907221161364268,11.802369758264081,0.0,0.0,110,0,0,220,0,39.83
26e25e37f68a02ca,200,2414839380,nw_retrain_0158_vertically_overlapping_easy_seed20266328,89.58392491071655,84.9906644839373,0.0,0.9232198193238013,2.1731549748123884,1.4968856326430586,10.942857142857143,0.0,0.0,110,0,0,220,0,37.71
ab7b033efe01f43a,200,1558424001,nw_retrain_0158_vertically_overlapping_easy_seed20266328,6.591228077126293,5.662558448711602,0.0,0.0,0.9286696284146909,0.0,6.662558448711602,0.0,0.0,110,0,0,220,0,34.96
c89c4ba3b4333528,200,1419469224,nw_retrain_0151_approximately_parallel_moderate_seed20265773,5227.099051244251,5217.604106802493,0.30641173421691864,1.393283248709379,2.7583350500239243,5.0369144088082445,13.979419874257061,0.0,0.0,110,0,0,206,0,51.55
27f8f2fc6e03a692,200,1329130404,nw_retrain_0158_vertically_overlapping_easy_seed20266328,73.41802262492621,59.988548324791296,0.0,1.688860878177307,2.0287567232157615,9.711856698741842,10.6,0.0,0.0,110,0,0,220,0,40.91
e23c1f3b50d514f5,200,2371138809,nw_retrain_0158_vertically_overlapping_easy_seed20266328,49.680123148279584,43.707002412041746,0.0,0.9512663676275661,2.14584029976099,2.8760140688492783,11.951266367627566,0.0,0.0,110,0,0,220,0,35.43
5c6e1f37b00ba4b1,200,251735826,nw_retrain_0151_approximately_parallel_moderate_seed20265773,5226.636491328306,5217.756954680299,0.30641173421691864,1.393283248709379,2.6583350500239242,4.521506615056929,14.35298350354701,0.0,0.0,110,0,0,206,0,55.98
e7cb39f19192ac83,200,1132636874,nw_retrain_0151_approximately_parallel_moderate_seed20265773,5242.085290414817,5231.874775103132,0.30641173421691864,1.7220220130989563,2.637577536827546,5.544504027540266,18.57293777485614,0.0,0.0,110,0,0,219,0,53.63
2997107775fef743,200,610334028,nw_retrain_0151_approximately_parallel_moderate_seed20265773,5237.189890038768,5231.874775103132,0.30641173421691864,1.393283248709379,2.636480594114321,0.9789393585950888,13.678634341521386,0.0,0.0,110,0,0,220,0,54.93
11d9c1f1050b864d,200,325290523,nw_retrain_0158_vertically_overlapping_easy_seed20266328,20130.038931466857,20123.56847088444,0.0,1.7416290405182913,1.7063248580402035,3.0225066838581203,11.930491038036,0.0,0.0,110,0,0,220,0,40.79
d269f77634c9c453,200,4291852602,nw_retrain_0158_vertically_overlapping_easy_seed20266328,110.7378322781538,103.12993140360732,0.0,1.5393865269452105,2.2819909681722166,3.786523379429063,11.222070515717686,0.0,0.0,110,0,0,220,0,41.65
9efd6ee31f33d069,200,3641674121,nw_retrain_0158_vertically_overlapping_easy_seed20266328,3325.7707290785693,3271.7046030947963,0.0,1.537285522004871,2.3819970816825355,50.14684338008549,13.10395943291351,0.0,0.0,110,0,0,220,0,37.0
0b9ecd2d83602651,200,3853783035,nw_retrain_0158_vertically_overlapping_easy_seed20266328,6838.516690148187,6833.487118826568,0.0,1.527328727766917,1.8310813811142972,1.6711612127386015,12.494078127823208,0.0,0.0,110,0,0,220,0,38.68
9e4d4c31fd653373,200,207858336,nw_retrain_0158_vertically_overlapping_easy_seed20266328,7533.152214827598,7531.111067372893,0.0,0.47859688548202,1.2709339286042705,0.29161664061967946,11.222070515717686,0.0,0.0,110,0,0,220,0,38.55
cf212c8cbcb86808,200,2261102967,nw_retrain_0158_vertically_overlapping_easy_seed20266328,2297.597830588517,2164.109710968544,0.0,1.3356784184922619,2.261383691925073,129.89105750955608,13.775885495161717,0.0,0.0,110,0,0,220,0,40.18
e6bea326c939d30a,200,1731846396,nw_retrain_0158_vertically_overlapping_easy_seed20266328,4433.0634391855565,4407.867259584768,0.0,1.5278428079242232,2.22667567910229,21.44166111376104,13.257565792180422,0.0,0.0,110,0,0,220,0,40.39
0960933d38fc0cda,200,225578891,nw_retrain_0158_vertically_overlapping_easy_seed20266328,9757.943601556934,9751.637133675384,0.0,1.3356784184922619,2.139947173461814,2.830842289595381,13.324120567027537,0.0,0.0,110,0,0,220,0,44.33
b878fbced5e12817,200,1971717137,nw_retrain_0158_vertically_overlapping_easy_seed20266328,17016.670444900148,16994.750070860722,0.0,1.0084537450293773,1.6762084341518162,19.235711860243082,16.74611221287735,0.0,0.0,110,0,0,220,0,43.09
37b669d44fd4a484,200,1734829756,nw_retrain_0158_vertically_overlapping_easy_seed20266328,17192.882761085966,17128.7723867498,0.0,1.7193881690773754,1.8899203212672504,60.50106584582411,22.719388169077376,0.0,0.0,110,0,0,220,0,45.64
b17791f3be415bd3,200,17688921,nw_retrain_0158_vertically_overlapping_easy_seed20266328,17286.888431617997,17268.84500913075,0.0,1.0084537450293773,1.8166137823823632,15.21835495983568,15.309786835765587,0.0,0.0,110,0,0,220,0,42.05
b3af913176fc0194,200,1659581872,nw_retrain_0158_vertically_overlapping_easy_seed20266328,17164.461077226333,17152.450796208337,0.0,1.0084537450293773,1.9079620753231388,9.093865197643924,15.450709868747689,0.0,0.0,110,0,0,220,0,39.34
bc48398d8caf8855,200,569546070,nw_retrain_0187_vertically_overlapping_easy_seed20269170,17.236170069467434,10.136626457276927,0.0,1.7421836702788027,2.1105175723618426,3.2468423695498623,11.0,0.0,0.0,110,0,0,220,0,22.64
a921497d6c1e7d25,200,2939690727,nw_retrain_0187_vertically_overlapping_easy_seed20269170,12.977932458753113,12.437845811381246,0.0,0.0,0.540086647371866,0.0,10.8,0.0,0.0,110,0,0,220,0,19.53
9b6b782314c7e6e1,200,3755143643,nw_retrain_0187_vertically_overlapping_easy_seed20269170,30.51887815885528,25.646250032421364,0.0,1.9120600560435979,2.469142024655491,0.49142604573483045,10.8,0.0,0.0,110,0,0,220,0,21.47
c5afdc4abde96328,200,949827860,nw_retrain_0175_vertically_overlapping_easy_seed20267994,86.60751478552008,80.32904529983492,0.0,0.6737276550610835,2.884700267331071,2.720041563293011,11.0,0.0,0.0,110,0,0,220,0,45.38
de625c10964bcd3b,200,2122302074,nw_retrain_0187_vertically_overlapping_easy_seed20269170,24.336335791979433,20.25417482942907,0.0,1.8026143837217077,2.2556211728595343,0.023925405969123934,11.0,0.0,0.0,110,0,0,220,0,22.37
3f8cb0c1c852f696,200,507432133,nw_retrain_0175_vertically_overlapping_easy_seed20267994,221.96998420079422,216.06589444029945,0.0,1.0351467760276005,2.005307791630321,2.8636351928368566,10.84136683309656,0.0,0.0,110,0,0,220,0,42.42
7be364ea3a68b822,200,153230305,nw_retrain_0187_vertically_overlapping_easy_seed20269170,6.164101218323587,0.6814066005849826,0.0,1.8081406250566463,2.7498992597478216,0.9246547329341367,4.414201958575766,0.0,0.0,110,0,0,220,0,24.79
f75346f497891f81,200,1316981750,nw_retrain_0175_vertically_overlapping_easy_seed20267994,296.8006571625844,281.4334612440565,0.0,1.2110047160248516,1.88659012230509,12.269601080197981,11.520442031233838,0.0,0.0,110,0,0,220,0,44.29
103c2918d1f96225,200,2768352917,nw_retrain_0187_vertically_overlapping_easy_seed20269170,18.710854219328574,14.314340326547642,0.0,1.753230655046023,2.3374372267051644,0.30584601102974374,11.0,0.0,0.0,110,0,0,220,0,21.33
7f4677953f21e6be,200,813001067,nw_retrain_0175_vertically_overlapping_easy_seed20267994,130.04611955535765,104.83293141070075,0.0,1.4088143765442547,2.4814963394044898,21.322877428708157,11.09448366110418,0.0,0.0,110,0,0,220,0,47.76
0729840db61a272d,200,1582057737,nw_retrain_0187_vertically_overlapping_easy_seed20269170,187.9596967915959,185.8491289833284,0.0,0.0,2.1105678082674837,0.0,11.0,0.0,0.0,110,0,0,220,0,23.89
3639694061151e7e,200,3360796019,nw_retrain_0175_vertically_overlapping_easy_seed20267994,76.77984209566215,67.34878610559184,0.0,1.7311101891100134,2.0681324243967634,5.631813376563524,11.015777060035907,0.0,0.0,110,0,0,220,0,44.12
64c7081723eaa1c9,200,1770748173,nw_retrain_0175_vertically_overlapping_easy_seed20267994,255.78373512321872,250.86304640070992,0.0,1.3836165237659264,2.00365403360985,1.5334181651330194,10.942857142857143,0.0,0.0,110,0,0,220,0,44.56
28ca4fdd65def095,200,2179922301,nw_retrain_0175_vertically_overlapping_easy_seed20267994,17598.154521435707,17552.24942269256,0.0,1.918267844244853,1.9010852342844529,42.08574566461752,13.010352162305745,0.0,0.0,110,0,0,220,0,52.24
ece94a440a994ff0,200,1991117534,nw_retrain_0175_vertically_overlapping_easy_seed20267994,22.038461947871518,20.867798972328828,0.0,0.0,1.0103265859868586,0.16033638955582916,10.942857142857148,0.0,0.0,110,0,0,220,0,53.06
e6b5a7a64a0d8aa6,200,3442200848,nw_retrain_0187_vertically_overlapping_easy_seed20269170,31.553528493007892,28.50352420732093,0.0,0.958574160024912,1.8568985259135862,0.23453159974846371,11.47098788023917,0.0,0.0,110,0,0,220,0,19.04
5fc2b206569b01c0,200,3691946921,nw_retrain_0175_vertically_overlapping_easy_seed20267994,216.44268355289756,207.5848937260443,0.0,1.7390307931305096,1.8683562264735631,5.250402807249188,11.0,0.0,0.0,110,0,0,220,0,49.19
381a81eb0e06b113,200,3203611858,nw_retrain_0187_vertically_overlapping_easy_seed20269170,16.240960077708895,12.431410502422057,0.0,1.3363497452847355,2.381267852354813,0.09193197764728893,11.077907551017107,0.0,0.0,110,0,0,220,0,18.71
b6b7091bf6332504,200,1815361177,nw_retrain_0175_vertically_overlapping_easy_seed20267994,557.9871831786638,458.06425960792524,0.0,1.7055667574633933,2.3579511394573163,95.85940567381795,11.219649086844074,0.0,0.0,110,0,0,220,0,49.21
e9f8aa0d1c706fa9,200,3063345193,nw_retrain_0175_vertically_overlapping_easy_seed20267994,763.6489687061305,761.5935261479942,0.0,0.0,2.055233579595444,0.00020897854084372133,11.000208978540844,0.0,0.0,110,0,0,220,0,41.87
26641ff1155ad62e,200,2613300648,nw_retrain_0175_vertically_overlapping_easy_seed20267994,17551.215739655156,17543.780600736605,0.0,1.5617617759853646,1.8341250410353442,4.039252101530931,10.2,0.0,0.0,110,0,0,220,0,51.11
e9053ce0692c6e4e,200,1259199790,nw_retrain_0187_vertically_overlapping_easy_seed20269170,73.22498754647462,67.8910749986487,0.5203886148364789,1.7854976283896438,2.360465500230473,0.6675608043693112,11.077907551017107,0.0,0.0,110,0,0,220,0,20.71
c864f2910f3dface,200,2582761883,nw_retrain_0175_vertically_overlapping_easy_seed20267994,63.9625605634471,50.24228019407795,0.0,0.9945469508348023,2.27707081070518,10.448662607829162,11.0,0.0,0.0,110,0,0,220,0,53.84
79b4500efa5bb42d,200,373587318,nw_retrain_0187_vertically_overlapping_easy_seed20269170,573.1659754621874,568.605875501356,0.0,1.7279020324349557,2.1607343387849998,0.6714635896114781,11.898137996459841,0.0,0.0,110,0,0,220,0,20.92
8f26449901401093,200,589283045,nw_retrain_0175_vertically_overlapping_easy_seed20267994,763.6101046014904,761.5935261479942,0.0,0.0,1.9934711338908486,0.023107319605451454,11.0,0.0,0.0,110,0,0,220,0,41.36
137e19992d448d04,200,2245093333,nw_retrain_0175_vertically_overlapping_easy_seed20267994,73.84870611505742,71.72938394857803,0.0,0.0,1.90542112623341,0.2139010402459912,11.0,0.0,0.0,110,0,0,220,0,46.16
78cfc485d8c6a729,200,2745041991,nw_retrain_0187_vertically_overlapping_easy_seed20269170,255.19600123171136,253.40514577832565,0.0,0.0,1.7908554533857195,0.0,11.0,0.0,0.0,110,0,0,220,0,25.77
12065a31c2a546bc,200,1421105904,nw_retrain_0175_vertically_overlapping_easy_seed20267994,2241.8890418861984,2218.2679673338175,0.0,1.9109852519648882,2.8533441670557074,18.856745133360246,11.466567967603668,0.0,0.0,110,0,0,220,0,50.42
57ec75466fbeaf2b,200,873459772,nw_retrain_0187_vertically_overlapping_easy_seed20269170,2028.2108235978985,2025.0581145507845,0.0,1.1818466275538866,1.5436824680066197,0.4271799515537036,12.181846627553886,0.0,0.0,110,0,0,210,0,17.62
4a88b44dc6b50bb1,200,3570210963,nw_retrain_0187_vertically_overlapping_easy_seed20269170,1236.9561023369035,1230.082079216882,0.0,1.4568829844430509,1.8725820815608565,3.5445580540174233,12.213825663850065,0.0,0.0,110,0,0,220,0,19.69
bf4d69f4bb1df8dd,200,3085169554,nw_retrain_0175_vertically_overlapping_easy_seed20267994,109.41896693398753,70.67298528484571,0.0,1.6554521044539887,2.888191955752535,34.20233758893531,11.0,0.0,0.0,110,0,0,220,0,51.13
e443029c04c3aec4,200,2761772797,nw_retrain_0187_vertically_overlapping_easy_seed20269170,2261.6726482710283,2257.568547541006,0.0,1.1818466275538866,1.67618566855025,1.2460684339178016,12.244554731962927,0.0,0.0,110,0,0,220,0,21.6
e63285119f857e30,200,3445624197,nw_retrain_0187_vertically_overlapping_easy_seed20269170,1492.9691062757568,1488.6006996425858,0.0,1.1818466275538866,1.8272355713671335,1.3593244342501614,12.218861817084267,0.0,0.0,110,0,0,220,0,20.32
a1b646096b054ae5,200,56214194,nw_retrain_0175_vertically_overlapping_easy_seed20267994,18.77218410660005,9.049018829360865,0.0,1.3424819807957658,2.893452786734224,5.487230509709195,11.0,0.0,0.0,110,0,0,220,0,52.36
5c5018d89821054c,200,4030046997,nw_retrain_0175_vertically_overlapping_easy_seed20267994,2264.9873458041047,2262.401466711484,0.0,0.613794281422343,1.7518961611983292,0.2201886500002129,11.633314246961964,0.0,0.0,110,0,0,220,0,49.08
6783fd7f5d59c022,200,3267514846,nw_retrain_0187_vertically_overlapping_easy_seed20269170,1916.7534131835582,1913.0552910413987,0.0,1.5327133315545263,1.86396951886575,0.301439291739031,11.260697540138022,0.0,0.0,110,0,0,219,0,20.75
15ad2e247bebd62c,200,4292638536,nw_retrain_0187_vertically_overlapping_easy_seed20269170,1933.0195883294487,1929.4202440300733,0.0,1.431653494015314,1.8401316234303153,0.32755918192978123,11.682683602983023,0.0,0.0,110,0,0,220,0,21.31
79c5f1f5fd42bb80,200,2410069959,nw_retrain_0187_vertically_overlapping_easy_seed20269170,1940.5630539020967,1937.431927413424,0.0,0.9624414276331942,1.7032661028051765,0.4654189582343882,11.320682644482767,0.0,0.0,110,0,0,219,0,22.76
b7224c8e3c36b33c,200,2175225586,nw_retrain_0187_vertically_overlapping_easy_seed20269170,1960.9879766318838,1959.8057119963307,0.0,0.26069754013802154,0.9213883662736363,0.00017872914141013512,11.260697540138022,0.0,0.0,110,0,0,220,0,23.56
bf4525ee269338d9,200,660669402,nw_retrain_0175_vertically_overlapping_easy_seed20267994,763.7886773905825,761.5935261479942,0.0,0.0,2.141234997087353,0.053916245500845,11.053916245500846,0.0,0.0,110,0,0,220,0,54.64
f5804b8736c0d32d,200,2496119508,nw_retrain_0221_converging_moderate_seed20272633,1176.0285160845567,1148.9700410831363,0.0,1.0623766860108577,2.175339086053799,23.820759229355957,10.4,0.0,0.0,110,0,0,220,0,37.08
f7b41d40da2cd601,200,323282756,nw_retrain_0221_converging_moderate_seed20272633,10018.221118868765,9338.974022735772,0.0,1.8502765751348675,2.0067142124957966,675.390105345362,12.850276575134867,0.0,0.0,110,0,0,220,0,35.39
cedec55a7361aa0c,200,988526031,nw_retrain_0221_converging_moderate_seed20272633,23.117660124673293,20.829275780625704,0.0,0.0,2.255770865452067,0.032613478595523146,11.0,0.0,0.0,110,0,0,220,0,34.07
6874710068ebf2d8,200,1307875657,nw_retrain_0221_converging_moderate_seed20272633,414.29490035111724,151.4914400930918,0.0,1.3979186318050691,2.2277320088763317,259.17780961734405,11.905173030495279,0.0,0.0,110,0,0,220,0,37.29
dd26bf3fda45dbf2,200,1683940532,nw_retrain_0221_converging_moderate_seed20272633,32531.553497657016,32513.688191180376,0.0,1.6392545855943228,1.8412502115797094,14.384801679466952,12.756110157385189,0.0,0.0,110,0,0,220,0,40.16
0b30b028a1fbd182,200,1625089138,nw_retrain_0221_converging_moderate_seed20272633,17.00637480730694,9.07762774679075,0.0,1.2860132834142508,2.9172328874234092,3.7255008896785284,11.028572107029627,0.0,0.0,110,0,0,220,0,38.47
86c0e1cbd7f31046,200,3485783715,nw_retrain_0221_converging_moderate_seed20272633,2643.9339954620777,2603.981782171151,0.0,1.9277886457623665,2.6800625265426445,35.3443621186214,11.899473648445566,0.0,0.0,110,0,0,220,0,41.88
7aa9cc71fb861bf8,200,3409649454,nw_retrain_0221_converging_moderate_seed20272633,19479.101619458725,19474.234344992365,0.0,1.449616566046443,1.5446343316934388,1.8730235686187005,14.322640134665143,0.0,0.0,110,0,0,220,0,37.22
70e0a830270fd9d6,200,650892873,nw_retrain_0221_converging_moderate_seed20272633,19.34726792318889,10.686539793478996,0.0,0.7834760922391076,2.7157752473713446,5.161476790099443,11.2907518712438,0.0,0.0,110,0,0,220,0,39.92
5d9c45b6163260a7,200,26739363,nw_retrain_0221_converging_moderate_seed20272633,19500.22915166544,19474.234344992365,0.0,1.9827779040813873,1.2982999665835178,22.713728802409136,22.982777904081388,0.0,0.0,110,0,0,220,0,43.06
014e9d8f33f64eea,200,1017351577,nw_retrain_0224_crossing_easy_seed20273058,19.0812422100922,5.046871916168241,0.0,1.2788017553969613,2.21327783013879,10.542290708388208,11.287727748876907,0.0,0.0,110,0,0,220,0,36.41
53d5633772459377,200,4100188744,nw_retrain_0221_converging_moderate_seed20272633,19480.46205082791,19474.234344992365,0.0,1.449616566046443,1.3656924589393826,3.412396810563346,15.862013376609788,0.0,0.0,110,0,0,220,0,43.07
ec562979937ddcda,200,2940781146,nw_retrain_0221_converging_moderate_seed20272633,19480.616714508003,19472.596798842616,0.0,1.449616566046443,1.3705914268337764,5.199707672510262,17.649324238556705,0.0,0.0,110,0,0,220,0,45.12
004a917f85a49d3f,200,679727063,nw_retrain_0224_crossing_easy_seed20273058,91.90244845170405,80.79083435363043,0.0,0.4636132305459393,2.208533996899604,8.439466870628069,11.287727748876907,0.0,0.0,110,0,0,220,0,39.04
54c43309f5ee40a7,200,3367130579,nw_retrain_0224_crossing_easy_seed20273058,1939.5473770689857,1924.3765488548472,0.0,1.6580542185416574,2.2320208406416144,11.280753154955443,11.680026257866952,0.0,0.0,110,0,0,220,0,38.95
4e65fde33d842ac7,200,1973694781,nw_retrain_0221_converging_moderate_seed20272633,23163.942778144417,23050.421707526522,0.0,1.5755235703424662,2.4529007770621005,109.49264627049156,22.575523570342465,0.0,0.0,110,0,0,220,0,46.29
03ccbca202f6e54a,200,2718078757,nw_retrain_0224_crossing_easy_seed20273058,30401.096650975203,30394.667173370177,0.0,1.6038325093686103,1.923783692823585,2.901861402835746,11.287727748876907,0.0,0.0,110,0,0,220,0,42.21
daeb4622a5a17569,200,2605996095,nw_retrain_0221_converging_moderate_seed20272633,23288.072531273494,23174.784753759093,0.0,1.5755235703424662,2.352575504449137,109.35967843960735,22.575523570342465,0.0,0.0,110,0,0,220,0,46.67
6a41a1fa1bc80a0a,200,1176129628,nw_retrain_0224_crossing_easy_seed20273058,13258.935448659975,12459.20936818649,0.0,1.9018793982580497,2.1089169281209887,795.7152841471062,11.551606522626656,0.0,0.0,110,0,0,220,0,42.45
d054fd8056c96156,200,3075942735,nw_retrain_0221_converging_moderate_seed20272633,36589.35657006337,36434.84495531824,0.0,1.8135604118795097,1.5532155183058332,151.14483881494587,22.813560411879507,0.0,0.0,110,0,0,220,0,47.75
b95405da6589aad5,200,1077774446,nw_retrain_0224_crossing_easy_seed20273058,492.1809826204881,221.22729389173782,0.0,1.7426855501226626,2.3759168733404503,266.8350863052872,11.551980234518352,0.0,0.0,110,0,0,220,0,41.29
19cf96086fafe66d,200,1661957303,nw_retrain_0221_converging_moderate_seed20272633,23173.939281715902,23049.180165974893,0.0,1.8907641893189215,2.308214457302238,120.56013709438776,22.890764189318922,0.0,0.0,110,0,0,220,0,49.59
d15c1cb6e4dfe807,200,736059866,nw_retrain_0221_converging_moderate_seed20272633,23732.276633150348,23681.839743343284,0.0,1.5755235703424662,2.3946978422535734,46.46666839446828,22.575523570342465,0.0,0.0,110,0,0,220,0,51.57
2e7e9d2b32f70f75,200,2741839553,nw_retrain_0224_crossing_easy_seed20273058,23813.620079638364,23806.277158350465,0.0,1.17175772786143,2.227625076724166,3.9435384833105793,12.149256385293624,0.0,0.0,110,0,0,220,0,43.07
71157b33424bdc46,200,2461444519,nw_retrain_0224_crossing_easy_seed20273058,30731.75147896812,30715.525446726508,0.0,1.5541712823164124,1.919359603828059,12.752501355467118,12.806051272979555,0.0,0.0,110,0,0,220,0,46.29
9cd81f37d3ddae2b,200,578700668,nw_retrain_0221_converging_moderate_seed20272633,36568.91609178853,36327.53233693902,0.0,1.8135604118795097,1.6405920519722692,237.9296023856581,22.813560411879507,0.0,0.0,110,0,0,220,0,50.67
68582785f2815b2c,200,3223147186,nw_retrain_0224_crossing_easy_seed20273058,31717.57076819237,31715.93175242754,0.0,0.2690755120029329,1.2045394185769045,0.165400834251903,11.434476346254836,0.0,0.0,110,0,0,220,0,40.48
678cdf40151e5a31,200,3739980695,nw_retrain_0221_converging_moderate_seed20272633,36983.33932214848,36434.84495531824,0.0,1.8135604118795097,1.5325531251314792,545.1482532932255,22.813560411879507,0.0,0.0,110,0,0,220,0,54.37
be62b770e0d217cc,200,3827656222,nw_retrain_0221_converging_moderate_seed20272633,37182.539771718686,36434.84495531824,0.0,1.8135604118795097,1.5716914652526779,744.3095645233107,22.813560411879507,0.0,0.0,110,0,0,220,0,55.86
eae184486310ef14,200,269970544,nw_retrain_0224_crossing_easy_seed20273058,31719.310397833066,31714.44480583303,0.0,1.4282031691726818,1.4841017774939307,1.9532870533695414,14.381490222542222,0.0,0.0,110,0,0,220,0,44.66
4691c071209bdb2a,200,3502484803,nw_retrain_0224_crossing_easy_seed20273058,31715.836161103645,31713.81718949243,0.0,0.2690755120029329,1.4374208143579872,0.312475284856346,11.581550796859279,0.0,0.0,110,0,0,220,0,46.71
a0fee5d8c2f3a1a1,200,3592319373,nw_retrain_0224_crossing_easy_seed20273058,74.25485456619958,57.49947403365962,0.0,0.9003988632792858,1.9879155410220801,13.867066128238605,12.995928932277604,0.0,0.0,110,0,0,220,0,37.15
bf9ad8a0fd8acc20,200,654871717,nw_retrain_0224_crossing_easy_seed20273058,31715.857855084723,31713.902851424496,0.0,0.2690755120029329,1.4203093147944696,0.2656188334281588,11.534694345431092,0.0,0.0,110,0,0,220,0,51.28
dd13735d6f5023e4,200,725374440,nw_retrain_0224_crossing_easy_seed20273058,127.44780812156,92.99832923960864,0.0,1.1040183466224323,1.9323341313774562,31.413126403951463,13.276663873419706,0.0,0.0,110,0,0,220,0,39.21
e838fc8174f4945a,200,1783002466,nw_retrain_0270_approximately_parallel_easy_seed20277435,3.0638609658031015,0.4084614481996882,0.0,0.947016859171604,1.7083826584318094,0.0,2.355478307371292,0.0,0.0,110,0,0,220,0,11.21
ed22d614f340d83c,200,2711811688,nw_retrain_0270_approximately_parallel_easy_seed20277435,2.362443282764506,0.0,0.0,0.47702212547546335,1.8854211572890425,0.0,1.4770221254754634,0.0,0.00909090909090909,110,0,0,220,0,13.09
6953874c08230820,200,1389331367,nw_retrain_0224_crossing_easy_seed20273058,3861.091030219478,3845.7838070718158,0.0,1.8063876596319492,2.072130244575156,11.428705243454987,13.333124407084902,0.0,0.0,110,0,0,219,0,40.51
0b6cecc88a322c80,200,4290998428,nw_retrain_0270_approximately_parallel_easy_seed20277435,2.768309152317171,0.18268672318946866,0.0,1.0654251010232285,1.5201973281044736,0.0,2.248111824212697,0.0,0.00909090909090909,110,0,0,220,0,11.51
6cf7a5a1588e32f1,200,2125730432,nw_retrain_0224_crossing_easy_seed20273058,3616.876765773185,3608.3808182449843,0.0,0.9003988632792858,1.7155082853810477,5.880040379540541,13.994651077416254,0.0,0.0,110,0,0,220,0,47.98
afb9fc7aa7b446ef,200,2341024223,nw_retrain_0270_approximately_parallel_easy_seed20277435,6.231531853758736,2.4973050546910525,0.0,1.987794223429742,1.7464325756379413,0.0,5.485099278120795,0.0,0.0,110,0,0,220,0,11.11
0f3a6a7825804338,200,3150206963,nw_retrain_0224_crossing_easy_seed20273058,21245.648866702093,21236.578403908978,0.0,1.6013164218296059,1.630852088909419,5.838294282373247,18.439610704202853,0.0,0.0,110,0,0,200,0,47.29
decc45cd9eb0d4ad,200,205708736,nw_retrain_0270_approximately_parallel_easy_seed20277435,22.11115512964594,20.968723054750683,0.0,0.0,0.9995749320381148,0.14285714285714066,11.0,0.0,0.0,110,0,0,220,0,9.35
8015491d008c4c98,200,3447678924,nw_retrain_0270_approximately_parallel_easy_seed20277435,79.02324166097071,76.65667668809637,0.0,1.1531833358431507,1.1696129887856581,0.04376864824553118,11.75318333584315,0.0,0.0,110,0,0,220,0,12.24
d52fc4a4c51686d5,200,1169740971,nw_retrain_0270_approximately_parallel_easy_seed20277435,27.0967141057104,22.87528620798923,0.0,1.8533244702348608,2.0775592942534398,0.2905441332328708,11.913846486248591,0.0,0.0,110,0,0,220,0,14.46
6e475074b58fb391,200,2013745678,nw_retrain_0270_approximately_parallel_easy_seed20277435,91.13933645421875,88.1113084233791,0.0,1.3658826268410094,1.6072528303490738,0.05489257364956218,10.4,0.0,0.0,110,0,0,220,0,12.87
abfa5d5151a1358d,200,3884285045,nw_retrain_0270_approximately_parallel_easy_seed20277435,21.978047583794027,19.251646696249917,0.0,0.9567518400302945,1.7696490475138167,0.0,11.0,0.0,0.0,110,0,0,220,0,10.54
9d3644eafb12056c,200,583884872,nw_retrain_0270_approximately_parallel_easy_seed20277435,7.137358655853996,4.113842090880034,0.0,1.5277076663805653,1.4588119446233134,0.03699695397008267,6.678546711230682,0.0,0.0,110,0,0,220,0,13.27
8324c43b624272a0,200,3054652604,nw_retrain_0224_crossing_easy_seed20273058,21245.655919255132,21236.578403908978,0.0,1.6013164218296059,1.7729666032318534,5.703232321089858,18.304548742919465,0.0,0.0,110,0,0,219,0,48.85
7e29d345908af98e,200,4157273965,nw_retrain_0224_crossing_easy_seed20273058,21248.455035194303,21236.578403908978,0.0,1.6013164218296059,1.7619175752251608,8.513397288269731,21.114713710099338,0.0,0.0,110,0,0,220,0,48.63
d84814a01ce1ac15,200,545374218,nw_retrain_0224_crossing_easy_seed20273058,21253.987980938644,21236.578403908978,0.0,1.6013164218296059,1.7919228822285767,14.016337725605817,22.60131642182961,0.0,0.0,110,0,0,219,0,50.12
8712b037981623e5,200,3698410106,nw_retrain_0233_converging_hard_seed20273809,15.635570857092443,10.210633655892783,0.0,1.165526552144889,2.8451045146565264,1.4143061343982444,11.078564295968718,0.0,0.0,110,0,0,220,0,44.99
dc49ae4f90a3a8d6,200,1568157730,nw_retrain_0270_approximately_parallel_easy_seed20277435,21.63489190617219,19.769188481222066,0.0,0.2669114160999131,1.5987920088502101,0.0,11.046747745627124,0.0,0.0,110,0,0,220,0,9.01
70aaab7e30fc95b0,200,661101041,nw_retrain_0233_converging_hard_seed20273809,19.89632024270869,12.517391465114343,0.0,1.3687694054098103,2.2862371889337063,3.7239221832508265,11.03290896255933,0.0,0.0,110,0,0,220,0,51.02
fb88848aee268f2e,200,2467090105,nw_retrain_0270_approximately_parallel_easy_seed20277435,22.554799696837822,20.968723054750683,0.0,0.0,1.4432194992299996,0.1428571428571404,11.0,0.0,0.0,110,0,0,220,0,10.57
6ba8647bf6677397,200,2394160242,nw_retrain_0233_converging_hard_seed20273809,442.34671242456136,394.1032614522856,0.0,1.113580424936109,2.013779420121077,45.11609112721857,10.4,0.0,0.0,110,0,0,220,0,46.39
6f3776ce2f35043b,200,4105875144,nw_retrain_0233_converging_hard_seed20273809,28636.352798934222,28629.511732282655,0.0,1.9732413524211452,1.8523971587785213,3.015428140366678,13.66594334771502,0.0,0.0,110,0,0,220,0,40.46
4a24f6ecb69b2001,200,3107866257,nw_retrain_0233_converging_hard_seed20273809,28639.981388340355,28629.913569338692,0.0,1.9732413524211452,2.1377950233102316,5.956782625930802,14.75265989601396,0.0,0.0,110,0,0,220,0,40.84
8848a79c13b37269,200,4045393325,nw_retrain_0233_converging_hard_seed20273809,28641.89356482861,28631.541891928653,0.0,1.9949519485235914,2.3883341292050324,5.9683868222278305,13.447428704754412,0.0,0.0,110,0,0,220,0,40.04
d384709f2662095c,200,453151404,nw_retrain_0270_approximately_parallel_easy_seed20277435,52.41515177391488,49.110813683145494,0.0,1.9585023332388019,1.345835757530582,0.0,11.14385009285115,0.0,0.0,110,0,0,220,0,12.67
82d74f58d7ecf787,200,2946309329,nw_retrain_0270_approximately_parallel_easy_seed20277435,37.87642721510077,35.263284277716224,0.0,1.4276688692478998,1.1854740681366427,0.0,11.14385009285115,0.0,0.0,110,0,0,220,0,12.28
b6667335df6f29ad,200,2115416452,nw_retrain_0233_converging_hard_seed20273809,32.091689484867494,27.41207138528904,0.0,1.0177547648511576,2.7514487976813884,0.9104145370459115,11.0,0.0,0.0,110,0,0,220,0,47.28
2c9ac5bc022afd80,200,3874617789,nw_retrain_0233_converging_hard_seed20273809,28644.00565746254,28629.762419376817,0.0,1.9732413524211452,2.1579796965551865,10.11201703674731,14.948921845915486,0.0,0.0,110,0,0,220,0,41.95
5c4d346342c9ba06,200,2012287187,nw_retrain_0270_approximately_parallel_easy_seed20277435,23.46942895807257,21.10050661226014,0.0,0.0,2.36892234581243,0.0,11.0,0.0,0.0,110,0,0,220,0,10.01
bc87e56340e8b17a,200,2169256376,nw_retrain_0233_converging_hard_seed20273809,18909.8251231936,18904.4814269874,0.0,1.2218399588573277,2.3763731512304473,1.7454830961155663,12.186480970046448,0.0,0.0,110,0,0,220,0,50.69
aa6f146cc1605979,200,3405077389,nw_retrain_0270_approximately_parallel_easy_seed20277435,24.856230055315155,22.596685809863388,0.0,0.0,2.2296616401693994,0.029882605282365887,11.0,0.0,0.0,110,0,0,219,0,11.32
dea4bf503507218b,200,3618265351,nw_retrain_0270_approximately_parallel_easy_seed20277435,23.520795706492294,21.4180417484006,0.0,0.0,2.102753958091693,0.0,11.0,0.0,0.0,110,0,0,220,0,10.33
8f208e454681b5b5,200,345642562,nw_retrain_0270_approximately_parallel_easy_seed20277435,170.25045860616495,167.76598317402386,0.0,1.2871184275575998,1.1729031594478645,0.024453845135651936,11.14385009285115,0.0,0.0,110,0,0,220,0,13.33
8c99497cf49abfcd,200,1996054649,nw_retrain_0270_approximately_parallel_easy_seed20277435,24.873025232070116,22.73463515082526,0.0,0.0,2.1383900812448586,0.0,11.0,0.0,0.0,110,0,0,219,0,10.26
dd3bf44e742f1885,200,1160049446,nw_retrain_0270_approximately_parallel_easy_seed20277435,27.029165914516707,24.325163442818226,0.0,1.3396680236860117,1.364334448012467,0.0,11.805610378786222,0.0,0.0,110,0,0,220,0,13.69
eff23100db70f39e,200,256783627,nw_retrain_0233_converging_hard_seed20273809,35220.63421211406,35208.41873249398,0.0,1.6682071519892638,1.6891350920023893,8.858137376088523,11.690060276337366,0.0,0.0,110,0,0,220,0,53.66
489685fd085c52de,200,211863934,nw_retrain_0233_converging_hard_seed20273809,22.471184514053675,11.492068593427403,0.0,1.5782670929417069,3.129273554353144,6.271575273331423,11.067731295317198,0.0,0.0,110,0,0,220,0,49.23
3b226f0c56cbc00e,200,2318280895,nw_retrain_0233_converging_hard_seed20273809,9.928298534389352,2.355919893212011,0.0,1.3753746398310362,3.09406597304426,3.1029380283020456,7.834232561345093,0.0,0.0,110,0,0,220,0,49.83
46afbd97f1e36303,200,1909117762,nw_retrain_0233_converging_hard_seed20273809,4.8887145200150455,0.6679423328144138,0.0,0.4928429946303569,2.5370149520521896,1.190914240518085,3.3516995679628554,0.0,0.0,110,0,0,220,0,51.22
1f8dfadaf4b15b8f,200,3979592356,nw_retrain_0233_converging_hard_seed20273809,4023.6981190028037,4018.8135592491312,0.0,1.0266253083408363,2.0653580164423695,1.79257642888886,12.733461452335659,0.0,0.0,110,0,0,220,0,45.54
3b64aeac64e68a5d,200,3453186792,nw_retrain_0233_converging_hard_seed20273809,4268.661941370606,4259.266303231871,0.0,1.0266253083408363,2.1838088932581643,6.185203937135699,12.719365230728087,0.0,0.0,110,0,0,220,0,46.01
a5f1e1653b852f53,200,329654438,nw_retrain_0233_converging_hard_seed20273809,20.54434095285663,5.593527179796522,0.0,1.788580605247196,2.8890868967722403,10.273146271040671,12.860968662523321,0.0,0.0,110,0,0,220,0,53.34
33c16bee681da479,200,1533860425,nw_retrain_0233_converging_hard_seed20273809,45.65544204276606,39.0201289612848,0.0,1.0266253083408363,2.4683925672931997,3.140295205847231,13.524615982892042,0.0,0.0,110,0,0,220,0,48.1
b98d40bebbb74b0d,200,2683288251,nw_retrain_0233_converging_hard_seed20273809,39.254704226897594,32.52848479826274,0.0,1.0266253083408363,2.5738170342216757,3.1257770860723446,13.254991599642553,0.0,0.0,110,0,0,220,0,48.21
4468aadd936f800e,200,4234196766,nw_retrain_0233_converging_hard_seed20273809,4.1482195246014015,0.3367850971414641,0.7894746955570316,0.0,2.1897194965805244,0.8322402353223809,2.9585000280208766,0.0,0.0,110,0,0,220,0,57.23
c95497be3115d092,200,1279293318,nw_retrain_0233_converging_hard_seed20273809,76.28559013959391,66.80355284819328,0.0,1.7884073446276598,3.0174472168166098,4.676182729956369,11.210838670213242,0.0,0.0,110,0,0,220,0,58.85
c9cb9103804444aa,200,155850025,nw_retrain_0344_converging_easy_seed20284556,60.06536832267749,45.59360286923715,0.0,1.735640065103281,2.0511844459944943,10.684940942342562,11.407687524079304,0.0,0.0,110,0,0,220,0,37.49
aa6f6ebccdc5c7fa,200,4262218277,nw_retrain_0344_converging_easy_seed20284556,29.74468411303852,23.65203225051848,0.0,1.555643609044715,2.226389086996199,2.3106191664791247,10.781441579309849,0.0,0.0,110,0,0,220,0,39.05
2e4aecab31640330,200,2573203922,nw_retrain_0322_converging_moderate_seed20282662,16.479788069521682,11.532915667158482,0.0,1.6412678059759707,2.5890486684021736,0.7165559279850564,10.942857142857143,0.0,0.0,110,0,0,220,0,49.41
8ccca6b28d5008f5,200,1918295991,nw_retrain_0322_converging_moderate_seed20282662,20.039331114625,17.23910689019188,0.0,0.8396295953279234,1.9372002732357643,0.023394355869430117,11.0,0.0,0.0,110,0,0,220,0,43.04
c5d4254edcf4b7f9,200,3640697520,nw_retrain_0344_converging_easy_seed20284556,4141.089018094942,4138.10504880279,0.0,1.1233522186507796,1.7554104585633414,0.10520661493815198,12.12335221865078,0.0,0.0,110,0,0,220,0,35.08
7758d306fdffe310,200,3860534961,nw_retrain_0344_converging_easy_seed20284556,27.20537302707661,18.311775632742012,0.0,1.7038310058415658,2.5819105142868284,4.607855874206204,10.942857142857143,0.0,0.0,110,0,0,220,0,41.31
95d0cf4c9bbfe107,200,874305740,nw_retrain_0344_converging_easy_seed20284556,115.84220233763001,110.4498093372356,0.0,1.3399238889726608,2.3532725519928914,1.6991965594288547,11.005423869840884,0.0,0.0,110,0,0,220,0,36.63
8e85c5dc24e85774,200,3365133474,nw_retrain_0344_converging_easy_seed20284556,74.97349747978974,71.20791313561689,0.0,1.1669918355404363,2.4446417826388225,0.15395072599359674,11.0,0.0,0.0,110,0,0,220,0,39.54
8787b763cbd5f548,200,1932599650,nw_retrain_0344_converging_easy_seed20284556,91.3885852417832,81.37166665886312,0.44378548546962604,1.5888197360114589,2.534507653270636,5.449805708168359,11.016213608841214,0.0,0.0,110,0,0,220,0,41.97
1ec7180790a32d2a,200,1336622140,nw_retrain_0322_converging_moderate_seed20282662,37.020058552652685,31.960594975704964,0.0,1.1755290924041784,2.6615742571297667,1.222360227413784,11.004350615251543,0.0,0.0,110,0,0,220,0,52.21
86772d9d64817299,200,3522039092,nw_retrain_0322_converging_moderate_seed20282662,18.134362349578467,15.110626341035818,0.0,0.4448902175560123,2.556922342111682,0.021923448874952605,11.444890217556011,0.0,0.0,110,0,0,220,0,46.03
78db291104ed2d5c,200,1548947489,nw_retrain_0322_converging_moderate_seed20282662,7.042392992830732,6.308854666833866,0.0,0.0,0.7335383259968663,0.0,7.308854666833866,0.0,0.0,110,0,0,220,0,53.3
1cda849fd56b4e78,200,885384412,nw_retrain_0322_converging_moderate_seed20282662,65.46731440653669,56.53534021115864,0.0,1.2926573535597434,2.3482698193040825,5.291047022514221,12.292657353559743,0.0,0.0,110,0,0,220,0,54.53
100566d12dde82b1,200,2658998085,nw_retrain_0344_converging_easy_seed20284556,29.176590532905568,23.99592344460334,0.0,1.684104514596975,2.5415057803664065,0.9550567933388489,11.22478546826544,0.0,0.0,110,0,0,220,0,41.91
0f32111dd94223da,200,2382652829,nw_retrain_0344_converging_easy_seed20284556,1158.4378683725315,1151.0481567373613,0.0,1.5170045217882553,2.246637412464504,3.6260697009175207,11.166538280568725,0.0,0.0,110,0,0,220,0,33.93
fa7a69cc50ba9432,200,2158441982,nw_retrain_0322_converging_moderate_seed20282662,30.456279602766667,24.155261227188415,0.0,1.3091280162180148,2.912186004802983,2.079704354557254,11.262672280964601,0.0,0.0,110,0,0,220,0,47.92
395c80d1115e0013,200,4119540037,nw_retrain_0322_converging_moderate_seed20282662,36.30185529805349,27.859947278476504,0.0,1.2519124529174903,2.5564003713402026,4.63359519531929,11.0,0.0,0.0,110,0,0,220,0,53.9
18b631251c65274f,200,3002696393,nw_retrain_0344_converging_easy_seed20284556,1852.5429643014531,1843.140718748406,0.0,1.932619920000434,2.3092710533429424,5.160354579703873,12.4041776871604,0.0,0.0,110,0,0,220,0,44.15
d87dbe146fc8fdd1,200,4282687354,nw_retrain_0322_converging_moderate_seed20282662,38.92910796948325,35.25815681300354,0.0,0.7444144666608015,2.11468012002863,0.8118565697902821,11.0,0.0,0.0,110,0,0,220,0,50.09
7f7389246f5a7a9f,200,3385522069,nw_retrain_0322_converging_moderate_seed20282662,880.8281352214848,873.8832079081603,0.0,2.0687085549951907,2.6194007056861848,2.2568180526430806,13.43326578514089,0.0,0.0,110,0,0,220,0,48.89
b2c5eacf4f14dfc2,200,2451972521,nw_retrain_0322_converging_moderate_seed20282662,42.74793095492495,38.140365594556776,0.0,1.1408394963190949,2.5855843112248516,0.8811415528242327,12.140839496319096,0.0,0.0,110,0,0,220,0,48.29
8a131b0795a92420,200,1591712497,nw_retrain_0344_converging_easy_seed20284556,3495.472059794774,3490.8796271998062,0.0,1.1987390518188634,2.348310548851652,1.0453829942973016,11.5341642625744,0.0,0.0,110,0,0,220,0,39.14
73dd305ea22b9ea0,200,214829847,nw_retrain_0322_converging_moderate_seed20282662,809.3008494893269,804.4443066408232,0.0,1.1408394963190949,2.576999364333356,1.1387039878512097,12.140839496319096,0.0,0.0,110,0,0,220,0,50.09
add5848e6f12f072,200,423416636,nw_retrain_0322_converging_moderate_seed20282662,5.652400945130346,1.9208615179773822,0.0,1.2911193665900476,2.329719605372822,0.11070045519009424,4.322681339757524,0.0,0.0,110,0,0,220,0,54.0
06d292519f637793,200,2569376725,nw_retrain_0344_converging_easy_seed20284556,97.58083100251606,67.23032575215768,0.0,1.624789920355685,2.303957336549809,26.421757993452882,12.418149784009769,0.0,0.0,110,0,0,220,0,37.71
062ea623a26519d7,200,1127527818,nw_retrain_0322_converging_moderate_seed20282662,437.2666056838602,359.1488232993118,0.0,1.609739012752813,2.488796248925903,74.01924712286967,12.07556780047446,0.0,0.0,110,0,0,220,0,54.53
dd85889789b9b31e,200,1385916763,nw_retrain_0322_converging_moderate_seed20282662,1097.247696268417,1091.5997615696924,0.07916829477174685,0.8481694480935605,2.437157212830155,2.2834397430290907,11.0,0.0,0.0,110,0,0,220,0,55.03
8500ff23042d0084,200,2903789114,nw_retrain_0322_converging_moderate_seed20282662,18.47420264554645,16.340994502725156,0.0,0.13509359895320147,1.8270445643537638,0.17106997951432876,11.0,0.0,0.0,110,0,0,220,0,53.93
78e76aecd837d4d3,200,2945185079,nw_retrain_0322_converging_moderate_seed20282662,9.374333598964874,2.0315097788768015,0.0,1.6032749580379733,2.1571267937816674,3.5824220682684316,8.217206805183206,0.0,0.0,110,0,0,220,0,60.81
4ee0f742e4e9af04,200,3412625603,nw_retrain_0322_converging_moderate_seed20282662,5414.038290877229,5406.7414925033245,0.0,1.2116058945069865,2.1836686354300094,3.9015238439682913,11.43930650491276,0.0,0.0,110,0,0,220,0,63.5
8b48cd682ec84c87,200,4117623132,nw_retrain_0322_converging_moderate_seed20282662,609.2019718788862,598.8518748693627,0.0,1.0624062410883022,2.3820672311465194,6.905623537288668,11.572338469963217,0.0,0.0,110,0,0,220,0,60.9
a8dcaecb2673d490,200,9537876,nw_retrain_0322_converging_moderate_seed20282662,819.7984215447144,809.9502078330817,0.0,1.3096830411944211,2.692189523129322,5.8463411473090545,13.3438542043499,0.0,0.0,110,0,0,220,0,58.78
a9b059183ad3a5ab,200,3708069880,nw_retrain_0344_converging_easy_seed20284556,365.4674591406949,357.78155008842185,0.0,1.2257051032489643,2.682270284462592,3.7779336645614876,12.445983097463438,0.0,0.0,110,0,0,220,0,29.79
72e9bc01ff4132a8,200,413775921,nw_retrain_0344_converging_easy_seed20284556,215.67752125377825,211.72908549468605,0.0,1.2610571472528458,2.141029306215869,0.5463493056234986,12.14783524350618,0.0,0.0,110,0,0,220,0,29.83
c7abf2ce29a4b86e,200,1357238298,nw_retrain_0344_converging_easy_seed20284556,2390.5306515814573,2383.6250896662555,0.0,1.2257051032489643,2.6195970299895284,3.060259781963285,12.493712474471614,0.0,0.0,110,0,0,220,0,31.64
b026392c659f682a,200,3681404691,nw_retrain_0344_converging_easy_seed20284556,26.419156969409887,18.535526749985213,0.0,1.3598136524807973,2.2094078034819864,4.314408763461887,14.090875837615673,0.0,0.0,110,0,0,220,0,34.15
108dc8ca0802fa9f,200,3654600097,nw_retrain_0344_converging_easy_seed20284556,582.8702288712877,580.9784555935571,0.0,0.0,1.89177327773069,0.0,11.0,0.0,0.0,110,0,0,220,0,32.18
ce2fc1c5701f88a9,200,2277695350,nw_retrain_0344_converging_easy_seed20284556,2531.504137123145,2521.815712297111,0.0,1.2257051032489643,2.697753207065089,5.764966515720279,12.644859366134554,0.0,0.0,110,0,0,220,0,35.84
8ec88461dbd87082,200,172840820,nw_retrain_0344_converging_easy_seed20284556,465.4845508371511,463.4078792929046,0.0,0.0,1.961228634001887,0.11544291024460644,11.115442910244607,0.0,0.0,110,0,0,220,0,35.9
441309b8a47b0db6,200,1466385352,nw_retrain_0344_converging_easy_seed20284556,853.8807104493488,851.9573828804049,0.0,0.0,1.923327568943921,0.0,11.0,0.0,0.0,110,0,0,220,0,36.84
8eb5c66106a581e2,200,3285349645,nw_retrain_0346_vertically_overlapping_moderate_seed20285014,2.456402080537891,0.0,0.0,0.0,2.456402080537891,0.0,1.0,0.0,0.00909090909090909,110,0,0,220,0,30.68
3e99991271523046,200,3525987201,nw_retrain_0346_vertically_overlapping_moderate_seed20285014,10693.156119718791,10684.049030329896,0.0,1.8232147257014997,1.7576442512448949,5.526230411946938,13.127749196735358,0.0,0.0,110,0,0,220,0,34.3
f386ee390de00b46,200,969867789,nw_retrain_0346_vertically_overlapping_moderate_seed20285014,73.59437008841384,55.248763354161454,0.0,0.9354060044585161,2.2585593299336875,15.151641399860182,11.9312305886653,0.0,0.0,110,0,0,220,0,33.21
a1a975e291333146,200,556839503,nw_retrain_0346_vertically_overlapping_moderate_seed20285014,18.281590606039845,13.483503965293604,0.0,0.8894893901132163,2.6820358326592904,1.2265614179737352,10.924865554961473,0.0,0.0,110,0,0,220,0,38.41
010bf96886708af2,200,959516615,nw_retrain_0346_vertically_overlapping_moderate_seed20285014,2.761378225994857,0.0,0.23470377170237894,0.0,2.526674454292478,0.0,1.234703771702379,0.0,0.0,110,0,0,220,0,32.7
eb600294b9d42c99,200,3351364828,nw_retrain_0346_vertically_overlapping_moderate_seed20285014,27.58396755794117,21.444692767895507,0.0,1.696892719333152,2.879389873005692,1.5629921977068146,10.942857142857145,0.0,0.0,110,0,0,220,0,37.41
9f8209f79ddbc1ed,200,4067318846,nw_retrain_0346_vertically_overlapping_moderate_seed20285014,20.75251682137462,12.592881606448302,0.0,0.9094319265600493,1.9041649769220057,5.346038311444261,11.224324437805297,0.0,0.0,110,0,0,220,0,40.87
a7eb37b9d5cecf62,200,3201552153,nw_retrain_0346_vertically_overlapping_moderate_seed20285014,3.2768357465946742,0.0,0.2661848275913578,0.46082671561963195,2.4731375559279742,0.07668664745571015,1.8036981906667,0.0,0.0,110,0,0,220,0,34.28
d57034f7564e9466,200,1148160992,nw_retrain_0346_vertically_overlapping_moderate_seed20285014,24.10553435805351,18.54756887347385,0.7083670777154231,1.743135489689872,2.3915149149350854,0.7149480022392801,11.0,0.0,0.0,110,0,0,220,0,39.62
6e43e16c6d51c2de,200,2090601568,nw_retrain_0346_vertically_overlapping_moderate_seed20285014,10427.299200142765,10424.510085889662,0.0,0.8623006065459181,1.5177610845134883,0.4090525620436865,11.91952847550877,0.0,0.0,110,0,0,220,0,36.42
27e1774918003b62,200,2343260625,nw_retrain_0346_vertically_overlapping_moderate_seed20285014,15.679817539767035,4.437339775766067,0.509263981452091,1.086549613306533,2.260877456571245,7.3857867126710985,11.497009839440341,0.0,0.0,110,0,0,220,0,41.89
f654e5422b857c66,200,2616583305,nw_retrain_0346_vertically_overlapping_moderate_seed20285014,16.072766275126664,11.141134105452197,0.0,1.3297694335048715,2.861315105037531,0.7405476311320648,11.0,0.0,0.0,110,0,0,220,0,37.01
c6e9f89bedeafb0c,200,3061406895,nw_retrain_0346_vertically_overlapping_moderate_seed20285014,10905.27146148399,10899.079373771267,0.0,0.8623006065459181,2.0453460619933805,3.284441044182771,11.997742075378653,0.0,0.0,110,0,0,220,0,39.39
48c30ee02afff98d,200,1947764188,nw_retrain_0346_vertically_overlapping_moderate_seed20285014,17.804636951142918,13.741264172394864,0.0,0.2819277441734223,2.4843432385765185,1.2971017959981115,10.942857142857145,0.0,0.0,110,0,0,220,0,44.25
0d14af5e795ebb81,200,2587051280,nw_retrain_0346_vertically_overlapping_moderate_seed20285014,19.112224217329572,15.549258931552679,0.0,0.7444158225858839,2.3321829645187258,0.4863664986722815,11.0,0.0,0.0,110,0,0,220,0,41.64
60a849662e3f29f7,200,2132712798,nw_retrain_0346_vertically_overlapping_moderate_seed20285014,15.292848479317176,7.7322015467833225,0.0,1.4906736837561894,2.8471967521348893,3.222776496642775,11.0,0.0,0.0,110,0,0,220,0,44.54
cc4e5f4dcbb4a6df,200,3915115331,nw_retrain_0346_vertically_overlapping_moderate_seed20285014,3983.732355431308,3976.490079589979,0.0,1.985343150148682,2.4124334176338804,2.844499273546289,15.382440515733906,0.0,0.0,110,0,0,220,0,43.84
1b6fdf4611354242,200,723632644,nw_retrain_0346_vertically_overlapping_moderate_seed20285014,3992.133471036126,3979.364620671522,0.0,1.985343150148682,2.2880147281968397,8.495492486258403,15.498609157754807,0.0,0.0,110,0,0,220,0,43.62
70b721f692d835b3,200,113087378,nw_retrain_0346_vertically_overlapping_moderate_seed20285014,3984.9952654025415,3976.9920647618624,0.7165274049838172,1.985343150148682,2.345766750967214,2.955563334579084,16.657433889711584,0.0,0.0,110,0,0,220,0,46.25
663dedc449aead04,200,4196664480,nw_retrain_0346_vertically_overlapping_moderate_seed20285014,3995.6313977468167,3981.8162279050866,0.0,1.985343150148682,2.4124334176338804,9.417393273947392,16.653964268062744,0.0,0.0,110,0,0,220,0,44.59
d3c4f9de8993c324,200,3898296737,nw_retrain_0363_vertically_overlapping_hard_seed20286418,203.08664916527528,126.94996894942314,0.0,1.2425361984815615,2.0745787202959463,72.81956529707463,11.155587120552138,0.0,0.0,110,0,0,220,0,49.5
6c9456d6bca98454,200,4196904192,nw_retrain_0363_vertically_overlapping_hard_seed20286418,783.249744562142,767.2419092210184,0.0,0.9439545877919793,2.1810546142980276,12.882826139033718,10.418584778343696,0.0,0.0,110,0,0,220,0,47.78
23bff3630805ba9b,200,680138585,nw_retrain_0363_vertically_overlapping_hard_seed20286418,5452.24050972507,5357.572048205362,0.35923679196646263,0.9268255302746228,2.2237433471285377,91.15865585033868,11.042576505899108,0.0,0.0,110,0,0,220,0,50.52
f044636ddc3f67d9,200,537904884,nw_retrain_0363_vertically_overlapping_hard_seed20286418,85.9784734856126,84.78838096838285,0.0,0.0,1.1154955617397555,0.07459695548999036,11.037936261261263,0.0,0.0,110,0,0,220,0,53.4
cad3381340d030c0,200,3254314343,nw_retrain_0386_none_easy_seed20288803,6.7498908960177895,1.2865460553902173,0.0,2.0453181229461563,2.1144199876691103,1.303606730012306,5.63547090834868,0.0,0.0,110,0,0,220,0,26.04
900503a41eb63453,200,55344602,nw_retrain_0386_none_easy_seed20288803,8.04144970291362,2.4889787614571777,0.0,1.3625953586884485,2.5844003851131263,1.6054751976548678,6.457049317800494,0.0,0.0,110,0,0,220,0,24.99
83808856b13a6130,200,4083339417,nw_retrain_0386_none_easy_seed20288803,29814.88063010973,29798.119913030965,0.0,1.701111836926654,1.8001891964517356,13.25941604538375,10.4,0.0,0.0,110,0,0,220,0,29.6
f220dedee6ebcf1c,200,3376791746,nw_retrain_0386_none_easy_seed20288803,11.491929915817586,5.117129534685873,0.0,1.377518344063118,2.1950115415356346,2.802270495532961,10.296918374281951,0.0,0.0,110,0,0,220,0,28.54
56d6f55eb8bbe039,200,1235033880,nw_retrain_0363_vertically_overlapping_hard_seed20286418,3594.909648243718,3558.5630394946875,0.0,1.824631370061119,2.01592520312677,32.506052175842804,11.763603139146255,0.0,0.0,110,0,0,220,0,41.39
4b0dc3ace46fcdf1,200,3115063602,nw_retrain_0386_none_easy_seed20288803,3.6552024748501375,1.0286627919197753,0.0,0.1141694012458349,1.5617804650888714,0.9505898165956559,3.093422009761266,0.0,0.0,110,0,0,220,0,28.28
fc0e4b09c7597faf,200,3011809067,nw_retrain_0386_none_easy_seed20288803,13.603116228700193,6.6763101858483935,0.0,1.9144750810235962,1.9421536462106181,3.0701773156175847,11.0,0.0,0.0,110,0,0,220,0,29.72
190e2f9b38aeb272,200,1450712980,nw_retrain_0386_none_easy_seed20288803,1.503012230003793,0.0,0.0,0.0,1.3062485998448574,0.19676363015893542,1.1967636301589355,0.0,0.00909090909090909,110,0,0,220,0,31.58
18f9e1957aa136ae,200,1904455348,nw_retrain_0386_none_easy_seed20288803,8.918044098181884,2.0360458403524926,0.0,1.271709958244277,2.5540704462142108,3.056217853370905,7.363973651967674,0.0,0.0,110,0,0,220,0,32.69
c9100621de969a1b,200,645333424,nw_retrain_0363_vertically_overlapping_hard_seed20286418,112.21809977305647,105.7955250340554,0.0,0.6698151045894788,1.9848362037768659,3.7679234306347253,11.0,0.0,0.0,110,0,0,220,0,43.83
8c9099eeb9e63e47,200,2965199675,nw_retrain_0363_vertically_overlapping_hard_seed20286418,126.6551596407971,49.29184035811924,0.32124256453246886,1.4017135761073634,2.109900660293106,73.53046248174492,12.710134249468883,0.0,0.0,110,0,0,220,0,48.88
ee1f60b7781ad4f7,200,3890462209,nw_retrain_0363_vertically_overlapping_hard_seed20286418,17397.69905249882,17395.333964166075,0.0,0.23845502983553088,1.0707565087326922,1.0558767941793996,11.355843636922645,0.0,0.0,110,0,0,220,0,50.26
ea5e5cf52ffe757a,200,3558934784,nw_retrain_0386_none_easy_seed20288803,33458.57862382364,33450.20451102457,0.0,1.8623567514467283,1.4416195056281622,5.0701365420044935,14.70788601812485,0.0,0.0,110,0,0,220,0,25.35
bff9422470ce50eb,200,2202018967,nw_retrain_0363_vertically_overlapping_hard_seed20286418,10.845624287607386,8.670103529628038,0.0,0.0,1.521207236228735,0.6543135217506121,10.324417051378651,0.0,0.0,110,0,0,220,0,45.93
1d75aa11e8cbec23,200,2717514114,nw_retrain_0363_vertically_overlapping_hard_seed20286418,17238.231105817045,17231.84426318919,0.10133044742872947,0.834837082773554,1.6884034430587724,3.7622716545948727,11.467302667099345,0.0,0.0,110,0,0,220,0,51.66
a815614902540b98,200,2817944629,nw_retrain_0386_none_easy_seed20288803,33477.15633912952,33451.84593096555,0.0,1.8623567514467283,1.873013205866394,21.575038206652096,16.635098737330928,0.0,0.0,110,0,0,220,0,27.59
ee3e5fea930e64a7,200,3403321755,nw_retrain_0363_vertically_overlapping_hard_seed20286418,24.448672339545904,22.404396264659244,0.0,0.05411297354134733,1.6916311134669357,0.29853198787837765,11.054112973541347,0.0,0.0,110,0,0,220,0,41.65
9ba0a0dfd001570a,200,1981682633,nw_retrain_0363_vertically_overlapping_hard_seed20286418,110.37234606906948,106.35202575030479,0.0,1.1894145151114726,2.1229176872966535,0.7079881163565701,11.0,0.0,0.0,110,0,0,220,0,42.42
8c9ecf032f894257,200,832938748,nw_retrain_0386_none_easy_seed20288803,33513.45684406833,33463.88340849495,0.0,1.8623567514467283,1.9152609083406742,45.79581791359852,22.86235675144673,0.0,0.0,110,0,0,220,0,28.76
08a8121fbcc6c4af,200,3497884830,nw_retrain_0386_none_easy_seed20288803,33475.801276263446,33459.146181526085,0.0,1.8623567514467283,1.77428466687824,13.01845331903794,15.409516200705633,0.0,0.0,110,0,0,219,0,27.6
b286129c6c6e3ea2,200,221990074,nw_retrain_0363_vertically_overlapping_hard_seed20286418,24.896098615488512,23.109603339515296,0.0,0.0,1.5126346799987087,0.2738605959745097,11.0,0.0,0.0,110,0,0,220,0,44.47
f2e2bab5036392d8,200,3606662018,nw_retrain_0363_vertically_overlapping_hard_seed20286418,19783.431905427755,19776.05914621285,0.0,1.9673103485256924,1.6757997559847886,3.729649110396288,12.049825317209757,0.0,0.0,110,0,0,220,0,48.29
72432c87c8677ca2,200,2668468056,nw_retrain_0363_vertically_overlapping_hard_seed20286418,24.08712049420405,5.330359638043382,0.0,1.3656847321931658,2.421653710995047,14.969422412972456,14.031337119885391,0.0,0.0,110,0,0,220,0,54.73
85f4eeaba585b9d3,200,2363559533,nw_retrain_0386_none_easy_seed20288803,30959.5640411287,30948.38790136129,0.0,1.9849514192831201,1.7058118750845346,7.485376473044894,20.470327892328015,0.0,0.0,110,0,0,220,0,26.87
65179c068de0aa2d,200,3327159955,nw_retrain_0363_vertically_overlapping_hard_seed20286418,4075.6076277907123,4067.187266651246,0.10335617173727107,1.6736027063469958,1.964344597687992,4.679057663694015,13.00916476029205,0.0,0.0,110,0,0,220,0,49.6
3a17704874ae98a4,200,4041938205,nw_retrain_0386_none_easy_seed20288803,30960.27678358616,30952.921544652392,0.0,1.9849514192831201,1.3743903721018547,3.9958971423830056,16.980848561666125,0.0,0.0,110,0,0,220,0,29.29
842d254688867ba8,200,2894895967,nw_retrain_0363_vertically_overlapping_hard_seed20286418,24962.333510245007,24828.299982714092,0.12255942608655368,1.8999697701089016,2.373482640948597,129.63751569377212,22.899969770108903,0.0,0.0,110,0,0,220,0,51.74
45b863e63f82fe6b,200,303943530,nw_retrain_0386_none_easy_seed20288803,30945.338224970204,30929.13125454921,0.0,1.9849514192831201,1.7492476839569613,12.472771317751373,18.22035417647787,0.0,0.0,110,0,0,215,0,29.26
e8365dce6974cf63,200,766097490,nw_retrain_0386_none_easy_seed20288803,30956.997760416783,30940.562742213664,0.0,1.9849514192831201,2.0291970818906084,12.420869701945932,17.252864539407103,0.0,0.0,110,0,0,219,0,28.17
3cc256e61511c45b,200,763471128,nw_retrain_0363_vertically_overlapping_hard_seed20286418,25145.4929045862,25007.58880815617,0.0,1.8999697701089016,2.2588490307548623,133.74527762916708,22.899969770108903,0.0,0.0,110,0,0,220,0,54.39
c4fcc77648346b32,200,3322275138,nw_retrain_0363_vertically_overlapping_hard_seed20286418,25091.110191094485,25007.58880815617,0.0,1.8999697701089016,2.180367554250713,79.44104561395402,22.899969770108903,0.0,0.0,110,0,0,220,0,57.49
28a07ab3f333452c,200,3208346343,nw_retrain_0363_vertically_overlapping_hard_seed20286418,25095.20461532716,25007.58880815617,0.0,1.8999697701089016,2.1828427424257097,83.5329946584544,22.899969770108903,0.0,0.0,110,0,0,220,0,61.55
366fd48747c281fb,200,3659507136,nw_retrain_0386_none_easy_seed20288803,30341.6418331031,30311.019874368827,0.0,1.7302041571623146,1.8546056691530548,27.03714890795958,22.730204157162312,0.0,0.0,110,0,0,220,0,36.51
a08548b0f5c5c56b,200,3307014064,nw_retrain_0386_none_easy_seed20288803,30421.361186517588,30311.019874368827,0.0,1.7775910429538524,1.871885950039749,106.69183515576594,22.77759104295385,0.0,0.0,110,0,0,220,0,36.73
4af91d15595aeb4f,200,55296535,nw_retrain_0409_vertically_overlapping_easy_seed20291319,36.722289970445246,31.459387905349253,0.0,1.869488222348414,2.686980472073931,0.7064333706736402,10.742857142857142,0.0,0.0,110,0,0,220,0,33.93
130e3bf5b2e00d83,200,3699906014,nw_retrain_0386_none_easy_seed20288803,30337.20976555241,30311.019874368827,0.0,1.7302041571623146,1.843074497322418,22.61661252909602,22.730204157162312,0.0,0.0,110,0,0,220,0,36.86
340c310015863703,200,1566296775,nw_retrain_0409_vertically_overlapping_easy_seed20291319,20.761194385422105,13.939863046143097,0.0,1.9595705640953038,2.108641556855951,2.7531192183277553,11.034869203496527,0.0,0.0,110,0,0,220,0,30.05
488cbfaeff77225a,200,907709105,nw_retrain_0409_vertically_overlapping_easy_seed20291319,65.25628771842908,61.23968698191549,0.0,0.24521514521534313,2.396159628380391,1.3752259629178543,11.034869203496527,0.0,0.0,110,0,0,220,0,30.8
34977f9b5c8d2160,200,2211771174,nw_retrain_0386_none_easy_seed20288803,30350.712308800077,30311.019874368827,0.0,1.7302041571623146,1.8989133761709311,36.06331689791497,22.730204157162312,0.0,0.0,110,0,0,219,0,39.29
59dcbe3f60ba0e63,200,339796314,nw_retrain_0409_vertically_overlapping_easy_seed20291319,12.09375846643342,1.502015016168981,0.0,1.9852108962593011,2.24402069162636,6.362511862378778,10.84973777480706,0.0,0.0,110,0,0,220,0,36.94
ddfbc21edf047143,200,2828606657,nw_retrain_0409_vertically_overlapping_easy_seed20291319,8.602946459180897,7.083879456147965,0.21229036918065142,0.0,1.290034319105161,0.016742314747119295,8.312912140075737,0.0,0.0,110,0,0,220,0,37.55
3e6b7cb8a6dbda46,200,2567355929,nw_retrain_0420_converging_moderate_seed20292004,0.9992266131238219,0.0,0.0,0.0,0.9992266131238219,0.0,1.0,0.00909090909090909,0.00909090909090909,110,1,1,220,0,26.6
28b06e59986182fb,200,3409168230,nw_retrain_0409_vertically_overlapping_easy_seed20291319,129.75488997817033,124.96758944717767,0.0,1.1020802135301604,2.3176574561557226,1.3675628613067599,11.034869203496527,0.0,0.0,110,0,0,220,0,34.26
eb86dd4a1c9e3d85,200,419434198,nw_retrain_0409_vertically_overlapping_easy_seed20291319,38.34479301676599,36.064713629690125,0.0,0.03486920349652604,1.5675680692647866,0.6776421143145512,11.094032108655986,0.0,0.0,110,0,0,220,0,34.4
70f5b5e0c882cd0c,200,2447958229,nw_retrain_0409_vertically_overlapping_easy_seed20291319,902.3873736761334,897.4848068368466,0.0,1.6030910710889266,2.1102131730223426,1.1892625951756075,13.33300592541819,0.0,0.0,110,0,0,220,0,31.56
8d4bc7ec6a5bd6c6,200,1297947456,nw_retrain_0409_vertically_overlapping_easy_seed20291319,18.961153937829167,9.588541874314101,0.0,1.7722281981994072,2.4747388805440425,5.125644984771615,10.942857142857141,0.0,0.0,110,0,0,220,0,40.19
f31147ad786f8c97,200,356618364,nw_retrain_0420_converging_moderate_seed20292004,20.853062493663874,18.324245433505858,0.0,0.19323284476772176,1.8197578695990735,0.5158263457912233,10.744221755176248,0.0,0.0,110,0,0,220,0,25.27
a39f9b7b971841b8,200,4001375673,nw_retrain_0409_vertically_overlapping_easy_seed20291319,39.58328088913149,32.29723050844821,0.0,1.6858799715819714,2.3938576253557833,3.2063127837455223,13.492065439362177,0.0,0.0,110,0,0,219,0,33.36
41da14b78d282c98,200,3155899699,nw_retrain_0409_vertically_overlapping_easy_seed20291319,7124.739914601276,7116.987542052284,0.0,1.8390053528676316,2.2198865564387513,3.693480639685841,12.404385338774851,0.0,0.0,110,0,0,220,0,39.56
7cdba83304759332,200,4106927932,nw_retrain_0409_vertically_overlapping_easy_seed20291319,7121.372570338447,7116.788554658992,0.0,1.3764926211562152,1.8578573323247483,1.3496657259735905,12.376492621156215,0.0,0.0,110,0,0,220,0,40.45
8c983eb4e99b1818,200,1227845762,nw_retrain_0420_converging_moderate_seed20292004,74.67797118753452,69.31897586212659,0.0,1.6007850337809535,2.1838432755574035,1.5743670160695749,11.051478478184013,0.0,0.0,110,0,0,220,0,26.76
ee05d65f7c47367f,200,1426758229,nw_retrain_0420_converging_moderate_seed20292004,8.975225998975302,7.68101802076146,0.049919537853500194,0.0,1.2442884403603416,0.0,8.730937558614961,0.0,0.0,110,0,0,220,0,24.92
52c060526f47aa95,200,336554886,nw_retrain_0420_converging_moderate_seed20292004,16.17582490160465,9.345369442705607,0.0,1.5287431515753525,2.46750284793177,2.834209459391918,11.0,0.0,0.0,110,0,0,220,0,27.97
61595a3fe26c229d,200,1677736403,nw_retrain_0409_vertically_overlapping_easy_seed20291319,974.1191036440044,967.9397162101784,0.0,1.720501584383636,2.0362041422544217,2.422681707188007,13.679190983192038,0.0,0.0,110,0,0,220,0,34.32
e49718fb160d275e,200,553446104,nw_retrain_0409_vertically_overlapping_easy_seed20291319,104.96703416948338,98.19959933092721,0.0,1.4342654421008574,2.132463596311769,3.200705800143549,13.373413891304867,0.0,0.0,110,0,0,220,0,35.58
41b9963fc581878c,200,1899588228,nw_retrain_0409_vertically_overlapping_easy_seed20291319,7120.026030637622,7116.739121281717,0.0,1.3764926211562152,1.263974635531274,0.6464420992172253,12.467612956124976,0.0,0.0,110,0,0,220,0,43.23
dd63d9fc45e2ce01,200,2881387043,nw_retrain_0409_vertically_overlapping_easy_seed20291319,155.42936644980367,153.30797521972303,0.0,0.0,2.1213912300806355,0.0,11.0,0.0,0.0,110,0,0,220,0,42.74
f2224499fb87abb1,200,370703782,nw_retrain_0409_vertically_overlapping_easy_seed20291319,155.7217367446067,153.30797521972303,0.0,0.4576579270592716,1.9561035978243742,0.0,11.457657927059271,0.0,0.0,110,0,0,220,0,42.37
ee46f4075ffba8f6,200,1364423934,nw_retrain_0409_vertically_overlapping_easy_seed20291319,7128.2231761101775,7119.485368083841,0.0,1.3764926211562152,1.9804754657417725,5.380839939438519,12.541896127863431,0.0,0.0,110,0,0,220,0,47.4
e605701f8802d5fb,200,1045168048,nw_retrain_0409_vertically_overlapping_easy_seed20291319,155.3572152573883,153.30797521972303,0.0,0.0,2.049240037665263,0.0,11.0,0.0,0.0,110,0,0,220,0,42.27
46f90636bec33222,200,2336479268,nw_retrain_0420_converging_moderate_seed20292004,7.162103823502054,3.061312755506016,0.0,1.354673568673564,1.9433044670130148,0.802813032309459,6.218799356489039,0.0,0.0,110,0,0,220,0,28.24
853b91063f7b6c00,200,1277891536,nw_retrain_0420_converging_moderate_seed20292004,3.001055328116884,0.0,0.0,0.2520605144786113,2.3423731214092527,0.4066216922290198,1.658682206707631,0.0,0.00909090909090909,110,0,0,220,0,30.51
96ce8bd2668a5386,200,135445271,nw_retrain_0409_vertically_overlapping_easy_seed20291319,155.31813590638166,153.30797521972303,0.0,0.0,2.0101606866586152,0.0,11.0,0.0,0.0,110,0,0,220,0,43.94
ec4a3f0e85a7c577,200,833995524,nw_retrain_0420_converging_moderate_seed20292004,13.358929098074505,5.845123775678321,0.0,1.68893468955804,2.0463647004914276,3.778505932346716,11.0,0.0,0.0,110,0,0,220,0,26.87
78a4e9c7d1f02c78,200,2926524323,nw_retrain_0420_converging_moderate_seed20292004,10045.287683511719,10041.29534792301,0.0,1.3059706727985627,1.747667672129073,0.9386972437824466,11.836752350937433,0.0,0.0,110,0,0,220,0,24.89
49f75fd233c06052,200,2217405143,nw_retrain_0420_converging_moderate_seed20292004,10009.69482960756,10006.655717364576,0.0,1.0064632595716183,1.5124802696716624,0.5201687137415415,12.107396758712378,0.0,0.0,110,0,0,220,0,29.27
ac948149faee173e,200,1311787208,nw_retrain_0436_none_easy_seed20293834,54.816506961312804,46.49389883704662,0.0,0.9561786105929558,2.0591675397410305,5.307261973932192,11.956178610592955,0.0,0.0,110,0,0,220,0,19.36
977447dc00134758,200,972550353,nw_retrain_0420_converging_moderate_seed20292004,10699.478987532011,10697.267067859124,0.0,0.7560192310095607,1.4352956147885554,0.020604827088956886,11.776624058098516,0.0,0.0,110,0,0,220,0,20.45
0df47b21fd3c52a8,200,1930078682,nw_retrain_0436_none_easy_seed20293834,4.52323579754212,3.103857205648672,0.0,0.0,1.419378591893448,0.0,4.103857205648672,0.0,0.0,110,0,0,220,0,19.67
f71c034092a07abf,200,1215974637,nw_retrain_0420_converging_moderate_seed20292004,10025.468074579361,10019.6504826389,0.0,1.9204889982939513,1.8985149219549151,1.9985880202123605,11.425049380231467,0.0,0.0,110,0,0,220,0,26.56
98f58b7071df2f70,200,3256107856,nw_retrain_0420_converging_moderate_seed20292004,10680.100662725948,10676.60508954585,0.0,0.8989299970210857,1.63542174283271,0.9612214402446634,12.005462229431673,0.0,0.0,110,0,0,220,0,22.13
5fb7a8ca033cb884,200,2866629282,nw_retrain_0420_converging_moderate_seed20292004,10699.65079706761,10697.267067859124,0.0,0.9393318575044155,1.4068589040431412,0.0375384469383448,11.97687030444276,0.0,0.0,110,0,0,220,0,21.34
3525897f35434aa6,200,1141901680,nw_retrain_0420_converging_moderate_seed20292004,10667.594788996648,10664.698140778924,0.0,0.7560192310095607,1.610716602600808,0.5299123841122123,11.888237594064487,0.0,0.0,110,0,0,220,0,21.61
df16e4a4f0c70d7c,200,495826,nw_retrain_0420_converging_moderate_seed20292004,10023.26016404562,10015.342853285518,0.0,1.7359352305957831,1.7693922478169875,4.411983281688926,12.98754088736357,0.0,0.0,110,0,0,220,0,29.0
7b8d6bf41ccdc500,200,2052106706,nw_retrain_0436_none_easy_seed20293834,3815.5215040628223,3808.118914000105,0.0,1.4107717948129659,1.8194002189090153,4.172418048994827,12.410771794812966,0.0,0.0,110,0,0,220,0,16.32
7dfb21be4323a41c,200,3291277747,nw_retrain_0436_none_easy_seed20293834,4643.723728254708,4629.45584142567,0.0,1.8161611841613983,1.8300627440031825,10.62166290087342,12.816161184161398,0.0,0.0,110,0,0,220,0,16.43
92530df635918eb9,200,1281456595,nw_retrain_0436_none_easy_seed20293834,31.82490427272312,20.95958309957248,0.0,1.8549169881497456,2.2182029449683163,6.79220124003258,10.872725792755455,0.0,0.0,110,0,0,220,0,20.28
efb951920d367d06,200,1375363310,nw_retrain_0436_none_easy_seed20293834,90.0692114184969,61.78630907823731,0.0,1.6462970520207758,2.057115656732658,24.57948963150616,11.421223823996282,0.0,0.0,110,0,0,220,0,20.19
eb2dc641706cdc40,200,4133141057,nw_retrain_0436_none_easy_seed20293834,94.88697554470359,91.97196558929383,0.0,0.45275131822507575,1.9022992404411312,0.5599593967435684,11.069041622252431,0.0,0.0,110,0,0,220,0,19.25
13c6ff112424bc61,200,1645153772,nw_retrain_0436_none_easy_seed20293834,1707.5604671982219,1698.6759616303739,0.0,1.2354321171898437,2.17074804701729,5.478325403640729,11.323082527711733,0.0,0.0,110,0,0,220,0,17.58
ab9f0d1719cc98f4,200,1355247688,nw_retrain_0436_none_easy_seed20293834,11695.260477999886,11691.331750048503,0.0,1.2902171730031016,1.6,1.0385107783783585,12.36664395443048,0.0,0.0,110,0,0,220,0,18.6
313dd4da70c6f9a6,200,998696109,nw_retrain_0420_converging_moderate_seed20292004,68.15991945043935,59.786563845705366,0.0,1.700978834182098,2.5964508203364534,4.07592595021543,11.875567383103467,0.0,0.0,110,0,0,220,0,30.48
c6abca57f596a9ec,200,221950758,nw_retrain_0436_none_easy_seed20293834,24.59863247586276,18.66709933030762,0.0,1.6862923342258564,2.276131678580008,1.9691091327492727,10.942857142857145,0.0,0.0,110,0,0,220,0,22.98
47fcb40e7b1c2208,200,1241574628,nw_retrain_0436_none_easy_seed20293834,16.574925867031137,12.494412807970232,0.0,0.9808874428272221,1.9478354999936858,1.1517901162399988,11.0,0.0,0.0,110,0,0,220,0,22.19
6480c1173f96e355,200,2416214006,nw_retrain_0420_converging_moderate_seed20292004,515.4929874146195,512.9906850060262,0.0,0.06399653174412571,2.4112086305457594,0.027097246303452588,11.091093778047577,0.0,0.0,110,0,0,220,0,32.21
fc65b0e00852abd0,200,1357676513,nw_retrain_0420_converging_moderate_seed20292004,453.8411759873989,451.1958776616117,0.0,0.0849389516930752,2.332248933501399,0.22811044059276853,11.313049392285844,0.0,0.0,110,0,0,220,0,33.51
bd557dceb3a8a4ce,200,387808777,nw_retrain_0436_none_easy_seed20293834,46.641721577993195,32.43470363136621,0.0,1.5828780923038457,1.7814387369907547,10.84270111733238,11.55543773296431,0.0,0.0,110,0,0,220,0,22.88
3d497f5b042aa916,200,4114957764,nw_retrain_0420_converging_moderate_seed20292004,448.1933067272781,436.82095544540243,0.0,1.908307192280932,2.648624117582111,6.815419972012632,12.116829125811204,0.0,0.0,110,0,0,220,0,33.46
f54ef001f06eb139,200,3494466497,nw_retrain_0436_none_easy_seed20293834,262.9769570189645,258.9699687076776,0.0,1.4343797945873582,2.5303892647999455,0.04221925189960605,12.434379794587358,0.0,0.0,110,0,0,220,0,20.33
e641cb0264f0be57,200,2718552875,nw_retrain_0436_none_easy_seed20293834,49.85813622687592,42.841327223311914,0.0,1.1710166620263391,2.488762701958576,3.3570296395790913,12.59826073271525,0.0,0.0,110,0,0,220,0,23.26
4e5f6975fc83636f,200,1066806553,nw_retrain_0436_none_easy_seed20293834,262.9119357208153,258.9699687076776,0.0,1.4343797945873582,2.4957366170233146,0.011850601526986047,12.434379794587358,0.0,0.0,110,0,0,220,0,20.49
30abd764dd169d82,200,1527696068,nw_retrain_0436_none_easy_seed20293834,262.9243906041042,258.9699687076776,0.0,1.4343797945873582,2.49178684960995,0.02825525222933278,12.434379794587358,0.0,0.0,110,0,0,220,0,21.34
cfa73f9d55b0aa5f,200,2598095709,nw_retrain_0436_none_easy_seed20293834,101.0432581763283,98.03116225510246,0.0,0.41169700996948705,2.205796078840838,0.3946028324155118,11.806299842384998,0.0,0.0,110,0,0,220,0,24.5
b44ce151957aa6b2,200,2229894366,nw_retrain_0436_none_easy_seed20293834,106.87589694152034,103.88868784156463,0.0,0.41169700996948705,2.0985188679296347,0.47699322205658223,11.888690232026068,0.0,0.0,110,0,0,220,0,24.06
e74f1576b4e734e9,200,4212422112,nw_retrain_0436_none_easy_seed20293834,59.7227385459416,52.866772866458405,0.0,1.7055546532616859,2.508343000222341,2.6420680259991696,12.615013997680366,0.0,0.0,110,0,0,220,0,24.63
7aa5e84a51bde11f,200,694120080,nw_retrain_0436_none_easy_seed20293834,262.8840364449978,258.9699687076776,0.0,1.4343797945873582,2.4796879427328453,0.0,12.434379794587358,0.0,0.0,110,0,0,220,0,22.6
7e17435021dd1939,200,3513105937,nw_retrain_0453_converging_hard_seed20295238,1655.7050811678846,1640.8691708066303,0.0,1.9440371697499852,1.821658193717851,11.070214997786408,11.216423719058248,0.0,0.0,110,0,0,220,0,27.25
9c22583308478ede,200,2875357921,nw_retrain_0453_converging_hard_seed20295238,139.60118813559416,136.42211876264713,0.0,1.4335366230373137,1.6220700071509295,0.12346274275875828,11.0,0.0,0.0,110,0,0,220,0,22.05
e6de313061567d12,200,2167021843,nw_retrain_0453_converging_hard_seed20295238,53.50762976786027,49.12739473515259,0.0,1.410491236286558,2.134090799055157,0.8356529973659627,10.8,0.0,0.0,110,0,0,220,0,24.55
9a8c163e71474640,200,3666724498,nw_retrain_0453_converging_hard_seed20295238,43.64807702538359,40.36175918699568,0.0,1.3899076131886143,1.6676994728902421,0.22871075230906046,11.0,0.0,0.0,110,0,0,220,0,22.65
34929c9bb0166296,200,4057094260,nw_retrain_0453_converging_hard_seed20295238,198.95942464884712,193.24958864493723,0.0,1.920447866299856,1.6969368630264228,2.0924512745835924,11.582083304441479,0.0,0.0,110,0,0,220,0,24.46
b38b8c83c7dfcbd7,200,3958571046,nw_retrain_0453_converging_hard_seed20295238,132.03005081301643,127.87654632397712,0.0,1.7449634195441572,2.1608672066958023,0.24767386279936612,11.0,0.0,0.0,110,0,0,220,0,26.61
eaaf1c339bb43cc4,200,3301372638,nw_retrain_0453_converging_hard_seed20295238,10.155420439408005,4.206699505231915,0.0,1.3486744306817922,1.627279483615751,2.972767019878546,9.528140955792253,0.0,0.0,110,0,0,220,0,28.11
054d4de623371d2b,200,1583040751,nw_retrain_0453_converging_hard_seed20295238,60.593002361462155,55.84762703449136,0.0,1.9417322702768516,2.364590003036026,0.4390530536579143,11.278293758146338,0.0,0.0,110,0,0,220,0,26.08
55982f1e96dddfe2,200,1743609043,nw_retrain_0453_converging_hard_seed20295238,268.9924137381333,263.5946798002242,0.0,1.6741525745739654,1.7810861275023508,1.9424952358328025,12.465811640222341,0.0,0.0,110,0,0,220,0,22.99
13b884fe5f221510,200,2889537380,nw_retrain_0453_converging_hard_seed20295238,13.697648369174901,9.768648918338156,0.0,1.7273233292224088,2.018416370998073,0.18325975061626196,11.0,0.0,0.0,110,0,0,220,0,23.96
cab3ed19b5c76ac6,200,4091979637,nw_retrain_0453_converging_hard_seed20295238,12.477078449346186,7.611765178732668,0.0,0.7736613561139384,1.87401562359771,2.2176362909018685,11.0,0.0,0.0,110,0,0,220,0,27.28
46ab3a5389332f60,200,3492513773,nw_retrain_0453_converging_hard_seed20295238,187.00977069878394,182.5439411025591,0.18934226078768676,1.4658116402223411,1.7579594096682492,1.0527162855465473,12.465811640222341,0.0,0.0,110,0,0,219,0,23.15
72146a391c8c7f27,200,4283671254,nw_retrain_0453_converging_hard_seed20295238,351.1812323576114,347.5046465279299,0.0,1.4658116402223411,1.5488753551748877,0.6618988342842926,12.465811640222341,0.0,0.0,110,0,0,220,0,24.52
653fd690087a7c1f,200,665915830,nw_retrain_0453_converging_hard_seed20295238,161.838071529176,157.22052518113458,0.0,1.4658116402223411,1.704531356383201,1.4472033514358769,12.465811640222341,0.0,0.0,110,0,0,220,0,24.64
3811adea257c2e39,200,157196494,nw_retrain_0453_converging_hard_seed20295238,81.57253478860993,78.69271833211884,0.0,0.4830342884704966,2.084981902175649,0.31180026584494624,11.0,0.0,0.0,110,0,0,219,0,29.09
590e788e513f7658,200,3751180324,nw_retrain_0453_converging_hard_seed20295238,399.97012088306604,387.7444656656264,0.0,1.7274749241769651,2.1948348946721277,8.303345398590546,11.0,0.0,0.0,110,0,0,220,0,30.8
d7b6157c98f05b8f,200,1859264874,nw_retrain_0453_converging_hard_seed20295238,233.5837182398541,228.1914829280963,0.0,1.7701943115905039,2.0804213733812436,1.541619626786065,14.31181393837657,0.0,0.0,110,0,0,219,0,27.33
e1b65b486f9b3b92,200,1031114218,nw_retrain_0453_converging_hard_seed20295238,215.41106975859057,206.77860082945207,0.0,1.7701943115905039,1.9742933358996033,4.88798128164839,14.43682595809677,0.0,0.0,110,0,0,220,0,27.73
c433baf8ca59c1ee,200,1757383259,nw_retrain_0453_converging_hard_seed20295238,233.94420222763506,228.1914829280963,0.0,1.7701943115905039,2.0906243866197562,1.8919006013285067,14.662094912919011,0.0,0.0,110,0,0,219,0,31.42
74787c3681201165,200,1368899018,nw_retrain_0453_converging_hard_seed20295238,234.03771140898894,228.1914829280963,0.0,1.7701943115905039,2.092549010410891,1.9834851588912545,14.753679470481758,0.0,0.0,110,0,0,219,0,32.16
058ae6c0c6bf69ee,200,2776569730,nw_retrain_0472_vertically_overlapping_moderate_seed20297231,26.636683781553465,23.63264790315606,0.0,0.9896857266674323,2.0143501517299756,0.0,11.0,0.0,0.0,110,0,0,220,0,25.97
5549ce4841f4b678,200,4200591568,nw_retrain_0472_vertically_overlapping_moderate_seed20297231,16.981111743006924,13.234383051789859,0.0,0.4314777615636623,2.6477309331126078,0.6675199965407917,11.0,0.0,0.0,110,0,0,220,0,26.18
61f7a8540abd0bb5,200,735614888,nw_retrain_0472_vertically_overlapping_moderate_seed20297231,20.58279662303906,16.951059403853442,0.0,0.8617876431174475,2.489758366523992,0.28019120954417404,11.0,0.0,0.0,110,0,0,220,0,27.03
718bfcd62c82dc10,200,4101059740,nw_retrain_0472_vertically_overlapping_moderate_seed20297231,6890.5086126672595,6884.179905451892,0.0,1.9768454647704565,1.8780719673334396,2.473789783263402,12.62589771284472,0.0,0.0,110,0,0,220,0,27.42
0ea25bff115829a8,200,2770677586,nw_retrain_0472_vertically_overlapping_moderate_seed20297231,27.785542600905295,24.894582164166902,0.0,0.41744753568248844,1.909062298881772,0.5644506021741326,11.0,0.0,0.0,110,0,0,220,0,28.22
39e58f5467cd1b14,200,1216906039,nw_retrain_0472_vertically_overlapping_moderate_seed20297231,6887.5000183801885,6883.720397757517,0.0,1.6258977128447203,1.3908249105206867,0.7628979993063768,12.733511447578252,0.0,0.0,110,0,0,220,0,26.81
3c5c1795a0715c68,200,1730089457,nw_retrain_0472_vertically_overlapping_moderate_seed20297231,6890.111476840163,6885.105235262697,0.0,1.6258977128447203,1.8117597384722006,1.5685841261491442,12.62589771284472,0.0,0.0,110,0,0,220,0,27.43
c02aad1af0f03173,200,3427659172,nw_retrain_0472_vertically_overlapping_moderate_seed20297231,728.8826929601722,722.9450561896966,0.7554290768335372,1.372477834374077,1.4430661288418292,2.3666637304261364,10.6,0.0,0.0,110,0,0,220,0,24.69
a41ab041a29ee23b,200,3731683100,nw_retrain_0455_converging_easy_seed20295434,48.28814690050075,41.02334482854006,0.0,0.13763841324807582,2.2444014874675267,4.882762171245086,10.6,0.0,0.0,110,0,0,220,0,50.59
b614ce23f4dc693a,200,3169157845,nw_retrain_0455_converging_easy_seed20295434,22142.193883963886,22136.338439862484,0.0,1.9374046511060954,2.512307478965205,1.4057319713288396,11.335079935238786,0.0,0.0,110,0,0,219,0,46.91
54d157337997e314,200,3012110608,nw_retrain_0472_vertically_overlapping_moderate_seed20297231,6891.64727389829,6887.464059257951,0.0,1.6258977128447203,1.5899129379314243,0.9674039895633543,12.691056400389362,0.0,0.0,110,0,0,220,0,28.91
112d170c330bab23,200,2021888215,nw_retrain_0455_converging_easy_seed20295434,8.009478818310512,1.76823176702213,0.0,0.49144292622931146,2.4473563761064914,3.3024477489525785,6.56212244220402,0.0,0.0,110,0,0,220,0,46.22
4601e79bf6ca2d7f,200,3779540932,nw_retrain_0455_converging_easy_seed20295434,9669.197572794777,9603.22698402898,0.0,1.5021068487957754,1.9575735369762381,62.51090838002765,11.29322658593733,0.0,0.0,110,0,0,220,0,49.17
f9fe5b9fdfd657ea,200,3785873615,nw_retrain_0455_converging_easy_seed20295434,5.246276823126022,1.0025861142261547,0.0,0.8100031144885413,2.6459234893838994,0.7877641050274272,3.6003533337421234,0.0,0.0,110,0,0,220,0,45.49
28c5f0182cfc9344,200,1849151991,nw_retrain_0455_converging_easy_seed20295434,14.841589234749575,1.277315235597424,0.0,1.0129626934152414,2.57900115345344,9.97231015228347,11.0,0.0,0.0,110,0,0,220,0,47.47
da4e72dbd81b4aa7,200,3103899885,nw_retrain_0472_vertically_overlapping_moderate_seed20297231,433.68376408333614,428.8424492375781,0.0,0.8901993190276741,2.1274992063514153,1.8236163203790443,11.890199319027674,0.0,0.0,110,0,0,220,0,27.92
5910971d5b90d085,200,2386770172,nw_retrain_0455_converging_easy_seed20295434,2.087890898578356,0.0,0.0,0.006338976925432505,2.080081021715446,0.0014708999374773333,1.0078098768629098,0.0,0.00909090909090909,110,0,0,220,0,55.67
b8d180e755c0508c,200,1890045468,nw_retrain_0472_vertically_overlapping_moderate_seed20297231,1632.244965014972,1625.2958326010696,0.8349920851269005,1.9821468373238929,2.0542487479618696,2.077744743489772,11.110268356692613,0.0,0.0,110,0,0,220,0,26.71
c6e819878ead0081,200,1959120774,nw_retrain_0455_converging_easy_seed20295434,14114.820568485524,14090.251763939226,0.0,1.4596106325344944,2.0167545134299827,21.09243940033309,11.58696451379785,0.0,0.0,110,0,0,220,0,52.35
27d891a2f1cb9604,200,3522843279,nw_retrain_0472_vertically_overlapping_moderate_seed20297231,618.7546831489809,611.2875991850854,0.0,1.8968332159276073,1.9937943652482173,3.5764563827197935,12.315884025095448,0.0,0.0,110,0,0,220,0,27.18
e1e7c86ee1c1102a,200,1710367394,nw_retrain_0455_converging_easy_seed20295434,35606.71424971832,35602.79275357555,0.0,0.5517507457004021,1.6917123003387329,1.6780330967353774,11.551750745700403,0.0,0.0,110,0,0,219,0,54.36
947cc63e119926bf,200,1116868437,nw_retrain_0455_converging_easy_seed20295434,11.43756581054649,8.015050089434235,0.0,1.0429102772330188,2.3502665501058364,0.029338893773401587,10.087299260440654,0.0,0.0,110,0,0,220,0,55.19
6bc281417dd5fe6d,200,102916189,nw_retrain_0455_converging_easy_seed20295434,6.6997705488048975,0.0,0.0,1.7812993994208022,2.3373912791848044,2.5810798701992907,5.362379269620092,0.0,0.00909090909090909,110,0,0,220,0,61.65
467ce3267e6c2702,200,2851329737,nw_retrain_0455_converging_easy_seed20295434,7120.234779612729,7097.050893475462,0.0,1.708279392906124,2.032254102041983,19.44335264231915,11.234873300042645,0.0,0.0,110,0,0,220,0,61.05
2c532d52bfd8c981,200,385402668,nw_retrain_0472_vertically_overlapping_moderate_seed20297231,5560.6751863454665,5554.673690267112,0.0,1.5477136711663684,1.853166661756586,2.600615745431705,13.291714525867404,0.0,0.0,110,0,0,220,0,25.02
3ad19e2f75a837a5,200,4049397612,nw_retrain_0472_vertically_overlapping_moderate_seed20297231,7317.1217114953015,7313.136985959925,0.0,1.459903081641645,2.015254785923806,0.5095676678109139,12.96947074945256,0.0,0.0,110,0,0,220,0,25.85
bef9405216c0571f,200,370758874,nw_retrain_0472_vertically_overlapping_moderate_seed20297231,5577.273275109827,5571.269367712105,0.0,1.459903081641645,1.8455678545181946,2.698436461562956,12.775781383441325,0.0,0.0,110,0,0,220,0,27.35
a17576fca19aa0ea,200,1172039993,nw_retrain_0472_vertically_overlapping_moderate_seed20297231,146.62105297781883,144.44130579664312,0.0,0.0,2.179747181175722,0.0,11.0,0.0,0.0,110,0,0,206,0,25.39
0b4b0ac19098da59,200,1600830015,nw_retrain_0455_converging_easy_seed20295434,32967.56736032066,32949.72555361913,0.0,1.6470618895579763,1.7062076144880003,14.48853719749107,22.647061889557975,0.0,0.0,110,0,0,212,0,60.0
5617d64d0ac60e75,200,98520821,nw_retrain_0472_vertically_overlapping_moderate_seed20297231,5454.41999870002,5449.231037291107,0.0,1.459903081641645,1.8660705189869398,1.862987808284391,13.137810429162913,0.0,0.0,110,0,0,220,0,27.31
82e531d803946de8,200,2372617198,nw_retrain_0455_converging_easy_seed20295434,32970.45933566047,32949.72555361913,0.0,1.6470618895579763,1.6842152355966964,17.40250491618306,22.647061889557975,0.0,0.0,110,0,0,212,0,58.76
0a871cc314eb02dd,200,1837930242,nw_retrain_0472_vertically_overlapping_moderate_seed20297231,146.637059744661,144.44130579664312,0.0,0.0,2.1388920379131777,0.05686191010470399,11.0,0.0,0.0,110,0,0,204,0,26.17
d1bccd35e7e96adb,200,1319283579,nw_retrain_0472_vertically_overlapping_moderate_seed20297231,146.6968881461845,144.44130579664312,0.0,0.0,2.1127252066842552,0.14285714285714182,11.0,0.0,0.0,110,0,0,220,0,27.21
c7b79e7da450c3be,200,3237059529,nw_retrain_0472_vertically_overlapping_moderate_seed20297231,148.29780917063388,144.44130579664312,0.0,1.3935646321964832,2.4629387417942974,0.0,12.393564632196483,0.0,0.0,110,0,0,220,0,25.81
d978b5de0ba47019,200,618548195,nw_retrain_0455_converging_easy_seed20295434,32960.000066575645,32949.72555361913,0.0,1.6470618895579763,1.6643013934659883,6.9631496734929215,19.610211563050896,0.0,0.0,110,0,0,212,0,60.39
f84a0a5af85bf4a8,200,3773322827,nw_retrain_0455_converging_easy_seed20295434,34228.372192928226,34194.111522741325,0.0,1.6526402286017918,1.4919729327277196,31.116057025566988,22.65264022860179,0.0,0.0,110,0,0,206,0,58.83
b18c753d6a84d7d8,200,3632522280,nw_retrain_0455_converging_easy_seed20295434,32961.40618193554,32949.72555361913,0.0,1.6470618895579763,1.6962294063711147,8.337337020488498,20.984398910046473,0.0,0.0,110,0,0,212,0,59.81
9ff8bf610f5b5c7d,200,2528177513,nw_retrain_0455_converging_easy_seed20295434,34231.770918723465,34194.111522741325,0.0,1.6526402286017918,1.497063373718539,34.50969237981684,22.65264022860179,0.0,0.0,110,0,0,206,0,61.51
f920e41245c41376,200,569506296,nw_retrain_0487_converging_easy_seed20298701,5.3345428146837675,2.293907642805297,0.0,0.13063043015867595,2.6792301966430627,0.23077454507673137,3.6553126180407043,0.0,0.0,110,0,0,220,0,30.42
6d776d6761ad6a52,200,3728318123,nw_retrain_0487_converging_easy_seed20298701,5.242453421506624,2.8972605716515183,0.0,0.0,2.0747484882251266,0.27044436162997904,4.167704933281497,0.0,0.0,110,0,0,220,0,30.26
e519bdf734577ff2,200,3772275526,nw_retrain_0487_converging_easy_seed20298701,1510.4913074671097,1490.3761463398082,0.0,1.8223416140850297,2.121288296631401,16.171531216585155,11.746164310215129,0.0,0.0,110,0,0,220,0,30.54
8125b8a03a23c584,200,1671472533,nw_retrain_0455_converging_easy_seed20295434,34277.5983461489,34194.111522741325,0.0,1.7300638045738832,1.4937469583198593,80.26301264469109,22.73006380457388,0.0,0.0,110,0,0,206,0,64.97
1cf5a97ed12d0c71,200,4007615769,nw_retrain_0487_converging_easy_seed20298701,2.601729019654022,0.0,0.5147251401175206,0.0,1.760960422278849,0.3260434572576523,1.8407685973751728,0.0,0.0,110,0,0,220,0,28.3
e51b5b9c1defcde2,200,437178956,nw_retrain_0487_converging_easy_seed20298701,5.883559022252485,1.9148650978171977,0.0,1.1720853357224967,2.2850451226854998,0.5115634660272912,4.598513899566986,0.0,0.0,110,0,0,220,0,32.52
eb354a496d1b1786,200,3548030533,nw_retrain_0487_converging_easy_seed20298701,10715.666274941037,10691.45539312355,0.0,1.7037989025765334,2.0670046158847892,20.44007829902663,12.5386295348359,0.0,0.0,110,0,0,220,0,34.52
a664de82d01a683d,200,1549745420,nw_retrain_0487_converging_easy_seed20298701,5.02910951027242,0.0,0.0,1.817565803613696,2.4319453098040986,0.7795983968546261,3.5971642004683217,0.0,0.00909090909090909,110,0,0,220,0,34.64
de47ac33dd3c4fc3,200,3434049470,nw_retrain_0487_converging_easy_seed20298701,2.9295494549093477,0.42370584461896477,0.0,0.15911696754319035,2.1195355757076215,0.2271910670395713,1.8100138792017264,0.0,0.0,110,0,0,220,0,34.38
c9fb13eca5ee1f15,200,3138892301,nw_retrain_0487_converging_easy_seed20298701,2.9830850928641,0.046840877695948135,0.0032028950478664906,0.33914541882366755,2.080256570766244,0.5136393305303738,1.902828522097856,0.0,0.0,110,0,0,220,0,32.58
0e108cce67c3448c,200,1133492145,nw_retrain_0487_converging_easy_seed20298701,1804.6823926635516,1797.350715764274,0.0,1.4452810274422105,2.1755164052239997,3.7108794666113574,11.0,0.0,0.0,110,0,0,220,0,30.48
f96abb4c229c3073,200,4132354945,nw_retrain_0487_converging_easy_seed20298701,63.02800064459655,60.82658920861862,0.0,0.0,1.6872921973212365,0.514119238656699,11.0,0.0,0.0,110,0,0,220,0,31.31
b0f1032824f73c2d,200,370659948,nw_retrain_0455_converging_easy_seed20295434,34229.86710587512,34194.111522741325,0.0,1.6526402286017918,1.3084950095871473,32.79444789560706,22.65264022860179,0.0,0.0,110,0,0,220,0,69.03
fbfb95decf219ab6,200,2529962357,nw_retrain_0487_converging_easy_seed20298701,2335.4384197878167,2326.330541518029,0.0,1.5442625481995667,1.6833858212076993,5.88022990038041,11.09013277450131,0.0,0.0,110,0,0,220,0,31.24
72e0ab2a6244a120,200,2192024563,nw_retrain_0487_converging_easy_seed20298701,2926.792464008119,2919.012452459048,0.0,1.7107025459409162,2.8933731988932108,3.1759358042371377,12.723322211005565,0.0,0.0,110,0,0,220,0,36.68
2342237c2b34b28f,200,2859340476,nw_retrain_0487_converging_easy_seed20298701,2912.1776838790697,2904.4382137735784,0.0,1.6929422766500817,2.7315547693344837,3.314973059506285,14.29800772171276,0.0,0.0,110,0,0,220,0,36.83
c8be10bb591f498b,200,3671818018,nw_retrain_0516_none_easy_seed22079712,171.61718841001075,147.68795381317045,0.0,1.5117344148456118,2.3407365399813798,20.076763642013304,11.0,0.0,0.0,110,0,0,220,0,23.2
f1b5a8da2e584026,200,3417538618,nw_retrain_0516_none_easy_seed22079712,8.600601632099027,7.192505706466671,0.0,0.0,1.408095925632356,0.0,8.19250570646667,0.0,0.0,110,0,0,220,0,24.26
b26ee594b8de78d1,200,1453131924,nw_retrain_0516_none_easy_seed22079712,4502.179800863586,4455.182546821562,0.0,1.3543031646840331,1.959650859858091,43.68330001748237,11.74832539192542,0.0,0.0,110,0,0,220,0,25.9
8c3c0b4c4fcb7f37,200,4110506484,nw_retrain_0487_converging_easy_seed20298701,388.36401911796554,381.1021540630404,0.0,1.15021051581508,2.1294762943315484,3.982178244778487,12.253250878704241,0.0,0.0,110,0,0,220,0,28.77
d4fa40a968b7716f,200,3489408739,nw_retrain_0516_none_easy_seed22079712,91.03810249475083,48.362856395430036,0.0,1.995338938125269,2.3920314091133217,38.28787575208221,11.228849958035353,0.0,0.0,110,0,0,220,0,24.59
dbb06bbb336eca5d,200,299804778,nw_retrain_0487_converging_easy_seed20298701,2937.068233366204,2928.0505099815127,0.0,1.1298298559981248,2.7578876337652325,5.1300058949277965,13.090417799430103,0.0,0.0,110,0,0,220,0,38.45
aaead72209127055,200,1610963829,nw_retrain_0516_none_easy_seed22079712,549.734965261069,477.49165001667694,0.0,1.6736410514850057,2.243430306196989,68.32624388671002,10.6,0.0,0.0,110,0,0,220,0,25.79
49eaf7bbdc81ffa1,200,3069102932,nw_retrain_0516_none_easy_seed22079712,13.332425287841474,10.093481695169826,0.0,0.16608590245218524,2.0621709817260987,1.0106867084933633,11.0,0.0,0.0,110,0,0,220,0,25.04
7b39211eb8677dd5,200,3561146268,nw_retrain_0516_none_easy_seed22079712,15136.12030615655,15131.669048786283,0.0,1.5937907562715345,1.7667753464581637,1.0906912675388307,12.729126777756575,0.0,0.0,110,0,0,220,0,20.38
2866ef74784c4dd6,200,204020918,nw_retrain_0516_none_easy_seed22079712,15260.08669022504,15253.994297190562,0.0,1.5937907562715345,2.0407805360716247,2.4578217421354442,12.751786062165403,0.0,0.0,110,0,0,220,0,23.98
34ca2096a4d05f71,200,2880412745,nw_retrain_0487_converging_easy_seed20298701,2910.301384229476,2901.6158945233924,0.0,1.5078790762807701,2.874763229015838,4.302847400786476,13.258140905256846,0.0,0.0,110,0,0,220,0,36.21
e513459aee2eda6c,200,1746228194,nw_retrain_0516_none_easy_seed22079712,39.28049038209158,34.86431936412763,0.0,0.7418589245397941,2.2226577583919465,1.4516543350322084,11.0,0.0,0.0,110,0,0,220,0,26.44
c07f587e6a9ed552,200,3503545929,nw_retrain_0487_converging_easy_seed20298701,2581.809763695762,2576.9079720042973,0.0,1.15021051581508,2.1923128929771267,1.5592682826720845,12.532121010335036,0.0,0.0,110,0,0,220,0,31.17
80053bd5aca93479,200,1121638075,nw_retrain_0516_none_easy_seed22079712,98.15614612979505,55.84410076099782,0.0,1.430162197721175,2.370032611160119,38.51185055991593,11.5166906580448,0.0,0.0,110,0,0,220,0,25.84
86558e8a668e60b6,200,1087600328,nw_retrain_0487_converging_easy_seed20298701,2611.5868550783284,2605.370991831032,0.0,1.8259501757145287,2.0589795596437934,2.3309335119378436,13.069064860155146,0.0,0.0,110,0,0,220,0,30.49
18b118ea3557af54,200,4266080860,nw_retrain_0487_converging_easy_seed20298701,2539.7305924366306,2535.7212068923996,0.0,1.15021051581508,2.0805788356275707,0.7785961927886021,12.502978162146794,0.0,0.0,110,0,0,220,0,31.63
b8d16cc6132f2431,200,2671571417,nw_retrain_0516_none_easy_seed22079712,15138.25987271347,15131.652512591967,0.0,1.8545947752272405,1.8913194897524188,2.8614458565235643,13.7861661857737,0.0,0.0,110,0,0,220,0,21.63
34c67b5e3734e0cc,200,2019727408,nw_retrain_0516_none_easy_seed22079712,15139.733164215237,15134.60286542108,0.0,1.5937907562715345,1.897677545899524,1.6388304919854393,12.786221277393498,0.0,0.0,110,0,0,220,0,22.69
aeb957c09444dd7f,200,1197092971,nw_retrain_0516_none_easy_seed22079712,11743.134754532583,11738.022100436578,0.0,1.231507627414379,2.6867612827571454,1.1943851858333896,13.425892813247769,0.0,0.0,110,0,0,220,0,19.81
045bfbdb37076634,200,1707052431,nw_retrain_0516_none_easy_seed22079712,11742.407162133659,11736.75151598882,0.0,1.231507627414379,2.7162289264635846,1.7079095909609137,13.39178713231248,0.0,0.0,110,0,0,220,0,20.04
ae5d7de2059d1395,200,231212040,nw_retrain_0516_none_easy_seed22079712,11742.376881420852,11736.529858697662,0.0,1.231507627414379,2.726555111621726,1.8889599841548854,14.120467611569264,0.0,0.0,110,0,0,220,0,20.91
c60b7f2b4bd07fc5,200,3693214008,nw_retrain_0516_none_easy_seed22079712,11742.437762289192,11736.588169005667,0.0,1.3603156101365428,2.72902445699582,1.760253216393609,14.120568826530151,0.0,0.0,110,0,0,220,0,20.09
65676a103dcbc6e5,200,483898191,nw_retrain_0516_none_easy_seed22079712,18619.76421403223,18586.494416836144,0.0,1.8589639932580286,1.9655004935557265,29.44533270927342,18.569364475511023,0.0,0.0,110,0,0,220,0,23.79
579bc2e6b73c9308,200,2653597105,nw_retrain_0516_none_easy_seed22079712,18590.869071249523,18566.447153382163,0.0,1.8589639932580286,1.9528785988869863,20.610075275212854,17.57374485051818,0.0,0.0,110,0,0,220,0,22.38
8464303bf6b5a63a,200,123903604,nw_retrain_0516_none_easy_seed22079712,18590.24735712822,18569.824150013457,0.0,1.8589639932580286,1.9661534237733473,16.598089697729147,17.622600212556296,0.0,0.0,110,0,0,220,0,25.09
cfd90b92f7cfc91d,200,956736488,nw_retrain_0516_none_easy_seed22079712,18606.296187182514,18578.22624232727,0.0,1.8589639932580286,1.9455666701524557,24.26541419183361,20.115091767758912,0.0,0.0,110,0,0,220,0,25.92
5678cc1617f572e1,400,2874876189,nw_dual_val_023,6.042039214626828,3.905513108896595,0.7398272216224971,0.0,1.3966988841077363,0.0,5.645340330519092,0.0,0.0,210,0,0,410,0,43.13
9c6ba0bf2d30dd8e,400,3688055599,nw_dual_val_023,1560.8731609880626,1559.5898161709238,0.0,0.2612387857142962,0.863796809075503,0.15830922234915246,11.352826424137627,0.0,0.0,210,0,0,376,0,45.39
3b21adf160b45f29,400,734877469,nw_dual_val_015,1165.3254185208636,1164.1249744064999,0.0,0.0,1.063896169906077,0.1365479444578537,11.051296780382703,0.0,0.0,210,0,0,409,0,45.6
a67d04830cf79835,400,4149614701,nw_dual_val_023,6.2197053039327095,4.1794557926705815,0.7398272216224971,0.0,1.3004222896396311,0.0,5.645340330519092,0.0,0.0,210,0,0,410,0,45.7
bcad1e4f4b996373,400,605140039,nw_dual_val_015,1165.3134859683826,1164.1249744064999,0.0,0.0,1.0762977116362085,0.11221385024643867,11.064281280489851,0.0,0.0,210,0,0,409,0,46.06
a412444d9b688d39,400,1450446945,nw_dual_val_015,1165.1589419124814,1164.1249744064999,0.0,0.0,0.9689429617161022,0.06502454426548004,11.06502454426548,0.0,0.0,210,0,0,410,0,47.43
074f2ed60734919e,400,1678303884,nw_dual_val_015,1785.0729525424063,1783.5788867774309,0.0,0.2163290975091233,1.2777366674662394,0.0,11.216329097509123,0.0,0.0,210,0,0,410,0,47.48
235a7c8b4f6be992,400,3790948577,nw_dual_val_023,1560.8856683012957,1559.5898161709238,0.0,0.2612387857142962,0.9666927413976211,0.06792060325996942,11.329159388974265,0.0,0.0,210,0,0,409,0,47.5
b0024c421cfbaf1c,400,3479291742,nw_dual_val_023,6.041314149276531,3.9503847831636145,0.7398272216224971,0.0,1.3511021444904199,0.0,5.645340330519092,0.0,0.0,210,0,0,410,0,48.93
26b21bdfd8aabe1c,400,2805440356,nw_dual_val_023,1560.7172702080247,1559.5898161709238,0.0,0.2612387857142962,0.7769296575295539,0.0892855938570337,11.350524379571329,0.0,0.0,210,0,0,346,0,49.46
03a7bddb65276d90,400,750662059,nw_dual_val_023,1560.8938578574846,1559.5898161709238,0.0,0.2612387857142962,0.8954148680305245,0.14738803281597324,11.40862681853027,0.0,0.0,210,0,0,346,0,49.95
ffe8261f4195656b,400,3646703802,nw_dual_val_013,219.18488842034742,218.02662454783837,0.0,0.0,1.1582638725090406,0.0,11.0,0.0,0.0,210,0,0,409,0,50.28
e393a71cc68906c8,400,3897234425,nw_dual_val_013,219.15303344254258,218.02662454783837,0.0,0.0,1.126408894704216,0.0,11.0,0.0,0.0,210,0,0,410,0,50.96
24bb28fe78d6a8cc,400,426342033,nw_dual_val_030,517.0523894388638,515.1910382567052,0.91107471387626,0.0,0.9502764682824008,0.0,11.91107471387626,0.0,0.0,210,0,0,390,0,51.28
6c4213fa3c4e8e6b,400,4146602170,nw_dual_val_015,1785.2120386261468,1783.5788867774309,0.0,0.2163290975091233,1.4149509894723349,0.001871761734477495,11.2182008592436,0.0,0.0,210,0,0,410,0,51.43
420ffa13d87ebc54,400,3779148436,nw_dual_val_015,1165.272415503139,1164.1249744064999,0.0,0.0,1.059613239607917,0.08782785703131406,11.087827857031314,0.0,0.0,210,0,0,409,0,52.1
fe076dc549fea488,400,320388248,nw_dual_val_030,5.295356986690343,3.781781029156342,0.0,0.0,1.2098986592927397,0.30367729824126116,5.085458327397603,0.0,0.0,210,0,0,410,0,53.0
953509b673a59564,400,3223144421,nw_dual_val_015,1785.2344369240122,1783.5788867774309,0.0,0.2163290975091233,1.417748935793702,0.02147211327862711,11.23780121078775,0.0,0.0,210,0,0,409,0,53.62
679dca4b7d0ffaef,400,1215609258,nw_dual_val_013,219.2314267476354,218.02662454783837,0.0,0.0,1.2048021997970337,0.0,11.0,0.0,0.0,210,0,0,409,0,54.73
c2f6a8ec7ab00ad3,400,3398002117,nw_dual_val_015,1785.3116912578782,1783.5788867774309,0.0,0.2163290975091233,1.4702422587191746,0.04623312421905291,11.262562221728176,0.0,0.0,210,0,0,410,0,55.3
6b1abedcda57634c,400,834975301,nw_dual_val_013,219.2756746449787,218.02662454783837,0.0,0.0,1.2486687959267022,0.0003813012136194634,11.0,0.0,0.0,210,0,0,410,0,55.31
cd31553c2824a79a,400,590208073,nw_dual_val_025,179.08142590540714,177.02085991435905,0.7142960528002759,0.02170743692238597,1.3245625013254207,0.0,11.73600348972266,0.0,0.0,210,0,0,410,0,56.16
73ee0debb5e2bd36,400,1483246154,nw_dual_val_030,13.368857963590232,12.07178684697197,0.0,0.0,1.105414077505643,0.19165703911262022,10.8,0.0,0.0,210,0,0,410,0,57.64
fd9b56e20d99876e,400,3842316304,nw_dual_val_030,165.61238557973658,162.72286947339285,0.8792600819461612,0.15271774420964576,1.6673022254968601,0.19023605469106988,12.031977826155806,0.0,0.0,210,0,0,410,0,58.85
9dd43feb14ed606b,400,1594702186,nw_dual_val_025,179.08055169415275,177.02085991435905,0.7142960528002759,0.02170743692238597,1.3236882900710358,0.0,11.73600348972266,0.0,0.0,210,0,0,410,0,61.37
b64a9ed46ce26f0e,400,2936138599,nw_dual_val_025,179.08401104113707,177.02085991435905,0.7142960528002759,0.02170743692238597,1.3271476370553743,0.0,11.73600348972266,0.0,0.0,210,0,0,409,0,61.49
cb6393fd1720e8a9,400,883717441,nw_dual_val_030,164.25705729903586,161.3513946675694,0.8792600819461612,0.15271774420964576,1.825006695429506,0.04867810988116089,12.031977826155806,0.0,0.0,210,0,0,410,0,61.75
5213224e4b322e81,400,2487699262,nw_dual_val_025,179.0861744281913,177.02085991435905,0.7142960528002759,0.02170743692238597,1.3293110241095794,0.0,11.73600348972266,0.0,0.0,210,0,0,393,0,63.68
4b26fd5a99aaee54,400,1728003910,nw_dual_val_027,780.2337447978144,779.3821267248575,0.0,0.0,0.6892144896798833,0.16240358327705381,11.128289770819823,0.0,0.0,210,0,0,346,0,65.78
23e51d296a356c2d,400,1391562517,nw_dual_val_027,780.2192409764185,779.3821267248575,0.0,0.0,0.6919821926341212,0.14513205892689948,11.094927758768502,0.0,0.0,210,0,0,410,0,68.25
63084358a2538a0d,400,1984435465,nw_dual_val_027,780.3409733792131,779.3821267248575,0.0,0.0,0.7235382409394235,0.2353084134161513,11.199036928245581,0.0,0.0,210,0,0,346,0,73.76
9951a0ad3b6524d8,400,1664253882,nw_dual_val_027,780.4247616071935,779.3821267248575,0.0,0.0,0.7929060278091221,0.24972885452697122,11.210049676310993,0.0,0.0,210,0,0,390,0,82.02
7b365bf0445d392b,400,937270476,nw_dual_val_037,476.2132372276318,474.96741664097476,0.0,0.22716407735982536,1.0186565092971973,0.0,11.227164077359825,0.0,0.0,210,0,0,409,0,46.41
476ce76dae4f0985,400,762885429,nw_dual_val_037,476.2667260619434,474.96741664097476,0.0,0.22716407735982536,1.0721453436088548,0.0,11.227164077359825,0.0,0.0,210,0,0,399,0,45.8
3971a8be6e99e199,400,2576381402,nw_dual_val_037,654.8346165933146,654.1153012706521,0.0,0.0,0.7193153226625002,0.0,11.0,0.0,0.0,210,0,0,388,0,47.53
a7906845ab77929b,400,2362538195,nw_dual_val_037,654.8354012756058,654.1153012706521,0.0,0.0,0.720100004953735,0.0,11.0,0.0,0.0,210,0,0,356,0,45.73
47fe1aff5dca5f13,400,3206366121,nw_dual_val_030,517.2833671645174,515.1910382567052,0.91107471387626,0.0,1.1812541939359988,0.0,11.91107471387626,0.0,0.0,210,0,0,410,0,55.31
d22da36bc21b5bbf,400,3876680671,nw_dual_val_037,654.8434364722164,654.1153012706521,0.0,0.0,0.7281352015642185,0.0,11.0,0.0,0.0,210,0,0,410,0,50.2
1ef2b96f717a3edd,400,712987171,nw_dual_val_037,476.2154002498715,474.96741664097476,0.0,0.22716407735982536,1.0208195315369117,0.0,11.227164077359825,0.0,0.0,210,0,0,367,0,54.9
7cff0a6e7d1af748,400,1192793118,nw_dual_val_037,476.220013311569,474.96741664097476,0.0,0.22716407735982536,1.025432593234431,0.0,11.227164077359825,0.0,0.0,210,0,0,367,0,53.98
c7d69bcffd861897,400,3059104330,nw_dual_val_030,517.2768288727045,515.1910382567052,0.91107471387626,0.0,1.174715902123069,0.0,11.91107471387626,0.0,0.0,210,0,0,409,0,56.3
5953f23375dc8af3,400,1837856629,nw_dual_val_030,517.1187423353728,515.1910382567052,0.91107471387626,0.0,1.0166293647913478,0.0,11.91107471387626,0.0,0.0,210,0,0,409,0,58.65
1b12d50eabb2ef5d,400,846029871,nw_dual_val_037,654.7964870270825,654.1153012706521,0.0,0.0,0.6811857564304332,0.0,11.0,0.0,0.0,210,0,0,381,0,55.56
5f04ca1611a2d5f5,400,1233491042,nw_dual_val_048,1.8427634617441409,0.0,0.0,0.0,1.7901425898038443,0.052620871940296625,1.0526208719402965,0.004761904761904762,0.004761904761904762,210,1,1,410,0,58.39
0eb786fcfd8a7118,400,2479977732,nw_dual_val_048,1.1893757581701498,0.4878530771772861,0.0,0.0,0.6722032986991516,0.029319382293712015,1.0724642269978324,0.0,0.004761904761904762,210,0,0,410,0,59.94
dc49ae4f90a3a8d6,400,1568157730,nw_retrain_0270_approximately_parallel_easy_seed20277435,20.96893725607191,18.38108187728369,0.0,0.7185706436749669,1.8692847351132535,0.0,11.046747745627124,0.0,0.0,210,0,0,410,0,17.08
abfa5d5151a1358d,400,3884285045,nw_retrain_0270_approximately_parallel_easy_seed20277435,20.839617075927443,17.976944198499634,0.0,1.1694688284648194,1.6932040489629898,0.0,11.0,0.0,0.0,210,0,0,409,0,19.66
9ea057aca98fea22,400,3763901251,nw_dual_val_049,431.8411841606077,430.7497151114788,0.0,0.07310654090967923,1.0183625082192649,0.0,11.073106540909679,0.0,0.0,210,0,0,357,0,60.79
5c4d346342c9ba06,400,2012287187,nw_retrain_0270_approximately_parallel_easy_seed20277435,23.389530349379818,21.20070589614136,0.0,0.0,2.102753958091693,0.08607049514676567,11.0,0.0,0.0,210,0,0,410,0,17.88
dea4bf503507218b,400,3618265351,nw_retrain_0270_approximately_parallel_easy_seed20277435,23.459881807380015,21.3389490951928,0.0,0.0,2.036087291425026,0.0848454207621876,11.0,0.0,0.0,210,0,0,410,0,18.39
2aae226891eb9ab6,400,2124564030,nw_dual_val_049,431.91936176403937,430.7497151114788,0.0,0.07310654090967923,1.0965401116509084,0.0,11.073106540909679,0.0,0.0,210,0,0,410,0,63.97
c0d90ad00bf0dd85,400,415580956,nw_dual_val_049,432.07439332166496,430.7497151114788,0.0,0.07310654090967923,1.2515716692764487,0.0,11.073106540909679,0.0,0.0,210,0,0,391,0,68.09
ddad2f293d33643a,400,3369967327,nw_dual_val_041,544.891737006263,543.5488629788423,0.6808900745019825,0.0,0.6619839529186692,0.0,11.680890074501983,0.0,0.0,210,0,0,409,0,71.01
4822517af3c5d1e0,400,1859015800,nw_dual_val_041,544.9370183999221,543.5488629788423,0.6808900745019825,0.0,0.707265346577723,0.0,11.680890074501983,0.0,0.0,210,0,0,410,0,73.69
b7cf0fef9d73cea6,400,1583103754,nw_dual_val_041,544.9158923249199,543.5488629788423,0.6808900745019825,0.0,0.686139271575614,0.0,11.680890074501983,0.0,0.0,210,0,0,403,0,73.57
fc900fe2cc2add7b,400,1165707256,nw_dual_val_049,431.999417884422,430.7497151114788,0.0,0.07310654090967923,1.1765962320334862,0.0,11.073106540909679,0.0,0.0,210,0,0,365,0,69.57
b84bf0fa993995e8,400,648543208,nw_dual_val_041,544.8982465458855,543.5488629788423,0.6808900745019825,0.0,0.6684934925412414,0.0,11.680890074501983,0.0,0.0,210,0,0,373,0,73.64
a667c88f73f63d23,400,2690546636,nw_dual_val_050,1282.7968906052124,1281.7684337686565,0.0,0.0,1.0032933958568333,0.02516344069907005,11.02516344069907,0.0,0.0,210,0,0,346,0,75.18
487ae23158f46824,400,184925535,nw_dual_val_050,1282.9575906285618,1281.7684337686565,0.0,0.0,1.1136053275218714,0.07555153238365199,11.055491403667006,0.0,0.0,210,0,0,375,0,79.74
d74bf6be74af3731,400,3359640977,nw_dual_val_050,1282.7922830395448,1281.7684337686565,0.0,0.0,0.9840298262781081,0.03981944461012,11.03981944461012,0.0,0.0,210,0,0,410,0,79.79
8f26449901401093,400,589283045,nw_retrain_0175_vertically_overlapping_easy_seed20267994,763.5993582389021,761.5935261479942,0.0,0.0,1.9885669129287773,0.01726517797910358,11.0,0.0,0.0,210,0,0,410,0,76.96
1869f6ad2db72370,400,708949055,nw_dual_val_050,1282.9954338415844,1281.7684337686565,0.0,0.0,1.1584498733357393,0.06855019959228503,11.037839309847403,0.0,0.0,210,0,0,409,0,82.26
e9f8aa0d1c706fa9,400,3063345193,nw_retrain_0175_vertically_overlapping_easy_seed20267994,763.6053557280577,761.5935261479942,0.0,0.0,1.9925197878059318,0.019309792257595226,11.000208978540844,0.0,0.0,210,0,0,410,0,80.0
4e5f6975fc83636f,400,1066806553,nw_retrain_0436_none_easy_seed20293834,262.9119357208153,258.9699687076776,0.0,1.4343797945873582,2.4957366170233146,0.011850601526986047,12.434379794587358,0.0,0.0,210,0,0,409,0,35.62
fa855e247071945f,400,661131292,nw_retrain_0099_vertically_overlapping_easy_seed20260677,3.9638827675264237,0.36394427239387195,0.0,0.0,2.7597892783953184,0.8401492167372334,2.2040934891311053,0.0,0.0,210,0,0,410,0,88.74
f54ef001f06eb139,400,3494466497,nw_retrain_0436_none_easy_seed20293834,262.9187561079271,258.9699687076776,0.0,1.4343797945873582,2.4783843274750805,0.03602327818711406,12.434379794587358,0.0,0.0,210,0,0,380,0,39.13
30abd764dd169d82,400,1527696068,nw_retrain_0436_none_easy_seed20293834,262.9243906041042,258.9699687076776,0.0,1.4343797945873582,2.49178684960995,0.02825525222933278,12.434379794587358,0.0,0.0,210,0,0,409,0,39.03
7aa5e84a51bde11f,400,694120080,nw_retrain_0436_none_easy_seed20293834,262.8840364449978,258.9699687076776,0.0,1.4343797945873582,2.4796879427328453,0.0,12.434379794587358,0.0,0.0,210,0,0,373,0,40.3
010bf96886708af2,400,959516615,nw_retrain_0346_vertically_overlapping_moderate_seed20285014,2.601571623097196,0.0,0.1359944455211759,0.0,2.46557717757602,0.0,1.135994445521176,0.0,0.0,210,0,0,410,0,56.71
8eb5c66106a581e2,400,3285349645,nw_retrain_0346_vertically_overlapping_moderate_seed20285014,2.4363917051733224,0.0,0.0,0.0,2.4363917051733224,0.0,1.0,0.0,0.004761904761904762,210,0,0,410,0,56.28
4691c071209bdb2a,400,3502484803,nw_retrain_0224_crossing_easy_seed20273058,31715.836161103645,31713.81718949243,0.0,0.2690755120029329,1.4374208143579872,0.312475284856346,11.581550796859279,0.0,0.0,210,0,0,410,0,85.94
bf4525ee269338d9,400,660669402,nw_retrain_0175_vertically_overlapping_easy_seed20267994,763.7886773905825,761.5935261479942,0.0,0.0,2.141234997087353,0.053916245500845,11.053916245500846,0.0,0.0,210,0,0,410,0,91.67
b120591c5b26d274,400,1768410878,nw_retrain_0099_vertically_overlapping_easy_seed20260677,5.528544678815515,3.849854764838719,0.0,0.0,1.6786899139767957,0.0,4.849854764838719,0.0,0.0,210,0,0,410,0,98.44
c60b7f2b4bd07fc5,400,3693214008,nw_retrain_0516_none_easy_seed22079712,11742.437762289192,11736.588169005667,0.0,1.3603156101365428,2.72902445699582,1.760253216393609,14.120568826530151,0.0,0.0,210,0,0,409,0,38.36
045bfbdb37076634,400,1707052431,nw_retrain_0516_none_easy_seed22079712,11742.023496282418,11736.678172590717,0.0,1.2355566620827103,2.7007741019576024,1.4089929276606572,13.39178713231248,0.0,0.0,210,0,0,410,0,39.01
0a871cc314eb02dd,400,1837930242,nw_retrain_0472_vertically_overlapping_moderate_seed20297231,146.637059744661,144.44130579664312,0.0,0.0,2.1388920379131777,0.05686191010470399,11.0,0.0,0.0,210,0,0,344,0,43.66
ae5d7de2059d1395,400,231212040,nw_retrain_0516_none_easy_seed22079712,11742.376881420852,11736.529858697662,0.0,1.231507627414379,2.726555111621726,1.8889599841548854,14.120467611569264,0.0,0.0,210,0,0,410,0,41.97
a17576fca19aa0ea,400,1172039993,nw_retrain_0472_vertically_overlapping_moderate_seed20297231,146.6074239014946,144.44130579664312,0.0,0.0,2.166118104851481,0.0,11.0,0.0,0.0,210,0,0,346,0,46.89
d1bccd35e7e96adb,400,1319283579,nw_retrain_0472_vertically_overlapping_moderate_seed20297231,146.6968881461845,144.44130579664312,0.0,0.0,2.1127252066842552,0.14285714285714182,11.0,0.0,0.0,210,0,0,410,0,48.17
bf9ad8a0fd8acc20,400,654871717,nw_retrain_0224_crossing_easy_seed20273058,31715.857855084723,31713.902851424496,0.0,0.2690755120029329,1.4203093147944696,0.2656188334281588,11.534694345431092,0.0,0.0,210,0,0,410,0,88.18
8324c43b624272a0,400,3054652604,nw_retrain_0224_crossing_easy_seed20273058,21245.856690905806,21236.578403908978,0.0,1.6013164218296059,1.9729928147453708,5.703977760250864,18.30529418208047,0.0,0.0,210,0,0,409,0,80.62
0f3a6a7825804338,400,3150206963,nw_retrain_0224_crossing_easy_seed20273058,21245.648866702093,21236.578403908978,0.0,1.6013164218296059,1.630852088909419,5.838294282373247,18.439610704202853,0.0,0.0,210,0,0,340,0,81.94
dd63d9fc45e2ce01,400,2881387043,nw_retrain_0409_vertically_overlapping_easy_seed20291319,155.42936644980367,153.30797521972303,0.0,0.0,2.1213912300806355,0.0,11.0,0.0,0.0,210,0,0,410,0,75.19
e605701f8802d5fb,400,1045168048,nw_retrain_0409_vertically_overlapping_easy_seed20291319,155.3572152573883,153.30797521972303,0.0,0.0,2.049240037665263,0.0,11.0,0.0,0.0,210,0,0,401,0,72.7
96ce8bd2668a5386,400,135445271,nw_retrain_0409_vertically_overlapping_easy_seed20291319,155.31813590638166,153.30797521972303,0.0,0.0,2.0101606866586152,0.0,11.0,0.0,0.0,210,0,0,410,0,73.77
