scenario_uid,difficulty,group_id,unit_rank,branch_id,k_prefix,params_sha256,registered_tolerance,regime,target_tolerance,J_star_cont,budget,evals_total,joint_pass_ratio,n_completions,any_feasible,status,cont_target,cont_safety,cont_dls,cont_constructability,cont_mechanical,seed,n_feasible,n_errors
nw_dual_val_012,near-boundary,11,0,0,0,8cbdfe80b49691fc,8.773647876887612,registered,8.773647876887612,1.7083577737436122,400.0,410.0,0.0,210.0,0.0,reused_production_label,,,,,,,,
nw_dual_val_012,near-boundary,11,0,0,0,8cbdfe80b49691fc,8.773647876887612,nominal_d_le_1,1.0,21.974588808194486,200.0,220.0,0.0,110.0,0.0,ok,20.59387589245235,0.0,0.0,1.3345242561309485,0.0461886596111909,500770649.0,0.0,0.0
nw_dual_val_012,near-boundary,11,0,1,0,f9775c397b749a48,8.773647876887612,registered,8.773647876887612,3.251211972955819,200.0,220.0,0.0,110.0,0.0,reused_production_label,,,,,,,,
nw_dual_val_012,near-boundary,11,0,1,0,f9775c397b749a48,8.773647876887612,nominal_d_le_1,1.0,16.78793152223153,200.0,220.0,0.0,110.0,0.0,ok,16.05948477872591,0.0,0.0,0.7284467435056221,0.0,2297553882.0,0.0,0.0
nw_dual_val_012,near-boundary,11,0,2,0,0104a0697d340c5e,8.773647876887612,registered,8.773647876887612,0.7822914843984295,400.0,409.0,0.0142857142857142,210.0,0.0,reused_production_label,,,,,,,,
nw_dual_val_012,near-boundary,11,0,2,0,0104a0697d340c5e,8.773647876887612,nominal_d_le_1,1.0,7.096331474348767,200.0,220.0,0.0,110.0,0.0,ok,5.793809588331389,0.0,0.0,1.298497842531812,0.0040240434855655,1038278418.0,0.0,0.0
nw_dual_val_012,near-boundary,11,0,3,0,645287833e274dc6,8.773647876887612,registered,8.773647876887612,1.31220722918995,400.0,410.0,0.0,210.0,0.0,reused_production_label,,,,,,,,
nw_dual_val_012,near-boundary,11,0,3,0,645287833e274dc6,8.773647876887612,nominal_d_le_1,1.0,1.7596680724558709,200.0,220.0,0.0,110.0,0.0,ok,0.6860362120696619,0.0,0.0,1.073631860386209,0.0,2692893339.0,0.0,0.0
nw_dual_val_012,near-boundary,13,1,0,1,d3a50a10f6b13708,8.773647876887612,registered,8.773647876887612,157.33680681046573,200.0,220.0,0.0,110.0,0.0,reused_production_label,,,,,,,,
nw_dual_val_012,near-boundary,13,1,0,1,d3a50a10f6b13708,8.773647876887612,nominal_d_le_1,1.0,1381.760188997432,200.0,220.0,0.0,110.0,0.0,ok,1379.1263518854043,0.0,0.0,1.7506897114306732,0.8831474005969548,636055429.0,0.0,0.0
nw_dual_val_012,near-boundary,13,1,1,1,d1cfa61175528b22,8.773647876887612,registered,8.773647876887612,4.205656478858172,200.0,220.0,0.0,110.0,0.0,reused_production_label,,,,,,,,
nw_dual_val_012,near-boundary,13,1,1,1,d1cfa61175528b22,8.773647876887612,nominal_d_le_1,1.0,39.38940509333328,200.0,220.0,0.0,110.0,0.0,ok,38.504394489361104,0.0,0.0,0.8850106039721715,0.0,3231881267.0,0.0,0.0
nw_dual_val_012,near-boundary,13,1,2,1,703588914815bed9,8.773647876887612,registered,8.773647876887612,20.869800612117498,200.0,220.0,0.0,110.0,0.0,reused_production_label,,,,,,,,
nw_dual_val_012,near-boundary,13,1,2,1,703588914815bed9,8.773647876887612,nominal_d_le_1,1.0,180.8883556040872,200.0,220.0,0.0,110.0,0.0,ok,179.60328934291454,0.0,0.0,1.0954862413246589,0.1895800198480267,2133221665.0,0.0,0.0
nw_dual_val_012,near-boundary,13,1,3,1,d08d047b83a4315c,8.773647876887612,registered,8.773647876887612,2.279656589459752,200.0,220.0,0.0,110.0,0.0,reused_production_label,,,,,,,,
nw_dual_val_012,near-boundary,13,1,3,1,d08d047b83a4315c,8.773647876887612,nominal_d_le_1,1.0,21.640294984646133,200.0,220.0,0.0,110.0,0.0,ok,20.8256569892318,0.0,0.0,0.8146379954143349,0.0,2799229511.0,0.0,0.0
nw_dual_val_012,near-boundary,4,2,0,4,441e4cb569fe22a8,8.773647876887612,registered,8.773647876887612,21.787959478367824,200.0,220.0,0.0,110.0,0.0,reused_production_label,,,,,,,,
nw_dual_val_012,near-boundary,4,2,0,4,441e4cb569fe22a8,8.773647876887612,nominal_d_le_1,1.0,115.49659469708958,200.0,220.0,0.0,110.0,0.0,ok,113.29271751904012,0.0,0.0,1.787731973597038,0.4161452044524247,3670466571.0,0.0,0.0
nw_dual_val_012,near-boundary,4,2,1,4,9c9dae68744f4bfa,8.773647876887612,registered,8.773647876887612,56.92609469094139,200.0,220.0,0.0,110.0,0.0,reused_production_label,,,,,,,,
nw_dual_val_012,near-boundary,4,2,1,4,9c9dae68744f4bfa,8.773647876887612,nominal_d_le_1,1.0,515.3659425161567,200.0,220.0,0.0,110.0,0.0,ok,513.6453659268044,0.0,0.0,1.4353281989383269,0.2852483904139061,2735848904.0,0.0,0.0
nw_dual_val_012,near-boundary,4,2,2,4,aa53a02e3e80521a,8.773647876887612,registered,8.773647876887612,7.652481764165181,200.0,220.0,0.0,110.0,0.0,reused_production_label,,,,,,,,
nw_dual_val_012,near-boundary,4,2,2,4,aa53a02e3e80521a,8.773647876887612,nominal_d_le_1,1.0,60.36552033104784,200.0,220.0,0.0,110.0,0.0,ok,59.01720252687912,0.0,0.0,1.0426090124313638,0.3057087917373627,2185306155.0,0.0,0.0
nw_dual_val_012,near-boundary,4,2,3,4,4d7b44140d09af51,8.773647876887612,registered,8.773647876887612,8.04548623469078,200.0,220.0,0.0,110.0,0.0,reused_production_label,,,,,,,,
nw_dual_val_012,near-boundary,4,2,3,4,4d7b44140d09af51,8.773647876887612,nominal_d_le_1,1.0,91.17415182988844,200.0,220.0,0.0,110.0,0.0,ok,89.39726505020312,0.0,0.0,1.6108956316174772,0.1659911480678261,843598305.0,0.0,0.0
nw_dual_val_012,near-boundary,17,3,0,4,b2df99a5efbcb358,8.773647876887612,registered,8.773647876887612,81.33244642991023,200.0,220.0,0.0,110.0,0.0,reused_production_label,,,,,,,,
nw_dual_val_012,near-boundary,17,3,0,4,b2df99a5efbcb358,8.773647876887612,nominal_d_le_1,1.0,714.7572141337911,200.0,220.0,0.0,110.0,0.0,ok,713.4743762740067,0.0,0.0,0.9859609179883516,0.296876941796139,803238842.0,0.0,0.0
nw_dual_val_012,near-boundary,17,3,1,4,9ec58181890285d3,8.773647876887612,registered,8.773647876887612,80.60368356362042,200.0,220.0,0.0,110.0,0.0,reused_production_label,,,,,,,,
nw_dual_val_012,near-boundary,17,3,1,4,9ec58181890285d3,8.773647876887612,nominal_d_le_1,1.0,703.7004705917464,200.0,220.0,0.0,110.0,0.0,ok,702.3765535823644,0.0,0.0,0.947443395437292,0.3764736139446356,3649869772.0,0.0,0.0
nw_dual_val_012,near-boundary,17,3,2,4,c56607cc82ee8827,8.773647876887612,registered,8.773647876887612,93.82750543174754,200.0,220.0,0.0,110.0,0.0,reused_production_label,,,,,,,,
nw_dual_val_012,near-boundary,17,3,2,4,c56607cc82ee8827,8.773647876887612,nominal_d_le_1,1.0,807.4954556130773,200.0,220.0,0.0,110.0,0.0,ok,806.158564674577,0.0,0.1284589983226715,0.9325830244434942,0.2758489157341527,3124498350.0,0.0,0.0
nw_dual_val_012,near-boundary,17,3,3,4,ab864a71ac888ca6,8.773647876887612,registered,8.773647876887612,22.994744851304795,200.0,220.0,0.0,110.0,0.0,reused_production_label,,,,,,,,
nw_dual_val_012,near-boundary,17,3,3,4,ab864a71ac888ca6,8.773647876887612,nominal_d_le_1,1.0,358.14008666408284,200.0,220.0,0.0,110.0,0.0,ok,356.9030899863576,0.0,0.0,0.8970402474156366,0.3399564303095923,2167628144.0,0.0,0.0
nw_dual_val_012,near-boundary,19,4,0,6,2f7b918a5180c88a,8.773647876887612,registered,8.773647876887612,5.416860411254192,200.0,220.0,0.0,110.0,0.0,reused_production_label,,,,,,,,
nw_dual_val_012,near-boundary,19,4,0,6,2f7b918a5180c88a,8.773647876887612,nominal_d_le_1,1.0,38.69853305895316,200.0,220.0,0.0,110.0,0.0,ok,36.950366131776015,0.0,0.0,1.7481669271771425,0.0,3006235269.0,0.0,0.0
nw_dual_val_012,near-boundary,19,4,1,6,a7a58d7785f31b18,8.773647876887612,registered,8.773647876887612,5.059229769170918,200.0,220.0,0.0,110.0,0.0,reused_production_label,,,,,,,,
nw_dual_val_012,near-boundary,19,4,1,6,a7a58d7785f31b18,8.773647876887612,nominal_d_le_1,1.0,81.97960098448955,200.0,220.0,0.0,110.0,0.0,ok,80.10508782299077,0.0,0.0,1.8745131614987876,0.0,95303962.0,0.0,0.0
nw_dual_val_012,near-boundary,19,4,2,6,49b5da94d11d94a3,8.773647876887612,registered,8.773647876887612,4.536764805636901,400.0,410.0,0.0,210.0,0.0,reused_production_label,,,,,,,,
nw_dual_val_012,near-boundary,19,4,2,6,49b5da94d11d94a3,8.773647876887612,nominal_d_le_1,1.0,44.858530345526525,200.0,220.0,0.0,110.0,0.0,ok,42.743409498631976,0.0,0.0,2.115120846894551,0.0,2985170100.0,0.0,0.0
nw_dual_val_012,near-boundary,19,4,3,6,297d5c072bf1bcb9,8.773647876887612,registered,8.773647876887612,3.4657546129597234,400.0,410.0,0.0,210.0,0.0,reused_production_label,,,,,,,,
nw_dual_val_012,near-boundary,19,4,3,6,297d5c072bf1bcb9,8.773647876887612,nominal_d_le_1,1.0,25.39601607784076,200.0,220.0,0.0,110.0,0.0,ok,23.59837543871179,0.0,0.0,1.797640639128969,0.0,2662502812.0,0.0,0.0
nw_dual_val_013,moderate,12,0,0,0,c91d04593c20aa57,8.252141404627118,registered,8.252141404627118,0.8052629269824889,200.0,220.0,0.0363636363636363,110.0,0.0,reused_production_label,,,,,,,,
nw_dual_val_013,moderate,12,0,0,0,c91d04593c20aa57,8.252141404627118,nominal_d_le_1,1.0,2.7784414142483,200.0,220.0,0.0,110.0,0.0,ok,1.3009964763946544,0.0,0.0,1.4189183808339871,0.0585265570196582,988912563.0,0.0,0.0
nw_dual_val_013,moderate,12,0,1,0,968e52e85b503433,8.252141404627118,registered,8.252141404627118,1.2828733111469666,200.0,220.0,0.009090909090909,110.0,0.0,reused_production_label,,,,,,,,
nw_dual_val_013,moderate,12,0,1,0,968e52e85b503433,8.252141404627118,nominal_d_le_1,1.0,9.251240610378304,200.0,220.0,0.0,110.0,0.0,ok,8.105414279829116,0.0,0.0429513559851681,1.1028749745640187,0.0,3608604442.0,0.0,0.0
nw_dual_val_013,moderate,12,0,2,0,42910349d754864d,8.252141404627118,registered,8.252141404627118,37.10391378844158,200.0,220.0,0.0,110.0,0.0,reused_production_label,,,,,,,,
nw_dual_val_013,moderate,12,0,2,0,42910349d754864d,8.252141404627118,nominal_d_le_1,1.0,417.8840574464797,200.0,220.0,0.0,110.0,0.0,ok,415.9372181970572,0.0,0.0160490270159039,1.318975749489438,0.6118144729171685,2641486076.0,0.0,0.0
nw_dual_val_013,moderate,12,0,3,0,8ca8c632faefb439,8.252141404627118,registered,8.252141404627118,1.2797376617722085,200.0,220.0,0.0,110.0,0.0,reused_production_label,,,,,,,,
nw_dual_val_013,moderate,12,0,3,0,8ca8c632faefb439,8.252141404627118,nominal_d_le_1,1.0,10.553145191136595,200.0,220.0,0.0,110.0,0.0,ok,8.91710333894912,0.0,0.0,1.636041852187477,0.0,2634675938.0,0.0,0.0
nw_dual_val_013,moderate,9,1,0,2,023deab493c9a644,8.252141404627118,registered,8.252141404627118,1.0636679775317424,400.0,410.0,0.0476190476190476,210.0,0.0,reused_production_label,,,,,,,,
nw_dual_val_013,moderate,9,1,0,2,023deab493c9a644,8.252141404627118,nominal_d_le_1,1.0,2.439788837601519,200.0,220.0,0.0,110.0,0.0,ok,1.1509423856119556,0.0498489150785187,0.0,1.2389975369110442,0.0,1223013137.0,0.0,0.0
nw_dual_val_013,moderate,9,1,1,2,54d5813531027977,8.252141404627118,registered,8.252141404627118,0.961568542673686,400.0,410.0,0.0,210.0,0.0,reused_production_label,,,,,,,,
nw_dual_val_013,moderate,9,1,1,2,54d5813531027977,8.252141404627118,nominal_d_le_1,1.0,5.107025092876248,200.0,220.0,0.0,110.0,0.0,ok,4.048282301254241,0.0,0.0,1.0587427916220078,0.0,4152985112.0,0.0,0.0
nw_dual_val_013,moderate,9,1,2,2,ce23a5468878d31c,8.252141404627118,registered,8.252141404627118,0.8088728371383582,400.0,410.0,0.0047619047619047,210.0,0.0,reused_production_label,,,,,,,,
nw_dual_val_013,moderate,9,1,2,2,ce23a5468878d31c,8.252141404627118,nominal_d_le_1,1.0,5.576059625043426,200.0,220.0,0.0,110.0,0.0,ok,4.194611096510141,0.0,0.0,1.3512049033199462,0.0302436252133385,1371168067.0,0.0,0.0
nw_dual_val_013,moderate,9,1,3,2,d1ddf8e091eb3135,8.252141404627118,registered,8.252141404627118,1.0145913599648944,400.0,410.0,0.0095238095238095,210.0,0.0,reused_production_label,,,,,,,,
nw_dual_val_013,moderate,9,1,3,2,d1ddf8e091eb3135,8.252141404627118,nominal_d_le_1,1.0,4.727874453783565,200.0,220.0,0.0,110.0,0.0,ok,3.775632678022979,0.0,0.0,0.9522417757605868,0.0,3314079080.0,0.0,0.0
nw_dual_val_013,moderate,14,2,0,4,4e6bd92564573690,8.252141404627118,registered,8.252141404627118,64.17745255380494,200.0,220.0,0.0,110.0,0.0,reused_production_label,,,,,,,,
nw_dual_val_013,moderate,14,2,0,4,4e6bd92564573690,8.252141404627118,nominal_d_le_1,1.0,531.1244012536439,200.0,220.0,0.0,110.0,0.0,ok,529.9636929460287,0.0,0.0072138819293667,1.1534944256858526,0.0,4036567435.0,0.0,0.0
nw_dual_val_013,moderate,14,2,1,4,3845dd325ea29f93,8.252141404627118,registered,8.252141404627118,61.58402867528205,200.0,220.0,0.0,110.0,0.0,reused_production_label,,,,,,,,
nw_dual_val_013,moderate,14,2,1,4,3845dd325ea29f93,8.252141404627118,nominal_d_le_1,1.0,507.0464356096373,200.0,220.0,0.0,110.0,0.0,ok,505.9600345012075,0.0,0.0072138819293667,1.079187226500522,0.0,502616834.0,0.0,0.0
nw_dual_val_013,moderate,14,2,2,4,06d7db18c83ea602,8.252141404627118,registered,8.252141404627118,46.76222635286936,200.0,220.0,0.0,110.0,0.0,reused_production_label,,,,,,,,
nw_dual_val_013,moderate,14,2,2,4,06d7db18c83ea602,8.252141404627118,nominal_d_le_1,1.0,399.9768687233831,200.0,220.0,0.0,110.0,0.0,ok,398.3882026513068,0.0,0.2238735588113002,1.3447335811957193,0.0200589320692473,391425538.0,0.0,0.0
nw_dual_val_013,moderate,14,2,3,4,2a8c49fa99513d88,8.252141404627118,registered,8.252141404627118,63.84909032881384,200.0,220.0,0.0,110.0,0.0,reused_production_label,,,,,,,,
nw_dual_val_013,moderate,14,2,3,4,2a8c49fa99513d88,8.252141404627118,nominal_d_le_1,1.0,526.0629095663423,200.0,220.0,0.0,110.0,0.0,ok,524.133316161627,0.0,0.018790867256992,1.4567167836932116,0.4540857537651889,3978981984.0,0.0,0.0
nw_dual_val_013,moderate,0,3,0,6,ffe8261f4195656b,8.252141404627118,registered,8.252141404627118,26.67644994378573,400.0,409.0,0.0,210.0,0.0,reused_production_label,,,,,,,,
nw_dual_val_013,moderate,0,3,0,6,ffe8261f4195656b,8.252141404627118,nominal_d_le_1,1.0,219.18488842034745,400.0,409.0,0.0,210.0,0.0,ok,218.0266245478384,0.0,0.0,1.1582638725090406,0.0,3646703802.0,0.0,0.0
nw_dual_val_013,moderate,0,3,1,6,e393a71cc68906c8,8.252141404627118,registered,8.252141404627118,26.667737257419205,400.0,410.0,0.0,210.0,0.0,reused_production_label,,,,,,,,
nw_dual_val_013,moderate,0,3,1,6,e393a71cc68906c8,8.252141404627118,nominal_d_le_1,1.0,219.15303344254255,400.0,410.0,0.0,210.0,0.0,ok,218.0266245478384,0.0,0.0,1.126408894704216,0.0,3897234425.0,0.0,0.0
nw_dual_val_013,moderate,0,3,2,6,6b1abedcda57634c,8.252141404627118,registered,8.252141404627118,26.806172509615102,400.0,410.0,0.0,210.0,0.0,reused_production_label,,,,,,,,
nw_dual_val_013,moderate,0,3,2,6,6b1abedcda57634c,8.252141404627118,nominal_d_le_1,1.0,219.2756746449787,400.0,410.0,0.0,210.0,0.0,ok,218.0266245478384,0.0,0.0,1.2486687959267022,0.0003813012136194,834975301.0,0.0,0.0
nw_dual_val_013,moderate,0,3,3,6,679dca4b7d0ffaef,8.252141404627118,registered,8.252141404627118,26.77014960326904,400.0,409.0,0.0,210.0,0.0,reused_production_label,,,,,,,,
nw_dual_val_013,moderate,0,3,3,6,679dca4b7d0ffaef,8.252141404627118,nominal_d_le_1,1.0,219.2314267476354,400.0,409.0,0.0,210.0,0.0,ok,218.0266245478384,0.0,0.0,1.2048021997970335,0.0,1215609258.0,0.0,0.0
nw_dual_val_013,moderate,17,4,0,6,fc433e8b7d0021fa,8.252141404627118,registered,8.252141404627118,24.650869739487263,200.0,220.0,0.0,110.0,0.0,reused_production_label,,,,,,,,
nw_dual_val_013,moderate,17,4,0,6,fc433e8b7d0021fa,8.252141404627118,nominal_d_le_1,1.0,202.02841091706856,200.0,220.0,0.0,110.0,0.0,ok,200.8361846707168,0.0,0.0,1.1730448536541414,0.0191813926976716,692330621.0,0.0,0.0
nw_dual_val_013,moderate,17,4,1,6,4a6cfdab85b0000c,8.252141404627118,registered,8.252141404627118,6.04336122536085,200.0,220.0,0.0,110.0,0.0,reused_production_label,,,,,,,,
nw_dual_val_013,moderate,17,4,1,6,4a6cfdab85b0000c,8.252141404627118,nominal_d_le_1,1.0,34.74986307215291,200.0,220.0,0.0,110.0,0.0,ok,32.551477390521605,0.0,0.243179335969511,1.413886401321117,0.5413199443406823,2082999752.0,0.0,0.0
nw_dual_val_013,moderate,17,4,2,6,231377105cf61891,8.252141404627118,registered,8.252141404627118,10.644257052059295,200.0,220.0,0.0,110.0,0.0,reused_production_label,,,,,,,,
nw_dual_val_013,moderate,17,4,2,6,231377105cf61891,8.252141404627118,nominal_d_le_1,1.0,202.0224908010816,200.0,220.0,0.0,110.0,0.0,ok,200.8361846707168,0.0,0.0,1.1622358976232694,0.0240702327415331,2593035011.0,0.0,0.0
nw_dual_val_013,moderate,17,4,3,6,810ca02ee80c8ff4,8.252141404627118,registered,8.252141404627118,24.705363010715192,200.0,220.0,0.0,110.0,0.0,reused_production_label,,,,,,,,
nw_dual_val_013,moderate,17,4,3,6,810ca02ee80c8ff4,8.252141404627118,nominal_d_le_1,1.0,202.08775687888505,200.0,220.0,0.0,110.0,0.0,ok,200.8361846707168,0.0,0.0,1.2370230865774323,0.0145491215908345,1837384854.0,0.0,0.0
nw_dual_val_015,hard,7,0,0,0,c75f0b47cd74aeae,9.36617368600972,registered,9.36617368600972,2.5132884175867924,200.0,220.0,0.0,110.0,0.0,reused_production_label,,,,,,,,
nw_dual_val_015,hard,7,0,0,0,c75f0b47cd74aeae,9.36617368600972,nominal_d_le_1,1.0,10.26584523254408,200.0,220.0,0.0,110.0,0.0,ok,8.694329621899843,0.0,0.0,1.571515610644238,0.0,1306876117.0,0.0,0.0
nw_dual_val_015,hard,7,0,1,0,f21a866ead8514b7,9.36617368600972,registered,9.36617368600972,0.5523014136827546,200.0,220.0,0.0363636363636363,110.0,0.0,reused_production_label,,,,,,,,
nw_dual_val_015,hard,7,0,1,0,f21a866ead8514b7,9.36617368600972,nominal_d_le_1,1.0,3.58758274543234,200.0,220.0,0.0,110.0,0.0,ok,3.034554446270168,0.0,0.0,0.5530282991621719,0.0,714969379.0,0.0,0.0
nw_dual_val_015,hard,7,0,2,0,86ae0acfb5dacbfa,9.36617368600972,registered,9.36617368600972,2.0328603724910184,200.0,220.0,0.0,110.0,0.0,reused_production_label,,,,,,,,
nw_dual_val_015,hard,7,0,2,0,86ae0acfb5dacbfa,9.36617368600972,nominal_d_le_1,1.0,9.617826936005716,200.0,220.0,0.0,110.0,0.0,ok,8.168807781260544,0.0,0.0,1.4490191547451725,0.0,2795082304.0,0.0,0.0
nw_dual_val_015,hard,7,0,3,0,16016184643e8b6d,9.36617368600972,registered,9.36617368600972,135.44679955501118,200.0,220.0,0.0,110.0,0.0,reused_production_label,,,,,,,,
nw_dual_val_015,hard,7,0,3,0,16016184643e8b6d,9.36617368600972,nominal_d_le_1,1.0,1016.9272371042534,200.0,220.0,0.0,110.0,0.0,ok,1014.3602538201368,0.0,0.0,1.4066387336839334,1.160344550432579,4039046019.0,0.0,0.0
nw_dual_val_015,hard,12,1,0,2,a0b9af185eafccdc,9.36617368600972,registered,9.36617368600972,3.031000830941279,200.0,220.0,0.0,110.0,0.0,reused_production_label,,,,,,,,
nw_dual_val_015,hard,12,1,0,2,a0b9af185eafccdc,9.36617368600972,nominal_d_le_1,1.0,16.300803846312252,200.0,220.0,0.0,110.0,0.0,ok,14.284009491901635,0.0,0.1414343754992006,1.548117736022592,0.3272422428888248,94938797.0,0.0,0.0
nw_dual_val_015,hard,12,1,1,2,543abb6f68fd358d,9.36617368600972,registered,9.36617368600972,0.824016913460044,400.0,409.0,0.0476190476190476,210.0,0.0,reused_production_label,,,,,,,,
nw_dual_val_015,hard,12,1,1,2,543abb6f68fd358d,9.36617368600972,nominal_d_le_1,1.0,10.196810074350584,200.0,220.0,0.0,110.0,0.0,ok,9.003498845557974,0.0,0.0,0.9829780151105908,0.2103332136820175,696985355.0,0.0,0.0
nw_dual_val_015,hard,12,1,2,2,b84d00bb477a3056,9.36617368600972,registered,9.36617368600972,1.141642735729235,400.0,410.0,0.0,210.0,0.0,reused_production_label,,,,,,,,
nw_dual_val_015,hard,12,1,2,2,b84d00bb477a3056,9.36617368600972,nominal_d_le_1,1.0,9.358342516823988,200.0,220.0,0.0,110.0,0.0,ok,8.073024844217958,0.0,0.0,1.103410235235725,0.1819074373703039,2679755216.0,0.0,0.0
nw_dual_val_015,hard,12,1,3,2,ba136e973dd45bd3,9.36617368600972,registered,9.36617368600972,2.811036815270718,200.0,220.0,0.0,110.0,0.0,reused_production_label,,,,,,,,
nw_dual_val_015,hard,12,1,3,2,ba136e973dd45bd3,9.36617368600972,nominal_d_le_1,1.0,40.23138638598704,200.0,220.0,0.0,110.0,0.0,ok,38.84046113291714,0.3564660166586753,0.0,0.9874085491355488,0.0470506872756784,607893683.0,0.0,0.0
nw_dual_val_015,hard,16,2,0,4,5b22b7d9894c7ef5,9.36617368600972,registered,9.36617368600972,3.886639859321751,200.0,220.0,0.0,110.0,0.0,reused_production_label,,,,,,,,
nw_dual_val_015,hard,16,2,0,4,5b22b7d9894c7ef5,9.36617368600972,nominal_d_le_1,1.0,55.56257837052214,200.0,220.0,0.0,110.0,0.0,ok,53.66304826649232,0.5715603030139798,0.0,1.2967154463823038,0.0312543546335385,3594666337.0,0.0,0.0
nw_dual_val_015,hard,16,2,1,4,4201f6a71e6b3717,9.36617368600972,registered,9.36617368600972,6.427345909222887,200.0,220.0,0.0,110.0,0.0,reused_production_label,,,,,,,,
nw_dual_val_015,hard,16,2,1,4,4201f6a71e6b3717,9.36617368600972,nominal_d_le_1,1.0,45.545384428225255,200.0,220.0,0.0,110.0,0.0,ok,44.48054299692923,0.0,0.0,1.0644985889673324,0.0003428423286954,3312255327.0,0.0,0.0
nw_dual_val_015,hard,16,2,2,4,6f3eb9f73f6fd9d2,9.36617368600972,registered,9.36617368600972,9.695807448989438,200.0,220.0,0.0,110.0,0.0,reused_production_label,,,,,,,,
nw_dual_val_015,hard,16,2,2,4,6f3eb9f73f6fd9d2,9.36617368600972,nominal_d_le_1,1.0,77.39271359978491,200.0,220.0,0.0,110.0,0.0,ok,75.80207601841366,0.0,0.0,1.2549622350459273,0.3356753463253317,2956218019.0,0.0,0.0
nw_dual_val_015,hard,16,2,3,4,cc3066f7ea3ee0e9,9.36617368600972,registered,9.36617368600972,1.2674093963061006,200.0,220.0,0.009090909090909,110.0,0.0,reused_production_label,,,,,,,,
nw_dual_val_015,hard,16,2,3,4,cc3066f7ea3ee0e9,9.36617368600972,nominal_d_le_1,1.0,1.9639950192112283,200.0,220.0,0.0,110.0,0.0,ok,0.5314915978267685,0.0,0.0,1.227416201617625,0.2050872197668344,4195299834.0,0.0,0.0
nw_dual_val_015,hard,8,3,0,5,953509b673a59564,9.36617368600972,registered,9.36617368600972,191.19001455044588,400.0,409.0,0.0,210.0,0.0,reused_production_label,,,,,,,,
nw_dual_val_015,hard,8,3,0,5,953509b673a59564,9.36617368600972,nominal_d_le_1,1.0,1785.2344369240122,400.0,409.0,0.0,210.0,0.0,ok,1783.5788867774309,0.0,0.2163290975091233,1.417748935793702,0.0214721132786271,3223144421.0,0.0,0.0
nw_dual_val_015,hard,8,3,1,5,074f2ed60734919e,9.36617368600972,registered,9.36617368600972,191.0285301688397,400.0,410.0,0.0,210.0,0.0,reused_production_label,,,,,,,,
nw_dual_val_015,hard,8,3,1,5,074f2ed60734919e,9.36617368600972,nominal_d_le_1,1.0,1785.0729525424065,400.0,410.0,0.0,210.0,0.0,ok,1783.5788867774309,0.0,0.2163290975091233,1.2777366674662394,0.0,1678303884.0,0.0,0.0
nw_dual_val_015,hard,8,3,2,5,c2f6a8ec7ab00ad3,9.36617368600972,registered,9.36617368600972,191.26726888431176,400.0,410.0,0.0,210.0,0.0,reused_production_label,,,,,,,,
nw_dual_val_015,hard,8,3,2,5,c2f6a8ec7ab00ad3,9.36617368600972,nominal_d_le_1,1.0,1785.3116912578782,400.0,410.0,0.0,210.0,0.0,ok,1783.5788867774309,0.0,0.2163290975091233,1.4702422587191746,0.0462331242190529,3398002117.0,0.0,0.0
nw_dual_val_015,hard,8,3,3,5,6c4213fa3c4e8e6b,9.36617368600972,registered,9.36617368600972,191.11446770174192,400.0,410.0,0.0,210.0,0.0,reused_production_label,,,,,,,,
nw_dual_val_015,hard,8,3,3,5,6c4213fa3c4e8e6b,9.36617368600972,nominal_d_le_1,1.0,1785.2120386261468,400.0,410.0,0.0,210.0,0.0,ok,1783.5788867774309,0.0,0.2163290975091233,1.4149509894723349,0.0018717617344774,4146602170.0,0.0,0.0
nw_dual_val_015,hard,13,4,0,6,bcad1e4f4b996373,9.36617368600972,registered,9.36617368600972,124.60587940004334,400.0,409.0,0.0,210.0,0.0,reused_production_label,,,,,,,,
nw_dual_val_015,hard,13,4,0,6,bcad1e4f4b996373,9.36617368600972,nominal_d_le_1,1.0,1165.3134859683826,400.0,409.0,0.0,210.0,0.0,ok,1164.1249744065,0.0,0.0,1.0762977116362085,0.1122138502464386,605140039.0,0.0,0.0
nw_dual_val_015,hard,13,4,1,6,3b21adf160b45f29,9.36617368600972,registered,9.36617368600972,124.52662827341828,400.0,409.0,0.0,210.0,0.0,reused_production_label,,,,,,,,
nw_dual_val_015,hard,13,4,1,6,3b21adf160b45f29,9.36617368600972,nominal_d_le_1,1.0,1165.3254185208636,400.0,409.0,0.0,210.0,0.0,ok,1164.1249744065,0.0,0.0,1.063896169906077,0.1365479444578537,734877469.0,0.0,0.0
nw_dual_val_015,hard,13,4,2,6,a412444d9b688d39,9.36617368600972,registered,9.36617368600972,124.43108136122112,400.0,410.0,0.0,210.0,0.0,reused_production_label,,,,,,,,
nw_dual_val_015,hard,13,4,2,6,a412444d9b688d39,9.36617368600972,nominal_d_le_1,1.0,1165.1589419124814,400.0,410.0,0.0,210.0,0.0,ok,1164.1249744065,0.0,0.0,0.9689429617161022,0.06502454426548,1450446945.0,0.0,0.0
nw_dual_val_015,hard,13,4,3,6,420ffa13d87ebc54,9.36617368600972,registered,9.36617368600972,124.54455495187878,400.0,409.0,0.0,210.0,0.0,reused_production_label,,,,,,,,
nw_dual_val_015,hard,13,4,3,6,420ffa13d87ebc54,9.36617368600972,nominal_d_le_1,1.0,1165.272415503139,400.0,409.0,0.0,210.0,0.0,ok,1164.1249744065,0.0,0.0,1.059613239607917,0.087827857031314,3779148436.0,0.0,0.0
nw_dual_val_023,near-boundary,6,0,0,0,bcf94e3e57069524,8.08493894931123,registered,8.08493894931123,0.8232906363376524,200.0,220.0,0.0454545454545454,110.0,0.0,reused_production_label,,,,,,,,
nw_dual_val_023,near-boundary,6,0,0,0,bcf94e3e57069524,8.08493894931123,nominal_d_le_1,1.0,5.342627134824598,200.0,220.0,0.0,110.0,0.0,ok,3.617306038362635,0.0,0.150570951274051,1.5747501451879118,0.0,193500991.0,0.0,0.0
nw_dual_val_023,near-boundary,6,0,1,0,8428b3fd14b42611,8.08493894931123,registered,8.08493894931123,2.8060936023867966,200.0,220.0,0.0,110.0,0.0,reused_production_label,,,,,,,,
nw_dual_val_023,near-boundary,6,0,1,0,8428b3fd14b42611,8.08493894931123,nominal_d_le_1,1.0,7.6822816700137295,200.0,220.0,0.0,110.0,0.0,ok,6.340252839735564,0.0,0.0,1.238882086202892,0.1031467440752731,1411621867.0,0.0,0.0
nw_dual_val_023,near-boundary,6,0,2,0,39c9fc455629d1d3,8.08493894931123,registered,8.08493894931123,2.254254295321107,200.0,220.0,0.0,110.0,0.0,reused_production_label,,,,,,,,
nw_dual_val_023,near-boundary,6,0,2,0,39c9fc455629d1d3,8.08493894931123,nominal_d_le_1,1.0,14.078611185898176,200.0,220.0,0.0,110.0,0.0,ok,12.665182192492756,0.7298631022134403,0.0,0.6,0.0835658911919797,3473989741.0,0.0,0.0
nw_dual_val_023,near-boundary,6,0,3,0,13d23354750c1b18,8.08493894931123,registered,8.08493894931123,1.3151449824993315,200.0,220.0,0.0,110.0,0.0,reused_production_label,,,,,,,,
nw_dual_val_023,near-boundary,6,0,3,0,13d23354750c1b18,8.08493894931123,nominal_d_le_1,1.0,3.744852347066882,200.0,220.0,0.0,110.0,0.0,ok,2.2032901655252703,0.0,0.0,1.4498526827744558,0.0917094987671561,400800197.0,0.0,0.0
nw_dual_val_023,near-boundary,4,1,0,2,7115a3deac1ddce8,8.08493894931123,registered,8.08493894931123,1.3242803984162868,200.0,220.0,0.0272727272727272,110.0,0.0,reused_production_label,,,,,,,,
nw_dual_val_023,near-boundary,4,1,0,2,7115a3deac1ddce8,8.08493894931123,nominal_d_le_1,1.0,2.764271872548153,200.0,220.0,0.0,110.0,0.0,ok,1.333699808953134,0.0,0.0,1.4305720635950192,0.0,2401830787.0,0.0,0.0
nw_dual_val_023,near-boundary,4,1,1,2,978ea2a1b91ebb0b,8.08493894931123,registered,8.08493894931123,0.7655620902437221,400.0,410.0,0.0333333333333333,210.0,0.0,reused_production_label,,,,,,,,
nw_dual_val_023,near-boundary,4,1,1,2,978ea2a1b91ebb0b,8.08493894931123,nominal_d_le_1,1.0,3.47659284438642,200.0,220.0,0.0,110.0,0.0,ok,2.379803640822452,0.032185393326773,0.0,1.0646038102371944,0.0,1398970224.0,0.0,0.0
nw_dual_val_023,near-boundary,4,1,2,2,4d3b80ace5195554,8.08493894931123,registered,8.08493894931123,2.8464543730875147,200.0,220.0,0.0,110.0,0.0,reused_production_label,,,,,,,,
nw_dual_val_023,near-boundary,4,1,2,2,4d3b80ace5195554,8.08493894931123,nominal_d_le_1,1.0,29.652723128229727,200.0,220.0,0.0,110.0,0.0,ok,28.83215158138825,0.0,0.0,0.8205715468414789,0.0,3109277359.0,0.0,0.0
nw_dual_val_023,near-boundary,4,1,3,2,2e5fdcdc9caf5e11,8.08493894931123,registered,8.08493894931123,0.8295269253557915,400.0,409.0,0.0952380952380952,210.0,1.0,reused_production_label,,,,,,,,
nw_dual_val_023,near-boundary,4,1,3,2,2e5fdcdc9caf5e11,8.08493894931123,nominal_d_le_1,1.0,1.018939359033976,200.0,220.0,0.0272727272727272,110.0,1.0,ok,0.0,0.0,0.0,1.018939359033976,0.0,3958002609.0,3.0,0.0
nw_dual_val_023,near-boundary,5,2,0,3,03e4afcc20c1af1e,8.08493894931123,registered,8.08493894931123,108.69962803312904,200.0,220.0,0.0,110.0,0.0,reused_production_label,,,,,,,,
nw_dual_val_023,near-boundary,5,2,0,3,03e4afcc20c1af1e,8.08493894931123,nominal_d_le_1,1.0,835.7813490863134,200.0,220.0,0.0,110.0,0.0,ok,834.5495411716988,0.0,0.1378268978500365,0.8200073403942489,0.2739736763703453,1203961416.0,0.0,0.0
nw_dual_val_023,near-boundary,5,2,1,3,e322faa98b9be734,8.08493894931123,registered,8.08493894931123,109.46524954802004,200.0,220.0,0.0,110.0,0.0,reused_production_label,,,,,,,,
nw_dual_val_023,near-boundary,5,2,1,3,e322faa98b9be734,8.08493894931123,nominal_d_le_1,1.0,1027.1389265307948,200.0,220.0,0.0,110.0,0.0,ok,1025.4934544502107,0.0,0.1378268978500365,1.2554999064846013,0.2521452762494521,3187463956.0,0.0,0.0
nw_dual_val_023,near-boundary,5,2,2,3,a32bec3c3ca672bd,8.08493894931123,registered,8.08493894931123,85.15086212569804,200.0,220.0,0.0,110.0,0.0,reused_production_label,,,,,,,,
nw_dual_val_023,near-boundary,5,2,2,3,a32bec3c3ca672bd,8.08493894931123,nominal_d_le_1,1.0,563.0928004188332,200.0,220.0,0.0,110.0,0.0,ok,561.7897666083968,0.0,0.1378268978500365,0.7579846623425518,0.407222250243848,374270329.0,0.0,0.0
nw_dual_val_023,near-boundary,5,2,3,3,982833889b586371,8.08493894931123,registered,8.08493894931123,180.2085482838836,200.0,220.0,0.0,110.0,0.0,reused_production_label,,,,,,,,
nw_dual_val_023,near-boundary,5,2,3,3,982833889b586371,8.08493894931123,nominal_d_le_1,1.0,1452.1039628753433,200.0,220.0,0.0,110.0,0.0,ok,1450.8897299641574,0.0,0.1378268978500365,0.8849273261809785,0.1914786871548538,2890169066.0,0.0,0.0
nw_dual_val_023,near-boundary,12,3,0,5,b0024c421cfbaf1c,8.08493894931123,registered,8.08493894931123,2.196644362984946,400.0,410.0,0.0,210.0,0.0,reused_production_label,,,,,,,,
nw_dual_val_023,near-boundary,12,3,0,5,b0024c421cfbaf1c,8.08493894931123,nominal_d_le_1,1.0,6.041314149276531,400.0,410.0,0.0,210.0,0.0,ok,3.9503847831636154,0.7398272216224971,0.0,1.35110214449042,0.0,3479291742.0,0.0,0.0
nw_dual_val_023,near-boundary,12,3,1,5,c2c4bba6fd089559,8.08493894931123,registered,8.08493894931123,2.1129545001932497,400.0,410.0,0.0,210.0,0.0,reused_production_label,,,,,,,,
nw_dual_val_023,near-boundary,12,3,1,5,c2c4bba6fd089559,8.08493894931123,nominal_d_le_1,1.0,6.828372674567835,200.0,220.0,0.0,110.0,0.0,ok,4.718885637562309,0.7398272216224971,0.0969974976391321,1.2726623177438965,0.0,2378557978.0,0.0,0.0
nw_dual_val_023,near-boundary,12,3,2,5,5678cc1617f572e1,8.08493894931123,registered,8.08493894931123,2.1307808532375767,400.0,409.0,0.0,210.0,0.0,reused_production_label,,,,,,,,
nw_dual_val_023,near-boundary,12,3,2,5,5678cc1617f572e1,8.08493894931123,nominal_d_le_1,1.0,6.042039214626828,400.0,410.0,0.0,210.0,0.0,ok,3.905513108896595,0.7398272216224971,0.0,1.3966988841077363,0.0,2874876189.0,0.0,0.0
nw_dual_val_023,near-boundary,12,3,3,5,a67d04830cf79835,8.08493894931123,registered,8.08493894931123,2.1107450953017843,400.0,410.0,0.0,210.0,0.0,reused_production_label,,,,,,,,
nw_dual_val_023,near-boundary,12,3,3,5,a67d04830cf79835,8.08493894931123,nominal_d_le_1,1.0,6.2197053039327095,400.0,410.0,0.0,210.0,0.0,ok,4.1794557926705815,0.7398272216224971,0.0,1.3004222896396311,0.0,4149614701.0,0.0,0.0
nw_dual_val_023,near-boundary,17,4,0,6,26b21bdfd8aabe1c,8.08493894931123,registered,8.08493894931123,193.1517707270709,400.0,346.0,0.0,210.0,0.0,reused_production_label,,,,,,,,
nw_dual_val_023,near-boundary,17,4,0,6,26b21bdfd8aabe1c,8.08493894931123,nominal_d_le_1,1.0,1560.7172702080247,400.0,346.0,0.0,210.0,0.0,ok,1559.5898161709238,0.0,0.2612387857142962,0.7769296575295539,0.0892855938570337,2805440356.0,0.0,0.0
nw_dual_val_023,near-boundary,17,4,1,6,235a7c8b4f6be992,8.08493894931123,registered,8.08493894931123,193.3201688203419,400.0,409.0,0.0,210.0,0.0,reused_production_label,,,,,,,,
nw_dual_val_023,near-boundary,17,4,1,6,235a7c8b4f6be992,8.08493894931123,nominal_d_le_1,1.0,1560.8856683012957,400.0,409.0,0.0,210.0,0.0,ok,1559.5898161709238,0.0,0.2612387857142962,0.9666927413976212,0.0679206032599694,3790948577.0,0.0,0.0
nw_dual_val_023,near-boundary,17,4,2,6,9c6ba0bf2d30dd8e,8.08493894931123,registered,8.08493894931123,193.2371915563777,400.0,376.0,0.0,210.0,0.0,reused_production_label,,,,,,,,
nw_dual_val_023,near-boundary,17,4,2,6,9c6ba0bf2d30dd8e,8.08493894931123,nominal_d_le_1,1.0,1560.8731609880626,400.0,376.0,0.0,210.0,0.0,ok,1559.5898161709238,0.0,0.2612387857142962,0.863796809075503,0.1583092223491524,3688055599.0,0.0,0.0
nw_dual_val_023,near-boundary,17,4,3,6,03a7bddb65276d90,8.08493894931123,registered,8.08493894931123,193.3136740972216,400.0,346.0,0.0,210.0,0.0,reused_production_label,,,,,,,,
nw_dual_val_023,near-boundary,17,4,3,6,03a7bddb65276d90,8.08493894931123,nominal_d_le_1,1.0,1560.8938578574846,400.0,346.0,0.0,210.0,0.0,ok,1559.5898161709238,0.0,0.2612387857142962,0.8954148680305245,0.1473880328159732,750662059.0,0.0,0.0
nw_dual_val_025,moderate,2,0,0,0,05241630f3f92916,11.904376107793393,registered,11.904376107793393,3.764042720636409,200.0,220.0,0.0,110.0,0.0,reused_production_label,,,,,,,,
nw_dual_val_025,moderate,2,0,0,0,05241630f3f92916,11.904376107793393,nominal_d_le_1,1.0,24.361569320429364,200.0,220.0,0.0,110.0,0.0,ok,22.904799373582136,0.0,0.0,1.38064082005327,0.0761291267939591,738741784.0,0.0,0.0
nw_dual_val_025,moderate,2,0,1,0,e48910469e51ea48,11.904376107793393,registered,11.904376107793393,0.6985486539608157,400.0,410.0,0.0238095238095238,210.0,0.0,reused_production_label,,,,,,,,
nw_dual_val_025,moderate,2,0,1,0,e48910469e51ea48,11.904376107793393,nominal_d_le_1,1.0,11.485242692490097,200.0,220.0,0.0,110.0,0.0,ok,10.514221936268262,0.2122529719019724,0.0,0.694965459477556,0.0638023248423057,504799747.0,0.0,0.0
nw_dual_val_025,moderate,2,0,2,0,28874b4934a7c7b8,11.904376107793393,registered,11.904376107793393,0.893286970277597,400.0,410.0,0.0476190476190476,210.0,0.0,reused_production_label,,,,,,,,
nw_dual_val_025,moderate,2,0,2,0,28874b4934a7c7b8,11.904376107793393,nominal_d_le_1,1.0,5.365739313389441,200.0,220.0,0.0,110.0,0.0,ok,4.043649777778535,0.0,0.0,1.2771323644431345,0.0449571711677716,2413162303.0,0.0,0.0
nw_dual_val_025,moderate,2,0,3,0,47481d63adf08840,11.904376107793393,registered,11.904376107793393,0.9502764418384556,400.0,410.0,0.0285714285714285,210.0,0.0,reused_production_label,,,,,,,,
nw_dual_val_025,moderate,2,0,3,0,47481d63adf08840,11.904376107793393,nominal_d_le_1,1.0,10.369809520955432,200.0,220.0,0.0,110.0,0.0,ok,9.1334894078115,0.5591363505752525,0.0,0.6133981845139361,0.0637855780547417,3810565387.0,0.0,0.0
nw_dual_val_025,moderate,13,1,0,1,4a3a0c51aa666c08,11.904376107793393,registered,11.904376107793393,83.30612216834834,200.0,219.0,0.0,110.0,0.0,reused_production_label,,,,,,,,
nw_dual_val_025,moderate,13,1,0,1,4a3a0c51aa666c08,11.904376107793393,nominal_d_le_1,1.0,972.9917803444966,200.0,219.0,0.0,110.0,0.0,ok,970.0748625308894,0.0,0.315895268234962,1.748219988054514,0.852802557317719,3398919620.0,0.0,0.0
nw_dual_val_025,moderate,13,1,1,1,f8bd766e957479d6,11.904376107793393,registered,11.904376107793393,81.93826888387622,400.0,410.0,0.0,210.0,0.0,reused_production_label,,,,,,,,
nw_dual_val_025,moderate,13,1,1,1,f8bd766e957479d6,11.904376107793393,nominal_d_le_1,1.0,971.8702395000792,200.0,220.0,0.0,110.0,0.0,ok,969.3915544171244,0.0,0.315895268234962,1.5663093248472324,0.5964804898726654,2783331381.0,0.0,0.0
nw_dual_val_025,moderate,13,1,2,1,0ec751b85c26aa3f,11.904376107793393,registered,11.904376107793393,82.20089217616378,400.0,410.0,0.0,210.0,0.0,reused_production_label,,,,,,,,
nw_dual_val_025,moderate,13,1,2,1,0ec751b85c26aa3f,11.904376107793393,nominal_d_le_1,1.0,971.074060621496,200.0,220.0,0.0,110.0,0.0,ok,967.836164446338,0.0,0.315895268234962,1.786124107091458,1.1358767998317052,1468083278.0,0.0,0.0
nw_dual_val_025,moderate,13,1,3,1,81c0f51378caa462,11.904376107793393,registered,11.904376107793393,82.14121880610149,400.0,410.0,0.0,210.0,0.0,reused_production_label,,,,,,,,
nw_dual_val_025,moderate,13,1,3,1,81c0f51378caa462,11.904376107793393,nominal_d_le_1,1.0,975.6275521977392,200.0,220.0,0.0,110.0,0.0,ok,973.8722913798032,0.0,0.315895268234962,1.2292622124732744,0.2101033372279377,1935667370.0,0.0,0.0
nw_dual_val_025,moderate,19,2,0,2,4cdbf4b3e36a0ee3,11.904376107793393,registered,11.904376107793393,1.0070635561327557,400.0,410.0,0.1047619047619047,210.0,0.0,reused_production_label,,,,,,,,
nw_dual_val_025,moderate,19,2,0,2,4cdbf4b3e36a0ee3,11.904376107793393,nominal_d_le_1,1.0,4.726356481543692,200.0,220.0,0.0,110.0,0.0,ok,2.7279289472595307,0.726985943476231,0.0,1.2714415908079302,0.0,1634344412.0,0.0,0.0
nw_dual_val_025,moderate,19,2,1,2,0ce8eac616116893,11.904376107793393,registered,11.904376107793393,1.121263799018674,400.0,410.0,0.0952380952380952,210.0,0.0,reused_production_label,,,,,,,,
nw_dual_val_025,moderate,19,2,1,2,0ce8eac616116893,11.904376107793393,nominal_d_le_1,1.0,5.49940267736142,200.0,220.0,0.0,110.0,0.0,ok,4.646033008740618,0.0,0.0,0.8533696686208024,0.0,2831158622.0,0.0,0.0
nw_dual_val_025,moderate,19,2,2,2,60812d5529ded162,11.904376107793393,registered,11.904376107793393,1.3661018326671042,200.0,220.0,0.0818181818181818,110.0,0.0,reused_production_label,,,,,,,,
nw_dual_val_025,moderate,19,2,2,2,60812d5529ded162,11.904376107793393,nominal_d_le_1,1.0,5.7392503820440925,200.0,220.0,0.0,110.0,0.0,ok,4.392340461489961,0.0,0.0,1.3469099205541322,0.0,4049027443.0,0.0,0.0
nw_dual_val_025,moderate,19,2,3,2,165a003aeb4f3632,11.904376107793393,registered,11.904376107793393,18.269905182925708,200.0,220.0,0.0,110.0,0.0,reused_production_label,,,,,,,,
nw_dual_val_025,moderate,19,2,3,2,165a003aeb4f3632,11.904376107793393,nominal_d_le_1,1.0,220.41001188915192,200.0,220.0,0.0,110.0,0.0,ok,219.6776282212502,0.0,0.0,0.7323836679017416,0.0,2697699896.0,0.0,0.0
nw_dual_val_025,moderate,17,3,0,4,ca21930714649c8d,11.904376107793393,registered,11.904376107793393,57.58636976663202,200.0,220.0,0.0,110.0,0.0,reused_production_label,,,,,,,,
nw_dual_val_025,moderate,17,3,0,4,ca21930714649c8d,11.904376107793393,nominal_d_le_1,1.0,676.5232945612734,200.0,220.0,0.0,110.0,0.0,ok,675.0789941291152,0.0,0.0,1.3584182810982015,0.0858821510598415,2202648555.0,0.0,0.0
nw_dual_val_025,moderate,17,3,1,4,c18c66a728accd10,11.904376107793393,registered,11.904376107793393,56.378927095201206,200.0,220.0,0.0,110.0,0.0,reused_production_label,,,,,,,,
nw_dual_val_025,moderate,17,3,1,4,c18c66a728accd10,11.904376107793393,nominal_d_le_1,1.0,669.2289217356567,200.0,220.0,0.0,110.0,0.0,ok,668.0522002526596,0.0,0.0,1.0812247428694577,0.0954967401276383,2213685149.0,0.0,0.0
nw_dual_val_025,moderate,17,3,2,4,ba5b8276f70da65c,11.904376107793393,registered,11.904376107793393,46.485685895679545,200.0,220.0,0.0,110.0,0.0,reused_production_label,,,,,,,,
nw_dual_val_025,moderate,17,3,2,4,ba5b8276f70da65c,11.904376107793393,nominal_d_le_1,1.0,563.9376838381394,200.0,220.0,0.0,110.0,0.0,ok,562.0823339622237,0.0,0.0,1.6319503720942872,0.2233995038213409,51845654.0,0.0,0.0
nw_dual_val_025,moderate,17,3,3,4,0cb6146c45a1dff1,11.904376107793393,registered,11.904376107793393,50.3140440611546,200.0,220.0,0.0,110.0,0.0,reused_production_label,,,,,,,,
nw_dual_val_025,moderate,17,3,3,4,0cb6146c45a1dff1,11.904376107793393,nominal_d_le_1,1.0,582.501780018298,200.0,220.0,0.0,110.0,0.0,ok,580.9706184782472,0.0,0.0,1.4319042278404324,0.0992573122104246,260664762.0,0.0,0.0
nw_dual_val_025,moderate,11,4,0,6,5213224e4b322e81,11.904376107793393,registered,11.904376107793393,16.01955136777495,400.0,393.0,0.0,210.0,0.0,reused_production_label,,,,,,,,
nw_dual_val_025,moderate,11,4,0,6,5213224e4b322e81,11.904376107793393,nominal_d_le_1,1.0,179.0861744281913,400.0,393.0,0.0,210.0,0.0,ok,177.02085991435905,0.7142960528002759,0.0217074369223859,1.3293110241095794,0.0,2487699262.0,0.0,0.0
nw_dual_val_025,moderate,11,4,1,6,9dd43feb14ed606b,11.904376107793393,registered,11.904376107793393,16.01511862865993,400.0,410.0,0.0,210.0,0.0,reused_production_label,,,,,,,,
nw_dual_val_025,moderate,11,4,1,6,9dd43feb14ed606b,11.904376107793393,nominal_d_le_1,1.0,179.08055169415277,400.0,410.0,0.0,210.0,0.0,ok,177.02085991435905,0.7142960528002759,0.0217074369223859,1.3236882900710358,0.0,1594702186.0,0.0,0.0
nw_dual_val_025,moderate,11,4,2,6,cd31553c2824a79a,11.904376107793393,registered,11.904376107793393,14.40686373673604,400.0,410.0,0.0,210.0,0.0,reused_production_label,,,,,,,,
nw_dual_val_025,moderate,11,4,2,6,cd31553c2824a79a,11.904376107793393,nominal_d_le_1,1.0,179.08142590540714,400.0,410.0,0.0,210.0,0.0,ok,177.02085991435905,0.7142960528002759,0.0217074369223859,1.3245625013254207,0.0,590208073.0,0.0,0.0
nw_dual_val_025,moderate,11,4,3,6,b64a9ed46ce26f0e,11.904376107793393,registered,11.904376107793393,16.01678951657514,400.0,409.0,0.0,210.0,0.0,reused_production_label,,,,,,,,
nw_dual_val_025,moderate,11,4,3,6,b64a9ed46ce26f0e,11.904376107793393,nominal_d_le_1,1.0,179.08401104113707,400.0,409.0,0.0,210.0,0.0,ok,177.02085991435905,0.7142960528002759,0.0217074369223859,1.3271476370553743,0.0,2936138599.0,0.0,0.0
nw_dual_val_027,hard,2,0,0,0,d5198db1b7827836,11.165776525262382,registered,11.165776525262382,1.9165333036069128,200.0,220.0,0.0,110.0,0.0,reused_production_label,,,,,,,,
nw_dual_val_027,hard,2,0,0,0,d5198db1b7827836,11.165776525262382,nominal_d_le_1,1.0,21.17787714616392,200.0,220.0,0.0,110.0,0.0,ok,19.753738228579707,0.0,0.0,1.2098052566171869,0.2143336609670253,1232370118.0,0.0,0.0
nw_dual_val_027,hard,2,0,1,0,ac88892d36246b1e,11.165776525262382,registered,11.165776525262382,1.8748602500776503,200.0,220.0,0.0,110.0,0.0,reused_production_label,,,,,,,,
nw_dual_val_027,hard,2,0,1,0,ac88892d36246b1e,11.165776525262382,nominal_d_le_1,1.0,18.59490922339613,200.0,220.0,0.0,110.0,0.0,ok,16.738386410179427,0.0,0.0,1.448034865129164,0.408487948087539,1587088148.0,0.0,0.0
nw_dual_val_027,hard,2,0,2,0,4346b78576895a19,11.165776525262382,registered,11.165776525262382,3.352513524588684,200.0,220.0,0.0,110.0,0.0,reused_production_label,,,,,,,,
nw_dual_val_027,hard,2,0,2,0,4346b78576895a19,11.165776525262382,nominal_d_le_1,1.0,18.99344831054212,200.0,220.0,0.0,110.0,0.0,ok,17.58584333584843,0.0,0.0,1.389283424145625,0.0183215505480657,956294926.0,0.0,0.0
nw_dual_val_027,hard,2,0,3,0,7ea127f5c6c9acbb,11.165776525262382,registered,11.165776525262382,1.503366525711593,200.0,220.0,0.009090909090909,110.0,0.0,reused_production_label,,,,,,,,
nw_dual_val_027,hard,2,0,3,0,7ea127f5c6c9acbb,11.165776525262382,nominal_d_le_1,1.0,21.29304036273065,200.0,220.0,0.0,110.0,0.0,ok,20.534955722882977,0.0,0.0289695639374302,0.729115075910242,0.0,3065793613.0,0.0,0.0
nw_dual_val_027,hard,15,1,0,2,142ffa4215aff4cc,11.165776525262382,registered,11.165776525262382,5.528443965627801,200.0,220.0,0.0,110.0,0.0,reused_production_label,,,,,,,,
nw_dual_val_027,hard,15,1,0,2,142ffa4215aff4cc,11.165776525262382,nominal_d_le_1,1.0,77.00488465105663,200.0,220.0,0.0,110.0,0.0,ok,74.65175368388887,0.0,0.0,1.599344364666808,0.7537866025009531,2346951547.0,0.0,0.0
nw_dual_val_027,hard,15,1,1,2,5ddddd45e279351f,11.165776525262382,registered,11.165776525262382,6.048171337715367,200.0,220.0,0.0,110.0,0.0,reused_production_label,,,,,,,,
nw_dual_val_027,hard,15,1,1,2,5ddddd45e279351f,11.165776525262382,nominal_d_le_1,1.0,57.51966533937376,200.0,220.0,0.0,110.0,0.0,ok,56.19538704449592,0.0,0.0,0.9912979130325976,0.332980381845243,970927964.0,0.0,0.0
nw_dual_val_027,hard,15,1,2,2,97b9c032d9145be6,11.165776525262382,registered,11.165776525262382,6.600686681685335,200.0,220.0,0.0,110.0,0.0,reused_production_label,,,,,,,,
nw_dual_val_027,hard,15,1,2,2,97b9c032d9145be6,11.165776525262382,nominal_d_le_1,1.0,108.08639759627656,200.0,220.0,0.0,110.0,0.0,ok,106.00038780494536,0.0,0.0293468880451857,1.411106642758403,0.6455562605276218,951457058.0,0.0,0.0
nw_dual_val_027,hard,15,1,3,2,7cbe94b405b56c38,11.165776525262382,registered,11.165776525262382,42.8926465927118,200.0,219.0,0.0,110.0,0.0,reused_production_label,,,,,,,,
nw_dual_val_027,hard,15,1,3,2,7cbe94b405b56c38,11.165776525262382,nominal_d_le_1,1.0,465.9012146159533,200.0,219.0,0.0,110.0,0.0,ok,463.6311468299487,0.0,0.0,1.498783843592665,0.7712839424120319,3133632108.0,0.0,0.0
nw_dual_val_027,hard,13,2,0,3,368f07aae4501e2a,11.165776525262382,registered,11.165776525262382,2.857845191201671,400.0,410.0,0.0,210.0,0.0,reused_production_label,,,,,,,,
nw_dual_val_027,hard,13,2,0,3,368f07aae4501e2a,11.165776525262382,nominal_d_le_1,1.0,31.154656722083224,200.0,220.0,0.0,110.0,0.0,ok,29.60105942170636,0.0,0.0378626128387907,1.502331681688191,0.0134030058498836,285180418.0,0.0,0.0
nw_dual_val_027,hard,13,2,1,3,4eed1fb75a2b3bf2,11.165776525262382,registered,11.165776525262382,6.824797434080045,200.0,220.0,0.0,110.0,0.0,reused_production_label,,,,,,,,
nw_dual_val_027,hard,13,2,1,3,4eed1fb75a2b3bf2,11.165776525262382,nominal_d_le_1,1.0,44.60180799021374,200.0,220.0,0.0,110.0,0.0,ok,43.189552490925145,0.0,0.0,1.412255499288597,0.0,2216626445.0,0.0,0.0
nw_dual_val_027,hard,13,2,2,3,bd56c4f8959b6721,11.165776525262382,registered,11.165776525262382,3.876536569214198,200.0,220.0,0.0,110.0,0.0,reused_production_label,,,,,,,,
nw_dual_val_027,hard,13,2,2,3,bd56c4f8959b6721,11.165776525262382,nominal_d_le_1,1.0,35.67057118841759,200.0,220.0,0.0,110.0,0.0,ok,33.861980570119194,0.0,0.0,1.8085906182983995,0.0,1786295836.0,0.0,0.0
nw_dual_val_027,hard,13,2,3,3,afa0c239d4727d1a,11.165776525262382,registered,11.165776525262382,2.6804007393720086,400.0,410.0,0.0,210.0,0.0,reused_production_label,,,,,,,,
nw_dual_val_027,hard,13,2,3,3,afa0c239d4727d1a,11.165776525262382,nominal_d_le_1,1.0,46.99370509080506,200.0,220.0,0.0,110.0,0.0,ok,45.08576390678536,0.0,0.0,1.9079411840196965,0.0,795508641.0,0.0,0.0
nw_dual_val_027,hard,1,3,0,5,4e635d1ba24fc998,11.165776525262382,registered,11.165776525262382,6.167932022796111,200.0,220.0,0.0,110.0,0.0,reused_production_label,,,,,,,,
nw_dual_val_027,hard,1,3,0,5,4e635d1ba24fc998,11.165776525262382,nominal_d_le_1,1.0,38.95495334949654,200.0,220.0,0.0,110.0,0.0,ok,36.880142479833545,0.0,0.0,1.7983417195898437,0.276469150073156,3442646259.0,0.0,0.0
nw_dual_val_027,hard,1,3,1,5,cd47535f880f1b2c,11.165776525262382,registered,11.165776525262382,15.061056334748606,200.0,212.0,0.0,110.0,0.0,reused_production_label,,,,,,,,
nw_dual_val_027,hard,1,3,1,5,cd47535f880f1b2c,11.165776525262382,nominal_d_le_1,1.0,163.6856516757929,200.0,212.0,0.0,110.0,0.0,ok,162.2538531212334,0.0,0.0,1.4317985545595202,0.0,341177940.0,0.0,0.0
nw_dual_val_027,hard,1,3,2,5,4f116bd929d812d7,11.165776525262382,registered,11.165776525262382,8.924131928145306,200.0,220.0,0.0,110.0,0.0,reused_production_label,,,,,,,,
nw_dual_val_027,hard,1,3,2,5,4f116bd929d812d7,11.165776525262382,nominal_d_le_1,1.0,85.36322831564777,200.0,220.0,0.0,110.0,0.0,ok,83.02414382830378,0.0,0.3431413529454301,1.8613987274817965,0.134544406916779,2579866496.0,0.0,0.0
nw_dual_val_027,hard,1,3,3,5,172822c0bbdf3c34,11.165776525262382,registered,11.165776525262382,8.391318126820318,200.0,220.0,0.0,110.0,0.0,reused_production_label,,,,,,,,
nw_dual_val_027,hard,1,3,3,5,172822c0bbdf3c34,11.165776525262382,nominal_d_le_1,1.0,57.24653660144492,200.0,220.0,0.0,110.0,0.0,ok,55.711292587074965,0.0,0.0,1.393176458170642,0.1420675561993089,4261137567.0,0.0,0.0
nw_dual_val_027,hard,19,4,0,6,63084358a2538a0d,11.165776525262382,registered,11.165776525262382,69.85106765316218,400.0,346.0,0.0,210.0,0.0,reused_production_label,,,,,,,,
nw_dual_val_027,hard,19,4,0,6,63084358a2538a0d,11.165776525262382,nominal_d_le_1,1.0,780.3409733792131,400.0,346.0,0.0,210.0,0.0,ok,779.3821267248575,0.0,0.0,0.7235382409394235,0.2353084134161513,1984435465.0,0.0,0.0
nw_dual_val_027,hard,19,4,1,6,4b26fd5a99aaee54,11.165776525262382,registered,11.165776525262382,69.75017701947388,400.0,346.0,0.0,210.0,0.0,reused_production_label,,,,,,,,
nw_dual_val_027,hard,19,4,1,6,4b26fd5a99aaee54,11.165776525262382,nominal_d_le_1,1.0,780.2337447978144,400.0,346.0,0.0,210.0,0.0,ok,779.3821267248575,0.0,0.0,0.6892144896798833,0.1624035832770538,1728003910.0,0.0,0.0
nw_dual_val_027,hard,19,4,2,6,23e51d296a356c2d,11.165776525262382,registered,11.165776525262382,69.67673583457947,400.0,410.0,0.0,210.0,0.0,reused_production_label,,,,,,,,
nw_dual_val_027,hard,19,4,2,6,23e51d296a356c2d,11.165776525262382,nominal_d_le_1,1.0,780.2192409764185,400.0,410.0,0.0,210.0,0.0,ok,779.3821267248575,0.0,0.0,0.6919821926341212,0.1451320589268994,1391562517.0,0.0,0.0
nw_dual_val_027,hard,19,4,3,6,9951a0ad3b6524d8,11.165776525262382,registered,11.165776525262382,69.94338482244183,400.0,390.0,0.0,210.0,0.0,reused_production_label,,,,,,,,
nw_dual_val_027,hard,19,4,3,6,9951a0ad3b6524d8,11.165776525262382,nominal_d_le_1,1.0,780.4247616071935,400.0,390.0,0.0,210.0,0.0,ok,779.3821267248575,0.0,0.0,0.7929060278091221,0.2497288545269712,1664253882.0,0.0,0.0
nw_dual_val_030,near-boundary,5,0,0,0,95034cf0f06e6492,11.032119073114966,registered,11.032119073114966,2.2580897813285703,200.0,220.0,0.0,110.0,0.0,reused_production_label,,,,,,,,
nw_dual_val_030,near-boundary,5,0,0,0,95034cf0f06e6492,11.032119073114966,nominal_d_le_1,1.0,80.53468106134423,200.0,220.0,0.0,110.0,0.0,ok,79.95210642193165,0.0,0.0,0.5825746394125897,0.0,1474425021.0,0.0,0.0
nw_dual_val_030,near-boundary,5,0,1,0,f12b8f0ae501d39f,11.032119073114966,registered,11.032119073114966,0.9178697345755766,400.0,410.0,0.0,210.0,0.0,reused_production_label,,,,,,,,
nw_dual_val_030,near-boundary,5,0,1,0,f12b8f0ae501d39f,11.032119073114966,nominal_d_le_1,1.0,24.423675792840843,200.0,220.0,0.0,110.0,0.0,ok,23.12029394034512,0.0,0.0,1.2896294799645065,0.0137523725312136,4076696232.0,0.0,0.0
nw_dual_val_030,near-boundary,5,0,2,0,92e1d5de99aef304,11.032119073114966,registered,11.032119073114966,1.24133216793778,400.0,410.0,0.0,210.0,0.0,reused_production_label,,,,,,,,
nw_dual_val_030,near-boundary,5,0,2,0,92e1d5de99aef304,11.032119073114966,nominal_d_le_1,1.0,5.873535631374951,200.0,220.0,0.0,110.0,0.0,ok,3.1664618371729385,0.8196811533630316,0.0,1.8763463747747544,0.0110462660642261,4064548787.0,0.0,0.0
nw_dual_val_030,near-boundary,5,0,3,0,1506dc5981e074f8,11.032119073114966,registered,11.032119073114966,2.217539047564031,200.0,220.0,0.0,110.0,0.0,reused_production_label,,,,,,,,
nw_dual_val_030,near-boundary,5,0,3,0,1506dc5981e074f8,11.032119073114966,nominal_d_le_1,1.0,10.087933402631874,200.0,220.0,0.0,110.0,0.0,ok,7.871658778977901,0.7547315539192786,0.0,1.461543069734695,0.0,4253860074.0,0.0,0.0
nw_dual_val_030,near-boundary,15,1,0,1,f20112858c24bee0,11.032119073114966,registered,11.032119073114966,47.722370380531466,200.0,220.0,0.0,110.0,0.0,reused_production_label,,,,,,,,
nw_dual_val_030,near-boundary,15,1,0,1,f20112858c24bee0,11.032119073114966,nominal_d_le_1,1.0,539.8969757463816,200.0,220.0,0.0,110.0,0.0,ok,538.0218729524615,0.0,0.0188038050436854,1.456942281090555,0.399356707785891,3111302519.0,0.0,0.0
nw_dual_val_030,near-boundary,15,1,1,1,1ba3f02568cb3c1c,11.032119073114966,registered,11.032119073114966,36.61818263139129,200.0,220.0,0.0,110.0,0.0,reused_production_label,,,,,,,,
nw_dual_val_030,near-boundary,15,1,1,1,1ba3f02568cb3c1c,11.032119073114966,nominal_d_le_1,1.0,399.22466965829926,200.0,220.0,0.0,110.0,0.0,ok,397.7510433643597,0.0,0.1067554886119189,1.094490228015908,0.272380577311782,2127772279.0,0.0,0.0
nw_dual_val_030,near-boundary,15,1,2,1,73ee0debb5e2bd36,11.032119073114966,registered,11.032119073114966,1.867770286028414,400.0,410.0,0.0,210.0,0.0,reused_production_label,,,,,,,,
nw_dual_val_030,near-boundary,15,1,2,1,73ee0debb5e2bd36,11.032119073114966,nominal_d_le_1,1.0,13.368857963590232,400.0,410.0,0.0,210.0,0.0,ok,12.07178684697197,0.0,0.0,1.105414077505643,0.1916570391126202,1483246154.0,0.0,0.0
nw_dual_val_030,near-boundary,15,1,3,1,fe076dc549fea488,11.032119073114966,registered,11.032119073114966,1.6158960356187233,400.0,410.0,0.0,210.0,0.0,reused_production_label,,,,,,,,
nw_dual_val_030,near-boundary,15,1,3,1,fe076dc549fea488,11.032119073114966,nominal_d_le_1,1.0,5.295356986690343,400.0,410.0,0.0,210.0,0.0,ok,3.781781029156342,0.0,0.0,1.2098986592927397,0.3036772982412611,320388248.0,0.0,0.0
nw_dual_val_030,near-boundary,6,2,0,3,ce1684c91e7ff11e,11.032119073114966,registered,11.032119073114966,2.2042025310840216,400.0,410.0,0.0,210.0,0.0,reused_production_label,,,,,,,,
nw_dual_val_030,near-boundary,6,2,0,3,ce1684c91e7ff11e,11.032119073114966,nominal_d_le_1,1.0,7.577217189154871,200.0,220.0,0.0,110.0,0.0,ok,5.134547676047557,0.8196610939794039,0.0,1.6230084191279104,0.0,1572354975.0,0.0,0.0
nw_dual_val_030,near-boundary,6,2,1,3,ec607e43533b07cc,11.032119073114966,registered,11.032119073114966,1.7500463486936142,400.0,410.0,0.0,210.0,0.0,reused_production_label,,,,,,,,
nw_dual_val_030,near-boundary,6,2,1,3,ec607e43533b07cc,11.032119073114966,nominal_d_le_1,1.0,7.540495215537144,200.0,220.0,0.0,110.0,0.0,ok,5.290429979576593,0.8196610939794039,0.0,1.430404141981148,0.0,4083473520.0,0.0,0.0
nw_dual_val_030,near-boundary,6,2,2,3,79c4ef44f7797f24,11.032119073114966,registered,11.032119073114966,1.9016282418133548,400.0,410.0,0.0,210.0,0.0,reused_production_label,,,,,,,,
nw_dual_val_030,near-boundary,6,2,2,3,79c4ef44f7797f24,11.032119073114966,nominal_d_le_1,1.0,5.423430060365504,200.0,220.0,0.0,110.0,0.0,ok,3.1210428075693306,0.8196610939794039,0.0,1.4827261588167688,0.0,4226939201.0,0.0,0.0
nw_dual_val_030,near-boundary,6,2,3,3,6694b86a23191169,11.032119073114966,registered,11.032119073114966,2.055340672646013,400.0,409.0,0.0,210.0,0.0,reused_production_label,,,,,,,,
nw_dual_val_030,near-boundary,6,2,3,3,6694b86a23191169,11.032119073114966,nominal_d_le_1,1.0,6.974468561950822,200.0,220.0,0.0,110.0,0.0,ok,4.936535791556345,0.8196610939794039,0.0,1.2182716764150732,0.0,3440591681.0,0.0,0.0
nw_dual_val_030,near-boundary,2,3,0,4,d4d6570c97df206e,11.032119073114966,registered,11.032119073114966,18.528363979068743,200.0,220.0,0.0,110.0,0.0,reused_production_label,,,,,,,,
nw_dual_val_030,near-boundary,2,3,0,4,d4d6570c97df206e,11.032119073114966,nominal_d_le_1,1.0,175.72514889945464,200.0,220.0,0.0,110.0,0.0,ok,172.97843461988177,0.8792600819461612,0.1527177442096457,1.392131782713451,0.3226046707036027,3621718847.0,0.0,0.0
nw_dual_val_030,near-boundary,2,3,1,4,fd9b56e20d99876e,11.032119073114966,registered,11.032119073114966,16.976663689892334,400.0,410.0,0.0,210.0,0.0,reused_production_label,,,,,,,,
nw_dual_val_030,near-boundary,2,3,1,4,fd9b56e20d99876e,11.032119073114966,nominal_d_le_1,1.0,165.61238557973658,400.0,410.0,0.0,210.0,0.0,ok,162.72286947339285,0.8792600819461612,0.1527177442096457,1.66730222549686,0.1902360546910698,3842316304.0,0.0,0.0
nw_dual_val_030,near-boundary,2,3,2,4,cb6393fd1720e8a9,11.032119073114966,registered,11.032119073114966,16.828160678682014,400.0,410.0,0.0,210.0,0.0,reused_production_label,,,,,,,,
nw_dual_val_030,near-boundary,2,3,2,4,cb6393fd1720e8a9,11.032119073114966,nominal_d_le_1,1.0,164.25705729903586,400.0,410.0,0.0,210.0,0.0,ok,161.3513946675694,0.8792600819461612,0.1527177442096457,1.825006695429506,0.0486781098811608,883717441.0,0.0,0.0
nw_dual_val_030,near-boundary,2,3,3,4,a64923e7bf47f833,11.032119073114966,registered,11.032119073114966,18.496436680050248,200.0,220.0,0.0,110.0,0.0,reused_production_label,,,,,,,,
nw_dual_val_030,near-boundary,2,3,3,4,a64923e7bf47f833,11.032119073114966,nominal_d_le_1,1.0,190.10255040432008,200.0,220.0,0.0,110.0,0.0,ok,187.71178327160968,0.8792600819461612,0.1527177442096457,1.3587893065545995,0.0,3214957369.0,0.0,0.0
nw_dual_val_030,near-boundary,4,4,0,6,24bb28fe78d6a8cc,11.032119073114966,registered,11.032119073114966,47.68899519034799,400.0,390.0,0.0,210.0,0.0,reused_production_label,,,,,,,,
nw_dual_val_030,near-boundary,4,4,0,6,24bb28fe78d6a8cc,11.032119073114966,nominal_d_le_1,1.0,517.0523894388638,400.0,390.0,0.0,210.0,0.0,ok,515.1910382567052,0.91107471387626,0.0,0.9502764682824008,0.0,426342033.0,0.0,0.0
nw_dual_val_030,near-boundary,4,4,1,6,47fe1aff5dca5f13,11.032119073114966,registered,11.032119073114966,47.87527835402309,400.0,410.0,0.0,210.0,0.0,reused_production_label,,,,,,,,
nw_dual_val_030,near-boundary,4,4,1,6,47fe1aff5dca5f13,11.032119073114966,nominal_d_le_1,1.0,517.2833671645174,400.0,410.0,0.0,210.0,0.0,ok,515.1910382567052,0.91107471387626,0.0,1.1812541939359988,0.0,3206366121.0,0.0,0.0
nw_dual_val_030,near-boundary,4,4,2,6,c7d69bcffd861897,11.032119073114966,registered,11.032119073114966,47.85721916503408,400.0,409.0,0.0,210.0,0.0,reused_production_label,,,,,,,,
nw_dual_val_030,near-boundary,4,4,2,6,c7d69bcffd861897,11.032119073114966,nominal_d_le_1,1.0,517.2768288727045,400.0,409.0,0.0,210.0,0.0,ok,515.1910382567052,0.91107471387626,0.0,1.174715902123069,0.0,3059104330.0,0.0,0.0
nw_dual_val_030,near-boundary,4,4,3,6,5953f23375dc8af3,11.032119073114966,registered,11.032119073114966,47.71753972453655,400.0,409.0,0.0,210.0,0.0,reused_production_label,,,,,,,,
nw_dual_val_030,near-boundary,4,4,3,6,5953f23375dc8af3,11.032119073114966,nominal_d_le_1,1.0,517.1187423353728,400.0,409.0,0.0,210.0,0.0,ok,515.1910382567052,0.91107471387626,0.0,1.0166293647913478,0.0,1837856629.0,0.0,0.0
nw_dual_val_037,moderate,1,0,0,0,dfaa29cd466b4d4e,10.205035366473837,registered,10.205035366473837,1.098387142813,400.0,410.0,0.0095238095238095,210.0,0.0,reused_production_label,,,,,,,,
nw_dual_val_037,moderate,1,0,0,0,dfaa29cd466b4d4e,10.205035366473837,nominal_d_le_1,1.0,5.039619734361104,200.0,220.0,0.0,110.0,0.0,ok,3.7875383310046846,0.0,0.0,1.2520814033564194,0.0,360713463.0,0.0,0.0
nw_dual_val_037,moderate,1,0,1,0,af78090b1bc8efd3,10.205035366473837,registered,10.205035366473837,1.508653463500894,200.0,220.0,0.0272727272727272,110.0,0.0,reused_production_label,,,,,,,,
nw_dual_val_037,moderate,1,0,1,0,af78090b1bc8efd3,10.205035366473837,nominal_d_le_1,1.0,6.300109861603083,200.0,220.0,0.0,110.0,0.0,ok,3.653150352145614,0.8385270861433778,0.0,1.8084324233140907,0.0,1381175557.0,0.0,0.0
nw_dual_val_037,moderate,1,0,2,0,dfb036fb426efd59,10.205035366473837,registered,10.205035366473837,1.2572515436173124,400.0,410.0,0.0142857142857142,210.0,0.0,reused_production_label,,,,,,,,
nw_dual_val_037,moderate,1,0,2,0,dfb036fb426efd59,10.205035366473837,nominal_d_le_1,1.0,3.933632606048217,200.0,220.0,0.0,110.0,0.0,ok,2.502883021712332,0.0910051957230056,0.0,1.3076840411886894,0.0320603474241904,3417369771.0,0.0,0.0
nw_dual_val_037,moderate,1,0,3,0,a57c1b35fe921d80,10.205035366473837,registered,10.205035366473837,0.9714633433679634,400.0,410.0,0.0238095238095238,210.0,0.0,reused_production_label,,,,,,,,
nw_dual_val_037,moderate,1,0,3,0,a57c1b35fe921d80,10.205035366473837,nominal_d_le_1,1.0,6.335161942363583,200.0,220.0,0.0,110.0,0.0,ok,5.192623659439398,0.0,0.0,1.1425382829241848,0.0,11981855.0,0.0,0.0
nw_dual_val_037,moderate,5,1,0,3,cbb4b180bb441dd5,10.205035366473837,registered,10.205035366473837,50.09683796413187,200.0,220.0,0.0,110.0,0.0,reused_production_label,,,,,,,,
nw_dual_val_037,moderate,5,1,0,3,cbb4b180bb441dd5,10.205035366473837,nominal_d_le_1,1.0,576.8521275316714,200.0,220.0,0.0,110.0,0.0,ok,575.1917868829502,0.1771394077596803,0.07458631928811,1.1833124717142491,0.2253024499593117,2290469335.0,0.0,0.0
nw_dual_val_037,moderate,5,1,1,3,6fc002bb8c6ed35d,10.205035366473837,registered,10.205035366473837,17.673800751551912,200.0,220.0,0.0,110.0,0.0,reused_production_label,,,,,,,,
nw_dual_val_037,moderate,5,1,1,3,6fc002bb8c6ed35d,10.205035366473837,nominal_d_le_1,1.0,216.900184034728,200.0,220.0,0.0,110.0,0.0,ok,214.90012176677757,0.1771394077596803,0.0,1.4712385025548458,0.3516843576359242,2826071264.0,0.0,0.0
nw_dual_val_037,moderate,5,1,2,3,c828aef612fc4f46,10.205035366473837,registered,10.205035366473837,42.041543275672325,200.0,220.0,0.0,110.0,0.0,reused_production_label,,,,,,,,
nw_dual_val_037,moderate,5,1,2,3,c828aef612fc4f46,10.205035366473837,nominal_d_le_1,1.0,461.3435573035151,200.0,220.0,0.0,110.0,0.0,ok,459.6492621629721,0.1771394077596803,0.0,1.4638182044839154,0.0533375282993962,2804042263.0,0.0,0.0
nw_dual_val_037,moderate,5,1,3,3,4d174a532e945c91,10.205035366473837,registered,10.205035366473837,22.32154546107187,200.0,220.0,0.0,110.0,0.0,reused_production_label,,,,,,,,
nw_dual_val_037,moderate,5,1,3,3,4d174a532e945c91,10.205035366473837,nominal_d_le_1,1.0,225.29994016976727,200.0,220.0,0.0,110.0,0.0,ok,223.8438510359012,0.1771394077596803,0.0,1.0232385559377906,0.2557111701686477,3462389398.0,0.0,0.0
nw_dual_val_037,moderate,18,2,0,4,e469cde88a3e1dff,10.205035366473837,registered,10.205035366473837,31.713068824201667,200.0,220.0,0.0,110.0,0.0,reused_production_label,,,,,,,,
nw_dual_val_037,moderate,18,2,0,4,e469cde88a3e1dff,10.205035366473837,nominal_d_le_1,1.0,323.3972662802949,200.0,220.0,0.0,110.0,0.0,ok,322.3716582689492,0.0,0.1467385606691661,0.8788694506765113,0.0,2072225373.0,0.0,0.0
nw_dual_val_037,moderate,18,2,1,4,5897da1ec0115b00,10.205035366473837,registered,10.205035366473837,0.7446028127579147,400.0,410.0,0.0428571428571428,210.0,0.0,reused_production_label,,,,,,,,
nw_dual_val_037,moderate,18,2,1,4,5897da1ec0115b00,10.205035366473837,nominal_d_le_1,1.0,5.586996250901905,200.0,220.0,0.0,110.0,0.0,ok,4.4282983848433055,0.0,0.0,1.1421422463877655,0.0165556196708332,2181821742.0,0.0,0.0
nw_dual_val_037,moderate,18,2,2,4,65f645f34f10907d,10.205035366473837,registered,10.205035366473837,0.9075968717050564,400.0,409.0,0.0952380952380952,210.0,0.0,reused_production_label,,,,,,,,
nw_dual_val_037,moderate,18,2,2,4,65f645f34f10907d,10.205035366473837,nominal_d_le_1,1.0,4.142325326194049,200.0,220.0,0.0,110.0,0.0,ok,3.078124076669474,0.0,0.0,1.064201249524575,0.0,3225007623.0,0.0,0.0
nw_dual_val_037,moderate,18,2,3,4,7b4bce00183031e6,10.205035366473837,registered,10.205035366473837,1.122041855712881,400.0,410.0,0.0523809523809523,210.0,0.0,reused_production_label,,,,,,,,
nw_dual_val_037,moderate,18,2,3,4,7b4bce00183031e6,10.205035366473837,nominal_d_le_1,1.0,6.465685874574319,200.0,220.0,0.0,110.0,0.0,ok,4.937795135737667,0.0,0.0,1.527890738836652,0.0,1611689454.0,0.0,0.0
nw_dual_val_037,moderate,0,3,0,6,1ef2b96f717a3edd,10.205035366473837,registered,10.205035366473837,46.89912243594579,400.0,367.0,0.0,210.0,0.0,reused_production_label,,,,,,,,
nw_dual_val_037,moderate,0,3,0,6,1ef2b96f717a3edd,10.205035366473837,nominal_d_le_1,1.0,476.2154002498715,400.0,367.0,0.0,210.0,0.0,ok,474.9674166409748,0.0,0.2271640773598253,1.0208195315369115,0.0,712987171.0,0.0,0.0
nw_dual_val_037,moderate,0,3,1,6,7b365bf0445d392b,10.205035366473837,registered,10.205035366473837,46.86923157107135,400.0,409.0,0.0,210.0,0.0,reused_production_label,,,,,,,,
nw_dual_val_037,moderate,0,3,1,6,7b365bf0445d392b,10.205035366473837,nominal_d_le_1,1.0,476.2132372276318,400.0,409.0,0.0,210.0,0.0,ok,474.9674166409748,0.0,0.2271640773598253,1.0186565092971973,0.0,937270476.0,0.0,0.0
nw_dual_val_037,moderate,0,3,2,6,476ce76dae4f0985,10.205035366473837,registered,10.205035366473837,46.93413287433856,400.0,399.0,0.0,210.0,0.0,reused_production_label,,,,,,,,
nw_dual_val_037,moderate,0,3,2,6,476ce76dae4f0985,10.205035366473837,nominal_d_le_1,1.0,476.2667260619434,400.0,399.0,0.0,210.0,0.0,ok,474.9674166409748,0.0,0.2271640773598253,1.0721453436088548,0.0,762885429.0,0.0,0.0
nw_dual_val_037,moderate,0,3,3,6,7cff0a6e7d1af748,10.205035366473837,registered,10.205035366473837,46.88591738611076,400.0,367.0,0.0,210.0,0.0,reused_production_label,,,,,,,,
nw_dual_val_037,moderate,0,3,3,6,7cff0a6e7d1af748,10.205035366473837,nominal_d_le_1,1.0,476.220013311569,400.0,367.0,0.0,210.0,0.0,ok,474.9674166409748,0.0,0.2271640773598253,1.025432593234431,0.0,1192793118.0,0.0,0.0
nw_dual_val_037,moderate,19,4,0,6,3971a8be6e99e199,10.205035366473837,registered,10.205035366473837,63.903317182159775,400.0,388.0,0.0,210.0,0.0,reused_production_label,,,,,,,,
nw_dual_val_037,moderate,19,4,0,6,3971a8be6e99e199,10.205035366473837,nominal_d_le_1,1.0,654.8346165933146,400.0,388.0,0.0,210.0,0.0,ok,654.1153012706521,0.0,0.0,0.7193153226625002,0.0,2576381402.0,0.0,0.0
nw_dual_val_037,moderate,19,4,1,6,d22da36bc21b5bbf,10.205035366473837,registered,10.205035366473837,63.930018988603,400.0,410.0,0.0,210.0,0.0,reused_production_label,,,,,,,,
nw_dual_val_037,moderate,19,4,1,6,d22da36bc21b5bbf,10.205035366473837,nominal_d_le_1,1.0,654.8434364722164,400.0,410.0,0.0,210.0,0.0,ok,654.1153012706521,0.0,0.0,0.7281352015642185,0.0,3876680671.0,0.0,0.0
nw_dual_val_037,moderate,19,4,2,6,1b12d50eabb2ef5d,10.205035366473837,registered,10.205035366473837,63.87648520858856,400.0,381.0,0.0,210.0,0.0,reused_production_label,,,,,,,,
nw_dual_val_037,moderate,19,4,2,6,1b12d50eabb2ef5d,10.205035366473837,nominal_d_le_1,1.0,654.7964870270825,400.0,381.0,0.0,210.0,0.0,ok,654.1153012706521,0.0,0.0,0.6811857564304332,0.0,846029871.0,0.0,0.0
nw_dual_val_037,moderate,19,4,3,6,a7906845ab77929b,10.205035366473837,registered,10.205035366473837,63.91548404307424,400.0,356.0,0.0,210.0,0.0,reused_production_label,,,,,,,,
nw_dual_val_037,moderate,19,4,3,6,a7906845ab77929b,10.205035366473837,nominal_d_le_1,1.0,654.8354012756058,400.0,356.0,0.0,210.0,0.0,ok,654.1153012706521,0.0,0.0,0.720100004953735,0.0,2362538195.0,0.0,0.0
nw_dual_val_039,hard,0,0,0,0,4b7a903a529f72a2,11.63956734090919,registered,11.63956734090919,1.569991590613924,200.0,220.0,0.0,110.0,0.0,reused_production_label,,,,,,,,
nw_dual_val_039,hard,0,0,0,0,4b7a903a529f72a2,11.63956734090919,nominal_d_le_1,1.0,16.846461166165618,200.0,220.0,0.0,110.0,0.0,ok,15.68377501112674,0.0,0.0,1.1626861550388763,0.0,1942634741.0,0.0,0.0
nw_dual_val_039,hard,0,0,1,0,dc77d13ffd9d91d7,11.63956734090919,registered,11.63956734090919,0.743106910897527,400.0,410.0,0.0095238095238095,210.0,0.0,reused_production_label,,,,,,,,
nw_dual_val_039,hard,0,0,1,0,dc77d13ffd9d91d7,11.63956734090919,nominal_d_le_1,1.0,6.354854614351638,200.0,220.0,0.0,110.0,0.0,ok,4.363381010353637,0.0,0.0,1.709150753975576,0.2823228500224249,3087689093.0,0.0,0.0
nw_dual_val_039,hard,0,0,2,0,dfcae99e57676d0d,11.63956734090919,registered,11.63956734090919,3.108206837800531,200.0,220.0,0.0,110.0,0.0,reused_production_label,,,,,,,,
nw_dual_val_039,hard,0,0,2,0,dfcae99e57676d0d,11.63956734090919,nominal_d_le_1,1.0,27.15003169984725,200.0,220.0,0.0,110.0,0.0,ok,25.997516888194014,0.0,0.0,1.146761177834565,0.0057536338186707,1919483546.0,0.0,0.0
nw_dual_val_039,hard,0,0,3,0,83f082baf0208dad,11.63956734090919,registered,11.63956734090919,0.9617567144889346,400.0,410.0,0.0,210.0,0.0,reused_production_label,,,,,,,,
nw_dual_val_039,hard,0,0,3,0,83f082baf0208dad,11.63956734090919,nominal_d_le_1,1.0,8.095979549033117,200.0,220.0,0.0,110.0,0.0,ok,7.342556470356138,0.0,0.0,0.7534230786769799,0.0,2736797282.0,0.0,0.0
nw_dual_val_039,hard,10,1,0,1,75e025c25cb6496a,11.63956734090919,registered,11.63956734090919,2.840692999867258,200.0,220.0,0.0,110.0,0.0,reused_production_label,,,,,,,,
nw_dual_val_039,hard,10,1,0,1,75e025c25cb6496a,11.63956734090919,nominal_d_le_1,1.0,26.869927300648005,200.0,220.0,0.0,110.0,0.0,ok,25.26388167083141,0.0,0.0,1.531976374117621,0.0740692556989732,2606703988.0,0.0,0.0
nw_dual_val_039,hard,10,1,1,1,3cf2a7ddd707e402,11.63956734090919,registered,11.63956734090919,0.9916387846554298,400.0,410.0,0.0142857142857142,210.0,0.0,reused_production_label,,,,,,,,
nw_dual_val_039,hard,10,1,1,1,3cf2a7ddd707e402,11.63956734090919,nominal_d_le_1,1.0,5.871312819058535,200.0,220.0,0.0,110.0,0.0,ok,4.714816101772218,0.0,0.0,1.146797160064248,0.009699557222069,983289174.0,0.0,0.0
nw_dual_val_039,hard,10,1,2,1,a339132b0cec4b88,11.63956734090919,registered,11.63956734090919,2.3330665885400794,200.0,220.0,0.0,110.0,0.0,reused_production_label,,,,,,,,
nw_dual_val_039,hard,10,1,2,1,a339132b0cec4b88,11.63956734090919,nominal_d_le_1,1.0,7.300384473140976,200.0,220.0,0.0,110.0,0.0,ok,5.2642175451103,0.0,0.0,1.7954997805091373,0.2406671475215384,1343432948.0,0.0,0.0
nw_dual_val_039,hard,10,1,3,1,6734d4adb515bdfa,11.63956734090919,registered,11.63956734090919,0.9558378474832928,400.0,410.0,0.0142857142857142,210.0,0.0,reused_production_label,,,,,,,,
nw_dual_val_039,hard,10,1,3,1,6734d4adb515bdfa,11.63956734090919,nominal_d_le_1,1.0,6.744012452664508,200.0,220.0,0.0,110.0,0.0,ok,5.611358202614852,0.0,0.0,1.1080814065449964,0.0245728435046602,1463548300.0,0.0,0.0
nw_dual_val_039,hard,12,2,0,3,ca916bb09043e01a,11.63956734090919,registered,11.63956734090919,27.530818828519585,200.0,220.0,0.0,110.0,0.0,reused_production_label,,,,,,,,
nw_dual_val_039,hard,12,2,0,3,ca916bb09043e01a,11.63956734090919,nominal_d_le_1,1.0,249.18614118038693,200.0,220.0,0.0,110.0,0.0,ok,247.82445654247775,0.0,0.0,0.8118955725699559,0.5497890653392042,1819348838.0,0.0,0.0
nw_dual_val_039,hard,12,2,1,3,24946d2bbe7b0117,11.63956734090919,registered,11.63956734090919,76.46519135284404,200.0,220.0,0.0,110.0,0.0,reused_production_label,,,,,,,,
nw_dual_val_039,hard,12,2,1,3,24946d2bbe7b0117,11.63956734090919,nominal_d_le_1,1.0,858.7828505526418,200.0,220.0,0.0,110.0,0.0,ok,857.6681986738516,0.0,0.0,0.9025113582866632,0.212140520503434,893373616.0,0.0,0.0
nw_dual_val_039,hard,12,2,2,3,4c007abaa0ec18cb,11.63956734090919,registered,11.63956734090919,28.009050337398467,200.0,220.0,0.0,110.0,0.0,reused_production_label,,,,,,,,
nw_dual_val_039,hard,12,2,2,3,4c007abaa0ec18cb,11.63956734090919,nominal_d_le_1,1.0,283.69404374489693,200.0,220.0,0.0,110.0,0.0,ok,281.7435997961496,0.0,0.0,1.2223938714489275,0.7280500772983842,1655622262.0,0.0,0.0
nw_dual_val_039,hard,12,2,3,3,0fc799f412afb9ca,11.63956734090919,registered,11.63956734090919,22.091016390921418,200.0,220.0,0.0,110.0,0.0,reused_production_label,,,,,,,,
nw_dual_val_039,hard,12,2,3,3,0fc799f412afb9ca,11.63956734090919,nominal_d_le_1,1.0,137.5930084194556,200.0,220.0,0.0,110.0,0.0,ok,135.17721364307684,0.0,0.0,1.478179303787542,0.9376154725911952,2026992168.0,0.0,0.0
nw_dual_val_039,hard,16,3,0,5,f5e0845b8be07a58,11.63956734090919,registered,11.63956734090919,3.5494796406891544,200.0,220.0,0.0,110.0,0.0,reused_production_label,,,,,,,,
nw_dual_val_039,hard,16,3,0,5,f5e0845b8be07a58,11.63956734090919,nominal_d_le_1,1.0,13.647716155347046,200.0,220.0,0.0,110.0,0.0,ok,11.828993498732055,0.0,0.0368522788731717,1.35841996994368,0.4234504077981376,3426281369.0,0.0,0.0
nw_dual_val_039,hard,16,3,1,5,cf5b59cae2d83fa1,11.63956734090919,registered,11.63956734090919,2.5098682913069457,200.0,220.0,0.0,110.0,0.0,reused_production_label,,,,,,,,
nw_dual_val_039,hard,16,3,1,5,cf5b59cae2d83fa1,11.63956734090919,nominal_d_le_1,1.0,21.14459593619388,200.0,220.0,0.0,110.0,0.0,ok,18.59372342197969,0.0,0.1308573636028782,2.034120383158437,0.3858947674528732,3418506541.0,0.0,0.0
nw_dual_val_039,hard,16,3,2,5,8ffbcd2b11cb4c1c,11.63956734090919,registered,11.63956734090919,7.021607431337307,200.0,220.0,0.0,110.0,0.0,reused_production_label,,,,,,,,
nw_dual_val_039,hard,16,3,2,5,8ffbcd2b11cb4c1c,11.63956734090919,nominal_d_le_1,1.0,74.67835894991244,200.0,220.0,0.0,110.0,0.0,ok,73.01572734444679,0.0,0.3178790327870362,1.3447525726786165,0.0,4155970502.0,0.0,0.0
nw_dual_val_039,hard,16,3,3,5,767aa6290162efd6,11.63956734090919,registered,11.63956734090919,6.310506607144508,200.0,220.0,0.0,110.0,0.0,reused_production_label,,,,,,,,
nw_dual_val_039,hard,16,3,3,5,767aa6290162efd6,11.63956734090919,nominal_d_le_1,1.0,67.27371875981767,200.0,220.0,0.0,110.0,0.0,ok,65.69307035078515,0.0,0.0,1.5630615273869897,0.0175868816455336,3575679294.0,0.0,0.0
nw_dual_val_039,hard,15,4,0,6,b61524e0365b52c2,11.63956734090919,registered,11.63956734090919,3.163247178111919,200.0,206.0,0.0,110.0,0.0,reused_production_label,,,,,,,,
nw_dual_val_039,hard,15,4,0,6,b61524e0365b52c2,11.63956734090919,nominal_d_le_1,1.0,36.95491589045423,200.0,206.0,0.0,110.0,0.0,ok,35.34858652278332,0.0,0.0,1.6042598893918325,0.0020694782790723,4112232221.0,0.0,0.0
nw_dual_val_039,hard,15,4,1,6,b628035e91dff01f,11.63956734090919,registered,11.63956734090919,3.0115569898243155,200.0,220.0,0.0,110.0,0.0,reused_production_label,,,,,,,,
nw_dual_val_039,hard,15,4,1,6,b628035e91dff01f,11.63956734090919,nominal_d_le_1,1.0,26.869779024099717,200.0,220.0,0.0,110.0,0.0,ok,24.687113973649844,0.0,0.1063497277499361,2.0763153226999327,0.0,1125198817.0,0.0,0.0
nw_dual_val_039,hard,15,4,2,6,7acd20dae9cc7735,11.63956734090919,registered,11.63956734090919,2.5819835540021527,200.0,220.0,0.0,110.0,0.0,reused_production_label,,,,,,,,
nw_dual_val_039,hard,15,4,2,6,7acd20dae9cc7735,11.63956734090919,nominal_d_le_1,1.0,29.573222544963546,200.0,220.0,0.0,110.0,0.0,ok,28.00750483226262,0.0,0.1172960265775134,1.4484216861234136,0.0,3222745069.0,0.0,0.0
nw_dual_val_039,hard,15,4,3,6,df71e4c432257994,11.63956734090919,registered,11.63956734090919,3.271151147168044,200.0,220.0,0.0,110.0,0.0,reused_production_label,,,,,,,,
nw_dual_val_039,hard,15,4,3,6,df71e4c432257994,11.63956734090919,nominal_d_le_1,1.0,24.35627626500555,200.0,220.0,0.0,110.0,0.0,ok,22.59953286158014,0.0,0.0,1.7567434034254117,0.0,135329777.0,0.0,0.0
nw_dual_val_041,near-boundary,18,0,0,0,4ba0d91cfd5b299c,9.47770608383837,registered,9.47770608383837,0.5998029653868289,400.0,410.0,0.0238095238095238,210.0,0.0,reused_production_label,,,,,,,,
nw_dual_val_041,near-boundary,18,0,0,0,4ba0d91cfd5b299c,9.47770608383837,nominal_d_le_1,1.0,4.252424423052153,200.0,220.0,0.0,110.0,0.0,ok,3.031382258287244,0.0,0.1040020893115977,0.974143838720368,0.1428962367329438,4289703253.0,0.0,0.0
nw_dual_val_041,near-boundary,18,0,1,0,747d2d5fd116cc4d,9.47770608383837,registered,9.47770608383837,83.63501170981516,200.0,219.0,0.0,110.0,0.0,reused_production_label,,,,,,,,
nw_dual_val_041,near-boundary,18,0,1,0,747d2d5fd116cc4d,9.47770608383837,nominal_d_le_1,1.0,801.1457654566746,200.0,219.0,0.0,110.0,0.0,ok,801.1457654566746,0.0,0.0,0.0,0.0,2983089967.0,0.0,0.0
nw_dual_val_041,near-boundary,18,0,2,0,422f1badd9a4af49,9.47770608383837,registered,9.47770608383837,0.7568908463143889,400.0,410.0,0.0285714285714285,210.0,0.0,reused_production_label,,,,,,,,
nw_dual_val_041,near-boundary,18,0,2,0,422f1badd9a4af49,9.47770608383837,nominal_d_le_1,1.0,2.652529564845282,200.0,220.0,0.0,110.0,0.0,ok,1.1934963215560166,0.0,0.183627935910836,1.2706371456137346,0.0047681617646944,413900406.0,0.0,0.0
nw_dual_val_041,near-boundary,18,0,3,0,8aac8627c19c4efd,9.47770608383837,registered,9.47770608383837,0.7197515505706391,400.0,410.0,0.019047619047619,210.0,0.0,reused_production_label,,,,,,,,
nw_dual_val_041,near-boundary,18,0,3,0,8aac8627c19c4efd,9.47770608383837,nominal_d_le_1,1.0,6.120274881493602,200.0,220.0,0.0,110.0,0.0,ok,4.7539506354300745,0.0,0.0711570140046224,1.2951672320589047,0.0,3309007388.0,0.0,0.0
nw_dual_val_041,near-boundary,17,1,0,1,5664ebbb75540402,9.47770608383837,registered,9.47770608383837,11.521695561724618,200.0,220.0,0.0,110.0,0.0,reused_production_label,,,,,,,,
nw_dual_val_041,near-boundary,17,1,0,1,5664ebbb75540402,9.47770608383837,nominal_d_le_1,1.0,88.06711967984745,200.0,220.0,0.0,110.0,0.0,ok,86.0293653828192,0.0,0.0,1.3796772565492617,0.6580770404789952,582201666.0,0.0,0.0
nw_dual_val_041,near-boundary,17,1,1,1,6974b69809a40717,9.47770608383837,registered,9.47770608383837,14.439709317278965,200.0,220.0,0.0,110.0,0.0,reused_production_label,,,,,,,,
nw_dual_val_041,near-boundary,17,1,1,1,6974b69809a40717,9.47770608383837,nominal_d_le_1,1.0,130.99919536198263,200.0,220.0,0.0,110.0,0.0,ok,128.05387597624767,0.0,0.0,1.565705155512846,1.37961423022211,1604846408.0,0.0,0.0
nw_dual_val_041,near-boundary,17,1,2,1,b9d20034dfec047e,9.47770608383837,registered,9.47770608383837,18.513484690089403,200.0,220.0,0.0,110.0,0.0,reused_production_label,,,,,,,,
nw_dual_val_041,near-boundary,17,1,2,1,b9d20034dfec047e,9.47770608383837,nominal_d_le_1,1.0,251.87211065517772,200.0,220.0,0.0,110.0,0.0,ok,250.59930327913744,0.0,0.0,1.0746992432571472,0.1981081327831846,3307358719.0,0.0,0.0
nw_dual_val_041,near-boundary,17,1,3,1,8f5fe26e47440446,9.47770608383837,registered,9.47770608383837,83.2003838467307,200.0,219.0,0.0,110.0,0.0,reused_production_label,,,,,,,,
nw_dual_val_041,near-boundary,17,1,3,1,8f5fe26e47440446,9.47770608383837,nominal_d_le_1,1.0,785.6205037442711,200.0,219.0,0.0,110.0,0.0,ok,784.0511031886344,0.0,0.0,1.3636170034584607,0.2057835521781955,1617696073.0,0.0,0.0
nw_dual_val_041,near-boundary,9,2,0,4,4043b25fd5e3ef72,9.47770608383837,registered,9.47770608383837,20.38879509112843,400.0,410.0,0.0,210.0,0.0,reused_production_label,,,,,,,,
nw_dual_val_041,near-boundary,9,2,0,4,4043b25fd5e3ef72,9.47770608383837,nominal_d_le_1,1.0,187.1995105779316,200.0,220.0,0.0,110.0,0.0,ok,184.45183114209212,0.0,0.0762418269647181,1.707651239058638,0.9637863698160664,2142180648.0,0.0,0.0
nw_dual_val_041,near-boundary,9,2,1,4,a3f608ad15a79423,9.47770608383837,registered,9.47770608383837,20.278068040074736,400.0,358.0,0.0,210.0,0.0,reused_production_label,,,,,,,,
nw_dual_val_041,near-boundary,9,2,1,4,a3f608ad15a79423,9.47770608383837,nominal_d_le_1,1.0,188.88435547989752,200.0,218.0,0.0,110.0,0.0,ok,186.97033268557283,0.0,0.0762418269647181,1.1788882560075191,0.6588927113524489,3457375020.0,0.0,0.0
nw_dual_val_041,near-boundary,9,2,2,4,96cff6506c14128b,9.47770608383837,registered,9.47770608383837,20.266569852926967,400.0,358.0,0.0,210.0,0.0,reused_production_label,,,,,,,,
nw_dual_val_041,near-boundary,9,2,2,4,96cff6506c14128b,9.47770608383837,nominal_d_le_1,1.0,189.60324581494936,200.0,218.0,0.0,110.0,0.0,ok,187.4277033914641,0.0,0.0762418269647181,1.2297882158400015,0.8695123806805891,2696585863.0,0.0,0.0
nw_dual_val_041,near-boundary,9,2,3,4,4c0aad0ee27f2077,9.47770608383837,registered,9.47770608383837,20.336564887638698,400.0,410.0,0.0,210.0,0.0,reused_production_label,,,,,,,,
nw_dual_val_041,near-boundary,9,2,3,4,4c0aad0ee27f2077,9.47770608383837,nominal_d_le_1,1.0,195.5140356253777,200.0,220.0,0.0,110.0,0.0,ok,194.840780954602,0.0,0.0762418269647181,0.5970128438109769,0.0,1976638679.0,0.0,0.0
nw_dual_val_041,near-boundary,15,3,0,5,4822517af3c5d1e0,9.47770608383837,registered,9.47770608383837,57.84392142203442,400.0,410.0,0.0,210.0,0.0,reused_production_label,,,,,,,,
nw_dual_val_041,near-boundary,15,3,0,5,4822517af3c5d1e0,9.47770608383837,nominal_d_le_1,1.0,544.9370183999221,400.0,410.0,0.0,210.0,0.0,ok,543.5488629788423,0.6808900745019825,0.0,0.707265346577723,0.0,1859015800.0,0.0,0.0
nw_dual_val_041,near-boundary,15,3,1,5,b7cf0fef9d73cea6,9.47770608383837,registered,9.47770608383837,57.82279534703231,400.0,403.0,0.0,210.0,0.0,reused_production_label,,,,,,,,
nw_dual_val_041,near-boundary,15,3,1,5,b7cf0fef9d73cea6,9.47770608383837,nominal_d_le_1,1.0,544.9158923249199,400.0,403.0,0.0,210.0,0.0,ok,543.5488629788423,0.6808900745019825,0.0,0.686139271575614,0.0,1583103754.0,0.0,0.0
nw_dual_val_041,near-boundary,15,3,2,5,ddad2f293d33643a,9.47770608383837,registered,9.47770608383837,57.79864002837537,400.0,409.0,0.0,210.0,0.0,reused_production_label,,,,,,,,
nw_dual_val_041,near-boundary,15,3,2,5,ddad2f293d33643a,9.47770608383837,nominal_d_le_1,1.0,544.891737006263,400.0,409.0,0.0,210.0,0.0,ok,543.5488629788423,0.6808900745019825,0.0,0.6619839529186692,0.0,3369967327.0,0.0,0.0
nw_dual_val_041,near-boundary,15,3,3,5,b84bf0fa993995e8,9.47770608383837,registered,9.47770608383837,57.80514956799794,400.0,373.0,0.0,210.0,0.0,reused_production_label,,,,,,,,
nw_dual_val_041,near-boundary,15,3,3,5,b84bf0fa993995e8,9.47770608383837,nominal_d_le_1,1.0,544.8982465458855,400.0,373.0,0.0,210.0,0.0,ok,543.5488629788423,0.6808900745019825,0.0,0.6684934925412414,0.0,648543208.0,0.0,0.0
nw_dual_val_041,near-boundary,14,4,0,6,9c4444863fc727c8,9.47770608383837,registered,9.47770608383837,1.448836054970846,400.0,346.0,0.0,210.0,0.0,reused_production_label,,,,,,,,
nw_dual_val_041,near-boundary,14,4,0,6,9c4444863fc727c8,9.47770608383837,nominal_d_le_1,1.0,13.614678278148926,200.0,206.0,0.0,110.0,0.0,ok,12.393798866977718,0.0,0.2180054461145603,1.002873965056647,0.0,1107897039.0,0.0,0.0
nw_dual_val_041,near-boundary,14,4,1,6,d13f2ac4021c487b,9.47770608383837,registered,9.47770608383837,1.6291886480449222,200.0,219.0,0.0,110.0,0.0,reused_production_label,,,,,,,,
nw_dual_val_041,near-boundary,14,4,1,6,d13f2ac4021c487b,9.47770608383837,nominal_d_le_1,1.0,15.93748011928936,200.0,219.0,0.0,110.0,0.0,ok,14.966838979558313,0.0,0.0,0.9706411397310468,0.0,1921584527.0,0.0,0.0
nw_dual_val_041,near-boundary,14,4,2,6,4220ca36949468fb,9.47770608383837,registered,9.47770608383837,1.9906996471317304,200.0,220.0,0.0,110.0,0.0,reused_production_label,,,,,,,,
nw_dual_val_041,near-boundary,14,4,2,6,4220ca36949468fb,9.47770608383837,nominal_d_le_1,1.0,18.927202499926345,200.0,220.0,0.0,110.0,0.0,ok,17.913179017996775,0.0,0.0,1.0140234819295693,0.0,44497126.0,0.0,0.0
nw_dual_val_041,near-boundary,14,4,3,6,f36b350932da86a3,9.47770608383837,registered,9.47770608383837,1.093567836287717,400.0,409.0,0.0,210.0,0.0,reused_production_label,,,,,,,,
nw_dual_val_041,near-boundary,14,4,3,6,f36b350932da86a3,9.47770608383837,nominal_d_le_1,1.0,12.16447348800351,200.0,220.0,0.0,110.0,0.0,ok,11.251840125780213,0.0,0.0293890651188778,0.8832442971044202,0.0,1783767511.0,0.0,0.0
nw_dual_val_048,near-boundary,11,0,0,0,cd54c0fdae3ea56f,8.597574782787365,registered,8.597574782787365,0.5500799026317628,400.0,409.0,0.0142857142857142,210.0,0.0,reused_production_label,,,,,,,,
nw_dual_val_048,near-boundary,11,0,0,0,cd54c0fdae3ea56f,8.597574782787365,nominal_d_le_1,1.0,7.336783134619246,200.0,220.0,0.0,110.0,0.0,ok,5.5354713615002575,0.0,0.2140572972051564,1.496227099481957,0.0910273764318754,1431107526.0,0.0,0.0
nw_dual_val_048,near-boundary,11,0,1,0,0eb786fcfd8a7118,8.597574782787365,registered,8.597574782787365,1.4847987139153056,200.0,220.0,0.0363636363636363,110.0,0.0,reused_production_label,,,,,,,,
nw_dual_val_048,near-boundary,11,0,1,0,0eb786fcfd8a7118,8.597574782787365,nominal_d_le_1,1.0,1.1893757581701498,400.0,410.0,0.0047619047619047,210.0,0.0,ok,0.4878530771772861,0.0,0.0,0.6722032986991516,0.029319382293712,2479977732.0,0.0,0.0
nw_dual_val_048,near-boundary,11,0,2,0,5f04ca1611a2d5f5,8.597574782787365,registered,8.597574782787365,0.8269842859853974,400.0,410.0,0.0333333333333333,210.0,0.0,reused_production_label,,,,,,,,
nw_dual_val_048,near-boundary,11,0,2,0,5f04ca1611a2d5f5,8.597574782787365,nominal_d_le_1,1.0,1.8427634617441409,400.0,410.0,0.0047619047619047,210.0,1.0,ok,0.0,0.0,0.0,1.7901425898038443,0.0526208719402966,1233491042.0,1.0,0.0
nw_dual_val_048,near-boundary,11,0,3,0,969c1d122cab45ae,8.597574782787365,registered,8.597574782787365,0.7183383376025745,400.0,410.0,0.0047619047619047,210.0,0.0,reused_production_label,,,,,,,,
nw_dual_val_048,near-boundary,11,0,3,0,969c1d122cab45ae,8.597574782787365,nominal_d_le_1,1.0,4.238966955187105,200.0,220.0,0.0,110.0,0.0,ok,3.2061653888683823,0.0,0.0,1.0328015663187229,0.0,1522932459.0,0.0,0.0
nw_dual_val_048,near-boundary,5,1,0,3,a3e38e1a47bf24d2,8.597574782787365,registered,8.597574782787365,2.632159017483933,200.0,220.0,0.0,110.0,0.0,reused_production_label,,,,,,,,
nw_dual_val_048,near-boundary,5,1,0,3,a3e38e1a47bf24d2,8.597574782787365,nominal_d_le_1,1.0,14.24954442636804,200.0,220.0,0.0,110.0,0.0,ok,12.914434144240062,0.0,0.0,1.335110282127979,0.0,352383403.0,0.0,0.0
nw_dual_val_048,near-boundary,5,1,1,3,90fd8f77a1778345,8.597574782787365,registered,8.597574782787365,1.449090130063552,200.0,220.0,0.0,110.0,0.0,reused_production_label,,,,,,,,
nw_dual_val_048,near-boundary,5,1,1,3,90fd8f77a1778345,8.597574782787365,nominal_d_le_1,1.0,13.471787595714236,200.0,220.0,0.0,110.0,0.0,ok,12.24991575492128,0.0,0.0,1.198802882171784,0.0230689586211723,2521484474.0,0.0,0.0
nw_dual_val_048,near-boundary,5,1,2,3,0e3b077dd486b0c8,8.597574782787365,registered,8.597574782787365,0.9848279877174416,400.0,410.0,0.0476190476190476,210.0,0.0,reused_production_label,,,,,,,,
nw_dual_val_048,near-boundary,5,1,2,3,0e3b077dd486b0c8,8.597574782787365,nominal_d_le_1,1.0,4.3508450695759775,200.0,220.0,0.0,110.0,0.0,ok,3.3513033787688578,0.0,0.0,0.9892112426899246,0.0103304481171952,907964473.0,0.0,0.0
nw_dual_val_048,near-boundary,5,1,3,3,6b36a992ffbba57b,8.597574782787365,registered,8.597574782787365,0.9903543147529192,400.0,410.0,0.0476190476190476,210.0,0.0,reused_production_label,,,,,,,,
nw_dual_val_048,near-boundary,5,1,3,3,6b36a992ffbba57b,8.597574782787365,nominal_d_le_1,1.0,3.3155327762182925,200.0,220.0,0.0,110.0,0.0,ok,2.0674425653612443,0.0,0.0,1.2332818477474536,0.0148083631095941,1305577224.0,0.0,0.0
nw_dual_val_048,near-boundary,3,2,0,4,5de7112e4f53adaa,8.597574782787365,registered,8.597574782787365,11.634147650684412,200.0,220.0,0.0,110.0,0.0,reused_production_label,,,,,,,,
nw_dual_val_048,near-boundary,3,2,0,4,5de7112e4f53adaa,8.597574782787365,nominal_d_le_1,1.0,84.02111410460915,200.0,220.0,0.0,110.0,0.0,ok,82.34563007525077,0.0,0.0,1.305044891646517,0.3704391377118731,4082825090.0,0.0,0.0
nw_dual_val_048,near-boundary,3,2,1,4,6eb8192cbbdbcd32,8.597574782787365,registered,8.597574782787365,7.763921668468042,200.0,220.0,0.0,110.0,0.0,reused_production_label,,,,,,,,
nw_dual_val_048,near-boundary,3,2,1,4,6eb8192cbbdbcd32,8.597574782787365,nominal_d_le_1,1.0,76.22300055374286,200.0,220.0,0.0,110.0,0.0,ok,75.4722281810003,0.0,0.0,0.478746336595003,0.2720260361475452,1297713115.0,0.0,0.0
nw_dual_val_048,near-boundary,3,2,2,4,acadf81517f55776,8.597574782787365,registered,8.597574782787365,9.628592055993368,200.0,220.0,0.0,110.0,0.0,reused_production_label,,,,,,,,
nw_dual_val_048,near-boundary,3,2,2,4,acadf81517f55776,8.597574782787365,nominal_d_le_1,1.0,74.85426802609344,200.0,220.0,0.0,110.0,0.0,ok,73.64490660862818,0.0,0.0,0.9509731694151246,0.2583882480501454,714959737.0,0.0,0.0
nw_dual_val_048,near-boundary,3,2,3,4,788c6a8e1d3f1c4d,8.597574782787365,registered,8.597574782787365,8.868307086509349,200.0,220.0,0.0,110.0,0.0,reused_production_label,,,,,,,,
nw_dual_val_048,near-boundary,3,2,3,4,788c6a8e1d3f1c4d,8.597574782787365,nominal_d_le_1,1.0,68.18662091599323,200.0,220.0,0.0,110.0,0.0,ok,66.40355346486479,0.0,0.0,1.4357058991277845,0.3473615520006693,4080926491.0,0.0,0.0
nw_dual_val_048,near-boundary,8,3,0,5,a2b77bbf1e300a11,8.597574782787365,registered,8.597574782787365,1.8321643168448989,200.0,220.0,0.0,110.0,0.0,reused_production_label,,,,,,,,
nw_dual_val_048,near-boundary,8,3,0,5,a2b77bbf1e300a11,8.597574782787365,nominal_d_le_1,1.0,15.273658203918332,200.0,220.0,0.0,110.0,0.0,ok,13.393460763593774,0.0,0.0,1.8801974403245572,0.0,3924391560.0,0.0,0.0
nw_dual_val_048,near-boundary,8,3,1,5,7e59364714f91426,8.597574782787365,registered,8.597574782787365,1.364996060607936,200.0,220.0,0.0454545454545454,110.0,0.0,reused_production_label,,,,,,,,
nw_dual_val_048,near-boundary,8,3,1,5,7e59364714f91426,8.597574782787365,nominal_d_le_1,1.0,5.14164220362524,200.0,220.0,0.0,110.0,0.0,ok,3.776643741622636,0.0,0.0,1.364998462002604,0.0,1138066515.0,0.0,0.0
nw_dual_val_048,near-boundary,8,3,2,5,dbfc0386b6cf8cd3,8.597574782787365,registered,8.597574782787365,1.771915334985924,200.0,220.0,0.009090909090909,110.0,0.0,reused_production_label,,,,,,,,
nw_dual_val_048,near-boundary,8,3,2,5,dbfc0386b6cf8cd3,8.597574782787365,nominal_d_le_1,1.0,9.506470082648164,200.0,220.0,0.0,110.0,0.0,ok,7.777731833525229,0.0,0.0,1.7287382491229348,0.0,1640634729.0,0.0,0.0
nw_dual_val_048,near-boundary,8,3,3,5,4d5de3f8f999d9c6,8.597574782787365,registered,8.597574782787365,3.387342597223985,200.0,220.0,0.0,110.0,0.0,reused_production_label,,,,,,,,
nw_dual_val_048,near-boundary,8,3,3,5,4d5de3f8f999d9c6,8.597574782787365,nominal_d_le_1,1.0,21.247182969881795,200.0,220.0,0.0,110.0,0.0,ok,19.91789372162348,0.0,0.0193334793135247,1.3099557689447925,0.0,1189827272.0,0.0,0.0
nw_dual_val_048,near-boundary,15,4,0,6,5bd426d7e9be55e7,8.597574782787365,registered,8.597574782787365,110.53543270327278,200.0,216.0,0.0,110.0,0.0,reused_production_label,,,,,,,,
nw_dual_val_048,near-boundary,15,4,0,6,5bd426d7e9be55e7,8.597574782787365,nominal_d_le_1,1.0,979.454878738718,200.0,216.0,0.0,110.0,0.0,ok,977.702672531068,0.0,0.0,1.4365921013114429,0.3156141063384284,3592619752.0,0.0,0.0
nw_dual_val_048,near-boundary,15,4,1,6,2092103fa0317bf1,8.597574782787365,registered,8.597574782787365,109.59475913568316,200.0,220.0,0.0,110.0,0.0,reused_production_label,,,,,,,,
nw_dual_val_048,near-boundary,15,4,1,6,2092103fa0317bf1,8.597574782787365,nominal_d_le_1,1.0,938.9763899959216,200.0,220.0,0.0,110.0,0.0,ok,937.4890859167951,0.0,0.0,1.0962676828889475,0.391036396237336,2808713210.0,0.0,0.0
nw_dual_val_048,near-boundary,15,4,2,6,99889fbd7c5327ca,8.597574782787365,registered,8.597574782787365,117.85473386166048,200.0,219.0,0.0,110.0,0.0,reused_production_label,,,,,,,,
nw_dual_val_048,near-boundary,15,4,2,6,99889fbd7c5327ca,8.597574782787365,nominal_d_le_1,1.0,1010.7384263697776,200.0,219.0,0.0,110.0,0.0,ok,1009.4058911090424,0.0,0.0,1.33253526073536,0.0,1560442041.0,0.0,0.0
nw_dual_val_048,near-boundary,15,4,3,6,8a687a58cf15d9af,8.597574782787365,registered,8.597574782787365,114.49240119248414,200.0,216.0,0.0,110.0,0.0,reused_production_label,,,,,,,,
nw_dual_val_048,near-boundary,15,4,3,6,8a687a58cf15d9af,8.597574782787365,nominal_d_le_1,1.0,983.3441248712654,200.0,216.0,0.0,110.0,0.0,ok,981.7312656835608,0.0,0.0,1.3297114198575664,0.2831477678469931,3522342587.0,0.0,0.0
nw_dual_val_049,moderate,2,0,0,0,d68c5eb186c765f6,8.133103615829533,registered,8.133103615829533,1.4313298416670963,200.0,220.0,0.009090909090909,110.0,0.0,reused_production_label,,,,,,,,
nw_dual_val_049,moderate,2,0,0,0,d68c5eb186c765f6,8.133103615829533,nominal_d_le_1,1.0,6.95112609272471,200.0,220.0,0.0,110.0,0.0,ok,5.346829973486649,0.0,0.1929159383434434,1.4113801808946174,0.0,2752517106.0,0.0,0.0
nw_dual_val_049,moderate,2,0,1,0,63ae032f1c6dc07c,8.133103615829533,registered,8.133103615829533,1.5727333484927055,200.0,220.0,0.0,110.0,0.0,reused_production_label,,,,,,,,
nw_dual_val_049,moderate,2,0,1,0,63ae032f1c6dc07c,8.133103615829533,nominal_d_le_1,1.0,6.123114443600429,200.0,220.0,0.0,110.0,0.0,ok,4.540656843483248,0.0,0.0546874935188868,1.5271942379091012,0.0005758686891939,1690402893.0,0.0,0.0
nw_dual_val_049,moderate,2,0,2,0,5637d39c6320b761,8.133103615829533,registered,8.133103615829533,0.88016883913814,200.0,220.0,0.009090909090909,110.0,0.0,reused_production_label,,,,,,,,
nw_dual_val_049,moderate,2,0,2,0,5637d39c6320b761,8.133103615829533,nominal_d_le_1,1.0,7.492946931172435,200.0,220.0,0.0,110.0,0.0,ok,6.612407354867806,0.0,0.0,0.8805395763046289,0.0,4184471681.0,0.0,0.0
nw_dual_val_049,moderate,2,0,3,0,1d7141c08bdf4490,8.133103615829533,registered,8.133103615829533,153.05190875715118,200.0,220.0,0.0,110.0,0.0,reused_production_label,,,,,,,,
nw_dual_val_049,moderate,2,0,3,0,1d7141c08bdf4490,8.133103615829533,nominal_d_le_1,1.0,1248.5790119037415,200.0,220.0,0.0,110.0,0.0,ok,1246.341947787853,0.0,0.1142272397176594,1.5388414490726663,0.5839954270982805,2231082072.0,0.0,0.0
nw_dual_val_049,moderate,1,1,0,1,5c7a4e294e540993,8.133103615829533,registered,8.133103615829533,1.0656684920162076,200.0,220.0,0.0,110.0,0.0,reused_production_label,,,,,,,,
nw_dual_val_049,moderate,1,1,0,1,5c7a4e294e540993,8.133103615829533,nominal_d_le_1,1.0,9.328146346294355,200.0,220.0,0.0,110.0,0.0,ok,7.849460178171599,0.0,0.0485956243926926,1.4300905437300653,0.0,2877973503.0,0.0,0.0
nw_dual_val_049,moderate,1,1,1,1,a4046a5c6f7a57ec,8.133103615829533,registered,8.133103615829533,1.587276474053545,200.0,220.0,0.0,110.0,0.0,reused_production_label,,,,,,,,
nw_dual_val_049,moderate,1,1,1,1,a4046a5c6f7a57ec,8.133103615829533,nominal_d_le_1,1.0,11.494962771526016,200.0,220.0,0.0,110.0,0.0,ok,9.64433458554577,0.0,0.0,1.8506281859802467,0.0,3018262742.0,0.0,0.0
nw_dual_val_049,moderate,1,1,2,1,33644038c4f8c958,8.133103615829533,registered,8.133103615829533,1.5461438562497514,200.0,220.0,0.0,110.0,0.0,reused_production_label,,,,,,,,
nw_dual_val_049,moderate,1,1,2,1,33644038c4f8c958,8.133103615829533,nominal_d_le_1,1.0,11.251179920867054,200.0,220.0,0.0,110.0,0.0,ok,9.817823221508434,0.0,0.0046446811004911,1.4287120182581308,0.0,2939005675.0,0.0,0.0
nw_dual_val_049,moderate,1,1,3,1,2d0cf049e8bfbceb,8.133103615829533,registered,8.133103615829533,2.074454183970422,200.0,220.0,0.0,110.0,0.0,reused_production_label,,,,,,,,
nw_dual_val_049,moderate,1,1,3,1,2d0cf049e8bfbceb,8.133103615829533,nominal_d_le_1,1.0,12.20126843240856,200.0,220.0,0.0,110.0,0.0,ok,10.181229617345634,0.0,0.0193259307952417,2.000712884267684,0.0,649792054.0,0.0,0.0
nw_dual_val_049,moderate,19,2,0,1,20e304e3f38a9f83,8.133103615829533,registered,8.133103615829533,106.26156219602784,200.0,220.0,0.0,110.0,0.0,reused_production_label,,,,,,,,
nw_dual_val_049,moderate,19,2,0,1,20e304e3f38a9f83,8.133103615829533,nominal_d_le_1,1.0,683.934075984793,200.0,220.0,0.0,110.0,0.0,ok,681.4939727810336,0.0,0.0,1.2618337166501097,1.178269487109314,4115518190.0,0.0,0.0
nw_dual_val_049,moderate,19,2,1,1,eb0cb775e9ab4123,8.133103615829533,registered,8.133103615829533,156.80199712447197,200.0,220.0,0.0,110.0,0.0,reused_production_label,,,,,,,,
nw_dual_val_049,moderate,19,2,1,1,eb0cb775e9ab4123,8.133103615829533,nominal_d_le_1,1.0,1261.5843269965862,200.0,220.0,0.0,110.0,0.0,ok,1259.076790606489,0.0,0.0222270057130778,1.4373787024744218,1.0479306819092804,1250271640.0,0.0,0.0
nw_dual_val_049,moderate,19,2,2,1,fe49073da37d428f,8.133103615829533,registered,8.133103615829533,154.6758079183095,200.0,220.0,0.0,110.0,0.0,reused_production_label,,,,,,,,
nw_dual_val_049,moderate,19,2,2,1,fe49073da37d428f,8.133103615829533,nominal_d_le_1,1.0,1257.01340186856,200.0,220.0,0.0,110.0,0.0,ok,1255.9042358854772,0.0,0.0,0.8185988228734683,0.2905671602096192,1452545805.0,0.0,0.0
nw_dual_val_049,moderate,19,2,3,1,9b95ebe1e54a6df7,8.133103615829533,registered,8.133103615829533,87.29553471887256,200.0,220.0,0.0,110.0,0.0,reused_production_label,,,,,,,,
nw_dual_val_049,moderate,19,2,3,1,9b95ebe1e54a6df7,8.133103615829533,nominal_d_le_1,1.0,555.9842271349186,200.0,220.0,0.0,110.0,0.0,ok,553.610955813055,0.0,0.0,1.4810262300933343,0.8922450917701418,2705004066.0,0.0,0.0
nw_dual_val_049,moderate,17,3,0,4,45193d7111f73f7b,8.133103615829533,registered,8.133103615829533,108.40854037794088,200.0,220.0,0.0,110.0,0.0,reused_production_label,,,,,,,,
nw_dual_val_049,moderate,17,3,0,4,45193d7111f73f7b,8.133103615829533,nominal_d_le_1,1.0,866.1946085731319,200.0,220.0,0.0,110.0,0.0,ok,864.5077228864632,0.0,0.0,1.3730201191886828,0.3138655674800234,1035790290.0,0.0,0.0
nw_dual_val_049,moderate,17,3,1,4,4f6ee1da4c3ca0f6,8.133103615829533,registered,8.133103615829533,105.06667865632302,400.0,394.0,0.0,210.0,0.0,reused_production_label,,,,,,,,
nw_dual_val_049,moderate,17,3,1,4,4f6ee1da4c3ca0f6,8.133103615829533,nominal_d_le_1,1.0,854.7341834450486,200.0,220.0,0.0,110.0,0.0,ok,853.1912097595125,0.0,0.0,1.1460338487531154,0.3969398367830906,2585651378.0,0.0,0.0
nw_dual_val_049,moderate,17,3,2,4,d529635d20343183,8.133103615829533,registered,8.133103615829533,105.0675298156236,400.0,410.0,0.0,210.0,0.0,reused_production_label,,,,,,,,
nw_dual_val_049,moderate,17,3,2,4,d529635d20343183,8.133103615829533,nominal_d_le_1,1.0,853.4202663267197,200.0,220.0,0.0,110.0,0.0,ok,851.4636570764341,0.0,0.0,1.42895507455839,0.5276541757272021,2284185604.0,0.0,0.0
nw_dual_val_049,moderate,17,3,3,4,b33c42debc8544c8,8.133103615829533,registered,8.133103615829533,122.38390010658335,200.0,220.0,0.0,110.0,0.0,reused_production_label,,,,,,,,
nw_dual_val_049,moderate,17,3,3,4,b33c42debc8544c8,8.133103615829533,nominal_d_le_1,1.0,994.6482958923658,200.0,220.0,0.0,110.0,0.0,ok,993.5483892287044,0.0,0.0,1.0594277235159844,0.040478940145289,2070065952.0,0.0,0.0
nw_dual_val_049,moderate,16,4,0,6,c0d90ad00bf0dd85,8.133103615829533,registered,8.133103615829533,53.37447685038833,400.0,391.0,0.0,210.0,0.0,reused_production_label,,,,,,,,
nw_dual_val_049,moderate,16,4,0,6,c0d90ad00bf0dd85,8.133103615829533,nominal_d_le_1,1.0,432.07439332166496,400.0,391.0,0.0,210.0,0.0,ok,430.7497151114788,0.0,0.0731065409096792,1.2515716692764487,0.0,415580956.0,0.0,0.0
nw_dual_val_049,moderate,16,4,1,6,9ea057aca98fea22,8.133103615829533,registered,8.133103615829533,53.16966167984543,400.0,357.0,0.0,210.0,0.0,reused_production_label,,,,,,,,
nw_dual_val_049,moderate,16,4,1,6,9ea057aca98fea22,8.133103615829533,nominal_d_le_1,1.0,431.8411841606077,400.0,357.0,0.0,210.0,0.0,ok,430.7497151114788,0.0,0.0731065409096792,1.0183625082192649,0.0,3763901251.0,0.0,0.0
nw_dual_val_049,moderate,16,4,2,6,fc900fe2cc2add7b,8.133103615829533,registered,8.133103615829533,53.31798759682079,400.0,365.0,0.0,210.0,0.0,reused_production_label,,,,,,,,
nw_dual_val_049,moderate,16,4,2,6,fc900fe2cc2add7b,8.133103615829533,nominal_d_le_1,1.0,431.999417884422,400.0,365.0,0.0,210.0,0.0,ok,430.7497151114788,0.0,0.0731065409096792,1.1765962320334862,0.0,1165707256.0,0.0,0.0
nw_dual_val_049,moderate,16,4,3,6,2aae226891eb9ab6,8.133103615829533,registered,8.133103615829533,53.25512736267479,400.0,410.0,0.0,210.0,0.0,reused_production_label,,,,,,,,
nw_dual_val_049,moderate,16,4,3,6,2aae226891eb9ab6,8.133103615829533,nominal_d_le_1,1.0,431.91936176403937,400.0,410.0,0.0,210.0,0.0,ok,430.7497151114788,0.0,0.0731065409096792,1.0965401116509084,0.0,2124564030.0,0.0,0.0
nw_dual_val_050,hard,1,0,0,0,2a51700d7fb2b860,10.213329986714198,registered,10.213329986714198,0.8880096964806508,200.0,220.0,0.0,110.0,0.0,reused_production_label,,,,,,,,
nw_dual_val_050,hard,1,0,0,0,2a51700d7fb2b860,10.213329986714198,nominal_d_le_1,1.0,1.9512621616244072,200.0,220.0,0.0,110.0,0.0,ok,0.8583771533630524,0.0,0.0,1.0928850082613548,0.0,174809529.0,0.0,0.0
nw_dual_val_050,hard,1,0,1,0,9b31be95720326b2,10.213329986714198,registered,10.213329986714198,1.7682066975776058,200.0,220.0,0.0,110.0,0.0,reused_production_label,,,,,,,,
nw_dual_val_050,hard,1,0,1,0,9b31be95720326b2,10.213329986714198,nominal_d_le_1,1.0,9.768627560728524,200.0,220.0,0.0,110.0,0.0,ok,7.406640864689685,0.505005980457827,0.0,1.4717402527038266,0.3852404628771845,4061556275.0,0.0,0.0
nw_dual_val_050,hard,1,0,2,0,a0533142611d84ff,10.213329986714198,registered,10.213329986714198,1.298051259065756,200.0,220.0,0.0,110.0,0.0,reused_production_label,,,,,,,,
nw_dual_val_050,hard,1,0,2,0,a0533142611d84ff,10.213329986714198,nominal_d_le_1,1.0,5.98793231933277,200.0,220.0,0.0,110.0,0.0,ok,4.035429737044196,0.0820660721487517,0.0,1.8543942360423693,0.0160422740974515,2492250980.0,0.0,0.0
nw_dual_val_050,hard,1,0,3,0,919ddf7684eea617,10.213329986714198,registered,10.213329986714198,1.3091498145693354,200.0,220.0,0.0181818181818181,110.0,0.0,reused_production_label,,,,,,,,
nw_dual_val_050,hard,1,0,3,0,919ddf7684eea617,10.213329986714198,nominal_d_le_1,1.0,10.86914927394542,200.0,220.0,0.0,110.0,0.0,ok,8.942092569793012,0.6513068073243163,0.0,1.2757498968280918,0.0,2507156592.0,0.0,0.0
nw_dual_val_050,hard,19,1,0,0,ba31ee05e87e17d2,10.213329986714198,registered,10.213329986714198,5.311230147371456,200.0,220.0,0.0,110.0,0.0,reused_production_label,,,,,,,,
nw_dual_val_050,hard,19,1,0,0,ba31ee05e87e17d2,10.213329986714198,nominal_d_le_1,1.0,70.29558757660587,200.0,220.0,0.0,110.0,0.0,ok,69.69980569013809,0.0,0.0,0.549255151124101,0.0465267353436699,3749520179.0,0.0,0.0
nw_dual_val_050,hard,19,1,1,0,72afabcf8a49b211,10.213329986714198,registered,10.213329986714198,9.2615929633492,200.0,220.0,0.0,110.0,0.0,reused_production_label,,,,,,,,
nw_dual_val_050,hard,19,1,1,0,72afabcf8a49b211,10.213329986714198,nominal_d_le_1,1.0,95.21789948910272,200.0,220.0,0.0,110.0,0.0,ok,93.57121066749274,0.0,0.0,0.9592118638233392,0.6874769577866643,1514745912.0,0.0,0.0
nw_dual_val_050,hard,19,1,2,0,65775b8d55a7e1ca,10.213329986714198,registered,10.213329986714198,3.5790871682168945,200.0,220.0,0.0,110.0,0.0,reused_production_label,,,,,,,,
nw_dual_val_050,hard,19,1,2,0,65775b8d55a7e1ca,10.213329986714198,nominal_d_le_1,1.0,57.66867937299425,200.0,220.0,0.0,110.0,0.0,ok,55.57780049564558,0.6170536974565465,0.0,1.2336606639044398,0.2401645159876808,1142100159.0,0.0,0.0
nw_dual_val_050,hard,19,1,3,0,5c9a989faa15f986,10.213329986714198,registered,10.213329986714198,1.2612740302739218,200.0,220.0,0.0,110.0,0.0,reused_production_label,,,,,,,,
nw_dual_val_050,hard,19,1,3,0,5c9a989faa15f986,10.213329986714198,nominal_d_le_1,1.0,9.7273922632471,200.0,220.0,0.0,110.0,0.0,ok,7.535567202683274,0.5707586046707999,0.2171964494217693,1.3341723923788025,0.0696976140924557,597308527.0,0.0,0.0
nw_dual_val_050,hard,2,2,0,4,84ce832bc39f7a07,10.213329986714198,registered,10.213329986714198,57.27882242789602,200.0,220.0,0.0,110.0,0.0,reused_production_label,,,,,,,,
nw_dual_val_050,hard,2,2,0,4,84ce832bc39f7a07,10.213329986714198,nominal_d_le_1,1.0,715.6864074766049,200.0,220.0,0.0,110.0,0.0,ok,714.617712853545,0.0,0.0,0.9629303915609824,0.1057642314988826,1375561451.0,0.0,0.0
nw_dual_val_050,hard,2,2,1,4,490a7f2de87a4f64,10.213329986714198,registered,10.213329986714198,13.655508174809842,200.0,220.0,0.0,110.0,0.0,reused_production_label,,,,,,,,
nw_dual_val_050,hard,2,2,1,4,490a7f2de87a4f64,10.213329986714198,nominal_d_le_1,1.0,149.07784237055938,200.0,220.0,0.0,110.0,0.0,ok,147.01023306175327,0.0,0.0,1.4700687357435478,0.5975405730625494,3560575086.0,0.0,0.0
nw_dual_val_050,hard,2,2,2,4,79f8fd396f37df02,10.213329986714198,registered,10.213329986714198,20.354575404154254,200.0,220.0,0.0,110.0,0.0,reused_production_label,,,,,,,,
nw_dual_val_050,hard,2,2,2,4,79f8fd396f37df02,10.213329986714198,nominal_d_le_1,1.0,106.72186599508444,200.0,220.0,0.0,110.0,0.0,ok,104.45281567920414,0.0,0.0647657939604571,1.2284870794967435,0.9757974424230916,1494941533.0,0.0,0.0
nw_dual_val_050,hard,2,2,3,4,ad749be6243bf4ea,10.213329986714198,registered,10.213329986714198,70.79040590565161,200.0,220.0,0.0,110.0,0.0,reused_production_label,,,,,,,,
nw_dual_val_050,hard,2,2,3,4,ad749be6243bf4ea,10.213329986714198,nominal_d_le_1,1.0,724.5631420348541,200.0,220.0,0.0,110.0,0.0,ok,723.0319122418243,0.0,0.0,1.258761586139636,0.2724682068901716,3116524302.0,0.0,0.0
nw_dual_val_050,hard,11,3,0,5,c724a7bfe7e630e0,10.213329986714198,registered,10.213329986714198,2.140281635691577,400.0,410.0,0.0,210.0,0.0,reused_production_label,,,,,,,,
nw_dual_val_050,hard,11,3,0,5,c724a7bfe7e630e0,10.213329986714198,nominal_d_le_1,1.0,13.493873699418415,200.0,220.0,0.0,110.0,0.0,ok,10.805611613129434,0.8472917683367737,0.3846131728100097,1.1488270131728942,0.307530131969304,2628804146.0,0.0,0.0
nw_dual_val_050,hard,11,3,1,5,fee517b17cfa42b5,10.213329986714198,registered,10.213329986714198,4.994123832096503,200.0,220.0,0.0,110.0,0.0,reused_production_label,,,,,,,,
nw_dual_val_050,hard,11,3,1,5,fee517b17cfa42b5,10.213329986714198,nominal_d_le_1,1.0,32.49590325464432,200.0,220.0,0.0,110.0,0.0,ok,29.557801993261727,0.8472917683367737,0.2616860027504104,1.5204830277880528,0.3086404625073539,3607802968.0,0.0,0.0
nw_dual_val_050,hard,11,3,2,5,1670a333629e06ef,10.213329986714198,registered,10.213329986714198,1.799202331794933,400.0,410.0,0.0,210.0,0.0,reused_production_label,,,,,,,,
nw_dual_val_050,hard,11,3,2,5,1670a333629e06ef,10.213329986714198,nominal_d_le_1,1.0,10.50984584339765,200.0,220.0,0.0,110.0,0.0,ok,9.037808139879289,0.8472917683367737,0.0,0.5499437636222764,0.0748021715593116,3068680083.0,0.0,0.0
nw_dual_val_050,hard,11,3,3,5,8ea9afd878515f3d,10.213329986714198,registered,10.213329986714198,16.73314837981563,200.0,220.0,0.0,110.0,0.0,reused_production_label,,,,,,,,
nw_dual_val_050,hard,11,3,3,5,8ea9afd878515f3d,10.213329986714198,nominal_d_le_1,1.0,156.87938330062903,200.0,220.0,0.0,110.0,0.0,ok,154.6011807887763,0.8472917683367737,0.0,1.258803731321014,0.1721070121949511,3273076474.0,0.0,0.0
nw_dual_val_050,hard,16,4,0,6,487ae23158f46824,10.213329986714198,registered,10.213329986714198,125.74972957296136,400.0,375.0,0.0,210.0,0.0,reused_production_label,,,,,,,,
nw_dual_val_050,hard,16,4,0,6,487ae23158f46824,10.213329986714198,nominal_d_le_1,1.0,1282.9575906285618,400.0,375.0,0.0,210.0,0.0,ok,1281.7684337686565,0.0,0.0,1.1136053275218714,0.0755515323836519,184925535.0,0.0,0.0
nw_dual_val_050,hard,16,4,1,6,d74bf6be74af3731,10.213329986714198,registered,10.213329986714198,125.62132193037534,400.0,410.0,0.0,210.0,0.0,reused_production_label,,,,,,,,
nw_dual_val_050,hard,16,4,1,6,d74bf6be74af3731,10.213329986714198,nominal_d_le_1,1.0,1282.7922830395448,400.0,410.0,0.0,210.0,0.0,ok,1281.7684337686565,0.0,0.0,0.984029826278108,0.03981944461012,3359640977.0,0.0,0.0
nw_dual_val_050,hard,16,4,2,6,a667c88f73f63d23,10.213329986714198,registered,10.213329986714198,125.62592949604304,400.0,346.0,0.0,210.0,0.0,reused_production_label,,,,,,,,
nw_dual_val_050,hard,16,4,2,6,a667c88f73f63d23,10.213329986714198,nominal_d_le_1,1.0,1282.7968906052124,400.0,346.0,0.0,210.0,0.0,ok,1281.7684337686565,0.0,0.0,1.0032933958568333,0.02516344069907,2690546636.0,0.0,0.0
nw_dual_val_050,hard,16,4,3,6,1869f6ad2db72370,10.213329986714198,registered,10.213329986714198,125.76746813018336,400.0,409.0,0.0,210.0,0.0,reused_production_label,,,,,,,,
nw_dual_val_050,hard,16,4,3,6,1869f6ad2db72370,10.213329986714198,nominal_d_le_1,1.0,1282.9954338415844,400.0,409.0,0.0,210.0,0.0,ok,1281.7684337686565,0.0,0.0,1.1584498733357391,0.068550199592285,708949055.0,0.0,0.0
nw_retrain_0010_crossing_moderate_seed20251824,moderate,1,0,0,0,8a38341d77279f72,3.0,registered,3.0,1.9386158672629608,200.0,220.0,0.009090909090909,110.0,0.0,reused_production_label,,,,,,,,
nw_retrain_0010_crossing_moderate_seed20251824,moderate,1,0,0,0,8a38341d77279f72,3.0,nominal_d_le_1,1.0,5.175839795308387,200.0,220.0,0.0,110.0,0.0,ok,3.855835890450004,0.0,0.0,1.2725764388177845,0.0474274660405981,1889565519.0,0.0,0.0
nw_retrain_0010_crossing_moderate_seed20251824,moderate,1,0,1,0,380744e244a67407,3.0,registered,3.0,7.111902769225715,200.0,220.0,0.0,110.0,0.0,reused_production_label,,,,,,,,
nw_retrain_0010_crossing_moderate_seed20251824,moderate,1,0,1,0,380744e244a67407,3.0,nominal_d_le_1,1.0,5.741715747008972,200.0,220.0,0.0,110.0,0.0,ok,1.5334166738875084,0.0,0.8964951941899993,2.680469532104385,0.631334346827079,1963275223.0,0.0,0.0
nw_retrain_0010_crossing_moderate_seed20251824,moderate,1,0,2,0,470bc502b3b7bb74,3.0,registered,3.0,7.127432475241927,200.0,220.0,0.009090909090909,110.0,0.0,reused_production_label,,,,,,,,
nw_retrain_0010_crossing_moderate_seed20251824,moderate,1,0,2,0,470bc502b3b7bb74,3.0,nominal_d_le_1,1.0,16.17342022870307,200.0,220.0,0.0,110.0,0.0,ok,8.034993726250322,0.0,1.5510007814984246,1.746712931861434,4.840712789092886,1796335827.0,0.0,0.0
nw_retrain_0010_crossing_moderate_seed20251824,moderate,1,0,3,0,74240cc9867f8c61,3.0,registered,3.0,4839.0735014138345,200.0,220.0,0.0,110.0,0.0,reused_production_label,,,,,,,,
nw_retrain_0010_crossing_moderate_seed20251824,moderate,1,0,3,0,74240cc9867f8c61,3.0,nominal_d_le_1,1.0,21852.358860009284,200.0,220.0,0.0,110.0,0.0,ok,21839.45556740297,0.0,1.0884879934378822,1.76151674160977,10.053287871264502,587799588.0,0.0,0.0
nw_retrain_0010_crossing_moderate_seed20251824,moderate,0,1,0,2,fff5bbb03e8a488a,3.0,registered,3.0,2190.5499442469454,200.0,220.0,0.0,110.0,0.0,reused_production_label,,,,,,,,
nw_retrain_0010_crossing_moderate_seed20251824,moderate,0,1,0,2,fff5bbb03e8a488a,3.0,nominal_d_le_1,1.0,6860.861467732676,200.0,220.0,0.0,110.0,0.0,ok,6741.859384442846,0.0,1.751200540985779,2.8423649782372977,114.4085177706074,192559480.0,0.0,0.0
nw_retrain_0010_crossing_moderate_seed20251824,moderate,0,1,1,2,47dc21a274379637,3.0,registered,3.0,2.13937856734795,400.0,410.0,0.019047619047619,210.0,0.0,reused_production_label,,,,,,,,
nw_retrain_0010_crossing_moderate_seed20251824,moderate,0,1,1,2,47dc21a274379637,3.0,nominal_d_le_1,1.0,3.755413145889803,200.0,220.0,0.009090909090909,110.0,0.0,ok,1.617636224781255,0.0,0.0,2.111611053186499,0.0261658679220486,1541590456.0,0.0,0.0
nw_retrain_0010_crossing_moderate_seed20251824,moderate,0,1,2,2,18843d4936b9e2a5,3.0,registered,3.0,2.100456792587313,400.0,409.0,0.019047619047619,210.0,0.0,reused_production_label,,,,,,,,
nw_retrain_0010_crossing_moderate_seed20251824,moderate,0,1,2,2,18843d4936b9e2a5,3.0,nominal_d_le_1,1.0,2.10198585802472,200.0,220.0,0.009090909090909,110.0,0.0,ok,0.0,0.0,0.0,2.011611053186499,0.0903748048382208,4239139271.0,0.0,0.0
nw_retrain_0010_crossing_moderate_seed20251824,moderate,0,1,3,2,e8e6b66a2eb2ea05,3.0,registered,3.0,7.354317005702508,200.0,220.0,0.0,110.0,0.0,reused_production_label,,,,,,,,
nw_retrain_0010_crossing_moderate_seed20251824,moderate,0,1,3,2,e8e6b66a2eb2ea05,3.0,nominal_d_le_1,1.0,6.451269522835761,200.0,220.0,0.0,110.0,0.0,ok,0.7253279788190503,0.0,0.3694603928243192,2.9397141239296256,2.4167670272627664,3617870705.0,0.0,0.0
nw_retrain_0010_crossing_moderate_seed20251824,moderate,10,2,0,3,5099244bb3a66cd0,3.0,registered,3.0,60.142492359190406,200.0,220.0,0.0,110.0,0.0,reused_production_label,,,,,,,,
nw_retrain_0010_crossing_moderate_seed20251824,moderate,10,2,0,3,5099244bb3a66cd0,3.0,nominal_d_le_1,1.0,197.11586396633413,200.0,220.0,0.0,110.0,0.0,ok,125.97456373356091,0.0,1.2454388864982928,2.4140413816942,67.48181996458072,2263602606.0,0.0,0.0
nw_retrain_0010_crossing_moderate_seed20251824,moderate,10,2,1,3,fadd8247afffc0d8,3.0,registered,3.0,124.23560547551324,200.0,220.0,0.0,110.0,0.0,reused_production_label,,,,,,,,
nw_retrain_0010_crossing_moderate_seed20251824,moderate,10,2,1,3,fadd8247afffc0d8,3.0,nominal_d_le_1,1.0,82.68729239635637,200.0,220.0,0.0,110.0,0.0,ok,55.8303354798407,0.0,1.5769125124724284,2.556787254082173,22.723257149961068,4064551311.0,0.0,0.0
nw_retrain_0010_crossing_moderate_seed20251824,moderate,10,2,2,3,945b36279055fcbf,3.0,registered,3.0,1699.8929548197532,200.0,220.0,0.0,110.0,0.0,reused_production_label,,,,,,,,
nw_retrain_0010_crossing_moderate_seed20251824,moderate,10,2,2,3,945b36279055fcbf,3.0,nominal_d_le_1,1.0,2620.8802199253378,200.0,220.0,0.0,110.0,0.0,ok,2306.021306093344,0.0,1.824324068741944,2.5891731672508924,310.44541659600105,1254618169.0,0.0,0.0
nw_retrain_0010_crossing_moderate_seed20251824,moderate,10,2,3,3,baffbc26f8a467b3,3.0,registered,3.0,663.8869854755866,200.0,220.0,0.0,110.0,0.0,reused_production_label,,,,,,,,
nw_retrain_0010_crossing_moderate_seed20251824,moderate,10,2,3,3,baffbc26f8a467b3,3.0,nominal_d_le_1,1.0,1835.466772877486,200.0,220.0,0.0,110.0,0.0,ok,1765.137585441912,0.0,1.4236195322952507,2.759065786387203,66.1465021168913,3745238528.0,0.0,0.0
nw_retrain_0010_crossing_moderate_seed20251824,moderate,15,3,0,4,d0fcab23e4c5cf54,3.0,registered,3.0,16.43285708293665,200.0,220.0,0.0,110.0,0.0,reused_production_label,,,,,,,,
nw_retrain_0010_crossing_moderate_seed20251824,moderate,15,3,0,4,d0fcab23e4c5cf54,3.0,nominal_d_le_1,1.0,22.94730260983349,200.0,220.0,0.0,110.0,0.0,ok,8.771712440493875,0.0,1.2955812343585311,2.264423299532564,10.615585635448513,2883457980.0,0.0,0.0
nw_retrain_0010_crossing_moderate_seed20251824,moderate,15,3,1,4,e383e7ed660d665b,3.0,registered,3.0,33.73790492063684,200.0,220.0,0.009090909090909,110.0,0.0,reused_production_label,,,,,,,,
nw_retrain_0010_crossing_moderate_seed20251824,moderate,15,3,1,4,e383e7ed660d665b,3.0,nominal_d_le_1,1.0,47.56628457195325,200.0,220.0,0.0,110.0,0.0,ok,6.818059704358068,0.0,1.2955812343585311,2.677756488413419,36.774887144823225,1228601531.0,0.0,0.0
nw_retrain_0010_crossing_moderate_seed20251824,moderate,15,3,2,4,fd6807ec851387a9,3.0,registered,3.0,217.905983936716,200.0,220.0,0.0,110.0,0.0,reused_production_label,,,,,,,,
nw_retrain_0010_crossing_moderate_seed20251824,moderate,15,3,2,4,fd6807ec851387a9,3.0,nominal_d_le_1,1.0,187.72115175325,200.0,220.0,0.0,110.0,0.0,ok,84.02333608966744,0.0,1.2955812343585311,2.6035998813464074,99.79863454787755,1685359763.0,0.0,0.0
nw_retrain_0010_crossing_moderate_seed20251824,moderate,15,3,3,4,066acd15a3e6c749,3.0,registered,3.0,17.070203395679187,200.0,220.0,0.009090909090909,110.0,0.0,reused_production_label,,,,,,,,
nw_retrain_0010_crossing_moderate_seed20251824,moderate,15,3,3,4,066acd15a3e6c749,3.0,nominal_d_le_1,1.0,15.702633787889525,200.0,220.0,0.009090909090909,110.0,0.0,ok,1.3992546103372194,0.0,1.2955812343585311,2.5963073791250584,10.411490564068716,2589415715.0,0.0,0.0
nw_retrain_0010_crossing_moderate_seed20251824,moderate,18,4,0,6,b4bc677d3d547cbb,3.0,registered,3.0,10048.52436658508,200.0,220.0,0.0,110.0,0.0,reused_production_label,,,,,,,,
nw_retrain_0010_crossing_moderate_seed20251824,moderate,18,4,0,6,b4bc677d3d547cbb,3.0,nominal_d_le_1,1.0,30122.14530804721,200.0,220.0,0.0,110.0,0.0,ok,30109.431412193186,0.0,1.5789941052154202,2.136465361340739,8.998436387463007,2042006655.0,0.0,0.0
nw_retrain_0010_crossing_moderate_seed20251824,moderate,18,4,1,6,6cc7ea2626180c3f,3.0,registered,3.0,10057.628068912389,200.0,219.0,0.0,110.0,0.0,reused_production_label,,,,,,,,
nw_retrain_0010_crossing_moderate_seed20251824,moderate,18,4,1,6,6cc7ea2626180c3f,3.0,nominal_d_le_1,1.0,30131.249010374508,200.0,219.0,0.0,110.0,0.0,ok,30109.431412193186,0.0,1.5789941052154202,1.939717412128872,18.298886663979847,1921600539.0,0.0,0.0
nw_retrain_0010_crossing_moderate_seed20251824,moderate,18,4,2,6,193ae399d56945cf,3.0,registered,3.0,10049.293118846535,200.0,220.0,0.0,110.0,0.0,reused_production_label,,,,,,,,
nw_retrain_0010_crossing_moderate_seed20251824,moderate,18,4,2,6,193ae399d56945cf,3.0,nominal_d_le_1,1.0,30122.91406030866,200.0,220.0,0.0,110.0,0.0,ok,30109.431412193186,0.0,1.8289538418541809,1.9496870172761345,9.704007256345577,48329939.0,0.0,0.0
nw_retrain_0010_crossing_moderate_seed20251824,moderate,18,4,3,6,bee5f16975dddb3c,3.0,registered,3.0,10055.281426415771,200.0,220.0,0.0,110.0,0.0,reused_production_label,,,,,,,,
nw_retrain_0010_crossing_moderate_seed20251824,moderate,18,4,3,6,bee5f16975dddb3c,3.0,nominal_d_le_1,1.0,30128.90236787789,200.0,220.0,0.0,110.0,0.0,ok,30109.431412193186,0.0,1.5789941052154202,2.0051362796592254,15.886825299837534,3816453519.0,0.0,0.0
nw_retrain_0014_vertically_overlapping_hard_seed20252216,hard,0,0,0,0,69b115e46c4b326f,3.0,registered,3.0,3.3343403170725736,200.0,220.0,0.0,110.0,0.0,reused_production_label,,,,,,,,
nw_retrain_0014_vertically_overlapping_hard_seed20252216,hard,0,0,0,0,69b115e46c4b326f,3.0,nominal_d_le_1,1.0,7.95280556993803,200.0,220.0,0.0,110.0,0.0,ok,3.301653041892968,0.0,0.8385314984775155,1.9420985833148463,1.8705224462526997,477408751.0,0.0,0.0
nw_retrain_0014_vertically_overlapping_hard_seed20252216,hard,0,0,1,0,8f65e4c4bb3c9560,3.0,registered,3.0,7.761152442273246,200.0,220.0,0.0,110.0,0.0,reused_production_label,,,,,,,,
nw_retrain_0014_vertically_overlapping_hard_seed20252216,hard,0,0,1,0,8f65e4c4bb3c9560,3.0,nominal_d_le_1,1.0,32.033435344339885,200.0,220.0,0.0,110.0,0.0,ok,25.05496269304082,0.0,1.4825059110385197,2.5975784536131066,2.89838828664744,3561917354.0,0.0,0.0
nw_retrain_0014_vertically_overlapping_hard_seed20252216,hard,0,0,2,0,6dad749a1b12b932,3.0,registered,3.0,10.932381848763171,200.0,220.0,0.009090909090909,110.0,0.0,reused_production_label,,,,,,,,
nw_retrain_0014_vertically_overlapping_hard_seed20252216,hard,0,0,2,0,6dad749a1b12b932,3.0,nominal_d_le_1,1.0,43.33678408852735,200.0,220.0,0.0,110.0,0.0,ok,39.90712122068811,0.0,0.7868510124849593,2.264652522457557,0.3781593328967192,594796829.0,0.0,0.0
nw_retrain_0014_vertically_overlapping_hard_seed20252216,hard,0,0,3,0,aa4a83234a0b84b2,3.0,registered,3.0,187.03366652988865,200.0,220.0,0.0,110.0,0.0,reused_production_label,,,,,,,,
nw_retrain_0014_vertically_overlapping_hard_seed20252216,hard,0,0,3,0,aa4a83234a0b84b2,3.0,nominal_d_le_1,1.0,244.827748679828,200.0,220.0,0.0,110.0,0.0,ok,176.76263739001067,0.0,1.1875629060814188,1.9735842534054644,64.90396413033042,4255373086.0,0.0,0.0
nw_retrain_0014_vertically_overlapping_hard_seed20252216,hard,9,1,0,1,237989c7b86bdfa8,3.0,registered,3.0,146.74335625625335,200.0,220.0,0.0,110.0,0.0,reused_production_label,,,,,,,,
nw_retrain_0014_vertically_overlapping_hard_seed20252216,hard,9,1,0,1,237989c7b86bdfa8,3.0,nominal_d_le_1,1.0,52.66461983185887,200.0,220.0,0.0,110.0,0.0,ok,38.09033666896769,0.0,1.3292645416828124,2.1357703022635213,11.109248318944848,2567660703.0,0.0,0.0
nw_retrain_0014_vertically_overlapping_hard_seed20252216,hard,9,1,1,1,652508e015f49806,3.0,registered,3.0,4494.857003685306,200.0,220.0,0.0,110.0,0.0,reused_production_label,,,,,,,,
nw_retrain_0014_vertically_overlapping_hard_seed20252216,hard,9,1,1,1,652508e015f49806,3.0,nominal_d_le_1,1.0,13515.562323117849,200.0,220.0,0.0,110.0,0.0,ok,13501.858014509982,0.0,1.7999929579204004,1.8744007807351049,10.029914869210202,3610621545.0,0.0,0.0
nw_retrain_0014_vertically_overlapping_hard_seed20252216,hard,9,1,2,1,e05014f7366e9ac7,3.0,registered,3.0,18.55122432441574,200.0,220.0,0.0,110.0,0.0,reused_production_label,,,,,,,,
nw_retrain_0014_vertically_overlapping_hard_seed20252216,hard,9,1,2,1,e05014f7366e9ac7,3.0,nominal_d_le_1,1.0,40.38028808464349,200.0,220.0,0.0,110.0,0.0,ok,26.11784701578465,0.6618312283091752,1.2880143219535054,1.967373858141353,10.345221660454804,1297703369.0,0.0,0.0
nw_retrain_0014_vertically_overlapping_hard_seed20252216,hard,9,1,3,1,45d8dbd22669b312,3.0,registered,3.0,49.56851088461679,200.0,220.0,0.0,110.0,0.0,reused_production_label,,,,,,,,
nw_retrain_0014_vertically_overlapping_hard_seed20252216,hard,9,1,3,1,45d8dbd22669b312,3.0,nominal_d_le_1,1.0,106.39446826598768,200.0,220.0,0.0,110.0,0.0,ok,81.4116521356148,0.0,1.3047633813606108,2.3232348268589003,21.354817922153376,290529438.0,0.0,0.0
nw_retrain_0014_vertically_overlapping_hard_seed20252216,hard,17,2,0,2,b5dd426ab58cca48,3.0,registered,3.0,3.280721971086056,200.0,220.0,0.009090909090909,110.0,0.0,reused_production_label,,,,,,,,
nw_retrain_0014_vertically_overlapping_hard_seed20252216,hard,17,2,0,2,b5dd426ab58cca48,3.0,nominal_d_le_1,1.0,4.145317262465475,200.0,220.0,0.0,110.0,0.0,ok,0.0,0.7295832522362959,0.1750864561307192,1.9793412149823892,1.26130633911607,3401004465.0,0.0,0.0
nw_retrain_0014_vertically_overlapping_hard_seed20252216,hard,17,2,1,2,3ef98e2cabee7e8f,3.0,registered,3.0,2601.839459443793,200.0,220.0,0.0,110.0,0.0,reused_production_label,,,,,,,,
nw_retrain_0014_vertically_overlapping_hard_seed20252216,hard,17,2,1,2,3ef98e2cabee7e8f,3.0,nominal_d_le_1,1.0,7804.933006368105,200.0,220.0,0.0,110.0,0.0,ok,7794.629435719656,0.0,1.8239475004374963,2.146048988651837,6.333574159360293,763516029.0,0.0,0.0
nw_retrain_0014_vertically_overlapping_hard_seed20252216,hard,17,2,2,2,8d782de69e83cd02,3.0,registered,3.0,19.161121267750573,200.0,220.0,0.0,110.0,0.0,reused_production_label,,,,,,,,
nw_retrain_0014_vertically_overlapping_hard_seed20252216,hard,17,2,2,2,8d782de69e83cd02,3.0,nominal_d_le_1,1.0,16.271306681930852,200.0,220.0,0.0,110.0,0.0,ok,9.40179287278129,0.3988198039438024,0.9711615491542092,1.933272807711864,3.5662596483396896,3716181547.0,0.0,0.0
nw_retrain_0014_vertically_overlapping_hard_seed20252216,hard,17,2,3,2,8407a25e0055b050,3.0,registered,3.0,5.655231947783424,200.0,220.0,0.009090909090909,110.0,0.0,reused_production_label,,,,,,,,
nw_retrain_0014_vertically_overlapping_hard_seed20252216,hard,17,2,3,2,8407a25e0055b050,3.0,nominal_d_le_1,1.0,13.647253379277029,200.0,220.0,0.0,110.0,0.0,ok,6.449620958190865,0.3985703551924356,0.4798492925414459,2.414848908789274,3.904363864563007,98202698.0,0.0,0.0
nw_retrain_0014_vertically_overlapping_hard_seed20252216,hard,3,3,0,6,c994ed12e8e4326e,3.0,registered,3.0,2938.74213614295,200.0,220.0,0.0,110.0,0.0,reused_production_label,,,,,,,,
nw_retrain_0014_vertically_overlapping_hard_seed20252216,hard,3,3,0,6,c994ed12e8e4326e,3.0,nominal_d_le_1,1.0,8842.048753490604,200.0,220.0,0.0,110.0,0.0,ok,8840.073097338343,0.0,0.0,1.8088596200418547,0.1667965322188929,846613362.0,0.0,0.0
nw_retrain_0014_vertically_overlapping_hard_seed20252216,hard,3,3,1,6,d6e0372da72fe48f,3.0,registered,3.0,2888.6326557669486,200.0,220.0,0.0,110.0,0.0,reused_production_label,,,,,,,,
nw_retrain_0014_vertically_overlapping_hard_seed20252216,hard,3,3,1,6,d6e0372da72fe48f,3.0,nominal_d_le_1,1.0,8728.829139483445,200.0,220.0,0.0,110.0,0.0,ok,8724.58512116563,0.0,1.5994271442810284,2.2183248474443964,0.4262663260892008,1237356017.0,0.0,0.0
nw_retrain_0014_vertically_overlapping_hard_seed20252216,hard,3,3,2,6,cd43c0e18ba27679,3.0,registered,3.0,2945.105619931882,200.0,220.0,0.0,110.0,0.0,reused_production_label,,,,,,,,
nw_retrain_0014_vertically_overlapping_hard_seed20252216,hard,3,3,2,6,cd43c0e18ba27679,3.0,nominal_d_le_1,1.0,8765.650461275958,200.0,220.0,0.0,110.0,0.0,ok,8762.522260856931,0.0,0.7501436490573875,1.8877738948713696,0.490282875098151,2950652349.0,0.0,0.0
nw_retrain_0014_vertically_overlapping_hard_seed20252216,hard,3,3,3,6,6fd9c529843b434a,3.0,registered,3.0,2944.2140136324683,200.0,220.0,0.0,110.0,0.0,reused_production_label,,,,,,,,
nw_retrain_0014_vertically_overlapping_hard_seed20252216,hard,3,3,3,6,6fd9c529843b434a,3.0,nominal_d_le_1,1.0,8853.697083225012,200.0,220.0,0.0,110.0,0.0,ok,8850.420301498096,0.0,1.2273584958165984,1.952557541654561,0.0968656894460173,327730071.0,0.0,0.0
nw_retrain_0014_vertically_overlapping_hard_seed20252216,hard,19,4,0,6,dc136d64b4acd5ef,3.0,registered,3.0,2197.9061534131115,200.0,220.0,0.0,110.0,0.0,reused_production_label,,,,,,,,
nw_retrain_0014_vertically_overlapping_hard_seed20252216,hard,19,4,0,6,dc136d64b4acd5ef,3.0,nominal_d_le_1,1.0,6581.61787013056,200.0,220.0,0.0,110.0,0.0,ok,6574.567575076173,0.0,1.5666299657706864,1.9493365999737533,3.5343284886432538,3374363335.0,0.0,0.0
nw_retrain_0014_vertically_overlapping_hard_seed20252216,hard,19,4,1,6,f99e4a114cb891f3,3.0,registered,3.0,2204.0027067184024,200.0,220.0,0.0,110.0,0.0,reused_production_label,,,,,,,,
nw_retrain_0014_vertically_overlapping_hard_seed20252216,hard,19,4,1,6,f99e4a114cb891f3,3.0,nominal_d_le_1,1.0,6587.785397036551,200.0,220.0,0.0,110.0,0.0,ok,6574.674035477223,0.0,1.5666299657706864,1.8640722931605536,9.680659300397233,1838175994.0,0.0,0.0
nw_retrain_0014_vertically_overlapping_hard_seed20252216,hard,19,4,2,6,408430aab1841b21,3.0,registered,3.0,2199.2534303612056,200.0,220.0,0.0,110.0,0.0,reused_production_label,,,,,,,,
nw_retrain_0014_vertically_overlapping_hard_seed20252216,hard,19,4,2,6,408430aab1841b21,3.0,nominal_d_le_1,1.0,6582.717409376979,200.0,220.0,0.0,110.0,0.0,ok,6574.825179232418,0.0,1.5666299657706864,1.8466920786554024,4.478908100135279,3218807568.0,0.0,0.0
nw_retrain_0014_vertically_overlapping_hard_seed20252216,hard,19,4,3,6,c68f3bf3ca633592,3.0,registered,3.0,2216.353642764508,200.0,220.0,0.0,110.0,0.0,reused_production_label,,,,,,,,
nw_retrain_0014_vertically_overlapping_hard_seed20252216,hard,19,4,3,6,c68f3bf3ca633592,3.0,nominal_d_le_1,1.0,6627.136607579349,200.0,220.0,0.0,110.0,0.0,ok,6616.134986815639,0.0,1.5666299657706864,1.823548824117245,7.611441973823719,404284803.0,0.0,0.0
nw_retrain_0077_none_easy_seed20258521,easy,3,0,0,0,fc1020fbdc9464ed,3.0,registered,3.0,7.414101346582787,200.0,220.0,0.0181818181818181,110.0,0.0,reused_production_label,,,,,,,,
nw_retrain_0077_none_easy_seed20258521,easy,3,0,0,0,fc1020fbdc9464ed,3.0,nominal_d_le_1,1.0,25.843097388562175,200.0,220.0,0.0,110.0,0.0,ok,22.172998606424898,0.0,1.1503330636768976,2.349918211264307,0.1698475071960765,3778681589.0,0.0,0.0
nw_retrain_0077_none_easy_seed20258521,easy,3,0,1,0,e141a115ad67744a,3.0,registered,3.0,4.036835365466517,200.0,220.0,0.009090909090909,110.0,0.0,reused_production_label,,,,,,,,
nw_retrain_0077_none_easy_seed20258521,easy,3,0,1,0,e141a115ad67744a,3.0,nominal_d_le_1,1.0,24.216973495955735,200.0,220.0,0.0,110.0,0.0,ok,21.62214061540638,0.0,0.1903874338523326,2.151679121218198,0.2527663254788277,2697666577.0,0.0,0.0
nw_retrain_0077_none_easy_seed20258521,easy,3,0,2,0,8ab847b11c65b361,3.0,registered,3.0,9.170196144982388,200.0,220.0,0.009090909090909,110.0,0.0,reused_production_label,,,,,,,,
nw_retrain_0077_none_easy_seed20258521,easy,3,0,2,0,8ab847b11c65b361,3.0,nominal_d_le_1,1.0,13.218145674827124,200.0,220.0,0.0,110.0,0.0,ok,9.643734693156688,0.0,0.7510538226869684,2.0792118025623814,0.7441453564210861,2613876601.0,0.0,0.0
nw_retrain_0077_none_easy_seed20258521,easy,3,0,3,0,3ffaa05f939463ad,3.0,registered,3.0,17.47331908386105,200.0,220.0,0.0,110.0,0.0,reused_production_label,,,,,,,,
nw_retrain_0077_none_easy_seed20258521,easy,3,0,3,0,3ffaa05f939463ad,3.0,nominal_d_le_1,1.0,14.10455122305216,200.0,220.0,0.0,110.0,0.0,ok,1.114633072806638,0.0,1.882955331708633,2.2709674183409887,8.835995400195898,3582547614.0,0.0,0.0
nw_retrain_0077_none_easy_seed20258521,easy,15,1,0,1,4bc1cfa2b314ca3f,3.0,registered,3.0,5.9396333722074965,200.0,220.0,0.0,110.0,0.0,reused_production_label,,,,,,,,
nw_retrain_0077_none_easy_seed20258521,easy,15,1,0,1,4bc1cfa2b314ca3f,3.0,nominal_d_le_1,1.0,4.004844863527458,200.0,220.0,0.009090909090909,110.0,0.0,ok,0.0,0.0,0.3182734393179087,2.619295470163597,1.067275954045951,1508453255.0,0.0,0.0
nw_retrain_0077_none_easy_seed20258521,easy,15,1,1,1,cbfe0ed2c8da82e6,3.0,registered,3.0,4.16733024400475,200.0,220.0,0.0,110.0,0.0,reused_production_label,,,,,,,,
nw_retrain_0077_none_easy_seed20258521,easy,15,1,1,1,cbfe0ed2c8da82e6,3.0,nominal_d_le_1,1.0,6.397812746955929,200.0,220.0,0.0,110.0,0.0,ok,1.2234183440483752,0.0,1.8267660215498271,2.8828941703059647,0.4647342110517615,464700817.0,0.0,0.0
nw_retrain_0077_none_easy_seed20258521,easy,15,1,2,1,119ef4e21686a6eb,3.0,registered,3.0,2082.036085264787,200.0,220.0,0.0,110.0,0.0,reused_production_label,,,,,,,,
nw_retrain_0077_none_easy_seed20258521,easy,15,1,2,1,119ef4e21686a6eb,3.0,nominal_d_le_1,1.0,5256.685699104077,200.0,220.0,0.0,110.0,0.0,ok,5249.795960438232,0.0,1.292003795360255,2.500934844190675,3.09680002629408,4137269075.0,0.0,0.0
nw_retrain_0077_none_easy_seed20258521,easy,15,1,3,1,fb12beac645f5a6f,3.0,registered,3.0,237.57672205533527,200.0,220.0,0.0,110.0,0.0,reused_production_label,,,,,,,,
nw_retrain_0077_none_easy_seed20258521,easy,15,1,3,1,fb12beac645f5a6f,3.0,nominal_d_le_1,1.0,393.6642327824669,200.0,220.0,0.0,110.0,0.0,ok,281.4055321163144,0.0,1.2500383882853268,2.890857743954153,108.11780453391306,4087025938.0,0.0,0.0
nw_retrain_0077_none_easy_seed20258521,easy,2,2,0,3,a7eaf19896d3fe95,3.0,registered,3.0,6684.201030920011,200.0,220.0,0.0,110.0,0.0,reused_production_label,,,,,,,,
nw_retrain_0077_none_easy_seed20258521,easy,2,2,0,3,a7eaf19896d3fe95,3.0,nominal_d_le_1,1.0,20043.98753788834,200.0,220.0,0.0,110.0,0.0,ok,20038.679756058464,0.0,1.6959986745331754,1.442896257183775,2.168886898161668,4282944423.0,0.0,0.0
nw_retrain_0077_none_easy_seed20258521,easy,2,2,1,3,a6129e69c15df558,3.0,registered,3.0,6699.609713644596,200.0,220.0,0.0,110.0,0.0,reused_production_label,,,,,,,,
nw_retrain_0077_none_easy_seed20258521,easy,2,2,1,3,a6129e69c15df558,3.0,nominal_d_le_1,1.0,20062.74278299393,200.0,220.0,0.0,110.0,0.0,ok,20049.85354188532,0.0,1.6959986745331754,1.947661682588821,9.245580751491016,2349770634.0,0.0,0.0
nw_retrain_0077_none_easy_seed20258521,easy,2,2,2,3,e9548cb53196750f,3.0,registered,3.0,5885.4014125927415,200.0,220.0,0.0,110.0,0.0,reused_production_label,,,,,,,,
nw_retrain_0077_none_easy_seed20258521,easy,2,2,2,3,e9548cb53196750f,3.0,nominal_d_le_1,1.0,17657.391819913693,200.0,220.0,0.0,110.0,0.0,ok,17618.25865777639,0.0,1.6959986745331754,1.754233987378728,35.68292947539258,1912895639.0,0.0,0.0
nw_retrain_0077_none_easy_seed20258521,easy,2,2,3,3,60a81126e6454f2d,3.0,registered,3.0,5941.449665106625,200.0,220.0,0.0,110.0,0.0,reused_production_label,,,,,,,,
nw_retrain_0077_none_easy_seed20258521,easy,2,2,3,3,60a81126e6454f2d,3.0,nominal_d_le_1,1.0,17432.54531742359,200.0,220.0,0.0,110.0,0.0,ok,17273.32369539193,0.0,1.6959986745331754,1.6496961538678427,155.87592720326327,2945246799.0,0.0,0.0
nw_retrain_0077_none_easy_seed20258521,easy,17,3,0,4,af812a7956b5bdd8,3.0,registered,3.0,10.961638972990729,200.0,220.0,0.0,110.0,0.0,reused_production_label,,,,,,,,
nw_retrain_0077_none_easy_seed20258521,easy,17,3,0,4,af812a7956b5bdd8,3.0,nominal_d_le_1,1.0,17.098280060034686,200.0,220.0,0.0,110.0,0.0,ok,6.602633428767965,0.0,1.1629142127293148,2.64123666647794,6.691495752059466,949102721.0,0.0,0.0
nw_retrain_0077_none_easy_seed20258521,easy,17,3,1,4,8d665bfb5ff5e719,3.0,registered,3.0,8.451242196302927,400.0,410.0,0.0142857142857142,210.0,0.0,reused_production_label,,,,,,,,
nw_retrain_0077_none_easy_seed20258521,easy,17,3,1,4,8d665bfb5ff5e719,3.0,nominal_d_le_1,1.0,8.69104586881863,200.0,220.0,0.009090909090909,110.0,0.0,ok,0.2308817635853994,0.0,0.5359466068209523,2.261435859940712,5.662781638471568,823593824.0,0.0,0.0
nw_retrain_0077_none_easy_seed20258521,easy,17,3,2,4,2f0092a1b1120e84,3.0,registered,3.0,8.372377421399342,400.0,410.0,0.0047619047619047,210.0,0.0,reused_production_label,,,,,,,,
nw_retrain_0077_none_easy_seed20258521,easy,17,3,2,4,2f0092a1b1120e84,3.0,nominal_d_le_1,1.0,16.379907240231304,200.0,220.0,0.0,110.0,0.0,ok,9.902574924762588,0.0,1.7192609456543242,2.6574166255565426,2.1006547442578483,1158754229.0,0.0,0.0
nw_retrain_0077_none_easy_seed20258521,easy,17,3,3,4,dcd913a37266b019,3.0,registered,3.0,2012.0529606038888,200.0,220.0,0.0,110.0,0.0,reused_production_label,,,,,,,,
nw_retrain_0077_none_easy_seed20258521,easy,17,3,3,4,dcd913a37266b019,3.0,nominal_d_le_1,1.0,6028.270386287942,200.0,220.0,0.0,110.0,0.0,ok,6023.321730858278,0.0,1.013297041000168,2.094750728022553,1.8406076606406077,780995375.0,0.0,0.0
nw_retrain_0077_none_easy_seed20258521,easy,4,4,0,6,9e60d62975aed7db,3.0,registered,3.0,35.321376057017275,200.0,220.0,0.0,110.0,0.0,reused_production_label,,,,,,,,
nw_retrain_0077_none_easy_seed20258521,easy,4,4,0,6,9e60d62975aed7db,3.0,nominal_d_le_1,1.0,100.44299656195686,200.0,220.0,0.0,110.0,0.0,ok,96.36033600963624,0.0,0.9436881269572456,2.660485971804465,0.4784864535589133,3828828300.0,0.0,0.0
nw_retrain_0077_none_easy_seed20258521,easy,4,4,1,6,2db3aee899df1209,3.0,registered,3.0,20.313290718188675,200.0,220.0,0.0,110.0,0.0,reused_production_label,,,,,,,,
nw_retrain_0077_none_easy_seed20258521,easy,4,4,1,6,2db3aee899df1209,3.0,nominal_d_le_1,1.0,27.92231069376451,200.0,220.0,0.0,110.0,0.0,ok,22.185644100264405,0.0,0.9436881269572456,3.021175013359146,1.771803453183716,1894256089.0,0.0,0.0
nw_retrain_0077_none_easy_seed20258521,easy,4,4,2,6,869e0518523c48ca,3.0,registered,3.0,1207.0735284409657,200.0,219.0,0.0,110.0,0.0,reused_production_label,,,,,,,,
nw_retrain_0077_none_easy_seed20258521,easy,4,4,2,6,869e0518523c48ca,3.0,nominal_d_le_1,1.0,3654.2637767624888,200.0,219.0,0.0,110.0,0.0,ok,3649.368476546238,0.0,0.9436881269572456,2.4944647470327395,1.4571473422608374,1966828569.0,0.0,0.0
nw_retrain_0077_none_easy_seed20258521,easy,4,4,3,6,73cc894e1727ae69,3.0,registered,3.0,1834.1039574406389,200.0,219.0,0.0,110.0,0.0,reused_production_label,,,,,,,,
nw_retrain_0077_none_easy_seed20258521,easy,4,4,3,6,73cc894e1727ae69,3.0,nominal_d_le_1,1.0,5490.492560465455,200.0,219.0,0.0,110.0,0.0,ok,5486.393638326941,0.0,0.9436881269572456,2.6113374807307066,0.5438965308261287,4257163741.0,0.0,0.0
nw_retrain_0099_vertically_overlapping_easy_seed20260677,easy,2,0,0,0,270fbb8ae3471439,3.0,registered,3.0,4.723931343338789,200.0,220.0,0.009090909090909,110.0,0.0,reused_production_label,,,,,,,,
nw_retrain_0099_vertically_overlapping_easy_seed20260677,easy,2,0,0,0,270fbb8ae3471439,3.0,nominal_d_le_1,1.0,18.805190661114565,200.0,220.0,0.0,110.0,0.0,ok,10.501106223443855,0.0,1.5239700629608377,3.101202839500336,3.678911535209533,663697102.0,0.0,0.0
nw_retrain_0099_vertically_overlapping_easy_seed20260677,easy,2,0,1,0,86bff60647a2401e,3.0,registered,3.0,15.38956649234896,200.0,220.0,0.0,110.0,0.0,reused_production_label,,,,,,,,
nw_retrain_0099_vertically_overlapping_easy_seed20260677,easy,2,0,1,0,86bff60647a2401e,3.0,nominal_d_le_1,1.0,29.38477786825876,200.0,220.0,0.0,110.0,0.0,ok,21.643447356982406,0.0,0.7288621471031075,2.468851997344052,4.543616366829191,3287424972.0,0.0,0.0
nw_retrain_0099_vertically_overlapping_easy_seed20260677,easy,2,0,2,0,ca86b15f50dca1cf,3.0,registered,3.0,14.514940314579048,200.0,220.0,0.0,110.0,0.0,reused_production_label,,,,,,,,
nw_retrain_0099_vertically_overlapping_easy_seed20260677,easy,2,0,2,0,ca86b15f50dca1cf,3.0,nominal_d_le_1,1.0,24.30699179206465,200.0,220.0,0.0,110.0,0.0,ok,10.406086642038694,0.0,1.3849783031293306,1.9682893248534945,10.54763752204313,4262894485.0,0.0,0.0
nw_retrain_0099_vertically_overlapping_easy_seed20260677,easy,2,0,3,0,efd5e7934f35d54d,3.0,registered,3.0,3845.919683047234,200.0,220.0,0.0,110.0,0.0,reused_production_label,,,,,,,,
nw_retrain_0099_vertically_overlapping_easy_seed20260677,easy,2,0,3,0,efd5e7934f35d54d,3.0,nominal_d_le_1,1.0,12274.589896707046,200.0,220.0,0.0,110.0,0.0,ok,11790.741242305829,0.0,1.8213816344288216,1.668043748726663,480.35922901806265,4056380254.0,0.0,0.0
nw_retrain_0099_vertically_overlapping_easy_seed20260677,easy,15,1,0,1,e4c41db51df0bdaa,3.0,registered,3.0,9.24247986879973,200.0,220.0,0.0,110.0,0.0,reused_production_label,,,,,,,,
nw_retrain_0099_vertically_overlapping_easy_seed20260677,easy,15,1,0,1,e4c41db51df0bdaa,3.0,nominal_d_le_1,1.0,17.602995829096013,200.0,220.0,0.0,110.0,0.0,ok,9.230547019489435,0.0,1.3055151115965875,2.865132444287948,4.201801253722043,3850116002.0,0.0,0.0
nw_retrain_0099_vertically_overlapping_easy_seed20260677,easy,15,1,1,1,fa855e247071945f,3.0,registered,3.0,4.489122859572671,200.0,220.0,0.009090909090909,110.0,0.0,reused_production_label,,,,,,,,
nw_retrain_0099_vertically_overlapping_easy_seed20260677,easy,15,1,1,1,fa855e247071945f,3.0,nominal_d_le_1,1.0,3.963882767526424,400.0,410.0,0.0,210.0,0.0,ok,0.3639442723938719,0.0,0.0,2.7597892783953184,0.8401492167372334,661131292.0,0.0,0.0
nw_retrain_0099_vertically_overlapping_easy_seed20260677,easy,15,1,2,1,05c49a05e3f681e6,3.0,registered,3.0,6916.090982402417,200.0,220.0,0.0,110.0,0.0,reused_production_label,,,,,,,,
nw_retrain_0099_vertically_overlapping_easy_seed20260677,easy,15,1,2,1,05c49a05e3f681e6,3.0,nominal_d_le_1,1.0,20739.466750752297,200.0,220.0,0.0,110.0,0.0,ok,20732.02154103184,0.0,1.056308768689642,2.0186593652838285,4.370241586486027,1127011963.0,0.0,0.0
nw_retrain_0099_vertically_overlapping_easy_seed20260677,easy,15,1,3,1,b120591c5b26d274,3.0,registered,3.0,3.4962925242004124,200.0,220.0,0.0,110.0,0.0,reused_production_label,,,,,,,,
nw_retrain_0099_vertically_overlapping_easy_seed20260677,easy,15,1,3,1,b120591c5b26d274,3.0,nominal_d_le_1,1.0,5.528544678815515,400.0,410.0,0.0,210.0,0.0,ok,3.849854764838719,0.0,0.0,1.6786899139767957,0.0,1768410878.0,0.0,0.0
nw_retrain_0099_vertically_overlapping_easy_seed20260677,easy,16,2,0,3,3af38b4a16783dfb,3.0,registered,3.0,6475.875981084703,200.0,220.0,0.0,110.0,0.0,reused_production_label,,,,,,,,
nw_retrain_0099_vertically_overlapping_easy_seed20260677,easy,16,2,0,3,3af38b4a16783dfb,3.0,nominal_d_le_1,1.0,19412.467514716183,200.0,220.0,0.0,110.0,0.0,ok,19402.793327845822,0.0,1.9228581008183496,1.926405573829248,5.824923195714696,806056771.0,0.0,0.0
nw_retrain_0099_vertically_overlapping_easy_seed20260677,easy,16,2,1,3,b22f665b252dd463,3.0,registered,3.0,6488.906200398413,200.0,220.0,0.0,110.0,0.0,reused_production_label,,,,,,,,
nw_retrain_0099_vertically_overlapping_easy_seed20260677,easy,16,2,1,3,b22f665b252dd463,3.0,nominal_d_le_1,1.0,19460.45984997103,200.0,220.0,0.0,110.0,0.0,ok,19454.414719902863,0.0,1.5268215963156824,2.1852646879103648,2.3330437839420184,662161111.0,0.0,0.0
nw_retrain_0099_vertically_overlapping_easy_seed20260677,easy,16,2,2,3,27416f90c4d9fb2b,3.0,registered,3.0,6396.342351652544,200.0,220.0,0.0,110.0,0.0,reused_production_label,,,,,,,,
nw_retrain_0099_vertically_overlapping_easy_seed20260677,easy,16,2,2,3,27416f90c4d9fb2b,3.0,nominal_d_le_1,1.0,19181.681050057246,200.0,220.0,0.0,110.0,0.0,ok,19177.008047607054,0.0,1.53218544806532,2.0,1.140817002125777,3721558106.0,0.0,0.0
nw_retrain_0099_vertically_overlapping_easy_seed20260677,easy,16,2,3,3,c3110f874029e000,3.0,registered,3.0,3196.462117702777,200.0,220.0,0.0,110.0,0.0,reused_production_label,,,,,,,,
nw_retrain_0099_vertically_overlapping_easy_seed20260677,easy,16,2,3,3,c3110f874029e000,3.0,nominal_d_le_1,1.0,12147.59109258714,200.0,220.0,0.0,110.0,0.0,ok,12140.007660868208,0.0,1.3183837332364812,1.923901879218615,4.341146106478736,3087478462.0,0.0,0.0
nw_retrain_0099_vertically_overlapping_easy_seed20260677,easy,1,3,0,5,db0338cd904afe71,3.0,registered,3.0,735.096568974887,200.0,220.0,0.0,110.0,0.0,reused_production_label,,,,,,,,
nw_retrain_0099_vertically_overlapping_easy_seed20260677,easy,1,3,0,5,db0338cd904afe71,3.0,nominal_d_le_1,1.0,2193.070715592187,200.0,220.0,0.0,110.0,0.0,ok,2177.511096723886,0.0,0.942453686426297,1.840521376913928,12.77664380496084,3177032932.0,0.0,0.0
nw_retrain_0099_vertically_overlapping_easy_seed20260677,easy,1,3,1,5,56ff62638b8d2319,3.0,registered,3.0,737.183137948614,200.0,220.0,0.0,110.0,0.0,reused_production_label,,,,,,,,
nw_retrain_0099_vertically_overlapping_easy_seed20260677,easy,1,3,1,5,56ff62638b8d2319,3.0,nominal_d_le_1,1.0,2193.36365279183,200.0,220.0,0.0,110.0,0.0,ok,2177.198186664569,0.5054658666209363,0.942453686426297,1.6864242140628036,13.031122360151429,938375734.0,0.0,0.0
nw_retrain_0099_vertically_overlapping_easy_seed20260677,easy,1,3,2,5,19a739d1451df229,3.0,registered,3.0,729.6945591717483,200.0,220.0,0.0,110.0,0.0,reused_production_label,,,,,,,,
nw_retrain_0099_vertically_overlapping_easy_seed20260677,easy,1,3,2,5,19a739d1451df229,3.0,nominal_d_le_1,1.0,2181.845886229339,200.0,220.0,0.0,110.0,0.0,ok,2177.226990586387,0.0,0.942453686426297,1.3106816944756188,2.365760262050681,2053601025.0,0.0,0.0
nw_retrain_0099_vertically_overlapping_easy_seed20260677,easy,1,3,3,5,808b1c4ddae2f466,3.0,registered,3.0,738.245255868293,200.0,220.0,0.0,110.0,0.0,reused_production_label,,,,,,,,
nw_retrain_0099_vertically_overlapping_easy_seed20260677,easy,1,3,3,5,808b1c4ddae2f466,3.0,nominal_d_le_1,1.0,2198.8644113948967,200.0,220.0,0.0,110.0,0.0,ok,2189.9287332899053,0.2700287478732516,1.0586365684605945,1.6769677252788888,5.93004506337864,1996751383.0,0.0,0.0
nw_retrain_0099_vertically_overlapping_easy_seed20260677,easy,10,4,0,6,02876f54d01b3ad7,3.0,registered,3.0,3995.3381953726594,200.0,220.0,0.0,110.0,0.0,reused_production_label,,,,,,,,
nw_retrain_0099_vertically_overlapping_easy_seed20260677,easy,10,4,0,6,02876f54d01b3ad7,3.0,nominal_d_le_1,1.0,11882.316434768636,200.0,220.0,0.0,110.0,0.0,ok,11829.467359093966,0.0,1.8129148998359004,1.7568185308271809,49.27934224400752,1013542195.0,0.0,0.0
nw_retrain_0099_vertically_overlapping_easy_seed20260677,easy,10,4,1,6,6165ea6157c52472,3.0,registered,3.0,3956.2348052265866,200.0,220.0,0.0,110.0,0.0,reused_production_label,,,,,,,,
nw_retrain_0099_vertically_overlapping_easy_seed20260677,easy,10,4,1,6,6165ea6157c52472,3.0,nominal_d_le_1,1.0,11793.25948312203,200.0,220.0,0.0,110.0,0.0,ok,11747.0150890206,0.0,1.8129148998359004,1.949097864436616,42.48238133715779,3612680088.0,0.0,0.0
nw_retrain_0099_vertically_overlapping_easy_seed20260677,easy,10,4,2,6,d300e5408e4a4f28,3.0,registered,3.0,3997.457359462072,200.0,220.0,0.0,110.0,0.0,reused_production_label,,,,,,,,
nw_retrain_0099_vertically_overlapping_easy_seed20260677,easy,10,4,2,6,d300e5408e4a4f28,3.0,nominal_d_le_1,1.0,11871.565875678696,200.0,220.0,0.0,110.0,0.0,ok,11761.536432747858,0.0,1.9952183030546449,1.8867172605207772,106.14750736726224,2239756778.0,0.0,0.0
nw_retrain_0099_vertically_overlapping_easy_seed20260677,easy,10,4,3,6,759d001eac78ff28,3.0,registered,3.0,4000.3818856477446,200.0,220.0,0.0,110.0,0.0,reused_production_label,,,,,,,,
nw_retrain_0099_vertically_overlapping_easy_seed20260677,easy,10,4,3,6,759d001eac78ff28,3.0,nominal_d_le_1,1.0,11846.691470113505,200.0,220.0,0.0,110.0,0.0,ok,11746.951738746578,0.0,1.9163293243783468,1.63498298973556,96.18841905281003,4285007639.0,0.0,0.0
nw_retrain_0119_converging_moderate_seed20262637,moderate,7,0,0,0,6692bc53f8b112c1,3.0,registered,3.0,22.44129336414958,200.0,220.0,0.0,110.0,0.0,reused_production_label,,,,,,,,
nw_retrain_0119_converging_moderate_seed20262637,moderate,7,0,0,0,6692bc53f8b112c1,3.0,nominal_d_le_1,1.0,124.5424270910076,200.0,220.0,0.0,110.0,0.0,ok,123.80230655016663,0.0,0.0,0.740120540840961,0.0,310466198.0,0.0,0.0
nw_retrain_0119_converging_moderate_seed20262637,moderate,7,0,1,0,54353be04ef4af16,3.0,registered,3.0,26.4742732328218,200.0,220.0,0.0,110.0,0.0,reused_production_label,,,,,,,,
nw_retrain_0119_converging_moderate_seed20262637,moderate,7,0,1,0,54353be04ef4af16,3.0,nominal_d_le_1,1.0,146.74643270440123,200.0,220.0,0.0,110.0,0.0,ok,134.85345425719044,0.0,0.6237246685844381,2.1983796348022624,9.070874143824112,579426372.0,0.0,0.0
nw_retrain_0119_converging_moderate_seed20262637,moderate,7,0,2,0,a1c2d20a608ecdf2,3.0,registered,3.0,5.072345832277472,200.0,220.0,0.0,110.0,0.0,reused_production_label,,,,,,,,
nw_retrain_0119_converging_moderate_seed20262637,moderate,7,0,2,0,a1c2d20a608ecdf2,3.0,nominal_d_le_1,1.0,15.683959774532472,200.0,220.0,0.0,110.0,0.0,ok,14.917419520122587,0.0,0.0,0.7665402544098854,0.0,3846167030.0,0.0,0.0
nw_retrain_0119_converging_moderate_seed20262637,moderate,7,0,3,0,b9cbc361818bb762,3.0,registered,3.0,496.62675570592506,200.0,220.0,0.0,110.0,0.0,reused_production_label,,,,,,,,
nw_retrain_0119_converging_moderate_seed20262637,moderate,7,0,3,0,b9cbc361818bb762,3.0,nominal_d_le_1,1.0,1287.878012346188,200.0,220.0,0.0,110.0,0.0,ok,1204.4704884217708,0.0,1.5476189623256014,2.1753296119118923,79.68457535017947,22779102.0,0.0,0.0
nw_retrain_0119_converging_moderate_seed20262637,moderate,18,1,0,1,b7637112b0e9150b,3.0,registered,3.0,3643.63337393548,200.0,220.0,0.0,110.0,0.0,reused_production_label,,,,,,,,
nw_retrain_0119_converging_moderate_seed20262637,moderate,18,1,0,1,b7637112b0e9150b,3.0,nominal_d_le_1,1.0,10919.93865813771,200.0,220.0,0.0,110.0,0.0,ok,10914.037328649849,0.0,1.715683715417968,1.7370679799564008,2.4485777924880843,3188006929.0,0.0,0.0
nw_retrain_0119_converging_moderate_seed20262637,moderate,18,1,1,1,c3e2021c9eb3015b,3.0,registered,3.0,4.895464243606863,200.0,220.0,0.0,110.0,0.0,reused_production_label,,,,,,,,
nw_retrain_0119_converging_moderate_seed20262637,moderate,18,1,1,1,c3e2021c9eb3015b,3.0,nominal_d_le_1,1.0,73.45166896903022,200.0,220.0,0.0,110.0,0.0,ok,60.097055576589966,0.0,1.674611875787311,1.988150557959638,9.691850958693308,802864794.0,0.0,0.0
nw_retrain_0119_converging_moderate_seed20262637,moderate,18,1,2,1,e8ca124d7dbaf5ca,3.0,registered,3.0,188.19038716324863,200.0,220.0,0.0,110.0,0.0,reused_production_label,,,,,,,,
nw_retrain_0119_converging_moderate_seed20262637,moderate,18,1,2,1,e8ca124d7dbaf5ca,3.0,nominal_d_le_1,1.0,175.92621499999214,200.0,220.0,0.0,110.0,0.0,ok,140.0366158721119,0.0,1.5926951312568418,2.536467524564503,31.7604364720589,2296006958.0,0.0,0.0
nw_retrain_0119_converging_moderate_seed20262637,moderate,18,1,3,1,a533cb4ce6ec505f,3.0,registered,3.0,18.036589799989123,200.0,220.0,0.0,110.0,0.0,reused_production_label,,,,,,,,
nw_retrain_0119_converging_moderate_seed20262637,moderate,18,1,3,1,a533cb4ce6ec505f,3.0,nominal_d_le_1,1.0,43.01405598969934,200.0,220.0,0.0,110.0,0.0,ok,37.161232748801005,0.0,0.8022267917072661,2.317239770503357,2.733356678687714,2240764508.0,0.0,0.0
nw_retrain_0119_converging_moderate_seed20262637,moderate,15,2,0,4,f1f2d1f8e22ae998,3.0,registered,3.0,1465.57792543678,200.0,220.0,0.0,110.0,0.0,reused_production_label,,,,,,,,
nw_retrain_0119_converging_moderate_seed20262637,moderate,15,2,0,4,f1f2d1f8e22ae998,3.0,nominal_d_le_1,1.0,4496.709761056903,200.0,220.0,0.0,110.0,0.0,ok,4211.039900422795,0.0,1.8760661210846423,2.1675856808840708,281.6262088321391,890816237.0,0.0,0.0
nw_retrain_0119_converging_moderate_seed20262637,moderate,15,2,1,4,9b14c0b51fdfb5c5,3.0,registered,3.0,5442.572260145123,200.0,220.0,0.0,110.0,0.0,reused_production_label,,,,,,,,
nw_retrain_0119_converging_moderate_seed20262637,moderate,15,2,1,4,9b14c0b51fdfb5c5,3.0,nominal_d_le_1,1.0,16319.375164529332,200.0,220.0,0.0,110.0,0.0,ok,16314.204358135332,0.0,1.7888390868548327,1.9050943818736044,1.4768729252717443,3980333887.0,0.0,0.0
nw_retrain_0119_converging_moderate_seed20262637,moderate,15,2,2,4,d15c883fbe08acd8,3.0,registered,3.0,2398.2077907010107,200.0,220.0,0.0,110.0,0.0,reused_production_label,,,,,,,,
nw_retrain_0119_converging_moderate_seed20262637,moderate,15,2,2,4,d15c883fbe08acd8,3.0,nominal_d_le_1,1.0,6078.417080646241,200.0,220.0,0.0,110.0,0.0,ok,6063.310273677772,0.0,1.524059417419512,2.239209695501907,11.343537855547709,4264516770.0,0.0,0.0
nw_retrain_0119_converging_moderate_seed20262637,moderate,15,2,3,4,5294ac7f361166a2,3.0,registered,3.0,1503.863164414862,200.0,220.0,0.0,110.0,0.0,reused_production_label,,,,,,,,
nw_retrain_0119_converging_moderate_seed20262637,moderate,15,2,3,4,5294ac7f361166a2,3.0,nominal_d_le_1,1.0,6221.298197778852,200.0,220.0,0.0,110.0,0.0,ok,6211.310986572333,0.0,1.1628783883551492,2.185216141659616,6.639116676504479,2442265667.0,0.0,0.0
nw_retrain_0119_converging_moderate_seed20262637,moderate,14,3,0,5,f8e6c84d7dc1d0d3,3.0,registered,3.0,8438.664812449086,200.0,220.0,0.0,110.0,0.0,reused_production_label,,,,,,,,
nw_retrain_0119_converging_moderate_seed20262637,moderate,14,3,0,5,f8e6c84d7dc1d0d3,3.0,nominal_d_le_1,1.0,25292.791550068923,200.0,220.0,0.0,110.0,0.0,ok,25278.977951810222,0.0,1.9733390657263288,2.02773553273215,9.812523660239473,3709943927.0,0.0,0.0
nw_retrain_0119_converging_moderate_seed20262637,moderate,14,3,1,5,0c69364c6a47ddc5,3.0,registered,3.0,8441.067141828567,200.0,220.0,0.0,110.0,0.0,reused_production_label,,,,,,,,
nw_retrain_0119_converging_moderate_seed20262637,moderate,14,3,1,5,0c69364c6a47ddc5,3.0,nominal_d_le_1,1.0,25293.720269042835,200.0,220.0,0.0,110.0,0.0,ok,25275.45622459769,0.0,1.9733390657263288,2.0022151464348665,14.28849023298384,681591744.0,0.0,0.0
nw_retrain_0119_converging_moderate_seed20262637,moderate,14,3,2,5,a9d63cb993a1c475,3.0,registered,3.0,8435.005294154516,200.0,220.0,0.0,110.0,0.0,reused_production_label,,,,,,,,
nw_retrain_0119_converging_moderate_seed20262637,moderate,14,3,2,5,a9d63cb993a1c475,3.0,nominal_d_le_1,1.0,25285.912552704136,200.0,220.0,0.0,110.0,0.0,ok,25275.360887824423,0.0,1.9733390657263288,1.6843831114413803,6.893942702541881,1995725982.0,0.0,0.0
nw_retrain_0119_converging_moderate_seed20262637,moderate,14,3,3,5,e3e3c6bd02432f67,3.0,registered,3.0,8473.028345918645,200.0,220.0,0.0,110.0,0.0,reused_production_label,,,,,,,,
nw_retrain_0119_converging_moderate_seed20262637,moderate,14,3,3,5,e3e3c6bd02432f67,3.0,nominal_d_le_1,1.0,25371.76980171436,200.0,220.0,0.0,110.0,0.0,ok,25347.11218369357,0.0,1.9733390657263288,1.7460146104148215,20.9382643446454,4013960509.0,0.0,0.0
nw_retrain_0119_converging_moderate_seed20262637,moderate,19,4,0,6,e02925304f131aa9,3.0,registered,3.0,4700.833229419098,200.0,220.0,0.0,110.0,0.0,reused_production_label,,,,,,,,
nw_retrain_0119_converging_moderate_seed20262637,moderate,19,4,0,6,e02925304f131aa9,3.0,nominal_d_le_1,1.0,14095.912926313107,200.0,220.0,0.0,110.0,0.0,ok,14068.375996725716,0.0,1.2550704683201976,1.8408894695502704,24.440969649521094,2789523921.0,0.0,0.0
nw_retrain_0119_converging_moderate_seed20262637,moderate,19,4,1,6,2f12d0eb59a5e64f,3.0,registered,3.0,4747.95291440403,200.0,220.0,0.0,110.0,0.0,reused_production_label,,,,,,,,
nw_retrain_0119_converging_moderate_seed20262637,moderate,19,4,1,6,2f12d0eb59a5e64f,3.0,nominal_d_le_1,1.0,14084.184381818972,200.0,220.0,0.0,110.0,0.0,ok,14059.918340861012,0.0,1.2550704683201976,1.8131313160441151,21.19783917359653,1766702444.0,0.0,0.0
nw_retrain_0119_converging_moderate_seed20262637,moderate,19,4,2,6,a92edec57bbc409c,3.0,registered,3.0,4800.166846143959,200.0,220.0,0.0,110.0,0.0,reused_production_label,,,,,,,,
nw_retrain_0119_converging_moderate_seed20262637,moderate,19,4,2,6,a92edec57bbc409c,3.0,nominal_d_le_1,1.0,14320.842881112874,200.0,220.0,0.0,110.0,0.0,ok,14280.014052453374,0.0,1.7337851481975797,1.6272425715309908,37.46780093977242,1750228246.0,0.0,0.0
nw_retrain_0119_converging_moderate_seed20262637,moderate,19,4,3,6,d8cbf86a562150ab,3.0,registered,3.0,4771.077259771279,200.0,220.0,0.0,110.0,0.0,reused_production_label,,,,,,,,
nw_retrain_0119_converging_moderate_seed20262637,moderate,19,4,3,6,d8cbf86a562150ab,3.0,nominal_d_le_1,1.0,14291.753294740196,200.0,220.0,0.0,110.0,0.0,ok,14280.014052453374,0.0,1.2550704683201976,1.443336545989755,9.040835272511194,3547854856.0,0.0,0.0
nw_retrain_0122_vertically_overlapping_easy_seed20262800,easy,3,0,0,0,6e87b9370b834aa0,3.0,registered,3.0,25.79152321900367,200.0,220.0,0.0,110.0,0.0,reused_production_label,,,,,,,,
nw_retrain_0122_vertically_overlapping_easy_seed20262800,easy,3,0,0,0,6e87b9370b834aa0,3.0,nominal_d_le_1,1.0,205.2072293497796,200.0,220.0,0.0,110.0,0.0,ok,198.88139792742464,0.0,0.7514844816852563,2.5968091954935537,2.977537745176145,3719443435.0,0.0,0.0
nw_retrain_0122_vertically_overlapping_easy_seed20262800,easy,3,0,1,0,86093254f9f982f7,3.0,registered,3.0,41.742091612668624,200.0,220.0,0.0,110.0,0.0,reused_production_label,,,,,,,,
nw_retrain_0122_vertically_overlapping_easy_seed20262800,easy,3,0,1,0,86093254f9f982f7,3.0,nominal_d_le_1,1.0,46.90354168690633,200.0,220.0,0.0,110.0,0.0,ok,44.951221559535206,0.0,0.0,1.885483651596984,0.0668364757741397,1017038619.0,0.0,0.0
nw_retrain_0122_vertically_overlapping_easy_seed20262800,easy,3,0,2,0,c72cd977815406e5,3.0,registered,3.0,1.0335507679085454,200.0,220.0,0.0,110.0,0.0,reused_production_label,,,,,,,,
nw_retrain_0122_vertically_overlapping_easy_seed20262800,easy,3,0,2,0,c72cd977815406e5,3.0,nominal_d_le_1,1.0,3.1633023285138244,200.0,220.0,0.0,110.0,0.0,ok,2.195879770314189,0.0,0.0,0.9513286477345796,0.0160939104650553,1480847820.0,0.0,0.0
nw_retrain_0122_vertically_overlapping_easy_seed20262800,easy,3,0,3,0,615356cb61b92576,3.0,registered,3.0,41.43017906966272,200.0,220.0,0.0,110.0,0.0,reused_production_label,,,,,,,,
nw_retrain_0122_vertically_overlapping_easy_seed20262800,easy,3,0,3,0,615356cb61b92576,3.0,nominal_d_le_1,1.0,24.247833239720677,200.0,220.0,0.0,110.0,0.0,ok,20.60783352562173,0.0,0.8639393738852249,2.419774942776702,0.356285397437021,1123234823.0,0.0,0.0
nw_retrain_0122_vertically_overlapping_easy_seed20262800,easy,4,1,0,2,cb8e118c52dd1f98,3.0,registered,3.0,12.264481099467366,200.0,220.0,0.0,110.0,0.0,reused_production_label,,,,,,,,
nw_retrain_0122_vertically_overlapping_easy_seed20262800,easy,4,1,0,2,cb8e118c52dd1f98,3.0,nominal_d_le_1,1.0,87.82324204868405,200.0,220.0,0.0,110.0,0.0,ok,82.47372683976582,0.0,1.1427938602865009,2.301055583982037,1.9056657646496973,1075888869.0,0.0,0.0
nw_retrain_0122_vertically_overlapping_easy_seed20262800,easy,4,1,1,2,31d04e25b68b7579,3.0,registered,3.0,14.196218697475066,200.0,220.0,0.0,110.0,0.0,reused_production_label,,,,,,,,
nw_retrain_0122_vertically_overlapping_easy_seed20262800,easy,4,1,1,2,31d04e25b68b7579,3.0,nominal_d_le_1,1.0,7.203935863994039,200.0,220.0,0.0,110.0,0.0,ok,3.222297822243552,0.0,1.149194441208134,2.601930279096167,0.2305133214461862,1507332007.0,0.0,0.0
nw_retrain_0122_vertically_overlapping_easy_seed20262800,easy,4,1,2,2,8886b78201853b61,3.0,registered,3.0,22.477812450109923,200.0,220.0,0.0,110.0,0.0,reused_production_label,,,,,,,,
nw_retrain_0122_vertically_overlapping_easy_seed20262800,easy,4,1,2,2,8886b78201853b61,3.0,nominal_d_le_1,1.0,63.80193067917784,200.0,220.0,0.0,110.0,0.0,ok,60.92108869578024,0.0,0.1250360606117208,2.60631772559946,0.1494881971864219,3000669572.0,0.0,0.0
nw_retrain_0122_vertically_overlapping_easy_seed20262800,easy,4,1,3,2,8ed42d55bb8c2368,3.0,registered,3.0,21.43150370212748,200.0,220.0,0.0,110.0,0.0,reused_production_label,,,,,,,,
nw_retrain_0122_vertically_overlapping_easy_seed20262800,easy,4,1,3,2,8ed42d55bb8c2368,3.0,nominal_d_le_1,1.0,21.656271820233133,200.0,220.0,0.0,110.0,0.0,ok,17.965216564723107,0.0,1.3083296536456592,2.172970232270658,0.2097553695937086,4247981246.0,0.0,0.0
nw_retrain_0122_vertically_overlapping_easy_seed20262800,easy,19,2,0,3,0cc3fc2614b8c6e6,3.0,registered,3.0,8684.863970388256,200.0,220.0,0.0,110.0,0.0,reused_production_label,,,,,,,,
nw_retrain_0122_vertically_overlapping_easy_seed20262800,easy,19,2,0,3,0cc3fc2614b8c6e6,3.0,nominal_d_le_1,1.0,26027.440919779343,200.0,220.0,0.0,110.0,0.0,ok,26019.03079826248,0.0,1.7077199599628354,2.115037439742154,4.58736411715939,3286140895.0,0.0,0.0
nw_retrain_0122_vertically_overlapping_easy_seed20262800,easy,19,2,1,3,56b89dd925db7d70,3.0,registered,3.0,2540.8387815824617,200.0,220.0,0.0,110.0,0.0,reused_production_label,,,,,,,,
nw_retrain_0122_vertically_overlapping_easy_seed20262800,easy,19,2,1,3,56b89dd925db7d70,3.0,nominal_d_le_1,1.0,6895.916361509699,200.0,220.0,0.0,110.0,0.0,ok,6781.120006685093,0.0,1.7077199599628354,2.2663009060102484,110.82233395863182,438990809.0,0.0,0.0
nw_retrain_0122_vertically_overlapping_easy_seed20262800,easy,19,2,2,3,6177b460f3a33cda,3.0,registered,3.0,3091.603316973127,200.0,220.0,0.0,110.0,0.0,reused_production_label,,,,,,,,
nw_retrain_0122_vertically_overlapping_easy_seed20262800,easy,19,2,2,3,6177b460f3a33cda,3.0,nominal_d_le_1,1.0,8233.657951322737,200.0,220.0,0.0,110.0,0.0,ok,8190.423940863007,0.0,1.7077199599628354,2.5973075552767684,38.92898294448958,1645824341.0,0.0,0.0
nw_retrain_0122_vertically_overlapping_easy_seed20262800,easy,19,2,3,3,959bd7c2c4c9072f,3.0,registered,3.0,8550.725325553076,200.0,220.0,0.0,110.0,0.0,reused_production_label,,,,,,,,
nw_retrain_0122_vertically_overlapping_easy_seed20262800,easy,19,2,3,3,959bd7c2c4c9072f,3.0,nominal_d_le_1,1.0,25645.67607577967,200.0,220.0,0.0,110.0,0.0,ok,25638.44514842585,0.0,1.7077199599628354,2.034163247640181,3.4890441462175388,2607794196.0,0.0,0.0
nw_retrain_0122_vertically_overlapping_easy_seed20262800,easy,15,3,0,4,5b0d13cd6ca1ab95,3.0,registered,3.0,16.495450025305306,200.0,220.0,0.0,110.0,0.0,reused_production_label,,,,,,,,
nw_retrain_0122_vertically_overlapping_easy_seed20262800,easy,15,3,0,4,5b0d13cd6ca1ab95,3.0,nominal_d_le_1,1.0,78.64471961796667,200.0,220.0,0.0,110.0,0.0,ok,73.97143332456437,0.0,1.5450874824391478,2.489368144089068,0.6388306668740819,3771986650.0,0.0,0.0
nw_retrain_0122_vertically_overlapping_easy_seed20262800,easy,15,3,1,4,1e9283263d938f66,3.0,registered,3.0,19.326556212871395,200.0,220.0,0.0,110.0,0.0,reused_production_label,,,,,,,,
nw_retrain_0122_vertically_overlapping_easy_seed20262800,easy,15,3,1,4,1e9283263d938f66,3.0,nominal_d_le_1,1.0,27.634400652943807,200.0,220.0,0.0,110.0,0.0,ok,24.38446651194168,0.0,0.5844135857440994,2.6488455370475585,0.0166750182104712,1007925627.0,0.0,0.0
nw_retrain_0122_vertically_overlapping_easy_seed20262800,easy,15,3,2,4,f0fda48e16ffb67a,3.0,registered,3.0,3.092339992271613,200.0,219.0,0.009090909090909,110.0,0.0,reused_production_label,,,,,,,,
nw_retrain_0122_vertically_overlapping_easy_seed20262800,easy,15,3,2,4,f0fda48e16ffb67a,3.0,nominal_d_le_1,1.0,3.092339977126019,200.0,219.0,0.009090909090909,110.0,0.0,ok,0.0,0.0,0.937598751383978,1.9963042297476212,0.15843699599442,4091575787.0,0.0,0.0
nw_retrain_0122_vertically_overlapping_easy_seed20262800,easy,15,3,3,4,e5a651a226741e83,3.0,registered,3.0,1952.43630225026,200.0,220.0,0.0,110.0,0.0,reused_production_label,,,,,,,,
nw_retrain_0122_vertically_overlapping_easy_seed20262800,easy,15,3,3,4,e5a651a226741e83,3.0,nominal_d_le_1,1.0,5851.822052088251,200.0,220.0,0.0,110.0,0.0,ok,5845.707172461328,0.4783885697165374,0.5990880424781709,2.536320789303853,2.5010822254257383,3125828593.0,0.0,0.0
nw_retrain_0122_vertically_overlapping_easy_seed20262800,easy,16,4,0,6,1fecccf0bd48349d,3.0,registered,3.0,11297.37413173031,200.0,220.0,0.0,110.0,0.0,reused_production_label,,,,,,,,
nw_retrain_0122_vertically_overlapping_easy_seed20262800,easy,16,4,0,6,1fecccf0bd48349d,3.0,nominal_d_le_1,1.0,33857.46765545508,200.0,220.0,0.0,110.0,0.0,ok,33839.14028558716,0.444186340980046,1.1604005974652676,1.823834073774642,14.898948855704017,4126609565.0,0.0,0.0
nw_retrain_0122_vertically_overlapping_easy_seed20262800,easy,16,4,1,6,d8eaa0dc4c03a849,3.0,registered,3.0,11291.584414189369,200.0,220.0,0.0,110.0,0.0,reused_production_label,,,,,,,,
nw_retrain_0122_vertically_overlapping_easy_seed20262800,easy,16,4,1,6,d8eaa0dc4c03a849,3.0,nominal_d_le_1,1.0,33851.677937914144,200.0,220.0,0.0,110.0,0.0,ok,33839.14028558716,0.444186340980046,1.1604005974652676,2.046189045204954,8.886876343332736,2857075515.0,0.0,0.0
nw_retrain_0122_vertically_overlapping_easy_seed20262800,easy,16,4,2,6,47b703e3f85e0451,3.0,registered,3.0,11294.74576834593,200.0,220.0,0.0,110.0,0.0,reused_production_label,,,,,,,,
nw_retrain_0122_vertically_overlapping_easy_seed20262800,easy,16,4,2,6,47b703e3f85e0451,3.0,nominal_d_le_1,1.0,33854.839292070705,200.0,220.0,0.0,110.0,0.0,ok,33839.14028558716,0.444186340980046,1.1604005974652676,1.8735817613560308,12.22083778374347,2227650983.0,0.0,0.0
nw_retrain_0122_vertically_overlapping_easy_seed20262800,easy,16,4,3,6,61a77e2e953545eb,3.0,registered,3.0,11303.14586831462,200.0,220.0,0.0,110.0,0.0,reused_production_label,,,,,,,,
nw_retrain_0122_vertically_overlapping_easy_seed20262800,easy,16,4,3,6,61a77e2e953545eb,3.0,nominal_d_le_1,1.0,33863.239392039395,200.0,220.0,0.0,110.0,0.0,ok,33839.14028558716,0.444186340980046,1.1604005974652676,1.994265857893429,20.50025365589621,3320554594.0,0.0,0.0
nw_retrain_0151_approximately_parallel_moderate_seed20265773,moderate,10,0,0,0,a31f4d2905807024,3.0,registered,3.0,9.981182601925177,200.0,220.0,0.0,110.0,0.0,reused_production_label,,,,,,,,
nw_retrain_0151_approximately_parallel_moderate_seed20265773,moderate,10,0,0,0,a31f4d2905807024,3.0,nominal_d_le_1,1.0,7.999215828710884,200.0,220.0,0.0,110.0,0.0,ok,3.14566845918642,0.0,0.4226396078484331,2.013230782116493,2.417676979559538,2196763530.0,0.0,0.0
nw_retrain_0151_approximately_parallel_moderate_seed20265773,moderate,10,0,1,0,1c46475552c9edba,3.0,registered,3.0,7600.596346687488,200.0,220.0,0.0,110.0,0.0,reused_production_label,,,,,,,,
nw_retrain_0151_approximately_parallel_moderate_seed20265773,moderate,10,0,1,0,1c46475552c9edba,3.0,nominal_d_le_1,1.0,22790.899412704475,200.0,220.0,0.0,110.0,0.0,ok,22780.44157528354,0.0,1.7037319764494938,1.8896315077721528,6.864473936710946,3616649314.0,0.0,0.0
nw_retrain_0151_approximately_parallel_moderate_seed20265773,moderate,10,0,2,0,880e9b24b99b3a7a,3.0,registered,3.0,16.333703839333108,200.0,220.0,0.0,110.0,0.0,reused_production_label,,,,,,,,
nw_retrain_0151_approximately_parallel_moderate_seed20265773,moderate,10,0,2,0,880e9b24b99b3a7a,3.0,nominal_d_le_1,1.0,12.004930514243055,200.0,220.0,0.0,110.0,0.0,ok,6.987547989268473,0.0,0.4510195656782813,2.5938228493956084,1.972540109900696,2157006744.0,0.0,0.0
nw_retrain_0151_approximately_parallel_moderate_seed20265773,moderate,10,0,3,0,d177a9b64921bb13,3.0,registered,3.0,10.63470756678408,200.0,220.0,0.0,110.0,0.0,reused_production_label,,,,,,,,
nw_retrain_0151_approximately_parallel_moderate_seed20265773,moderate,10,0,3,0,d177a9b64921bb13,3.0,nominal_d_le_1,1.0,53.785558269392126,200.0,220.0,0.0,110.0,0.0,ok,45.19039650255863,0.0,1.3952231447366248,2.216583490736096,4.983355131360772,3598381548.0,0.0,0.0
nw_retrain_0151_approximately_parallel_moderate_seed20265773,moderate,11,1,0,1,12e21774e1a24e85,3.0,registered,3.0,11.950771929444478,200.0,220.0,0.0,110.0,0.0,reused_production_label,,,,,,,,
nw_retrain_0151_approximately_parallel_moderate_seed20265773,moderate,11,1,0,1,12e21774e1a24e85,3.0,nominal_d_le_1,1.0,129.510759442224,200.0,220.0,0.0,110.0,0.0,ok,117.65498530635767,0.0,1.4100321814484835,1.871928245705072,8.573813708712755,575919630.0,0.0,0.0
nw_retrain_0151_approximately_parallel_moderate_seed20265773,moderate,11,1,1,1,3bb30c0bb1b68b28,3.0,registered,3.0,31.001160405930463,200.0,220.0,0.0,110.0,0.0,reused_production_label,,,,,,,,
nw_retrain_0151_approximately_parallel_moderate_seed20265773,moderate,11,1,1,1,3bb30c0bb1b68b28,3.0,nominal_d_le_1,1.0,83.07450057141213,200.0,220.0,0.0,110.0,0.0,ok,79.40148364032497,0.0,0.3048897346612864,2.338728270567824,1.0293989258580452,1541156448.0,0.0,0.0
nw_retrain_0151_approximately_parallel_moderate_seed20265773,moderate,11,1,2,1,5e3896dec31debbf,3.0,registered,3.0,16.504347963385783,200.0,220.0,0.0,110.0,0.0,reused_production_label,,,,,,,,
nw_retrain_0151_approximately_parallel_moderate_seed20265773,moderate,11,1,2,1,5e3896dec31debbf,3.0,nominal_d_le_1,1.0,37.005985752438605,200.0,220.0,0.0,110.0,0.0,ok,31.91587656704905,0.0,1.3224811858096637,2.3576285655767224,1.4099994340031614,580547127.0,0.0,0.0
nw_retrain_0151_approximately_parallel_moderate_seed20265773,moderate,11,1,3,1,5fbcdeced8829057,3.0,registered,3.0,247.01198904534863,200.0,220.0,0.0,110.0,0.0,reused_production_label,,,,,,,,
nw_retrain_0151_approximately_parallel_moderate_seed20265773,moderate,11,1,3,1,5fbcdeced8829057,3.0,nominal_d_le_1,1.0,164.49606833157247,200.0,220.0,0.0,110.0,0.0,ok,143.9804909980415,0.0,1.0722352534511856,2.195935276698969,17.2474068033808,2688484819.0,0.0,0.0
nw_retrain_0151_approximately_parallel_moderate_seed20265773,moderate,5,2,0,3,10ccd422468bb6ec,3.0,registered,3.0,1734.5241036177013,200.0,220.0,0.0,110.0,0.0,reused_production_label,,,,,,,,
nw_retrain_0151_approximately_parallel_moderate_seed20265773,moderate,5,2,0,3,10ccd422468bb6ec,3.0,nominal_d_le_1,1.0,5546.777430327882,200.0,220.0,0.0,110.0,0.0,ok,5526.483415537718,0.3328624596541701,1.5729506546722742,2.3687580333124667,16.019443642524482,1822480476.0,0.0,0.0
nw_retrain_0151_approximately_parallel_moderate_seed20265773,moderate,5,2,1,3,10f3c81a3af84352,3.0,registered,3.0,2878.9745168668533,200.0,220.0,0.0,110.0,0.0,reused_production_label,,,,,,,,
nw_retrain_0151_approximately_parallel_moderate_seed20265773,moderate,5,2,1,3,10f3c81a3af84352,3.0,nominal_d_le_1,1.0,8632.02962132982,200.0,220.0,0.0,110.0,0.0,ok,8628.521886255823,0.0,1.2798575993914998,1.798618533741505,0.4292589408642039,1916933415.0,0.0,0.0
nw_retrain_0151_approximately_parallel_moderate_seed20265773,moderate,5,2,2,3,be227bc3ad19d427,3.0,registered,3.0,2679.457193086132,200.0,220.0,0.0,110.0,0.0,reused_production_label,,,,,,,,
nw_retrain_0151_approximately_parallel_moderate_seed20265773,moderate,5,2,2,3,be227bc3ad19d427,3.0,nominal_d_le_1,1.0,8027.433792250952,200.0,220.0,0.0,110.0,0.0,ok,8020.516159393424,0.0,1.5322440378368138,2.4350412294166093,2.9503475902745646,2554348412.0,0.0,0.0
nw_retrain_0151_approximately_parallel_moderate_seed20265773,moderate,5,2,3,3,0497b4445deceecf,3.0,registered,3.0,529.9796103942625,200.0,220.0,0.0,110.0,0.0,reused_production_label,,,,,,,,
nw_retrain_0151_approximately_parallel_moderate_seed20265773,moderate,5,2,3,3,0497b4445deceecf,3.0,nominal_d_le_1,1.0,1044.8562088078288,200.0,220.0,0.0,110.0,0.0,ok,1002.6847465405664,0.0,1.763089343654758,2.4441842288110074,37.96418869479681,4291706172.0,0.0,0.0
nw_retrain_0151_approximately_parallel_moderate_seed20265773,moderate,0,3,0,5,07a4e1dca728b36f,3.0,registered,3.0,60.483872300411015,200.0,220.0,0.0,110.0,0.0,reused_production_label,,,,,,,,
nw_retrain_0151_approximately_parallel_moderate_seed20265773,moderate,0,3,0,5,07a4e1dca728b36f,3.0,nominal_d_le_1,1.0,179.40851898675746,200.0,220.0,0.0,110.0,0.0,ok,177.38697002951966,0.0,0.0,2.0215489572378,0.0,1003174205.0,0.0,0.0
nw_retrain_0151_approximately_parallel_moderate_seed20265773,moderate,0,3,1,5,d7116d1f51df3678,3.0,registered,3.0,2.1472241108198697,200.0,220.0,0.0,110.0,0.0,reused_production_label,,,,,,,,
nw_retrain_0151_approximately_parallel_moderate_seed20265773,moderate,0,3,1,5,d7116d1f51df3678,3.0,nominal_d_le_1,1.0,5.380363493165627,200.0,220.0,0.009090909090909,110.0,0.0,ok,0.0,0.0,1.6420693378895257,2.386334561626649,1.3519595936494524,3022186163.0,0.0,0.0
nw_retrain_0151_approximately_parallel_moderate_seed20265773,moderate,0,3,2,5,b6f85d68ebe8bf26,3.0,registered,3.0,55.01103027968957,200.0,212.0,0.0,110.0,0.0,reused_production_label,,,,,,,,
nw_retrain_0151_approximately_parallel_moderate_seed20265773,moderate,0,3,2,5,b6f85d68ebe8bf26,3.0,nominal_d_le_1,1.0,162.83811912219954,200.0,212.0,0.0,110.0,0.0,ok,160.74063326376498,0.0,0.0,2.097485858434572,0.0,1950077615.0,0.0,0.0
nw_retrain_0151_approximately_parallel_moderate_seed20265773,moderate,0,3,3,5,63be0ea0c101ff52,3.0,registered,3.0,19.16224529909749,200.0,220.0,0.0,110.0,0.0,reused_production_label,,,,,,,,
nw_retrain_0151_approximately_parallel_moderate_seed20265773,moderate,0,3,3,5,63be0ea0c101ff52,3.0,nominal_d_le_1,1.0,24.944615839982585,200.0,220.0,0.0,110.0,0.0,ok,19.037515368398875,0.0,1.6577944468904515,2.212206870271708,2.0370991544215493,2367290348.0,0.0,0.0
nw_retrain_0151_approximately_parallel_moderate_seed20265773,moderate,18,4,0,6,5c6e1f37b00ba4b1,3.0,registered,3.0,1748.2382695006688,200.0,206.0,0.0,110.0,0.0,reused_production_label,,,,,,,,
nw_retrain_0151_approximately_parallel_moderate_seed20265773,moderate,18,4,0,6,5c6e1f37b00ba4b1,3.0,nominal_d_le_1,1.0,5226.636491328306,200.0,206.0,0.0,110.0,0.0,ok,5217.756954680299,0.3064117342169186,1.393283248709379,2.658335050023924,4.521506615056929,251735826.0,0.0,0.0
nw_retrain_0151_approximately_parallel_moderate_seed20265773,moderate,18,4,1,6,c89c4ba3b4333528,3.0,registered,3.0,1746.3567502904718,200.0,206.0,0.0,110.0,0.0,reused_production_label,,,,,,,,
nw_retrain_0151_approximately_parallel_moderate_seed20265773,moderate,18,4,1,6,c89c4ba3b4333528,3.0,nominal_d_le_1,1.0,5227.099051244251,200.0,206.0,0.0,110.0,0.0,ok,5217.604106802493,0.3064117342169186,1.393283248709379,2.7583350500239243,5.0369144088082445,1419469224.0,0.0,0.0
nw_retrain_0151_approximately_parallel_moderate_seed20265773,moderate,18,4,2,6,2997107775fef743,3.0,registered,3.0,1748.5331754928338,200.0,220.0,0.0,110.0,0.0,reused_production_label,,,,,,,,
nw_retrain_0151_approximately_parallel_moderate_seed20265773,moderate,18,4,2,6,2997107775fef743,3.0,nominal_d_le_1,1.0,5237.189890038768,200.0,220.0,0.0,110.0,0.0,ok,5231.874775103132,0.3064117342169186,1.393283248709379,2.636480594114321,0.9789393585950888,610334028.0,0.0,0.0
nw_retrain_0151_approximately_parallel_moderate_seed20265773,moderate,18,4,3,6,e7cb39f19192ac83,3.0,registered,3.0,1753.502107012728,200.0,219.0,0.0,110.0,0.0,reused_production_label,,,,,,,,
nw_retrain_0151_approximately_parallel_moderate_seed20265773,moderate,18,4,3,6,e7cb39f19192ac83,3.0,nominal_d_le_1,1.0,5242.085290414817,200.0,219.0,0.0,110.0,0.0,ok,5231.874775103132,0.3064117342169186,1.7220220130989563,2.637577536827546,5.544504027540266,1132636874.0,0.0,0.0
nw_retrain_0158_vertically_overlapping_easy_seed20266328,easy,0,0,0,0,01a6cd55d483a59f,3.0,registered,3.0,6827.495506414077,200.0,220.0,0.0,110.0,0.0,reused_production_label,,,,,,,,
nw_retrain_0158_vertically_overlapping_easy_seed20266328,easy,0,0,0,0,01a6cd55d483a59f,3.0,nominal_d_le_1,1.0,20478.035221699727,200.0,220.0,0.0,110.0,0.0,ok,20474.809572928472,0.0,2.030037299769364,0.871946990986953,0.3236644804971744,3160567176.0,0.0,0.0
nw_retrain_0158_vertically_overlapping_easy_seed20266328,easy,0,0,1,0,4715b38bf11ffe13,3.0,registered,3.0,32.318093069400085,200.0,220.0,0.0,110.0,0.0,reused_production_label,,,,,,,,
nw_retrain_0158_vertically_overlapping_easy_seed20266328,easy,0,0,1,0,4715b38bf11ffe13,3.0,nominal_d_le_1,1.0,75.86057647583044,200.0,220.0,0.0,110.0,0.0,ok,19.411626705557275,0.0,1.224779997298036,2.6136683281245308,52.610501444850605,3611250980.0,0.0,0.0
nw_retrain_0158_vertically_overlapping_easy_seed20266328,easy,0,0,2,0,2754a1ebf8937df2,3.0,registered,3.0,37.07916990147631,200.0,220.0,0.0,110.0,0.0,reused_production_label,,,,,,,,
nw_retrain_0158_vertically_overlapping_easy_seed20266328,easy,0,0,2,0,2754a1ebf8937df2,3.0,nominal_d_le_1,1.0,145.03052080038594,200.0,220.0,0.0,110.0,0.0,ok,126.18532604312134,0.0,1.0506448785511608,1.8873287173491533,15.907221161364268,2255357056.0,0.0,0.0
nw_retrain_0158_vertically_overlapping_easy_seed20266328,easy,0,0,3,0,933f3a0057934d19,3.0,registered,3.0,7.806767852363529,200.0,220.0,0.0,110.0,0.0,reused_production_label,,,,,,,,
nw_retrain_0158_vertically_overlapping_easy_seed20266328,easy,0,0,3,0,933f3a0057934d19,3.0,nominal_d_le_1,1.0,343.6557477781101,200.0,220.0,0.0,110.0,0.0,ok,336.66047496019127,0.0,1.440456454951483,2.269870358956881,3.28494600401046,1154189312.0,0.0,0.0
nw_retrain_0158_vertically_overlapping_easy_seed20266328,easy,12,1,0,0,26e25e37f68a02ca,3.0,registered,3.0,8.995941966671072,200.0,220.0,0.0,110.0,0.0,reused_production_label,,,,,,,,
nw_retrain_0158_vertically_overlapping_easy_seed20266328,easy,12,1,0,0,26e25e37f68a02ca,3.0,nominal_d_le_1,1.0,89.58392491071655,200.0,220.0,0.0,110.0,0.0,ok,84.9906644839373,0.0,0.9232198193238011,2.1731549748123884,1.4968856326430586,2414839380.0,0.0,0.0
nw_retrain_0158_vertically_overlapping_easy_seed20266328,easy,12,1,1,0,27f8f2fc6e03a692,3.0,registered,3.0,50.24926181851159,200.0,220.0,0.0,110.0,0.0,reused_production_label,,,,,,,,
nw_retrain_0158_vertically_overlapping_easy_seed20266328,easy,12,1,1,0,27f8f2fc6e03a692,3.0,nominal_d_le_1,1.0,73.41802262492621,200.0,220.0,0.0,110.0,0.0,ok,59.988548324791296,0.0,1.688860878177307,2.028756723215761,9.711856698741842,1329130404.0,0.0,0.0
nw_retrain_0158_vertically_overlapping_easy_seed20266328,easy,12,1,2,0,ab7b033efe01f43a,3.0,registered,3.0,2.149522419373785,200.0,220.0,0.0,110.0,0.0,reused_production_label,,,,,,,,
nw_retrain_0158_vertically_overlapping_easy_seed20266328,easy,12,1,2,0,ab7b033efe01f43a,3.0,nominal_d_le_1,1.0,6.591228077126293,200.0,220.0,0.0,110.0,0.0,ok,5.662558448711602,0.0,0.0,0.9286696284146908,0.0,1558424001.0,0.0,0.0
nw_retrain_0158_vertically_overlapping_easy_seed20266328,easy,12,1,3,0,11d9c1f1050b864d,3.0,registered,3.0,6729.847470502795,200.0,220.0,0.0,110.0,0.0,reused_production_label,,,,,,,,
nw_retrain_0158_vertically_overlapping_easy_seed20266328,easy,12,1,3,0,11d9c1f1050b864d,3.0,nominal_d_le_1,1.0,20130.038931466857,200.0,220.0,0.0,110.0,0.0,ok,20123.56847088444,0.0,1.7416290405182913,1.7063248580402035,3.0225066838581203,325290523.0,0.0,0.0
nw_retrain_0158_vertically_overlapping_easy_seed20266328,easy,15,2,0,2,e23c1f3b50d514f5,3.0,registered,3.0,32.48761902884481,200.0,220.0,0.0,110.0,0.0,reused_production_label,,,,,,,,
nw_retrain_0158_vertically_overlapping_easy_seed20266328,easy,15,2,0,2,e23c1f3b50d514f5,3.0,nominal_d_le_1,1.0,49.680123148279584,200.0,220.0,0.0,110.0,0.0,ok,43.70700241204175,0.0,0.951266367627566,2.14584029976099,2.8760140688492783,2371138809.0,0.0,0.0
nw_retrain_0158_vertically_overlapping_easy_seed20266328,easy,15,2,1,2,d269f77634c9c453,3.0,registered,3.0,33.220823338435856,200.0,220.0,0.0,110.0,0.0,reused_production_label,,,,,,,,
nw_retrain_0158_vertically_overlapping_easy_seed20266328,easy,15,2,1,2,d269f77634c9c453,3.0,nominal_d_le_1,1.0,110.7378322781538,200.0,220.0,0.0,110.0,0.0,ok,103.12993140360732,0.0,1.5393865269452105,2.2819909681722166,3.786523379429063,4291852602.0,0.0,0.0
nw_retrain_0158_vertically_overlapping_easy_seed20266328,easy,15,2,2,2,0b9ecd2d83602651,3.0,registered,3.0,2285.307622467468,200.0,220.0,0.0,110.0,0.0,reused_production_label,,,,,,,,
nw_retrain_0158_vertically_overlapping_easy_seed20266328,easy,15,2,2,2,0b9ecd2d83602651,3.0,nominal_d_le_1,1.0,6838.516690148187,200.0,220.0,0.0,110.0,0.0,ok,6833.487118826568,0.0,1.527328727766917,1.8310813811142967,1.6711612127386015,3853783035.0,0.0,0.0
nw_retrain_0158_vertically_overlapping_easy_seed20266328,easy,15,2,3,2,9e4d4c31fd653373,3.0,registered,3.0,2511.744836579004,200.0,220.0,0.0,110.0,0.0,reused_production_label,,,,,,,,
nw_retrain_0158_vertically_overlapping_easy_seed20266328,easy,15,2,3,2,9e4d4c31fd653373,3.0,nominal_d_le_1,1.0,7533.152214827598,200.0,220.0,0.0,110.0,0.0,ok,7531.111067372893,0.0,0.47859688548202,1.2709339286042705,0.2916166406196794,207858336.0,0.0,0.0
nw_retrain_0158_vertically_overlapping_easy_seed20266328,easy,13,3,0,3,9efd6ee31f33d069,3.0,registered,3.0,1543.421396607048,200.0,220.0,0.0,110.0,0.0,reused_production_label,,,,,,,,
nw_retrain_0158_vertically_overlapping_easy_seed20266328,easy,13,3,0,3,9efd6ee31f33d069,3.0,nominal_d_le_1,1.0,3325.7707290785693,200.0,220.0,0.0,110.0,0.0,ok,3271.7046030947963,0.0,1.537285522004871,2.3819970816825355,50.14684338008549,3641674121.0,0.0,0.0
nw_retrain_0158_vertically_overlapping_easy_seed20266328,easy,13,3,1,3,cf212c8cbcb86808,3.0,registered,3.0,1061.611088098944,200.0,220.0,0.0,110.0,0.0,reused_production_label,,,,,,,,
nw_retrain_0158_vertically_overlapping_easy_seed20266328,easy,13,3,1,3,cf212c8cbcb86808,3.0,nominal_d_le_1,1.0,2297.597830588517,200.0,220.0,0.0,110.0,0.0,ok,2164.109710968544,0.0,1.335678418492262,2.261383691925073,129.89105750955608,2261102967.0,0.0,0.0
nw_retrain_0158_vertically_overlapping_easy_seed20266328,easy,13,3,2,3,e6bea326c939d30a,3.0,registered,3.0,1235.928882780613,200.0,220.0,0.0,110.0,0.0,reused_production_label,,,,,,,,
nw_retrain_0158_vertically_overlapping_easy_seed20266328,easy,13,3,2,3,e6bea326c939d30a,3.0,nominal_d_le_1,1.0,4433.0634391855565,200.0,220.0,0.0,110.0,0.0,ok,4407.867259584768,0.0,1.5278428079242232,2.22667567910229,21.44166111376104,1731846396.0,0.0,0.0
nw_retrain_0158_vertically_overlapping_easy_seed20266328,easy,13,3,3,3,0960933d38fc0cda,3.0,registered,3.0,3262.839846017873,200.0,220.0,0.0,110.0,0.0,reused_production_label,,,,,,,,
nw_retrain_0158_vertically_overlapping_easy_seed20266328,easy,13,3,3,3,0960933d38fc0cda,3.0,nominal_d_le_1,1.0,9757.943601556934,200.0,220.0,0.0,110.0,0.0,ok,9751.637133675384,0.0,1.335678418492262,2.139947173461814,2.830842289595381,225578891.0,0.0,0.0
nw_retrain_0158_vertically_overlapping_easy_seed20266328,easy,18,4,0,5,37b669d44fd4a484,3.0,registered,3.0,5779.479716334162,200.0,220.0,0.0,110.0,0.0,reused_production_label,,,,,,,,
nw_retrain_0158_vertically_overlapping_easy_seed20266328,easy,18,4,0,5,37b669d44fd4a484,3.0,nominal_d_le_1,1.0,17192.882761085966,200.0,220.0,0.0,110.0,0.0,ok,17128.7723867498,0.0,1.7193881690773754,1.8899203212672504,60.50106584582411,1734829756.0,0.0,0.0
nw_retrain_0158_vertically_overlapping_easy_seed20266328,easy,18,4,1,5,b878fbced5e12817,3.0,registered,3.0,5733.488970733345,200.0,220.0,0.0,110.0,0.0,reused_production_label,,,,,,,,
nw_retrain_0158_vertically_overlapping_easy_seed20266328,easy,18,4,1,5,b878fbced5e12817,3.0,nominal_d_le_1,1.0,17016.670444900148,200.0,220.0,0.0,110.0,0.0,ok,16994.750070860722,0.0,1.0084537450293771,1.6762084341518162,19.23571186024308,1971717137.0,0.0,0.0
nw_retrain_0158_vertically_overlapping_easy_seed20266328,easy,18,4,2,5,b17791f3be415bd3,3.0,registered,3.0,5777.849231373805,200.0,220.0,0.0,110.0,0.0,reused_production_label,,,,,,,,
nw_retrain_0158_vertically_overlapping_easy_seed20266328,easy,18,4,2,5,b17791f3be415bd3,3.0,nominal_d_le_1,1.0,17286.888431617997,200.0,220.0,0.0,110.0,0.0,ok,17268.84500913075,0.0,1.0084537450293771,1.8166137823823632,15.21835495983568,17688921.0,0.0,0.0
nw_retrain_0158_vertically_overlapping_easy_seed20266328,easy,18,4,3,5,b3af913176fc0194,3.0,registered,3.0,5701.447942558934,200.0,220.0,0.0,110.0,0.0,reused_production_label,,,,,,,,
nw_retrain_0158_vertically_overlapping_easy_seed20266328,easy,18,4,3,5,b3af913176fc0194,3.0,nominal_d_le_1,1.0,17164.461077226333,200.0,220.0,0.0,110.0,0.0,ok,17152.450796208337,0.0,1.0084537450293771,1.9079620753231388,9.093865197643924,1659581872.0,0.0,0.0
nw_retrain_0175_vertically_overlapping_easy_seed20267994,easy,0,0,0,0,c5afdc4abde96328,3.0,registered,3.0,82.12448514843342,200.0,220.0,0.0,110.0,0.0,reused_production_label,,,,,,,,
nw_retrain_0175_vertically_overlapping_easy_seed20267994,easy,0,0,0,0,c5afdc4abde96328,3.0,nominal_d_le_1,1.0,86.60751478552008,200.0,220.0,0.0,110.0,0.0,ok,80.32904529983492,0.0,0.6737276550610835,2.884700267331071,2.720041563293011,949827860.0,0.0,0.0
nw_retrain_0175_vertically_overlapping_easy_seed20267994,easy,0,0,1,0,ece94a440a994ff0,3.0,registered,3.0,7.459928789457244,200.0,220.0,0.0,110.0,0.0,reused_production_label,,,,,,,,
nw_retrain_0175_vertically_overlapping_easy_seed20267994,easy,0,0,1,0,ece94a440a994ff0,3.0,nominal_d_le_1,1.0,22.03846194787152,200.0,220.0,0.0,110.0,0.0,ok,20.867798972328828,0.0,0.0,1.0103265859868586,0.1603363895558291,1991117534.0,0.0,0.0
nw_retrain_0175_vertically_overlapping_easy_seed20267994,easy,0,0,2,0,28ca4fdd65def095,3.0,registered,3.0,5876.754059967622,200.0,220.0,0.0,110.0,0.0,reused_production_label,,,,,,,,
nw_retrain_0175_vertically_overlapping_easy_seed20267994,easy,0,0,2,0,28ca4fdd65def095,3.0,nominal_d_le_1,1.0,17598.154521435707,200.0,220.0,0.0,110.0,0.0,ok,17552.24942269256,0.0,1.918267844244853,1.9010852342844529,42.08574566461752,2179922301.0,0.0,0.0
nw_retrain_0175_vertically_overlapping_easy_seed20267994,easy,0,0,3,0,7f4677953f21e6be,3.0,registered,3.0,158.8102535426228,200.0,220.0,0.0,110.0,0.0,reused_production_label,,,,,,,,
nw_retrain_0175_vertically_overlapping_easy_seed20267994,easy,0,0,3,0,7f4677953f21e6be,3.0,nominal_d_le_1,1.0,130.04611955535765,200.0,220.0,0.0,110.0,0.0,ok,104.83293141070077,0.0,1.408814376544255,2.4814963394044898,21.32287742870816,813001067.0,0.0,0.0
nw_retrain_0175_vertically_overlapping_easy_seed20267994,easy,14,1,0,0,c864f2910f3dface,3.0,registered,3.0,106.73811576858472,200.0,220.0,0.0,110.0,0.0,reused_production_label,,,,,,,,
nw_retrain_0175_vertically_overlapping_easy_seed20267994,easy,14,1,0,0,c864f2910f3dface,3.0,nominal_d_le_1,1.0,63.9625605634471,200.0,220.0,0.0,110.0,0.0,ok,50.24228019407795,0.0,0.9945469508348024,2.27707081070518,10.448662607829162,2582761883.0,0.0,0.0
nw_retrain_0175_vertically_overlapping_easy_seed20267994,easy,14,1,1,0,f75346f497891f81,3.0,registered,3.0,82.3946875014852,200.0,220.0,0.0,110.0,0.0,reused_production_label,,,,,,,,
nw_retrain_0175_vertically_overlapping_easy_seed20267994,easy,14,1,1,0,f75346f497891f81,3.0,nominal_d_le_1,1.0,296.8006571625844,200.0,220.0,0.0,110.0,0.0,ok,281.4334612440565,0.0,1.2110047160248516,1.88659012230509,12.26960108019798,1316981750.0,0.0,0.0
nw_retrain_0175_vertically_overlapping_easy_seed20267994,easy,14,1,2,0,26641ff1155ad62e,3.0,registered,3.0,5851.497934169173,200.0,220.0,0.0,110.0,0.0,reused_production_label,,,,,,,,
nw_retrain_0175_vertically_overlapping_easy_seed20267994,easy,14,1,2,0,26641ff1155ad62e,3.0,nominal_d_le_1,1.0,17551.215739655156,200.0,220.0,0.0,110.0,0.0,ok,17543.780600736605,0.0,1.5617617759853646,1.834125041035344,4.039252101530931,2613300648.0,0.0,0.0
nw_retrain_0175_vertically_overlapping_easy_seed20267994,easy,14,1,3,0,5fc2b206569b01c0,3.0,registered,3.0,80.21023599532751,200.0,220.0,0.0,110.0,0.0,reused_production_label,,,,,,,,
nw_retrain_0175_vertically_overlapping_easy_seed20267994,easy,14,1,3,0,5fc2b206569b01c0,3.0,nominal_d_le_1,1.0,216.4426835528976,200.0,220.0,0.0,110.0,0.0,ok,207.5848937260443,0.0,1.7390307931305096,1.8683562264735631,5.250402807249188,3691946921.0,0.0,0.0
nw_retrain_0175_vertically_overlapping_easy_seed20267994,easy,17,2,0,1,3f8cb0c1c852f696,3.0,registered,3.0,53.97673867016478,200.0,220.0,0.0,110.0,0.0,reused_production_label,,,,,,,,
nw_retrain_0175_vertically_overlapping_easy_seed20267994,easy,17,2,0,1,3f8cb0c1c852f696,3.0,nominal_d_le_1,1.0,221.96998420079424,200.0,220.0,0.0,110.0,0.0,ok,216.06589444029945,0.0,1.0351467760276003,2.005307791630321,2.8636351928368566,507432133.0,0.0,0.0
nw_retrain_0175_vertically_overlapping_easy_seed20267994,easy,17,2,1,1,b6b7091bf6332504,3.0,registered,3.0,244.9712463341185,200.0,220.0,0.0,110.0,0.0,reused_production_label,,,,,,,,
nw_retrain_0175_vertically_overlapping_easy_seed20267994,easy,17,2,1,1,b6b7091bf6332504,3.0,nominal_d_le_1,1.0,557.9871831786638,200.0,220.0,0.0,110.0,0.0,ok,458.0642596079253,0.0,1.7055667574633933,2.3579511394573163,95.85940567381796,1815361177.0,0.0,0.0
nw_retrain_0175_vertically_overlapping_easy_seed20267994,easy,17,2,2,1,64c7081723eaa1c9,3.0,registered,3.0,25.503348189047205,200.0,220.0,0.0,110.0,0.0,reused_production_label,,,,,,,,
nw_retrain_0175_vertically_overlapping_easy_seed20267994,easy,17,2,2,1,64c7081723eaa1c9,3.0,nominal_d_le_1,1.0,255.78373512321872,200.0,220.0,0.0,110.0,0.0,ok,250.86304640070992,0.0,1.3836165237659264,2.00365403360985,1.5334181651330194,1770748173.0,0.0,0.0
nw_retrain_0175_vertically_overlapping_easy_seed20267994,easy,17,2,3,1,3639694061151e7e,3.0,registered,3.0,73.79314771433876,200.0,220.0,0.0,110.0,0.0,reused_production_label,,,,,,,,
nw_retrain_0175_vertically_overlapping_easy_seed20267994,easy,17,2,3,1,3639694061151e7e,3.0,nominal_d_le_1,1.0,76.77984209566215,200.0,220.0,0.0,110.0,0.0,ok,67.34878610559184,0.0,1.7311101891100134,2.068132424396764,5.631813376563524,3360796019.0,0.0,0.0
nw_retrain_0175_vertically_overlapping_easy_seed20267994,easy,16,3,0,3,12065a31c2a546bc,3.0,registered,3.0,740.490750696618,200.0,220.0,0.0,110.0,0.0,reused_production_label,,,,,,,,
nw_retrain_0175_vertically_overlapping_easy_seed20267994,easy,16,3,0,3,12065a31c2a546bc,3.0,nominal_d_le_1,1.0,2241.8890418861984,200.0,220.0,0.0,110.0,0.0,ok,2218.267967333817,0.0,1.910985251964888,2.853344167055708,18.85674513336025,1421105904.0,0.0,0.0
nw_retrain_0175_vertically_overlapping_easy_seed20267994,easy,16,3,1,3,bf4d69f4bb1df8dd,3.0,registered,3.0,62.75899655629322,200.0,220.0,0.0,110.0,0.0,reused_production_label,,,,,,,,
nw_retrain_0175_vertically_overlapping_easy_seed20267994,easy,16,3,1,3,bf4d69f4bb1df8dd,3.0,nominal_d_le_1,1.0,109.41896693398752,200.0,220.0,0.0,110.0,0.0,ok,70.67298528484571,0.0,1.6554521044539887,2.888191955752535,34.20233758893531,3085169554.0,0.0,0.0
nw_retrain_0175_vertically_overlapping_easy_seed20267994,easy,16,3,2,3,a1b646096b054ae5,3.0,registered,3.0,31.570726449429515,200.0,220.0,0.0,110.0,0.0,reused_production_label,,,,,,,,
nw_retrain_0175_vertically_overlapping_easy_seed20267994,easy,16,3,2,3,a1b646096b054ae5,3.0,nominal_d_le_1,1.0,18.77218410660005,200.0,220.0,0.0,110.0,0.0,ok,9.049018829360865,0.0,1.3424819807957658,2.893452786734224,5.487230509709195,56214194.0,0.0,0.0
nw_retrain_0175_vertically_overlapping_easy_seed20267994,easy,16,3,3,3,137e19992d448d04,3.0,registered,3.0,24.876904068613623,200.0,220.0,0.0,110.0,0.0,reused_production_label,,,,,,,,
nw_retrain_0175_vertically_overlapping_easy_seed20267994,easy,16,3,3,3,137e19992d448d04,3.0,nominal_d_le_1,1.0,73.84870611505742,200.0,220.0,0.0,110.0,0.0,ok,71.72938394857803,0.0,0.0,1.90542112623341,0.2139010402459912,2245093333.0,0.0,0.0
nw_retrain_0175_vertically_overlapping_easy_seed20267994,easy,19,4,0,6,e9f8aa0d1c706fa9,3.0,registered,3.0,255.26786085094844,400.0,410.0,0.0,210.0,0.0,reused_production_label,,,,,,,,
nw_retrain_0175_vertically_overlapping_easy_seed20267994,easy,19,4,0,6,e9f8aa0d1c706fa9,3.0,nominal_d_le_1,1.0,763.6053557280577,400.0,410.0,0.0,210.0,0.0,ok,761.5935261479942,0.0,0.0,1.992519787805932,0.0193097922575952,3063345193.0,0.0,0.0
nw_retrain_0175_vertically_overlapping_easy_seed20267994,easy,19,4,1,6,5c5018d89821054c,3.0,registered,3.0,756.0530346631155,200.0,220.0,0.0,110.0,0.0,reused_production_label,,,,,,,,
nw_retrain_0175_vertically_overlapping_easy_seed20267994,easy,19,4,1,6,5c5018d89821054c,3.0,nominal_d_le_1,1.0,2264.9873458041047,200.0,220.0,0.0,110.0,0.0,ok,2262.401466711484,0.0,0.613794281422343,1.7518961611983292,0.2201886500002129,4030046997.0,0.0,0.0
nw_retrain_0175_vertically_overlapping_easy_seed20267994,easy,19,4,2,6,8f26449901401093,3.0,registered,3.0,255.1889045388189,400.0,410.0,0.0,210.0,0.0,reused_production_label,,,,,,,,
nw_retrain_0175_vertically_overlapping_easy_seed20267994,easy,19,4,2,6,8f26449901401093,3.0,nominal_d_le_1,1.0,763.5993582389021,400.0,410.0,0.0,210.0,0.0,ok,761.5935261479942,0.0,0.0,1.9885669129287773,0.0172651779791035,589283045.0,0.0,0.0
nw_retrain_0175_vertically_overlapping_easy_seed20267994,easy,19,4,3,6,bf4525ee269338d9,3.0,registered,3.0,255.3929932919196,400.0,410.0,0.0,210.0,0.0,reused_production_label,,,,,,,,
nw_retrain_0175_vertically_overlapping_easy_seed20267994,easy,19,4,3,6,bf4525ee269338d9,3.0,nominal_d_le_1,1.0,763.7886773905825,400.0,410.0,0.0,210.0,0.0,ok,761.5935261479942,0.0,0.0,2.141234997087353,0.053916245500845,660669402.0,0.0,0.0
nw_retrain_0187_vertically_overlapping_easy_seed20269170,easy,17,0,0,0,bc48398d8caf8855,3.0,registered,3.0,6.330690480427301,200.0,220.0,0.0,110.0,0.0,reused_production_label,,,,,,,,
nw_retrain_0187_vertically_overlapping_easy_seed20269170,easy,17,0,0,0,bc48398d8caf8855,3.0,nominal_d_le_1,1.0,17.236170069467434,200.0,220.0,0.0,110.0,0.0,ok,10.136626457276927,0.0,1.7421836702788027,2.1105175723618426,3.2468423695498623,569546070.0,0.0,0.0
nw_retrain_0187_vertically_overlapping_easy_seed20269170,easy,17,0,1,0,9b6b782314c7e6e1,3.0,registered,3.0,0.6367943353768256,400.0,410.0,0.0047619047619047,210.0,1.0,reused_production_label,,,,,,,,
nw_retrain_0187_vertically_overlapping_easy_seed20269170,easy,17,0,1,0,9b6b782314c7e6e1,3.0,nominal_d_le_1,1.0,30.51887815885528,200.0,220.0,0.0,110.0,0.0,ok,25.646250032421364,0.0,1.9120600560435976,2.469142024655491,0.4914260457348304,3755143643.0,0.0,0.0
nw_retrain_0187_vertically_overlapping_easy_seed20269170,easy,17,0,2,0,de625c10964bcd3b,3.0,registered,3.0,7.024981418665679,200.0,220.0,0.0,110.0,0.0,reused_production_label,,,,,,,,
nw_retrain_0187_vertically_overlapping_easy_seed20269170,easy,17,0,2,0,de625c10964bcd3b,3.0,nominal_d_le_1,1.0,24.336335791979437,200.0,220.0,0.0,110.0,0.0,ok,20.25417482942907,0.0,1.802614383721708,2.2556211728595343,0.0239254059691239,2122302074.0,0.0,0.0
nw_retrain_0187_vertically_overlapping_easy_seed20269170,easy,17,0,3,0,a921497d6c1e7d25,3.0,registered,3.0,0.4633699901451319,400.0,410.0,0.0047619047619047,210.0,0.0,reused_production_label,,,,,,,,
nw_retrain_0187_vertically_overlapping_easy_seed20269170,easy,17,0,3,0,a921497d6c1e7d25,3.0,nominal_d_le_1,1.0,12.977932458753113,200.0,220.0,0.0,110.0,0.0,ok,12.437845811381246,0.0,0.0,0.540086647371866,0.0,2939690727.0,0.0,0.0
nw_retrain_0187_vertically_overlapping_easy_seed20269170,easy,5,1,0,3,7be364ea3a68b822,3.0,registered,3.0,3.968857896844991,200.0,220.0,0.0181818181818181,110.0,0.0,reused_production_label,,,,,,,,
nw_retrain_0187_vertically_overlapping_easy_seed20269170,easy,5,1,0,3,7be364ea3a68b822,3.0,nominal_d_le_1,1.0,6.164101218323587,200.0,220.0,0.0,110.0,0.0,ok,0.6814066005849826,0.0,1.8081406250566463,2.7498992597478216,0.9246547329341368,153230305.0,0.0,0.0
nw_retrain_0187_vertically_overlapping_easy_seed20269170,easy,5,1,1,3,0729840db61a272d,3.0,registered,3.0,63.36486239946339,200.0,220.0,0.0,110.0,0.0,reused_production_label,,,,,,,,
nw_retrain_0187_vertically_overlapping_easy_seed20269170,easy,5,1,1,3,0729840db61a272d,3.0,nominal_d_le_1,1.0,187.9596967915959,200.0,220.0,0.0,110.0,0.0,ok,185.8491289833284,0.0,0.0,2.110567808267484,0.0,1582057737.0,0.0,0.0
nw_retrain_0187_vertically_overlapping_easy_seed20269170,easy,5,1,2,3,103c2918d1f96225,3.0,registered,3.0,22.79984810062473,200.0,220.0,0.0,110.0,0.0,reused_production_label,,,,,,,,
nw_retrain_0187_vertically_overlapping_easy_seed20269170,easy,5,1,2,3,103c2918d1f96225,3.0,nominal_d_le_1,1.0,18.71085421932857,200.0,220.0,0.0,110.0,0.0,ok,14.314340326547642,0.0,1.753230655046023,2.3374372267051644,0.3058460110297437,2768352917.0,0.0,0.0
nw_retrain_0187_vertically_overlapping_easy_seed20269170,easy,5,1,3,3,78cfc485d8c6a729,3.0,registered,3.0,85.59257075927539,200.0,220.0,0.0,110.0,0.0,reused_production_label,,,,,,,,
nw_retrain_0187_vertically_overlapping_easy_seed20269170,easy,5,1,3,3,78cfc485d8c6a729,3.0,nominal_d_le_1,1.0,255.19600123171136,200.0,220.0,0.0,110.0,0.0,ok,253.40514577832565,0.0,0.0,1.7908554533857195,0.0,2745041991.0,0.0,0.0
nw_retrain_0187_vertically_overlapping_easy_seed20269170,easy,3,2,0,4,e6b5a7a64a0d8aa6,3.0,registered,3.0,13.45975364890837,200.0,220.0,0.0,110.0,0.0,reused_production_label,,,,,,,,
nw_retrain_0187_vertically_overlapping_easy_seed20269170,easy,3,2,0,4,e6b5a7a64a0d8aa6,3.0,nominal_d_le_1,1.0,31.55352849300789,200.0,220.0,0.0,110.0,0.0,ok,28.50352420732093,0.0,0.958574160024912,1.8568985259135864,0.2345315997484637,3442200848.0,0.0,0.0
nw_retrain_0187_vertically_overlapping_easy_seed20269170,easy,3,2,1,4,381a81eb0e06b113,3.0,registered,3.0,8.802891766015295,200.0,220.0,0.0,110.0,0.0,reused_production_label,,,,,,,,
nw_retrain_0187_vertically_overlapping_easy_seed20269170,easy,3,2,1,4,381a81eb0e06b113,3.0,nominal_d_le_1,1.0,16.240960077708895,200.0,220.0,0.0,110.0,0.0,ok,12.431410502422056,0.0,1.3363497452847355,2.381267852354813,0.0919319776472889,3203611858.0,0.0,0.0
nw_retrain_0187_vertically_overlapping_easy_seed20269170,easy,3,2,2,4,e9053ce0692c6e4e,3.0,registered,3.0,53.18547829685305,200.0,220.0,0.0,110.0,0.0,reused_production_label,,,,,,,,
nw_retrain_0187_vertically_overlapping_easy_seed20269170,easy,3,2,2,4,e9053ce0692c6e4e,3.0,nominal_d_le_1,1.0,73.22498754647462,200.0,220.0,0.0,110.0,0.0,ok,67.8910749986487,0.5203886148364789,1.7854976283896438,2.360465500230473,0.6675608043693112,1259199790.0,0.0,0.0
nw_retrain_0187_vertically_overlapping_easy_seed20269170,easy,3,2,3,4,79b4500efa5bb42d,3.0,registered,3.0,190.1022494930677,200.0,220.0,0.0,110.0,0.0,reused_production_label,,,,,,,,
nw_retrain_0187_vertically_overlapping_easy_seed20269170,easy,3,2,3,4,79b4500efa5bb42d,3.0,nominal_d_le_1,1.0,573.1659754621874,200.0,220.0,0.0,110.0,0.0,ok,568.605875501356,0.0,1.7279020324349557,2.160734338785,0.6714635896114781,373587318.0,0.0,0.0
nw_retrain_0187_vertically_overlapping_easy_seed20269170,easy,12,3,0,5,e443029c04c3aec4,3.0,registered,3.0,754.0640885420769,200.0,220.0,0.0,110.0,0.0,reused_production_label,,,,,,,,
nw_retrain_0187_vertically_overlapping_easy_seed20269170,easy,12,3,0,5,e443029c04c3aec4,3.0,nominal_d_le_1,1.0,2261.6726482710283,200.0,220.0,0.0,110.0,0.0,ok,2257.568547541006,0.0,1.1818466275538866,1.67618566855025,1.2460684339178016,2761772797.0,0.0,0.0
nw_retrain_0187_vertically_overlapping_easy_seed20269170,easy,12,3,1,5,4a88b44dc6b50bb1,3.0,registered,3.0,371.98025914028045,200.0,220.0,0.0,110.0,0.0,reused_production_label,,,,,,,,
nw_retrain_0187_vertically_overlapping_easy_seed20269170,easy,12,3,1,5,4a88b44dc6b50bb1,3.0,nominal_d_le_1,1.0,1236.9561023369035,200.0,220.0,0.0,110.0,0.0,ok,1230.082079216882,0.0,1.4568829844430509,1.8725820815608565,3.5445580540174237,3570210963.0,0.0,0.0
nw_retrain_0187_vertically_overlapping_easy_seed20269170,easy,12,3,2,5,e63285119f857e30,3.0,registered,3.0,398.99053747121496,200.0,220.0,0.0,110.0,0.0,reused_production_label,,,,,,,,
nw_retrain_0187_vertically_overlapping_easy_seed20269170,easy,12,3,2,5,e63285119f857e30,3.0,nominal_d_le_1,1.0,1492.9691062757568,200.0,220.0,0.0,110.0,0.0,ok,1488.6006996425858,0.0,1.1818466275538866,1.827235571367133,1.3593244342501614,3445624197.0,0.0,0.0
nw_retrain_0187_vertically_overlapping_easy_seed20269170,easy,12,3,3,5,57ec75466fbeaf2b,3.0,registered,3.0,697.7871805699684,200.0,210.0,0.0,110.0,0.0,reused_production_label,,,,,,,,
nw_retrain_0187_vertically_overlapping_easy_seed20269170,easy,12,3,3,5,57ec75466fbeaf2b,3.0,nominal_d_le_1,1.0,2028.2108235978983,200.0,210.0,0.0,110.0,0.0,ok,2025.0581145507845,0.0,1.1818466275538866,1.5436824680066197,0.4271799515537036,873459772.0,0.0,0.0
nw_retrain_0187_vertically_overlapping_easy_seed20269170,easy,19,4,0,6,6783fd7f5d59c022,3.0,registered,3.0,653.765717077516,200.0,219.0,0.0,110.0,0.0,reused_production_label,,,,,,,,
nw_retrain_0187_vertically_overlapping_easy_seed20269170,easy,19,4,0,6,6783fd7f5d59c022,3.0,nominal_d_le_1,1.0,1916.7534131835585,200.0,219.0,0.0,110.0,0.0,ok,1913.0552910413987,0.0,1.5327133315545265,1.86396951886575,0.301439291739031,3267514846.0,0.0,0.0
nw_retrain_0187_vertically_overlapping_easy_seed20269170,easy,19,4,1,6,79c5f1f5fd42bb80,3.0,registered,3.0,646.2485194273899,200.0,219.0,0.0,110.0,0.0,reused_production_label,,,,,,,,
nw_retrain_0187_vertically_overlapping_easy_seed20269170,easy,19,4,1,6,79c5f1f5fd42bb80,3.0,nominal_d_le_1,1.0,1940.5630539020967,200.0,219.0,0.0,110.0,0.0,ok,1937.431927413424,0.0,0.9624414276331942,1.7032661028051763,0.4654189582343882,2410069959.0,0.0,0.0
nw_retrain_0187_vertically_overlapping_easy_seed20269170,easy,19,4,2,6,b7224c8e3c36b33c,3.0,registered,3.0,653.8637275070621,200.0,220.0,0.0,110.0,0.0,reused_production_label,,,,,,,,
nw_retrain_0187_vertically_overlapping_easy_seed20269170,easy,19,4,2,6,b7224c8e3c36b33c,3.0,nominal_d_le_1,1.0,1960.987976631884,200.0,220.0,0.0,110.0,0.0,ok,1959.8057119963307,0.0,0.2606975401380215,0.9213883662736364,0.0001787291414101,2175225586.0,0.0,0.0
nw_retrain_0187_vertically_overlapping_easy_seed20269170,easy,19,4,3,6,15ad2e247bebd62c,3.0,registered,3.0,640.7568922897188,200.0,220.0,0.0,110.0,0.0,reused_production_label,,,,,,,,
nw_retrain_0187_vertically_overlapping_easy_seed20269170,easy,19,4,3,6,15ad2e247bebd62c,3.0,nominal_d_le_1,1.0,1933.0195883294489,200.0,220.0,0.0,110.0,0.0,ok,1929.4202440300733,0.0,1.431653494015314,1.8401316234303156,0.3275591819297812,4292638536.0,0.0,0.0
nw_retrain_0221_converging_moderate_seed20272633,moderate,3,0,0,0,dd26bf3fda45dbf2,3.0,registered,3.0,10854.206030812731,200.0,220.0,0.0,110.0,0.0,reused_production_label,,,,,,,,
nw_retrain_0221_converging_moderate_seed20272633,moderate,3,0,0,0,dd26bf3fda45dbf2,3.0,nominal_d_le_1,1.0,32531.553497657016,200.0,220.0,0.0,110.0,0.0,ok,32513.688191180376,0.0,1.6392545855943228,1.8412502115797091,14.384801679466952,1683940532.0,0.0,0.0
nw_retrain_0221_converging_moderate_seed20272633,moderate,3,0,1,0,f5804b8736c0d32d,3.0,registered,3.0,204.94946942702305,200.0,220.0,0.0,110.0,0.0,reused_production_label,,,,,,,,
nw_retrain_0221_converging_moderate_seed20272633,moderate,3,0,1,0,f5804b8736c0d32d,3.0,nominal_d_le_1,1.0,1176.0285160845567,200.0,220.0,0.0,110.0,0.0,ok,1148.9700410831365,0.0,1.0623766860108577,2.175339086053799,23.82075922935596,2496119508.0,0.0,0.0
nw_retrain_0221_converging_moderate_seed20272633,moderate,3,0,2,0,6874710068ebf2d8,3.0,registered,3.0,382.0201523507101,200.0,220.0,0.0,110.0,0.0,reused_production_label,,,,,,,,
nw_retrain_0221_converging_moderate_seed20272633,moderate,3,0,2,0,6874710068ebf2d8,3.0,nominal_d_le_1,1.0,414.2949003511173,200.0,220.0,0.0,110.0,0.0,ok,151.4914400930918,0.0,1.3979186318050691,2.227732008876332,259.17780961734405,1307875657.0,0.0,0.0
nw_retrain_0221_converging_moderate_seed20272633,moderate,3,0,3,0,f7b41d40da2cd601,3.0,registered,3.0,3219.6990139720024,200.0,220.0,0.0,110.0,0.0,reused_production_label,,,,,,,,
nw_retrain_0221_converging_moderate_seed20272633,moderate,3,0,3,0,f7b41d40da2cd601,3.0,nominal_d_le_1,1.0,10018.221118868763,200.0,220.0,0.0,110.0,0.0,ok,9338.974022735772,0.0,1.8502765751348675,2.0067142124957966,675.390105345362,323282756.0,0.0,0.0
nw_retrain_0221_converging_moderate_seed20272633,moderate,8,1,0,3,86c0e1cbd7f31046,3.0,registered,3.0,938.8242066871544,200.0,220.0,0.0,110.0,0.0,reused_production_label,,,,,,,,
nw_retrain_0221_converging_moderate_seed20272633,moderate,8,1,0,3,86c0e1cbd7f31046,3.0,nominal_d_le_1,1.0,2643.9339954620777,200.0,220.0,0.0,110.0,0.0,ok,2603.981782171151,0.0,1.9277886457623663,2.6800625265426445,35.3443621186214,3485783715.0,0.0,0.0
nw_retrain_0221_converging_moderate_seed20272633,moderate,8,1,1,3,cedec55a7361aa0c,3.0,registered,3.0,10.842536868035086,200.0,220.0,0.0,110.0,0.0,reused_production_label,,,,,,,,
nw_retrain_0221_converging_moderate_seed20272633,moderate,8,1,1,3,cedec55a7361aa0c,3.0,nominal_d_le_1,1.0,23.117660124673293,200.0,220.0,0.0,110.0,0.0,ok,20.829275780625704,0.0,0.0,2.255770865452067,0.0326134785955231,988526031.0,0.0,0.0
nw_retrain_0221_converging_moderate_seed20272633,moderate,8,1,2,3,70e0a830270fd9d6,3.0,registered,3.0,7.596754847305347,200.0,220.0,0.0,110.0,0.0,reused_production_label,,,,,,,,
nw_retrain_0221_converging_moderate_seed20272633,moderate,8,1,2,3,70e0a830270fd9d6,3.0,nominal_d_le_1,1.0,19.34726792318889,200.0,220.0,0.0,110.0,0.0,ok,10.686539793478996,0.0,0.7834760922391076,2.715775247371345,5.161476790099443,650892873.0,0.0,0.0
nw_retrain_0221_converging_moderate_seed20272633,moderate,8,1,3,3,0b30b028a1fbd182,3.0,registered,3.0,5.786502706008699,200.0,220.0,0.0,110.0,0.0,reused_production_label,,,,,,,,
nw_retrain_0221_converging_moderate_seed20272633,moderate,8,1,3,3,0b30b028a1fbd182,3.0,nominal_d_le_1,1.0,17.00637480730694,200.0,220.0,0.0,110.0,0.0,ok,9.07762774679075,0.0,1.2860132834142508,2.917232887423409,3.725500889678528,1625089138.0,0.0,0.0
nw_retrain_0221_converging_moderate_seed20272633,moderate,6,2,0,5,5d9c45b6163260a7,3.0,registered,3.0,6516.739588337196,200.0,220.0,0.0,110.0,0.0,reused_production_label,,,,,,,,
nw_retrain_0221_converging_moderate_seed20272633,moderate,6,2,0,5,5d9c45b6163260a7,3.0,nominal_d_le_1,1.0,19500.22915166544,200.0,220.0,0.0,110.0,0.0,ok,19474.234344992365,0.0,1.9827779040813875,1.2982999665835178,22.713728802409136,26739363.0,0.0,0.0
nw_retrain_0221_converging_moderate_seed20272633,moderate,6,2,1,5,ec562979937ddcda,3.0,registered,3.0,6498.21884861293,200.0,220.0,0.0,110.0,0.0,reused_production_label,,,,,,,,
nw_retrain_0221_converging_moderate_seed20272633,moderate,6,2,1,5,ec562979937ddcda,3.0,nominal_d_le_1,1.0,19480.616714508003,200.0,220.0,0.0,110.0,0.0,ok,19472.596798842616,0.0,1.449616566046443,1.3705914268337764,5.199707672510262,2940781146.0,0.0,0.0
nw_retrain_0221_converging_moderate_seed20272633,moderate,6,2,2,5,53d5633772459377,3.0,registered,3.0,6496.972487499671,200.0,220.0,0.0,110.0,0.0,reused_production_label,,,,,,,,
nw_retrain_0221_converging_moderate_seed20272633,moderate,6,2,2,5,53d5633772459377,3.0,nominal_d_le_1,1.0,19480.46205082791,200.0,220.0,0.0,110.0,0.0,ok,19474.234344992365,0.0,1.449616566046443,1.3656924589393826,3.412396810563346,4100188744.0,0.0,0.0
nw_retrain_0221_converging_moderate_seed20272633,moderate,6,2,3,5,7aa9cc71fb861bf8,3.0,registered,3.0,6495.612056130481,200.0,220.0,0.0,110.0,0.0,reused_production_label,,,,,,,,
nw_retrain_0221_converging_moderate_seed20272633,moderate,6,2,3,5,7aa9cc71fb861bf8,3.0,nominal_d_le_1,1.0,19479.101619458725,200.0,220.0,0.0,110.0,0.0,ok,19474.234344992365,0.0,1.449616566046443,1.5446343316934388,1.8730235686187005,3409649454.0,0.0,0.0
nw_retrain_0221_converging_moderate_seed20272633,moderate,19,3,0,5,d15c1cb6e4dfe807,3.0,registered,3.0,7943.716804254826,200.0,220.0,0.0,110.0,0.0,reused_production_label,,,,,,,,
nw_retrain_0221_converging_moderate_seed20272633,moderate,19,3,0,5,d15c1cb6e4dfe807,3.0,nominal_d_le_1,1.0,23732.276633150348,200.0,220.0,0.0,110.0,0.0,ok,23681.839743343284,0.0,1.5755235703424662,2.3946978422535734,46.46666839446828,736059866.0,0.0,0.0
nw_retrain_0221_converging_moderate_seed20272633,moderate,19,3,1,5,19cf96086fafe66d,3.0,registered,3.0,7807.152505572542,200.0,220.0,0.0,110.0,0.0,reused_production_label,,,,,,,,
nw_retrain_0221_converging_moderate_seed20272633,moderate,19,3,1,5,19cf96086fafe66d,3.0,nominal_d_le_1,1.0,23173.939281715902,200.0,220.0,0.0,110.0,0.0,ok,23049.180165974893,0.0,1.890764189318921,2.308214457302238,120.56013709438776,1661957303.0,0.0,0.0
nw_retrain_0221_converging_moderate_seed20272633,moderate,19,3,2,5,4e65fde33d842ac7,3.0,registered,3.0,7811.576125066274,200.0,220.0,0.0,110.0,0.0,reused_production_label,,,,,,,,
nw_retrain_0221_converging_moderate_seed20272633,moderate,19,3,2,5,4e65fde33d842ac7,3.0,nominal_d_le_1,1.0,23163.942778144417,200.0,220.0,0.0,110.0,0.0,ok,23050.42170752652,0.0,1.5755235703424662,2.4529007770621005,109.49264627049156,1973694781.0,0.0,0.0
nw_retrain_0221_converging_moderate_seed20272633,moderate,19,3,3,5,daeb4622a5a17569,3.0,registered,3.0,7837.549362100657,200.0,220.0,0.0,110.0,0.0,reused_production_label,,,,,,,,
nw_retrain_0221_converging_moderate_seed20272633,moderate,19,3,3,5,daeb4622a5a17569,3.0,nominal_d_le_1,1.0,23288.07253127349,200.0,220.0,0.0,110.0,0.0,ok,23174.784753759093,0.0,1.5755235703424662,2.352575504449137,109.35967843960736,2605996095.0,0.0,0.0
nw_retrain_0221_converging_moderate_seed20272633,moderate,18,4,0,6,d054fd8056c96156,3.0,registered,3.0,12298.79326651788,200.0,220.0,0.0,110.0,0.0,reused_production_label,,,,,,,,
nw_retrain_0221_converging_moderate_seed20272633,moderate,18,4,0,6,d054fd8056c96156,3.0,nominal_d_le_1,1.0,36589.35657006337,200.0,220.0,0.0,110.0,0.0,ok,36434.84495531824,0.0,1.8135604118795097,1.5532155183058332,151.14483881494587,3075942735.0,0.0,0.0
nw_retrain_0221_converging_moderate_seed20272633,moderate,18,4,1,6,9cd81f37d3ddae2b,3.0,registered,3.0,12349.89453382918,200.0,220.0,0.0,110.0,0.0,reused_production_label,,,,,,,,
nw_retrain_0221_converging_moderate_seed20272633,moderate,18,4,1,6,9cd81f37d3ddae2b,3.0,nominal_d_le_1,1.0,36568.91609178853,200.0,220.0,0.0,110.0,0.0,ok,36327.53233693902,0.0,1.8135604118795097,1.6405920519722692,237.9296023856581,578700668.0,0.0,0.0
nw_retrain_0221_converging_moderate_seed20272633,moderate,18,4,2,6,be62b770e0d217cc,3.0,registered,3.0,12891.97646817319,200.0,220.0,0.0,110.0,0.0,reused_production_label,,,,,,,,
nw_retrain_0221_converging_moderate_seed20272633,moderate,18,4,2,6,be62b770e0d217cc,3.0,nominal_d_le_1,1.0,37182.539771718686,200.0,220.0,0.0,110.0,0.0,ok,36434.84495531824,0.0,1.8135604118795097,1.571691465252678,744.3095645233107,3827656222.0,0.0,0.0
nw_retrain_0221_converging_moderate_seed20272633,moderate,18,4,3,6,678cdf40151e5a31,3.0,registered,3.0,12692.776018602985,200.0,220.0,0.0,110.0,0.0,reused_production_label,,,,,,,,
nw_retrain_0221_converging_moderate_seed20272633,moderate,18,4,3,6,678cdf40151e5a31,3.0,nominal_d_le_1,1.0,36983.33932214848,200.0,220.0,0.0,110.0,0.0,ok,36434.84495531824,0.0,1.8135604118795097,1.5325531251314792,545.1482532932255,3739980695.0,0.0,0.0
nw_retrain_0224_crossing_easy_seed20273058,easy,1,0,0,1,03ccbca202f6e54a,3.0,registered,3.0,10137.733156547398,200.0,220.0,0.0,110.0,0.0,reused_production_label,,,,,,,,
nw_retrain_0224_crossing_easy_seed20273058,easy,1,0,0,1,03ccbca202f6e54a,3.0,nominal_d_le_1,1.0,30401.096650975203,200.0,220.0,0.0,110.0,0.0,ok,30394.667173370177,0.0,1.6038325093686103,1.923783692823585,2.901861402835746,2718078757.0,0.0,0.0
nw_retrain_0224_crossing_easy_seed20273058,easy,1,0,1,1,014e9d8f33f64eea,3.0,registered,3.0,34.218719312382085,200.0,220.0,0.0,110.0,0.0,reused_production_label,,,,,,,,
nw_retrain_0224_crossing_easy_seed20273058,easy,1,0,1,1,014e9d8f33f64eea,3.0,nominal_d_le_1,1.0,19.0812422100922,200.0,220.0,0.0,110.0,0.0,ok,5.046871916168241,0.0,1.2788017553969613,2.21327783013879,10.542290708388208,1017351577.0,0.0,0.0
nw_retrain_0224_crossing_easy_seed20273058,easy,1,0,2,1,71157b33424bdc46,3.0,registered,3.0,10252.621332549774,200.0,220.0,0.0,110.0,0.0,reused_production_label,,,,,,,,
nw_retrain_0224_crossing_easy_seed20273058,easy,1,0,2,1,71157b33424bdc46,3.0,nominal_d_le_1,1.0,30731.75147896812,200.0,220.0,0.0,110.0,0.0,ok,30715.525446726508,0.0,1.5541712823164124,1.919359603828059,12.752501355467118,2461444519.0,0.0,0.0
nw_retrain_0224_crossing_easy_seed20273058,easy,1,0,3,1,004a917f85a49d3f,3.0,registered,3.0,18.300364075577004,200.0,220.0,0.0,110.0,0.0,reused_production_label,,,,,,,,
nw_retrain_0224_crossing_easy_seed20273058,easy,1,0,3,1,004a917f85a49d3f,3.0,nominal_d_le_1,1.0,91.90244845170405,200.0,220.0,0.0,110.0,0.0,ok,80.79083435363043,0.0,0.4636132305459393,2.208533996899604,8.439466870628069,679727063.0,0.0,0.0
nw_retrain_0224_crossing_easy_seed20273058,easy,11,1,0,2,6a41a1fa1bc80a0a,3.0,registered,3.0,3895.480578872232,200.0,220.0,0.0,110.0,0.0,reused_production_label,,,,,,,,
nw_retrain_0224_crossing_easy_seed20273058,easy,11,1,0,2,6a41a1fa1bc80a0a,3.0,nominal_d_le_1,1.0,13258.935448659977,200.0,220.0,0.0,110.0,0.0,ok,12459.20936818649,0.0,1.9018793982580495,2.1089169281209887,795.7152841471062,1176129628.0,0.0,0.0
nw_retrain_0224_crossing_easy_seed20273058,easy,11,1,1,2,54c43309f5ee40a7,3.0,registered,3.0,391.5403334543623,200.0,220.0,0.0,110.0,0.0,reused_production_label,,,,,,,,
nw_retrain_0224_crossing_easy_seed20273058,easy,11,1,1,2,54c43309f5ee40a7,3.0,nominal_d_le_1,1.0,1939.5473770689855,200.0,220.0,0.0,110.0,0.0,ok,1924.3765488548472,0.0,1.6580542185416574,2.2320208406416144,11.280753154955445,3367130579.0,0.0,0.0
nw_retrain_0224_crossing_easy_seed20273058,easy,11,1,2,2,2e7e9d2b32f70f75,3.0,registered,3.0,7941.953401585961,200.0,220.0,0.0,110.0,0.0,reused_production_label,,,,,,,,
nw_retrain_0224_crossing_easy_seed20273058,easy,11,1,2,2,2e7e9d2b32f70f75,3.0,nominal_d_le_1,1.0,23813.620079638364,200.0,220.0,0.0,110.0,0.0,ok,23806.277158350465,0.0,1.17175772786143,2.227625076724166,3.9435384833105793,2741839553.0,0.0,0.0
nw_retrain_0224_crossing_easy_seed20273058,easy,11,1,3,2,b95405da6589aad5,3.0,registered,3.0,216.87614446842187,200.0,220.0,0.0,110.0,0.0,reused_production_label,,,,,,,,
nw_retrain_0224_crossing_easy_seed20273058,easy,11,1,3,2,b95405da6589aad5,3.0,nominal_d_le_1,1.0,492.1809826204881,200.0,220.0,0.0,110.0,0.0,ok,221.22729389173784,0.0,1.7426855501226626,2.3759168733404503,266.8350863052872,1077774446.0,0.0,0.0
nw_retrain_0224_crossing_easy_seed20273058,easy,7,2,0,4,68582785f2815b2c,3.0,registered,3.0,10572.949599907346,200.0,220.0,0.0,110.0,0.0,reused_production_label,,,,,,,,
nw_retrain_0224_crossing_easy_seed20273058,easy,7,2,0,4,68582785f2815b2c,3.0,nominal_d_le_1,1.0,31717.57076819237,200.0,220.0,0.0,110.0,0.0,ok,31715.93175242754,0.0,0.2690755120029329,1.2045394185769045,0.165400834251903,3223147186.0,0.0,0.0
nw_retrain_0224_crossing_easy_seed20273058,easy,7,2,1,4,eae184486310ef14,3.0,registered,3.0,10575.680527277713,200.0,220.0,0.0,110.0,0.0,reused_production_label,,,,,,,,
nw_retrain_0224_crossing_easy_seed20273058,easy,7,2,1,4,eae184486310ef14,3.0,nominal_d_le_1,1.0,31719.310397833066,200.0,220.0,0.0,110.0,0.0,ok,31714.44480583303,0.0,1.4282031691726818,1.484101777493931,1.9532870533695412,269970544.0,0.0,0.0
nw_retrain_0224_crossing_easy_seed20273058,easy,7,2,2,4,4691c071209bdb2a,3.0,registered,3.0,10572.624701442028,400.0,410.0,0.0,210.0,0.0,reused_production_label,,,,,,,,
nw_retrain_0224_crossing_easy_seed20273058,easy,7,2,2,4,4691c071209bdb2a,3.0,nominal_d_le_1,1.0,31715.836161103645,400.0,410.0,0.0,210.0,0.0,ok,31713.81718949243,0.0,0.2690755120029329,1.4374208143579872,0.312475284856346,3502484803.0,0.0,0.0
nw_retrain_0224_crossing_easy_seed20273058,easy,7,2,3,4,bf9ad8a0fd8acc20,3.0,registered,3.0,10572.589287468392,400.0,410.0,0.0,210.0,0.0,reused_production_label,,,,,,,,
nw_retrain_0224_crossing_easy_seed20273058,easy,7,2,3,4,bf9ad8a0fd8acc20,3.0,nominal_d_le_1,1.0,31715.857855084723,400.0,410.0,0.0,210.0,0.0,ok,31713.902851424496,0.0,0.2690755120029329,1.4203093147944696,0.2656188334281588,654871717.0,0.0,0.0
nw_retrain_0224_crossing_easy_seed20273058,easy,4,3,0,5,6cf7a5a1588e32f1,3.0,registered,3.0,1204.646155261046,200.0,220.0,0.0,110.0,0.0,reused_production_label,,,,,,,,
nw_retrain_0224_crossing_easy_seed20273058,easy,4,3,0,5,6cf7a5a1588e32f1,3.0,nominal_d_le_1,1.0,3616.876765773185,200.0,220.0,0.0,110.0,0.0,ok,3608.380818244984,0.0,0.9003988632792858,1.7155082853810475,5.880040379540541,2125730432.0,0.0,0.0
nw_retrain_0224_crossing_easy_seed20273058,easy,4,3,1,5,a0fee5d8c2f3a1a1,3.0,registered,3.0,31.63404308415704,200.0,220.0,0.0,110.0,0.0,reused_production_label,,,,,,,,
nw_retrain_0224_crossing_easy_seed20273058,easy,4,3,1,5,a0fee5d8c2f3a1a1,3.0,nominal_d_le_1,1.0,74.25485456619958,200.0,220.0,0.0,110.0,0.0,ok,57.49947403365962,0.0,0.9003988632792858,1.98791554102208,13.867066128238603,3592319373.0,0.0,0.0
nw_retrain_0224_crossing_easy_seed20273058,easy,4,3,2,5,dd13735d6f5023e4,3.0,registered,3.0,39.84424490929008,200.0,220.0,0.0,110.0,0.0,reused_production_label,,,,,,,,
nw_retrain_0224_crossing_easy_seed20273058,easy,4,3,2,5,dd13735d6f5023e4,3.0,nominal_d_le_1,1.0,127.44780812156,200.0,220.0,0.0,110.0,0.0,ok,92.99832923960864,0.0,1.1040183466224325,1.932334131377456,31.413126403951463,725374440.0,0.0,0.0
nw_retrain_0224_crossing_easy_seed20273058,easy,4,3,3,5,6953874c08230820,3.0,registered,3.0,1291.880172194407,200.0,219.0,0.0,110.0,0.0,reused_production_label,,,,,,,,
nw_retrain_0224_crossing_easy_seed20273058,easy,4,3,3,5,6953874c08230820,3.0,nominal_d_le_1,1.0,3861.091030219478,200.0,219.0,0.0,110.0,0.0,ok,3845.783807071816,0.0,1.8063876596319488,2.072130244575156,11.428705243454989,1389331367.0,0.0,0.0
nw_retrain_0224_crossing_easy_seed20273058,easy,17,4,0,6,0f3a6a7825804338,3.0,registered,3.0,7087.263264096106,400.0,340.0,0.0,210.0,0.0,reused_production_label,,,,,,,,
nw_retrain_0224_crossing_easy_seed20273058,easy,17,4,0,6,0f3a6a7825804338,3.0,nominal_d_le_1,1.0,21245.648866702093,400.0,340.0,0.0,210.0,0.0,ok,21236.578403908978,0.0,1.601316421829606,1.630852088909419,5.838294282373247,3150206963.0,0.0,0.0
nw_retrain_0224_crossing_easy_seed20273058,easy,17,4,1,6,d84814a01ce1ac15,3.0,registered,3.0,7095.602378332656,200.0,219.0,0.0,110.0,0.0,reused_production_label,,,,,,,,
nw_retrain_0224_crossing_easy_seed20273058,easy,17,4,1,6,d84814a01ce1ac15,3.0,nominal_d_le_1,1.0,21253.987980938644,200.0,219.0,0.0,110.0,0.0,ok,21236.578403908978,0.0,1.601316421829606,1.7919228822285769,14.016337725605815,545374218.0,0.0,0.0
nw_retrain_0224_crossing_easy_seed20273058,easy,17,4,2,6,8324c43b624272a0,3.0,registered,3.0,7087.4710883003645,400.0,409.0,0.0,210.0,0.0,reused_production_label,,,,,,,,
nw_retrain_0224_crossing_easy_seed20273058,easy,17,4,2,6,8324c43b624272a0,3.0,nominal_d_le_1,1.0,21245.856690905806,400.0,409.0,0.0,210.0,0.0,ok,21236.578403908978,0.0,1.601316421829606,1.9729928147453708,5.703977760250864,3054652604.0,0.0,0.0
nw_retrain_0224_crossing_easy_seed20273058,easy,17,4,3,6,7e29d345908af98e,3.0,registered,3.0,7090.069432588317,200.0,220.0,0.0,110.0,0.0,reused_production_label,,,,,,,,
nw_retrain_0224_crossing_easy_seed20273058,easy,17,4,3,6,7e29d345908af98e,3.0,nominal_d_le_1,1.0,21248.455035194303,200.0,220.0,0.0,110.0,0.0,ok,21236.578403908978,0.0,1.601316421829606,1.7619175752251608,8.513397288269731,4157273965.0,0.0,0.0
nw_retrain_0233_converging_hard_seed20273809,hard,5,0,0,0,70aaab7e30fc95b0,3.0,registered,3.0,11.369688709723722,200.0,220.0,0.0,110.0,0.0,reused_production_label,,,,,,,,
nw_retrain_0233_converging_hard_seed20273809,hard,5,0,0,0,70aaab7e30fc95b0,3.0,nominal_d_le_1,1.0,19.89632024270869,200.0,220.0,0.0,110.0,0.0,ok,12.517391465114343,0.0,1.3687694054098103,2.2862371889337063,3.7239221832508265,661101041.0,0.0,0.0
nw_retrain_0233_converging_hard_seed20273809,hard,5,0,1,0,8712b037981623e5,3.0,registered,3.0,12.561684983990176,200.0,220.0,0.0,110.0,0.0,reused_production_label,,,,,,,,
nw_retrain_0233_converging_hard_seed20273809,hard,5,0,1,0,8712b037981623e5,3.0,nominal_d_le_1,1.0,15.635570857092445,200.0,220.0,0.0,110.0,0.0,ok,10.210633655892783,0.0,1.165526552144889,2.8451045146565264,1.4143061343982444,3698410106.0,0.0,0.0
nw_retrain_0233_converging_hard_seed20273809,hard,5,0,2,0,6ba8647bf6677397,3.0,registered,3.0,58.76545307875115,200.0,220.0,0.0,110.0,0.0,reused_production_label,,,,,,,,
nw_retrain_0233_converging_hard_seed20273809,hard,5,0,2,0,6ba8647bf6677397,3.0,nominal_d_le_1,1.0,442.34671242456136,200.0,220.0,0.0,110.0,0.0,ok,394.1032614522856,0.0,1.113580424936109,2.013779420121077,45.11609112721857,2394160242.0,0.0,0.0
nw_retrain_0233_converging_hard_seed20273809,hard,5,0,3,0,eff23100db70f39e,3.0,registered,3.0,11743.14294136804,200.0,220.0,0.0,110.0,0.0,reused_production_label,,,,,,,,
nw_retrain_0233_converging_hard_seed20273809,hard,5,0,3,0,eff23100db70f39e,3.0,nominal_d_le_1,1.0,35220.63421211406,200.0,220.0,0.0,110.0,0.0,ok,35208.41873249398,0.0,1.6682071519892638,1.689135092002389,8.858137376088523,256783627.0,0.0,0.0
nw_retrain_0233_converging_hard_seed20273809,hard,6,1,0,2,bc87e56340e8b17a,3.0,registered,3.0,6306.779190329143,200.0,220.0,0.0,110.0,0.0,reused_production_label,,,,,,,,
nw_retrain_0233_converging_hard_seed20273809,hard,6,1,0,2,bc87e56340e8b17a,3.0,nominal_d_le_1,1.0,18909.8251231936,200.0,220.0,0.0,110.0,0.0,ok,18904.4814269874,0.0,1.2218399588573277,2.376373151230448,1.7454830961155663,2169256376.0,0.0,0.0
nw_retrain_0233_converging_hard_seed20273809,hard,6,1,1,2,b6667335df6f29ad,3.0,registered,3.0,7.397867850623845,400.0,410.0,0.0,210.0,0.0,reused_production_label,,,,,,,,
nw_retrain_0233_converging_hard_seed20273809,hard,6,1,1,2,b6667335df6f29ad,3.0,nominal_d_le_1,1.0,32.091689484867494,200.0,220.0,0.0,110.0,0.0,ok,27.41207138528904,0.0,1.0177547648511576,2.7514487976813884,0.9104145370459116,2115416452.0,0.0,0.0
nw_retrain_0233_converging_hard_seed20273809,hard,6,1,2,2,46afbd97f1e36303,3.0,registered,3.0,6.079698262016049,400.0,410.0,0.0095238095238095,210.0,0.0,reused_production_label,,,,,,,,
nw_retrain_0233_converging_hard_seed20273809,hard,6,1,2,2,46afbd97f1e36303,3.0,nominal_d_le_1,1.0,4.8887145200150455,200.0,220.0,0.0,110.0,0.0,ok,0.6679423328144138,0.0,0.4928429946303569,2.5370149520521896,1.190914240518085,1909117762.0,0.0,0.0
nw_retrain_0233_converging_hard_seed20273809,hard,6,1,3,2,489685fd085c52de,3.0,registered,3.0,8.063569899208966,200.0,220.0,0.0,110.0,0.0,reused_production_label,,,,,,,,
nw_retrain_0233_converging_hard_seed20273809,hard,6,1,3,2,489685fd085c52de,3.0,nominal_d_le_1,1.0,22.471184514053675,200.0,220.0,0.0,110.0,0.0,ok,11.492068593427405,0.0,1.5782670929417069,3.129273554353144,6.271575273331423,211863934.0,0.0,0.0
nw_retrain_0233_converging_hard_seed20273809,hard,11,2,0,3,a5f1e1653b852f53,3.0,registered,3.0,23.59512241693576,200.0,220.0,0.0,110.0,0.0,reused_production_label,,,,,,,,
nw_retrain_0233_converging_hard_seed20273809,hard,11,2,0,3,a5f1e1653b852f53,3.0,nominal_d_le_1,1.0,20.54434095285663,200.0,220.0,0.0,110.0,0.0,ok,5.593527179796522,0.0,1.788580605247196,2.8890868967722403,10.273146271040671,329654438.0,0.0,0.0
nw_retrain_0233_converging_hard_seed20273809,hard,11,2,1,3,3b226f0c56cbc00e,3.0,registered,3.0,6.542453752505059,200.0,220.0,0.009090909090909,110.0,0.0,reused_production_label,,,,,,,,
nw_retrain_0233_converging_hard_seed20273809,hard,11,2,1,3,3b226f0c56cbc00e,3.0,nominal_d_le_1,1.0,9.928298534389352,200.0,220.0,0.0,110.0,0.0,ok,2.355919893212011,0.0,1.3753746398310362,3.09406597304426,3.1029380283020456,2318280895.0,0.0,0.0
nw_retrain_0233_converging_hard_seed20273809,hard,11,2,2,3,c95497be3115d092,3.0,registered,3.0,80.68800185573457,200.0,220.0,0.0,110.0,0.0,reused_production_label,,,,,,,,
nw_retrain_0233_converging_hard_seed20273809,hard,11,2,2,3,c95497be3115d092,3.0,nominal_d_le_1,1.0,76.28559013959391,200.0,220.0,0.0,110.0,0.0,ok,66.80355284819328,0.0,1.7884073446276598,3.0174472168166098,4.676182729956369,1279293318.0,0.0,0.0
nw_retrain_0233_converging_hard_seed20273809,hard,11,2,3,3,4468aadd936f800e,3.0,registered,3.0,3.8114344274598833,200.0,220.0,0.0363636363636363,110.0,0.0,reused_production_label,,,,,,,,
nw_retrain_0233_converging_hard_seed20273809,hard,11,2,3,3,4468aadd936f800e,3.0,nominal_d_le_1,1.0,4.1482195246014015,200.0,220.0,0.0,110.0,0.0,ok,0.3367850971414641,0.7894746955570316,0.0,2.1897194965805244,0.8322402353223809,4234196766.0,0.0,0.0
nw_retrain_0233_converging_hard_seed20273809,hard,12,3,0,4,4a24f6ecb69b2001,3.0,registered,3.0,9554.389467199197,200.0,220.0,0.0,110.0,0.0,reused_production_label,,,,,,,,
nw_retrain_0233_converging_hard_seed20273809,hard,12,3,0,4,4a24f6ecb69b2001,3.0,nominal_d_le_1,1.0,28639.981388340355,200.0,220.0,0.0,110.0,0.0,ok,28629.91356933869,0.0,1.9732413524211447,2.137795023310232,5.956782625930802,3107866257.0,0.0,0.0
nw_retrain_0233_converging_hard_seed20273809,hard,12,3,1,4,6f3776ce2f35043b,3.0,registered,3.0,9549.344977061102,200.0,220.0,0.0,110.0,0.0,reused_production_label,,,,,,,,
nw_retrain_0233_converging_hard_seed20273809,hard,12,3,1,4,6f3776ce2f35043b,3.0,nominal_d_le_1,1.0,28636.352798934226,200.0,220.0,0.0,110.0,0.0,ok,28629.51173228265,0.0,1.9732413524211447,1.8523971587785213,3.015428140366678,4105875144.0,0.0,0.0
nw_retrain_0233_converging_hard_seed20273809,hard,12,3,2,4,2c9ac5bc022afd80,3.0,registered,3.0,9553.616878937832,200.0,220.0,0.0,110.0,0.0,reused_production_label,,,,,,,,
nw_retrain_0233_converging_hard_seed20273809,hard,12,3,2,4,2c9ac5bc022afd80,3.0,nominal_d_le_1,1.0,28644.00565746254,200.0,220.0,0.0,110.0,0.0,ok,28629.762419376817,0.0,1.9732413524211447,2.1579796965551865,10.11201703674731,3874617789.0,0.0,0.0
nw_retrain_0233_converging_hard_seed20273809,hard,12,3,3,4,8848a79c13b37269,3.0,registered,3.0,9553.90970147753,200.0,220.0,0.0,110.0,0.0,reused_production_label,,,,,,,,
nw_retrain_0233_converging_hard_seed20273809,hard,12,3,3,4,8848a79c13b37269,3.0,nominal_d_le_1,1.0,28641.89356482861,200.0,220.0,0.0,110.0,0.0,ok,28631.541891928653,0.0,1.9949519485235916,2.3883341292050324,5.968386822227831,4045393325.0,0.0,0.0
nw_retrain_0233_converging_hard_seed20273809,hard,8,4,0,6,3b64aeac64e68a5d,3.0,registered,3.0,1378.2988813847774,200.0,220.0,0.0,110.0,0.0,reused_production_label,,,,,,,,
nw_retrain_0233_converging_hard_seed20273809,hard,8,4,0,6,3b64aeac64e68a5d,3.0,nominal_d_le_1,1.0,4268.661941370606,200.0,220.0,0.0,110.0,0.0,ok,4259.266303231871,0.0,1.0266253083408363,2.1838088932581643,6.185203937135699,3453186792.0,0.0,0.0
nw_retrain_0233_converging_hard_seed20273809,hard,8,4,1,6,1f8dfadaf4b15b8f,3.0,registered,3.0,1334.92645668375,200.0,220.0,0.0,110.0,0.0,reused_production_label,,,,,,,,
nw_retrain_0233_converging_hard_seed20273809,hard,8,4,1,6,1f8dfadaf4b15b8f,3.0,nominal_d_le_1,1.0,4023.698119002804,200.0,220.0,0.0,110.0,0.0,ok,4018.8135592491312,0.0,1.0266253083408363,2.065358016442369,1.79257642888886,3979592356.0,0.0,0.0
nw_retrain_0233_converging_hard_seed20273809,hard,8,4,2,6,33c16bee681da479,3.0,registered,3.0,24.6856426967543,200.0,220.0,0.0,110.0,0.0,reused_production_label,,,,,,,,
nw_retrain_0233_converging_hard_seed20273809,hard,8,4,2,6,33c16bee681da479,3.0,nominal_d_le_1,1.0,45.65544204276606,200.0,220.0,0.0,110.0,0.0,ok,39.0201289612848,0.0,1.0266253083408363,2.4683925672932,3.140295205847231,1533860425.0,0.0,0.0
nw_retrain_0233_converging_hard_seed20273809,hard,8,4,3,6,b98d40bebbb74b0d,3.0,registered,3.0,38.33651846003664,200.0,220.0,0.0,110.0,0.0,reused_production_label,,,,,,,,
nw_retrain_0233_converging_hard_seed20273809,hard,8,4,3,6,b98d40bebbb74b0d,3.0,nominal_d_le_1,1.0,39.2547042268976,200.0,220.0,0.0,110.0,0.0,ok,32.52848479826274,0.0,1.0266253083408363,2.573817034221676,3.1257770860723446,2683288251.0,0.0,0.0
nw_retrain_0270_approximately_parallel_easy_seed20277435,easy,6,0,0,0,ed22d614f340d83c,3.0,registered,3.0,1.8495910125254484,400.0,410.0,0.0333333333333333,210.0,0.0,reused_production_label,,,,,,,,
nw_retrain_0270_approximately_parallel_easy_seed20277435,easy,6,0,0,0,ed22d614f340d83c,3.0,nominal_d_le_1,1.0,2.362443282764506,200.0,220.0,0.009090909090909,110.0,0.0,ok,0.0,0.0,0.4770221254754633,1.8854211572890425,0.0,2711811688.0,0.0,0.0
nw_retrain_0270_approximately_parallel_easy_seed20277435,easy,6,0,1,0,e838fc8174f4945a,3.0,registered,3.0,1.3281264480414754,400.0,410.0,0.0380952380952381,210.0,0.0,reused_production_label,,,,,,,,
nw_retrain_0270_approximately_parallel_easy_seed20277435,easy,6,0,1,0,e838fc8174f4945a,3.0,nominal_d_le_1,1.0,3.063860965803101,200.0,220.0,0.0,110.0,0.0,ok,0.4084614481996882,0.0,0.947016859171604,1.7083826584318094,0.0,1783002466.0,0.0,0.0
nw_retrain_0270_approximately_parallel_easy_seed20277435,easy,6,0,2,0,0b6cecc88a322c80,3.0,registered,3.0,2.7017345593463284,200.0,220.0,0.0,110.0,0.0,reused_production_label,,,,,,,,
nw_retrain_0270_approximately_parallel_easy_seed20277435,easy,6,0,2,0,0b6cecc88a322c80,3.0,nominal_d_le_1,1.0,2.768309152317171,200.0,220.0,0.009090909090909,110.0,0.0,ok,0.1826867231894686,0.0,1.0654251010232283,1.5201973281044736,0.0,4290998428.0,0.0,0.0
nw_retrain_0270_approximately_parallel_easy_seed20277435,easy,6,0,3,0,afb9fc7aa7b446ef,3.0,registered,3.0,2.623331469891413,200.0,220.0,0.0181818181818181,110.0,0.0,reused_production_label,,,,,,,,
nw_retrain_0270_approximately_parallel_easy_seed20277435,easy,6,0,3,0,afb9fc7aa7b446ef,3.0,nominal_d_le_1,1.0,6.231531853758736,200.0,220.0,0.0,110.0,0.0,ok,2.4973050546910525,0.0,1.987794223429742,1.7464325756379413,0.0,2341024223.0,0.0,0.0
nw_retrain_0270_approximately_parallel_easy_seed20277435,easy,2,1,0,2,d52fc4a4c51686d5,3.0,registered,3.0,6.09112841955051,200.0,220.0,0.0,110.0,0.0,reused_production_label,,,,,,,,
nw_retrain_0270_approximately_parallel_easy_seed20277435,easy,2,1,0,2,d52fc4a4c51686d5,3.0,nominal_d_le_1,1.0,27.0967141057104,200.0,220.0,0.0,110.0,0.0,ok,22.87528620798923,0.0,1.8533244702348608,2.07755929425344,0.2905441332328708,1169740971.0,0.0,0.0
nw_retrain_0270_approximately_parallel_easy_seed20277435,easy,2,1,1,2,8015491d008c4c98,3.0,registered,3.0,50.55416746242428,200.0,220.0,0.0,110.0,0.0,reused_production_label,,,,,,,,
nw_retrain_0270_approximately_parallel_easy_seed20277435,easy,2,1,1,2,8015491d008c4c98,3.0,nominal_d_le_1,1.0,79.02324166097071,200.0,220.0,0.0,110.0,0.0,ok,76.65667668809637,0.0,1.1531833358431507,1.169612988785658,0.0437686482455311,3447678924.0,0.0,0.0
nw_retrain_0270_approximately_parallel_easy_seed20277435,easy,2,1,2,2,6e475074b58fb391,3.0,registered,3.0,43.379691241110194,200.0,220.0,0.0,110.0,0.0,reused_production_label,,,,,,,,
nw_retrain_0270_approximately_parallel_easy_seed20277435,easy,2,1,2,2,6e475074b58fb391,3.0,nominal_d_le_1,1.0,91.13933645421876,200.0,220.0,0.0,110.0,0.0,ok,88.1113084233791,0.0,1.3658826268410094,1.6072528303490738,0.0548925736495621,2013745678.0,0.0,0.0
nw_retrain_0270_approximately_parallel_easy_seed20277435,easy,2,1,3,2,9d3644eafb12056c,3.0,registered,3.0,7.582775111421913,200.0,220.0,0.0,110.0,0.0,reused_production_label,,,,,,,,
nw_retrain_0270_approximately_parallel_easy_seed20277435,easy,2,1,3,2,9d3644eafb12056c,3.0,nominal_d_le_1,1.0,7.137358655853996,200.0,220.0,0.0,110.0,0.0,ok,4.113842090880034,0.0,1.527707666380565,1.4588119446233134,0.0369969539700826,583884872.0,0.0,0.0
nw_retrain_0270_approximately_parallel_easy_seed20277435,easy,1,2,0,4,decc45cd9eb0d4ad,3.0,registered,3.0,6.495276048641203,200.0,220.0,0.0,110.0,0.0,reused_production_label,,,,,,,,
nw_retrain_0270_approximately_parallel_easy_seed20277435,easy,1,2,0,4,decc45cd9eb0d4ad,3.0,nominal_d_le_1,1.0,22.11115512964594,200.0,220.0,0.0,110.0,0.0,ok,20.968723054750683,0.0,0.0,0.9995749320381148,0.1428571428571406,205708736.0,0.0,0.0
nw_retrain_0270_approximately_parallel_easy_seed20277435,easy,1,2,1,4,abfa5d5151a1358d,3.0,registered,3.0,7.439528739580132,200.0,220.0,0.0,110.0,0.0,reused_production_label,,,,,,,,
nw_retrain_0270_approximately_parallel_easy_seed20277435,easy,1,2,1,4,abfa5d5151a1358d,3.0,nominal_d_le_1,1.0,20.839617075927443,400.0,409.0,0.0,210.0,0.0,ok,17.976944198499634,0.0,1.1694688284648194,1.6932040489629898,0.0,3884285045.0,0.0,0.0
nw_retrain_0270_approximately_parallel_easy_seed20277435,easy,1,2,2,4,fb88848aee268f2e,3.0,registered,3.0,7.83784484225116,200.0,220.0,0.0,110.0,0.0,reused_production_label,,,,,,,,
nw_retrain_0270_approximately_parallel_easy_seed20277435,easy,1,2,2,4,fb88848aee268f2e,3.0,nominal_d_le_1,1.0,22.554799696837826,200.0,220.0,0.0,110.0,0.0,ok,20.968723054750683,0.0,0.0,1.4432194992299996,0.1428571428571404,2467090105.0,0.0,0.0
nw_retrain_0270_approximately_parallel_easy_seed20277435,easy,1,2,3,4,dc49ae4f90a3a8d6,3.0,registered,3.0,4.44042079387125,200.0,220.0,0.0,110.0,0.0,reused_production_label,,,,,,,,
nw_retrain_0270_approximately_parallel_easy_seed20277435,easy,1,2,3,4,dc49ae4f90a3a8d6,3.0,nominal_d_le_1,1.0,20.96893725607191,400.0,410.0,0.0,210.0,0.0,ok,18.38108187728369,0.0,0.7185706436749669,1.869284735113253,0.0,1568157730.0,0.0,0.0
nw_retrain_0270_approximately_parallel_easy_seed20277435,easy,19,3,0,4,d384709f2662095c,3.0,registered,3.0,8.539347262311258,200.0,220.0,0.0,110.0,0.0,reused_production_label,,,,,,,,
nw_retrain_0270_approximately_parallel_easy_seed20277435,easy,19,3,0,4,d384709f2662095c,3.0,nominal_d_le_1,1.0,52.41515177391488,200.0,220.0,0.0,110.0,0.0,ok,49.11081368314549,0.0,1.9585023332388016,1.345835757530582,0.0,453151404.0,0.0,0.0
nw_retrain_0270_approximately_parallel_easy_seed20277435,easy,19,3,1,4,82d74f58d7ecf787,3.0,registered,3.0,18.71432475969991,200.0,220.0,0.0,110.0,0.0,reused_production_label,,,,,,,,
nw_retrain_0270_approximately_parallel_easy_seed20277435,easy,19,3,1,4,82d74f58d7ecf787,3.0,nominal_d_le_1,1.0,37.87642721510077,200.0,220.0,0.0,110.0,0.0,ok,35.263284277716224,0.0,1.4276688692478998,1.1854740681366427,0.0,2946309329.0,0.0,0.0
nw_retrain_0270_approximately_parallel_easy_seed20277435,easy,19,3,2,4,8f208e454681b5b5,3.0,registered,3.0,76.91020645080327,200.0,220.0,0.0,110.0,0.0,reused_production_label,,,,,,,,
nw_retrain_0270_approximately_parallel_easy_seed20277435,easy,19,3,2,4,8f208e454681b5b5,3.0,nominal_d_le_1,1.0,170.25045860616495,200.0,220.0,0.0,110.0,0.0,ok,167.76598317402386,0.0,1.2871184275575998,1.1729031594478645,0.0244538451356519,345642562.0,0.0,0.0
nw_retrain_0270_approximately_parallel_easy_seed20277435,easy,19,3,3,4,dd3bf44e742f1885,3.0,registered,3.0,9.232917694384136,200.0,220.0,0.0,110.0,0.0,reused_production_label,,,,,,,,
nw_retrain_0270_approximately_parallel_easy_seed20277435,easy,19,3,3,4,dd3bf44e742f1885,3.0,nominal_d_le_1,1.0,27.029165914516707,200.0,220.0,0.0,110.0,0.0,ok,24.325163442818223,0.0,1.3396680236860117,1.364334448012467,0.0,1160049446.0,0.0,0.0
nw_retrain_0270_approximately_parallel_easy_seed20277435,easy,7,4,0,6,aa6f146cc1605979,3.0,registered,3.0,9.117681648505712,200.0,219.0,0.0,110.0,0.0,reused_production_label,,,,,,,,
nw_retrain_0270_approximately_parallel_easy_seed20277435,easy,7,4,0,6,aa6f146cc1605979,3.0,nominal_d_le_1,1.0,24.856230055315155,200.0,219.0,0.0,110.0,0.0,ok,22.596685809863388,0.0,0.0,2.2296616401693994,0.0298826052823658,3405077389.0,0.0,0.0
nw_retrain_0270_approximately_parallel_easy_seed20277435,easy,7,4,1,6,5c4d346342c9ba06,3.0,registered,3.0,8.582073399851142,400.0,410.0,0.0,210.0,0.0,reused_production_label,,,,,,,,
nw_retrain_0270_approximately_parallel_easy_seed20277435,easy,7,4,1,6,5c4d346342c9ba06,3.0,nominal_d_le_1,1.0,23.389530349379815,400.0,410.0,0.0,210.0,0.0,ok,21.20070589614136,0.0,0.0,2.102753958091693,0.0860704951467656,2012287187.0,0.0,0.0
nw_retrain_0270_approximately_parallel_easy_seed20277435,easy,7,4,2,6,dea4bf503507218b,3.0,registered,3.0,8.542649562888258,400.0,410.0,0.0,210.0,0.0,reused_production_label,,,,,,,,
nw_retrain_0270_approximately_parallel_easy_seed20277435,easy,7,4,2,6,dea4bf503507218b,3.0,nominal_d_le_1,1.0,23.45988180738001,400.0,410.0,0.0,210.0,0.0,ok,21.3389490951928,0.0,0.0,2.036087291425026,0.0848454207621876,3618265351.0,0.0,0.0
nw_retrain_0270_approximately_parallel_easy_seed20277435,easy,7,4,3,6,8c99497cf49abfcd,3.0,registered,3.0,9.089542448857497,200.0,219.0,0.0,110.0,0.0,reused_production_label,,,,,,,,
nw_retrain_0270_approximately_parallel_easy_seed20277435,easy,7,4,3,6,8c99497cf49abfcd,3.0,nominal_d_le_1,1.0,24.87302523207012,200.0,219.0,0.0,110.0,0.0,ok,22.73463515082526,0.0,0.0,2.138390081244858,0.0,1996054649.0,0.0,0.0
nw_retrain_0322_converging_moderate_seed20282662,moderate,15,0,0,0,1cda849fd56b4e78,3.0,registered,3.0,96.2722676015382,200.0,220.0,0.0,110.0,0.0,reused_production_label,,,,,,,,
nw_retrain_0322_converging_moderate_seed20282662,moderate,15,0,0,0,1cda849fd56b4e78,3.0,nominal_d_le_1,1.0,65.46731440653669,200.0,220.0,0.0,110.0,0.0,ok,56.53534021115864,0.0,1.2926573535597434,2.3482698193040825,5.291047022514221,885384412.0,0.0,0.0
nw_retrain_0322_converging_moderate_seed20282662,moderate,15,0,1,0,78db291104ed2d5c,3.0,registered,3.0,2.1698231669628885,200.0,220.0,0.0,110.0,0.0,reused_production_label,,,,,,,,
nw_retrain_0322_converging_moderate_seed20282662,moderate,15,0,1,0,78db291104ed2d5c,3.0,nominal_d_le_1,1.0,7.042392992830732,200.0,220.0,0.0,110.0,0.0,ok,6.308854666833866,0.0,0.0,0.7335383259968663,0.0,1548947489.0,0.0,0.0
nw_retrain_0322_converging_moderate_seed20282662,moderate,15,0,2,0,1ec7180790a32d2a,3.0,registered,3.0,7.726786849757611,200.0,220.0,0.0,110.0,0.0,reused_production_label,,,,,,,,
nw_retrain_0322_converging_moderate_seed20282662,moderate,15,0,2,0,1ec7180790a32d2a,3.0,nominal_d_le_1,1.0,37.020058552652685,200.0,220.0,0.0,110.0,0.0,ok,31.960594975704964,0.0,1.1755290924041784,2.6615742571297667,1.222360227413784,1336622140.0,0.0,0.0
nw_retrain_0322_converging_moderate_seed20282662,moderate,15,0,3,0,2e4aecab31640330,3.0,registered,3.0,9.727648568294825,200.0,220.0,0.0,110.0,0.0,reused_production_label,,,,,,,,
nw_retrain_0322_converging_moderate_seed20282662,moderate,15,0,3,0,2e4aecab31640330,3.0,nominal_d_le_1,1.0,16.479788069521682,200.0,220.0,0.0,110.0,0.0,ok,11.532915667158482,0.0,1.6412678059759709,2.5890486684021736,0.7165559279850564,2573203922.0,0.0,0.0
nw_retrain_0322_converging_moderate_seed20282662,moderate,1,1,0,2,78e76aecd837d4d3,3.0,registered,3.0,8.815425797476143,200.0,220.0,0.0,110.0,0.0,reused_production_label,,,,,,,,
nw_retrain_0322_converging_moderate_seed20282662,moderate,1,1,0,2,78e76aecd837d4d3,3.0,nominal_d_le_1,1.0,9.374333598964874,200.0,220.0,0.0,110.0,0.0,ok,2.031509778876801,0.0,1.6032749580379733,2.1571267937816674,3.582422068268432,2945185079.0,0.0,0.0
nw_retrain_0322_converging_moderate_seed20282662,moderate,1,1,1,2,4ee0f742e4e9af04,3.0,registered,3.0,1806.663187267016,200.0,220.0,0.0,110.0,0.0,reused_production_label,,,,,,,,
nw_retrain_0322_converging_moderate_seed20282662,moderate,1,1,1,2,4ee0f742e4e9af04,3.0,nominal_d_le_1,1.0,5414.038290877229,200.0,220.0,0.0,110.0,0.0,ok,5406.7414925033245,0.0,1.2116058945069863,2.183668635430009,3.9015238439682913,3412625603.0,0.0,0.0
nw_retrain_0322_converging_moderate_seed20282662,moderate,1,1,2,2,395c80d1115e0013,3.0,registered,3.0,13.168773701276072,200.0,220.0,0.0,110.0,0.0,reused_production_label,,,,,,,,
nw_retrain_0322_converging_moderate_seed20282662,moderate,1,1,2,2,395c80d1115e0013,3.0,nominal_d_le_1,1.0,36.30185529805349,200.0,220.0,0.0,110.0,0.0,ok,27.859947278476504,0.0,1.2519124529174903,2.5564003713402026,4.63359519531929,4119540037.0,0.0,0.0
nw_retrain_0322_converging_moderate_seed20282662,moderate,1,1,3,2,8b48cd682ec84c87,3.0,registered,3.0,138.21812654367795,200.0,220.0,0.0,110.0,0.0,reused_production_label,,,,,,,,
nw_retrain_0322_converging_moderate_seed20282662,moderate,1,1,3,2,8b48cd682ec84c87,3.0,nominal_d_le_1,1.0,609.2019718788862,200.0,220.0,0.0,110.0,0.0,ok,598.8518748693627,0.0,1.0624062410883022,2.3820672311465194,6.905623537288668,4117623132.0,0.0,0.0
nw_retrain_0322_converging_moderate_seed20282662,moderate,6,2,0,4,add5848e6f12f072,3.0,registered,3.0,11.961870648254308,200.0,220.0,0.009090909090909,110.0,0.0,reused_production_label,,,,,,,,
nw_retrain_0322_converging_moderate_seed20282662,moderate,6,2,0,4,add5848e6f12f072,3.0,nominal_d_le_1,1.0,5.652400945130346,200.0,220.0,0.0,110.0,0.0,ok,1.9208615179773825,0.0,1.2911193665900476,2.329719605372822,0.1107004551900942,423416636.0,0.0,0.0
nw_retrain_0322_converging_moderate_seed20282662,moderate,6,2,1,4,062ea623a26519d7,3.0,registered,3.0,256.2254361368466,200.0,220.0,0.0,110.0,0.0,reused_production_label,,,,,,,,
nw_retrain_0322_converging_moderate_seed20282662,moderate,6,2,1,4,062ea623a26519d7,3.0,nominal_d_le_1,1.0,437.2666056838602,200.0,220.0,0.0,110.0,0.0,ok,359.1488232993118,0.0,1.609739012752813,2.488796248925903,74.01924712286967,1127527818.0,0.0,0.0
nw_retrain_0322_converging_moderate_seed20282662,moderate,6,2,2,4,86772d9d64817299,3.0,registered,3.0,5.324634032195579,200.0,220.0,0.0,110.0,0.0,reused_production_label,,,,,,,,
nw_retrain_0322_converging_moderate_seed20282662,moderate,6,2,2,4,86772d9d64817299,3.0,nominal_d_le_1,1.0,18.134362349578467,200.0,220.0,0.0,110.0,0.0,ok,15.110626341035818,0.0,0.4448902175560123,2.556922342111682,0.0219234488749526,3522039092.0,0.0,0.0
nw_retrain_0322_converging_moderate_seed20282662,moderate,6,2,3,4,dd85889789b9b31e,3.0,registered,3.0,390.7511758237728,200.0,220.0,0.0,110.0,0.0,reused_production_label,,,,,,,,
nw_retrain_0322_converging_moderate_seed20282662,moderate,6,2,3,4,dd85889789b9b31e,3.0,nominal_d_le_1,1.0,1097.247696268417,200.0,220.0,0.0,110.0,0.0,ok,1091.5997615696924,0.0791682947717468,0.8481694480935605,2.437157212830155,2.2834397430290907,1385916763.0,0.0,0.0
nw_retrain_0322_converging_moderate_seed20282662,moderate,17,3,0,4,d87dbe146fc8fdd1,3.0,registered,3.0,4.874574411718545,200.0,220.0,0.0,110.0,0.0,reused_production_label,,,,,,,,
nw_retrain_0322_converging_moderate_seed20282662,moderate,17,3,0,4,d87dbe146fc8fdd1,3.0,nominal_d_le_1,1.0,38.92910796948325,200.0,220.0,0.0,110.0,0.0,ok,35.25815681300354,0.0,0.7444144666608015,2.11468012002863,0.8118565697902821,4282687354.0,0.0,0.0
nw_retrain_0322_converging_moderate_seed20282662,moderate,17,3,1,4,8ccca6b28d5008f5,3.0,registered,3.0,6.344863068176959,200.0,220.0,0.0,110.0,0.0,reused_production_label,,,,,,,,
nw_retrain_0322_converging_moderate_seed20282662,moderate,17,3,1,4,8ccca6b28d5008f5,3.0,nominal_d_le_1,1.0,20.039331114625,200.0,220.0,0.0,110.0,0.0,ok,17.23910689019188,0.0,0.8396295953279234,1.9372002732357645,0.0233943558694301,1918295991.0,0.0,0.0
nw_retrain_0322_converging_moderate_seed20282662,moderate,17,3,2,4,fa7a69cc50ba9432,3.0,registered,3.0,12.44476855879416,200.0,220.0,0.0,110.0,0.0,reused_production_label,,,,,,,,
nw_retrain_0322_converging_moderate_seed20282662,moderate,17,3,2,4,fa7a69cc50ba9432,3.0,nominal_d_le_1,1.0,30.456279602766667,200.0,220.0,0.0,110.0,0.0,ok,24.15526122718841,0.0,1.3091280162180148,2.912186004802983,2.079704354557254,2158441982.0,0.0,0.0
nw_retrain_0322_converging_moderate_seed20282662,moderate,17,3,3,4,8500ff23042d0084,3.0,registered,3.0,13.343193540844876,200.0,220.0,0.0,110.0,0.0,reused_production_label,,,,,,,,
nw_retrain_0322_converging_moderate_seed20282662,moderate,17,3,3,4,8500ff23042d0084,3.0,nominal_d_le_1,1.0,18.47420264554645,200.0,220.0,0.0,110.0,0.0,ok,16.340994502725156,0.0,0.1350935989532014,1.827044564353764,0.1710699795143287,2903789114.0,0.0,0.0
nw_retrain_0322_converging_moderate_seed20282662,moderate,13,4,0,6,7f7389246f5a7a9f,3.0,registered,3.0,296.7680903236365,200.0,220.0,0.0,110.0,0.0,reused_production_label,,,,,,,,
nw_retrain_0322_converging_moderate_seed20282662,moderate,13,4,0,6,7f7389246f5a7a9f,3.0,nominal_d_le_1,1.0,880.8281352214848,200.0,220.0,0.0,110.0,0.0,ok,873.8832079081603,0.0,2.0687085549951907,2.6194007056861848,2.256818052643081,3385522069.0,0.0,0.0
nw_retrain_0322_converging_moderate_seed20282662,moderate,13,4,1,6,a8dcaecb2673d490,3.0,registered,3.0,276.9986159036721,200.0,220.0,0.0,110.0,0.0,reused_production_label,,,,,,,,
nw_retrain_0322_converging_moderate_seed20282662,moderate,13,4,1,6,a8dcaecb2673d490,3.0,nominal_d_le_1,1.0,819.7984215447144,200.0,220.0,0.0,110.0,0.0,ok,809.9502078330817,0.0,1.3096830411944211,2.692189523129322,5.846341147309055,9537876.0,0.0,0.0
nw_retrain_0322_converging_moderate_seed20282662,moderate,13,4,2,6,73dd305ea22b9ea0,3.0,registered,3.0,269.8281216240584,200.0,220.0,0.0,110.0,0.0,reused_production_label,,,,,,,,
nw_retrain_0322_converging_moderate_seed20282662,moderate,13,4,2,6,73dd305ea22b9ea0,3.0,nominal_d_le_1,1.0,809.3008494893269,200.0,220.0,0.0,110.0,0.0,ok,804.4443066408232,0.0,1.1408394963190949,2.576999364333356,1.1387039878512095,214829847.0,0.0,0.0
nw_retrain_0322_converging_moderate_seed20282662,moderate,13,4,3,6,b2c5eacf4f14dfc2,3.0,registered,3.0,13.648589925778534,200.0,220.0,0.0,110.0,0.0,reused_production_label,,,,,,,,
nw_retrain_0322_converging_moderate_seed20282662,moderate,13,4,3,6,b2c5eacf4f14dfc2,3.0,nominal_d_le_1,1.0,42.74793095492495,200.0,220.0,0.0,110.0,0.0,ok,38.140365594556776,0.0,1.1408394963190949,2.585584311224852,0.8811415528242327,2451972521.0,0.0,0.0
nw_retrain_0344_converging_easy_seed20284556,easy,8,0,0,0,7758d306fdffe310,3.0,registered,3.0,15.407229785953206,200.0,220.0,0.0,110.0,0.0,reused_production_label,,,,,,,,
nw_retrain_0344_converging_easy_seed20284556,easy,8,0,0,0,7758d306fdffe310,3.0,nominal_d_le_1,1.0,27.20537302707661,200.0,220.0,0.0,110.0,0.0,ok,18.31177563274201,0.0,1.7038310058415658,2.5819105142868284,4.607855874206204,3860534961.0,0.0,0.0
nw_retrain_0344_converging_easy_seed20284556,easy,8,0,1,0,8787b763cbd5f548,3.0,registered,3.0,53.37390104474314,200.0,220.0,0.0,110.0,0.0,reused_production_label,,,,,,,,
nw_retrain_0344_converging_easy_seed20284556,easy,8,0,1,0,8787b763cbd5f548,3.0,nominal_d_le_1,1.0,91.3885852417832,200.0,220.0,0.0,110.0,0.0,ok,81.37166665886312,0.443785485469626,1.5888197360114589,2.534507653270636,5.449805708168359,1932599650.0,0.0,0.0
nw_retrain_0344_converging_easy_seed20284556,easy,8,0,2,0,aa6f6ebccdc5c7fa,3.0,registered,3.0,94.44165633876632,200.0,220.0,0.0,110.0,0.0,reused_production_label,,,,,,,,
nw_retrain_0344_converging_easy_seed20284556,easy,8,0,2,0,aa6f6ebccdc5c7fa,3.0,nominal_d_le_1,1.0,29.74468411303852,200.0,220.0,0.0,110.0,0.0,ok,23.65203225051848,0.0,1.555643609044715,2.226389086996199,2.3106191664791247,4262218277.0,0.0,0.0
nw_retrain_0344_converging_easy_seed20284556,easy,8,0,3,0,c9cb9103804444aa,3.0,registered,3.0,22.89021412323354,200.0,220.0,0.0,110.0,0.0,reused_production_label,,,,,,,,
nw_retrain_0344_converging_easy_seed20284556,easy,8,0,3,0,c9cb9103804444aa,3.0,nominal_d_le_1,1.0,60.06536832267749,200.0,220.0,0.0,110.0,0.0,ok,45.59360286923715,0.0,1.735640065103281,2.0511844459944943,10.684940942342562,155850025.0,0.0,0.0
nw_retrain_0344_converging_easy_seed20284556,easy,0,1,0,2,8e85c5dc24e85774,3.0,registered,3.0,10.302384819629031,200.0,220.0,0.0,110.0,0.0,reused_production_label,,,,,,,,
nw_retrain_0344_converging_easy_seed20284556,easy,0,1,0,2,8e85c5dc24e85774,3.0,nominal_d_le_1,1.0,74.97349747978974,200.0,220.0,0.0,110.0,0.0,ok,71.20791313561689,0.0,1.1669918355404365,2.4446417826388225,0.1539507259935967,3365133474.0,0.0,0.0
nw_retrain_0344_converging_easy_seed20284556,easy,0,1,1,2,100566d12dde82b1,3.0,registered,3.0,4.723256457493406,200.0,220.0,0.0,110.0,0.0,reused_production_label,,,,,,,,
nw_retrain_0344_converging_easy_seed20284556,easy,0,1,1,2,100566d12dde82b1,3.0,nominal_d_le_1,1.0,29.176590532905568,200.0,220.0,0.0,110.0,0.0,ok,23.99592344460334,0.0,1.684104514596975,2.5415057803664065,0.9550567933388489,2658998085.0,0.0,0.0
nw_retrain_0344_converging_easy_seed20284556,easy,0,1,2,2,18b631251c65274f,3.0,registered,3.0,617.6933888224595,200.0,220.0,0.0,110.0,0.0,reused_production_label,,,,,,,,
nw_retrain_0344_converging_easy_seed20284556,easy,0,1,2,2,18b631251c65274f,3.0,nominal_d_le_1,1.0,1852.542964301453,200.0,220.0,0.0,110.0,0.0,ok,1843.140718748406,0.0,1.932619920000434,2.3092710533429424,5.160354579703873,3002696393.0,0.0,0.0
nw_retrain_0344_converging_easy_seed20284556,easy,0,1,3,2,95d0cf4c9bbfe107,3.0,registered,3.0,15.382279346739216,200.0,220.0,0.0,110.0,0.0,reused_production_label,,,,,,,,
nw_retrain_0344_converging_easy_seed20284556,easy,0,1,3,2,95d0cf4c9bbfe107,3.0,nominal_d_le_1,1.0,115.84220233763,200.0,220.0,0.0,110.0,0.0,ok,110.4498093372356,0.0,1.3399238889726608,2.3532725519928914,1.6991965594288547,874305740.0,0.0,0.0
nw_retrain_0344_converging_easy_seed20284556,easy,15,2,0,3,c5d4254edcf4b7f9,3.0,registered,3.0,1381.6856517238723,200.0,220.0,0.0,110.0,0.0,reused_production_label,,,,,,,,
nw_retrain_0344_converging_easy_seed20284556,easy,15,2,0,3,c5d4254edcf4b7f9,3.0,nominal_d_le_1,1.0,4141.089018094942,200.0,220.0,0.0,110.0,0.0,ok,4138.10504880279,0.0,1.1233522186507796,1.7554104585633414,0.1052066149381519,3640697520.0,0.0,0.0
nw_retrain_0344_converging_easy_seed20284556,easy,15,2,1,3,8a131b0795a92420,3.0,registered,3.0,1172.8839922735767,200.0,220.0,0.0,110.0,0.0,reused_production_label,,,,,,,,
nw_retrain_0344_converging_easy_seed20284556,easy,15,2,1,3,8a131b0795a92420,3.0,nominal_d_le_1,1.0,3495.472059794774,200.0,220.0,0.0,110.0,0.0,ok,3490.8796271998062,0.0,1.1987390518188634,2.348310548851652,1.0453829942973016,1591712497.0,0.0,0.0
nw_retrain_0344_converging_easy_seed20284556,easy,15,2,2,3,0f32111dd94223da,3.0,registered,3.0,355.4968899925334,200.0,220.0,0.0,110.0,0.0,reused_production_label,,,,,,,,
nw_retrain_0344_converging_easy_seed20284556,easy,15,2,2,3,0f32111dd94223da,3.0,nominal_d_le_1,1.0,1158.4378683725315,200.0,220.0,0.0,110.0,0.0,ok,1151.0481567373613,0.0,1.5170045217882553,2.246637412464504,3.6260697009175207,2382652829.0,0.0,0.0
nw_retrain_0344_converging_easy_seed20284556,easy,15,2,3,3,06d292519f637793,3.0,registered,3.0,43.30659228170389,200.0,220.0,0.0,110.0,0.0,reused_production_label,,,,,,,,
nw_retrain_0344_converging_easy_seed20284556,easy,15,2,3,3,06d292519f637793,3.0,nominal_d_le_1,1.0,97.58083100251606,200.0,220.0,0.0,110.0,0.0,ok,67.23032575215768,0.0,1.624789920355685,2.303957336549809,26.42175799345288,2569376725.0,0.0,0.0
nw_retrain_0344_converging_easy_seed20284556,easy,14,3,0,5,b026392c659f682a,3.0,registered,3.0,13.395483418062678,200.0,220.0,0.0,110.0,0.0,reused_production_label,,,,,,,,
nw_retrain_0344_converging_easy_seed20284556,easy,14,3,0,5,b026392c659f682a,3.0,nominal_d_le_1,1.0,26.419156969409887,200.0,220.0,0.0,110.0,0.0,ok,18.535526749985213,0.0,1.359813652480797,2.2094078034819864,4.314408763461887,3681404691.0,0.0,0.0
nw_retrain_0344_converging_easy_seed20284556,easy,14,3,1,5,ce2fc1c5701f88a9,3.0,registered,3.0,825.7636951920696,200.0,220.0,0.0,110.0,0.0,reused_production_label,,,,,,,,
nw_retrain_0344_converging_easy_seed20284556,easy,14,3,1,5,ce2fc1c5701f88a9,3.0,nominal_d_le_1,1.0,2531.504137123145,200.0,220.0,0.0,110.0,0.0,ok,2521.815712297111,0.0,1.2257051032489643,2.697753207065089,5.764966515720279,2277695350.0,0.0,0.0
nw_retrain_0344_converging_easy_seed20284556,easy,14,3,2,5,c7abf2ce29a4b86e,3.0,registered,3.0,827.8926587849467,200.0,220.0,0.0,110.0,0.0,reused_production_label,,,,,,,,
nw_retrain_0344_converging_easy_seed20284556,easy,14,3,2,5,c7abf2ce29a4b86e,3.0,nominal_d_le_1,1.0,2390.5306515814573,200.0,220.0,0.0,110.0,0.0,ok,2383.6250896662555,0.0,1.2257051032489643,2.6195970299895284,3.060259781963285,1357238298.0,0.0,0.0
nw_retrain_0344_converging_easy_seed20284556,easy,14,3,3,5,a9b059183ad3a5ab,3.0,registered,3.0,52.1150840084438,200.0,220.0,0.0,110.0,0.0,reused_production_label,,,,,,,,
nw_retrain_0344_converging_easy_seed20284556,easy,14,3,3,5,a9b059183ad3a5ab,3.0,nominal_d_le_1,1.0,365.4674591406949,200.0,220.0,0.0,110.0,0.0,ok,357.78155008842185,0.0,1.2257051032489643,2.682270284462592,3.777933664561488,3708069880.0,0.0,0.0
nw_retrain_0344_converging_easy_seed20284556,easy,19,4,0,6,72e9bc01ff4132a8,3.0,registered,3.0,62.30644570789356,200.0,220.0,0.0,110.0,0.0,reused_production_label,,,,,,,,
nw_retrain_0344_converging_easy_seed20284556,easy,19,4,0,6,72e9bc01ff4132a8,3.0,nominal_d_le_1,1.0,215.67752125377825,200.0,220.0,0.0,110.0,0.0,ok,211.72908549468605,0.0,1.2610571472528458,2.141029306215869,0.5463493056234986,413775921.0,0.0,0.0
nw_retrain_0344_converging_easy_seed20284556,easy,19,4,1,6,8ec88461dbd87082,3.0,registered,3.0,155.8792979752147,200.0,220.0,0.0,110.0,0.0,reused_production_label,,,,,,,,
nw_retrain_0344_converging_easy_seed20284556,easy,19,4,1,6,8ec88461dbd87082,3.0,nominal_d_le_1,1.0,465.4845508371511,200.0,220.0,0.0,110.0,0.0,ok,463.4078792929046,0.0,0.0,1.961228634001887,0.1154429102446064,172840820.0,0.0,0.0
nw_retrain_0344_converging_easy_seed20284556,easy,19,4,2,6,108dc8ca0802fa9f,3.0,registered,3.0,194.8845918089164,200.0,220.0,0.0,110.0,0.0,reused_production_label,,,,,,,,
nw_retrain_0344_converging_easy_seed20284556,easy,19,4,2,6,108dc8ca0802fa9f,3.0,nominal_d_le_1,1.0,582.8702288712877,200.0,220.0,0.0,110.0,0.0,ok,580.9784555935571,0.0,0.0,1.89177327773069,0.0,3654600097.0,0.0,0.0
nw_retrain_0344_converging_easy_seed20284556,easy,19,4,3,6,441309b8a47b0db6,3.0,registered,3.0,285.24245519574555,200.0,220.0,0.0,110.0,0.0,reused_production_label,,,,,,,,
nw_retrain_0344_converging_easy_seed20284556,easy,19,4,3,6,441309b8a47b0db6,3.0,nominal_d_le_1,1.0,853.8807104493488,200.0,220.0,0.0,110.0,0.0,ok,851.9573828804049,0.0,0.0,1.923327568943921,0.0,1466385352.0,0.0,0.0
nw_retrain_0346_vertically_overlapping_moderate_seed20285014,moderate,2,0,0,0,48c30ee02afff98d,3.0,registered,3.0,16.823955965460744,200.0,220.0,0.0,110.0,0.0,reused_production_label,,,,,,,,
nw_retrain_0346_vertically_overlapping_moderate_seed20285014,moderate,2,0,0,0,48c30ee02afff98d,3.0,nominal_d_le_1,1.0,17.804636951142918,200.0,220.0,0.0,110.0,0.0,ok,13.741264172394864,0.0,0.2819277441734223,2.4843432385765185,1.2971017959981117,1947764188.0,0.0,0.0
nw_retrain_0346_vertically_overlapping_moderate_seed20285014,moderate,2,0,1,0,a1a975e291333146,3.0,registered,3.0,16.4732199419984,200.0,220.0,0.0,110.0,0.0,reused_production_label,,,,,,,,
nw_retrain_0346_vertically_overlapping_moderate_seed20285014,moderate,2,0,1,0,a1a975e291333146,3.0,nominal_d_le_1,1.0,18.281590606039845,200.0,220.0,0.0,110.0,0.0,ok,13.483503965293604,0.0,0.8894893901132163,2.6820358326592904,1.2265614179737352,556839503.0,0.0,0.0
nw_retrain_0346_vertically_overlapping_moderate_seed20285014,moderate,2,0,2,0,9f8209f79ddbc1ed,3.0,registered,3.0,22.61395584382169,200.0,220.0,0.0,110.0,0.0,reused_production_label,,,,,,,,
nw_retrain_0346_vertically_overlapping_moderate_seed20285014,moderate,2,0,2,0,9f8209f79ddbc1ed,3.0,nominal_d_le_1,1.0,20.75251682137462,200.0,220.0,0.0,110.0,0.0,ok,12.592881606448302,0.0,0.9094319265600492,1.9041649769220057,5.346038311444261,4067318846.0,0.0,0.0
nw_retrain_0346_vertically_overlapping_moderate_seed20285014,moderate,2,0,3,0,27e1774918003b62,3.0,registered,3.0,10.50232840448554,200.0,220.0,0.0,110.0,0.0,reused_production_label,,,,,,,,
nw_retrain_0346_vertically_overlapping_moderate_seed20285014,moderate,2,0,3,0,27e1774918003b62,3.0,nominal_d_le_1,1.0,15.679817539767036,200.0,220.0,0.0,110.0,0.0,ok,4.437339775766067,0.509263981452091,1.086549613306533,2.260877456571245,7.385786712671098,2343260625.0,0.0,0.0
nw_retrain_0346_vertically_overlapping_moderate_seed20285014,moderate,14,1,0,1,d57034f7564e9466,3.0,registered,3.0,7.887537132210525,200.0,220.0,0.0,110.0,0.0,reused_production_label,,,,,,,,
nw_retrain_0346_vertically_overlapping_moderate_seed20285014,moderate,14,1,0,1,d57034f7564e9466,3.0,nominal_d_le_1,1.0,24.10553435805351,200.0,220.0,0.0,110.0,0.0,ok,18.54756887347385,0.7083670777154231,1.743135489689872,2.3915149149350854,0.7149480022392801,1148160992.0,0.0,0.0
nw_retrain_0346_vertically_overlapping_moderate_seed20285014,moderate,14,1,1,1,60a849662e3f29f7,3.0,registered,3.0,21.1678882795956,200.0,220.0,0.0,110.0,0.0,reused_production_label,,,,,,,,
nw_retrain_0346_vertically_overlapping_moderate_seed20285014,moderate,14,1,1,1,60a849662e3f29f7,3.0,nominal_d_le_1,1.0,15.292848479317176,200.0,220.0,0.0,110.0,0.0,ok,7.732201546783322,0.0,1.4906736837561894,2.8471967521348893,3.222776496642775,2132712798.0,0.0,0.0
nw_retrain_0346_vertically_overlapping_moderate_seed20285014,moderate,14,1,2,1,eb600294b9d42c99,3.0,registered,3.0,4.687764441807575,200.0,220.0,0.0,110.0,0.0,reused_production_label,,,,,,,,
nw_retrain_0346_vertically_overlapping_moderate_seed20285014,moderate,14,1,2,1,eb600294b9d42c99,3.0,nominal_d_le_1,1.0,27.58396755794117,200.0,220.0,0.0,110.0,0.0,ok,21.444692767895507,0.0,1.696892719333152,2.879389873005692,1.5629921977068146,3351364828.0,0.0,0.0
nw_retrain_0346_vertically_overlapping_moderate_seed20285014,moderate,14,1,3,1,0d14af5e795ebb81,3.0,registered,3.0,9.33247770964493,200.0,220.0,0.0,110.0,0.0,reused_production_label,,,,,,,,
nw_retrain_0346_vertically_overlapping_moderate_seed20285014,moderate,14,1,3,1,0d14af5e795ebb81,3.0,nominal_d_le_1,1.0,19.11222421732957,200.0,220.0,0.0,110.0,0.0,ok,15.54925893155268,0.0,0.7444158225858839,2.3321829645187258,0.4863664986722815,2587051280.0,0.0,0.0
nw_retrain_0346_vertically_overlapping_moderate_seed20285014,moderate,18,2,0,3,3e99991271523046,3.0,registered,3.0,3568.5881806929087,200.0,220.0,0.0,110.0,0.0,reused_production_label,,,,,,,,
nw_retrain_0346_vertically_overlapping_moderate_seed20285014,moderate,18,2,0,3,3e99991271523046,3.0,nominal_d_le_1,1.0,10693.156119718791,200.0,220.0,0.0,110.0,0.0,ok,10684.049030329896,0.0,1.8232147257015,1.7576442512448949,5.526230411946938,3525987201.0,0.0,0.0
nw_retrain_0346_vertically_overlapping_moderate_seed20285014,moderate,18,2,1,3,c6e9f89bedeafb0c,3.0,registered,3.0,3637.5492052802297,200.0,220.0,0.0,110.0,0.0,reused_production_label,,,,,,,,
nw_retrain_0346_vertically_overlapping_moderate_seed20285014,moderate,18,2,1,3,c6e9f89bedeafb0c,3.0,nominal_d_le_1,1.0,10905.27146148399,200.0,220.0,0.0,110.0,0.0,ok,10899.079373771268,0.0,0.8623006065459181,2.0453460619933805,3.284441044182771,3061406895.0,0.0,0.0
nw_retrain_0346_vertically_overlapping_moderate_seed20285014,moderate,18,2,2,3,6e43e16c6d51c2de,3.0,registered,3.0,3476.959143233238,200.0,220.0,0.0,110.0,0.0,reused_production_label,,,,,,,,
nw_retrain_0346_vertically_overlapping_moderate_seed20285014,moderate,18,2,2,3,6e43e16c6d51c2de,3.0,nominal_d_le_1,1.0,10427.299200142765,200.0,220.0,0.0,110.0,0.0,ok,10424.510085889662,0.0,0.8623006065459181,1.5177610845134883,0.4090525620436865,2090601568.0,0.0,0.0
nw_retrain_0346_vertically_overlapping_moderate_seed20285014,moderate,18,2,3,3,f386ee390de00b46,3.0,registered,3.0,41.85861728789464,200.0,220.0,0.0,110.0,0.0,reused_production_label,,,,,,,,
nw_retrain_0346_vertically_overlapping_moderate_seed20285014,moderate,18,2,3,3,f386ee390de00b46,3.0,nominal_d_le_1,1.0,73.59437008841384,200.0,220.0,0.0,110.0,0.0,ok,55.248763354161454,0.0,0.935406004458516,2.2585593299336875,15.151641399860182,969867789.0,0.0,0.0
nw_retrain_0346_vertically_overlapping_moderate_seed20285014,moderate,1,3,0,5,f654e5422b857c66,3.0,registered,3.0,11.448495203924628,200.0,220.0,0.0,110.0,0.0,reused_production_label,,,,,,,,
nw_retrain_0346_vertically_overlapping_moderate_seed20285014,moderate,1,3,0,5,f654e5422b857c66,3.0,nominal_d_le_1,1.0,16.072766275126664,200.0,220.0,0.0,110.0,0.0,ok,11.141134105452196,0.0,1.3297694335048715,2.861315105037531,0.7405476311320648,2616583305.0,0.0,0.0
nw_retrain_0346_vertically_overlapping_moderate_seed20285014,moderate,1,3,1,5,010bf96886708af2,3.0,registered,3.0,2.376768846815728,400.0,409.0,0.0047619047619047,210.0,0.0,reused_production_label,,,,,,,,
nw_retrain_0346_vertically_overlapping_moderate_seed20285014,moderate,1,3,1,5,010bf96886708af2,3.0,nominal_d_le_1,1.0,2.601571623097196,400.0,410.0,0.0,210.0,0.0,ok,0.0,0.1359944455211759,0.0,2.46557717757602,0.0,959516615.0,0.0,0.0
nw_retrain_0346_vertically_overlapping_moderate_seed20285014,moderate,1,3,2,5,a7eb37b9d5cecf62,3.0,registered,3.0,2.901847442531242,200.0,220.0,0.009090909090909,110.0,0.0,reused_production_label,,,,,,,,
nw_retrain_0346_vertically_overlapping_moderate_seed20285014,moderate,1,3,2,5,a7eb37b9d5cecf62,3.0,nominal_d_le_1,1.0,3.2768357465946742,200.0,220.0,0.0,110.0,0.0,ok,0.0,0.2661848275913578,0.4608267156196319,2.4731375559279742,0.0766866474557101,3201552153.0,0.0,0.0
nw_retrain_0346_vertically_overlapping_moderate_seed20285014,moderate,1,3,3,5,8eb5c66106a581e2,3.0,registered,3.0,2.3533389255559194,400.0,410.0,0.0047619047619047,210.0,0.0,reused_production_label,,,,,,,,
nw_retrain_0346_vertically_overlapping_moderate_seed20285014,moderate,1,3,3,5,8eb5c66106a581e2,3.0,nominal_d_le_1,1.0,2.4363917051733224,400.0,410.0,0.0047619047619047,210.0,0.0,ok,0.0,0.0,0.0,2.4363917051733224,0.0,3285349645.0,0.0,0.0
nw_retrain_0346_vertically_overlapping_moderate_seed20285014,moderate,17,4,0,6,70b721f692d835b3,3.0,registered,3.0,1333.0005555612995,200.0,220.0,0.0,110.0,0.0,reused_production_label,,,,,,,,
nw_retrain_0346_vertically_overlapping_moderate_seed20285014,moderate,17,4,0,6,70b721f692d835b3,3.0,nominal_d_le_1,1.0,3984.9952654025415,200.0,220.0,0.0,110.0,0.0,ok,3976.9920647618624,0.7165274049838172,1.985343150148682,2.345766750967214,2.955563334579084,113087378.0,0.0,0.0
nw_retrain_0346_vertically_overlapping_moderate_seed20285014,moderate,17,4,1,6,cc4e5f4dcbb4a6df,3.0,registered,3.0,1332.5181266574043,200.0,220.0,0.0,110.0,0.0,reused_production_label,,,,,,,,
nw_retrain_0346_vertically_overlapping_moderate_seed20285014,moderate,17,4,1,6,cc4e5f4dcbb4a6df,3.0,nominal_d_le_1,1.0,3983.732355431308,200.0,220.0,0.0,110.0,0.0,ok,3976.490079589979,0.0,1.985343150148682,2.4124334176338804,2.844499273546289,3915115331.0,0.0,0.0
nw_retrain_0346_vertically_overlapping_moderate_seed20285014,moderate,17,4,2,6,1b6fdf4611354242,3.0,registered,3.0,1338.001538144946,200.0,220.0,0.0,110.0,0.0,reused_production_label,,,,,,,,
nw_retrain_0346_vertically_overlapping_moderate_seed20285014,moderate,17,4,2,6,1b6fdf4611354242,3.0,nominal_d_le_1,1.0,3992.133471036126,200.0,220.0,0.0,110.0,0.0,ok,3979.364620671522,0.0,1.985343150148682,2.28801472819684,8.495492486258403,723632644.0,0.0,0.0
nw_retrain_0346_vertically_overlapping_moderate_seed20285014,moderate,17,4,3,6,663dedc449aead04,3.0,registered,3.0,1345.3653031023496,200.0,220.0,0.0,110.0,0.0,reused_production_label,,,,,,,,
nw_retrain_0346_vertically_overlapping_moderate_seed20285014,moderate,17,4,3,6,663dedc449aead04,3.0,nominal_d_le_1,1.0,3995.6313977468167,200.0,220.0,0.0,110.0,0.0,ok,3981.816227905087,0.0,1.985343150148682,2.4124334176338804,9.417393273947392,4196664480.0,0.0,0.0
nw_retrain_0363_vertically_overlapping_hard_seed20286418,hard,0,0,0,0,d3c4f9de8993c324,3.0,registered,3.0,104.2512530501283,200.0,220.0,0.0,110.0,0.0,reused_production_label,,,,,,,,
nw_retrain_0363_vertically_overlapping_hard_seed20286418,hard,0,0,0,0,d3c4f9de8993c324,3.0,nominal_d_le_1,1.0,203.08664916527528,200.0,220.0,0.0,110.0,0.0,ok,126.94996894942314,0.0,1.2425361984815615,2.0745787202959463,72.81956529707463,3898296737.0,0.0,0.0
nw_retrain_0363_vertically_overlapping_hard_seed20286418,hard,0,0,1,0,23bff3630805ba9b,3.0,registered,3.0,2449.204856127514,200.0,220.0,0.0,110.0,0.0,reused_production_label,,,,,,,,
nw_retrain_0363_vertically_overlapping_hard_seed20286418,hard,0,0,1,0,23bff3630805ba9b,3.0,nominal_d_le_1,1.0,5452.24050972507,200.0,220.0,0.0,110.0,0.0,ok,5357.572048205362,0.3592367919664626,0.9268255302746228,2.2237433471285377,91.15865585033868,680138585.0,0.0,0.0
nw_retrain_0363_vertically_overlapping_hard_seed20286418,hard,0,0,2,0,f044636ddc3f67d9,3.0,registered,3.0,28.78622027872916,200.0,220.0,0.0,110.0,0.0,reused_production_label,,,,,,,,
nw_retrain_0363_vertically_overlapping_hard_seed20286418,hard,0,0,2,0,f044636ddc3f67d9,3.0,nominal_d_le_1,1.0,85.9784734856126,200.0,220.0,0.0,110.0,0.0,ok,84.78838096838285,0.0,0.0,1.1154955617397555,0.0745969554899903,537904884.0,0.0,0.0
nw_retrain_0363_vertically_overlapping_hard_seed20286418,hard,0,0,3,0,6c9456d6bca98454,3.0,registered,3.0,23.52769167278938,200.0,220.0,0.0,110.0,0.0,reused_production_label,,,,,,,,
nw_retrain_0363_vertically_overlapping_hard_seed20286418,hard,0,0,3,0,6c9456d6bca98454,3.0,nominal_d_le_1,1.0,783.249744562142,200.0,220.0,0.0,110.0,0.0,ok,767.2419092210184,0.0,0.9439545877919792,2.181054614298028,12.882826139033718,4196904192.0,0.0,0.0
nw_retrain_0363_vertically_overlapping_hard_seed20286418,hard,6,1,0,2,1d75aa11e8cbec23,3.0,registered,3.0,5747.035147427501,200.0,220.0,0.0,110.0,0.0,reused_production_label,,,,,,,,
nw_retrain_0363_vertically_overlapping_hard_seed20286418,hard,6,1,0,2,1d75aa11e8cbec23,3.0,nominal_d_le_1,1.0,17238.231105817045,200.0,220.0,0.0,110.0,0.0,ok,17231.84426318919,0.1013304474287294,0.834837082773554,1.6884034430587724,3.7622716545948727,2717514114.0,0.0,0.0
nw_retrain_0363_vertically_overlapping_hard_seed20286418,hard,6,1,1,2,ee1f60b7781ad4f7,3.0,registered,3.0,5800.143078333908,200.0,220.0,0.0,110.0,0.0,reused_production_label,,,,,,,,
nw_retrain_0363_vertically_overlapping_hard_seed20286418,hard,6,1,1,2,ee1f60b7781ad4f7,3.0,nominal_d_le_1,1.0,17397.69905249882,200.0,220.0,0.0,110.0,0.0,ok,17395.333964166075,0.0,0.2384550298355308,1.0707565087326922,1.0558767941793996,3890462209.0,0.0,0.0
nw_retrain_0363_vertically_overlapping_hard_seed20286418,hard,6,1,2,2,8c9099eeb9e63e47,3.0,registered,3.0,205.2660741094052,200.0,220.0,0.0,110.0,0.0,reused_production_label,,,,,,,,
nw_retrain_0363_vertically_overlapping_hard_seed20286418,hard,6,1,2,2,8c9099eeb9e63e47,3.0,nominal_d_le_1,1.0,126.6551596407971,200.0,220.0,0.0,110.0,0.0,ok,49.29184035811924,0.3212425645324688,1.4017135761073634,2.109900660293106,73.53046248174492,2965199675.0,0.0,0.0
nw_retrain_0363_vertically_overlapping_hard_seed20286418,hard,6,1,3,2,72432c87c8677ca2,3.0,registered,3.0,45.25794988121071,200.0,220.0,0.0,110.0,0.0,reused_production_label,,,,,,,,
nw_retrain_0363_vertically_overlapping_hard_seed20286418,hard,6,1,3,2,72432c87c8677ca2,3.0,nominal_d_le_1,1.0,24.08712049420405,200.0,220.0,0.0,110.0,0.0,ok,5.330359638043382,0.0,1.3656847321931658,2.421653710995047,14.969422412972456,2668468056.0,0.0,0.0
nw_retrain_0363_vertically_overlapping_hard_seed20286418,hard,18,2,0,3,56d6f55eb8bbe039,3.0,registered,3.0,1413.1607193575603,200.0,220.0,0.0,110.0,0.0,reused_production_label,,,,,,,,
nw_retrain_0363_vertically_overlapping_hard_seed20286418,hard,18,2,0,3,56d6f55eb8bbe039,3.0,nominal_d_le_1,1.0,3594.909648243718,200.0,220.0,0.0,110.0,0.0,ok,3558.5630394946875,0.0,1.824631370061119,2.01592520312677,32.506052175842804,1235033880.0,0.0,0.0
nw_retrain_0363_vertically_overlapping_hard_seed20286418,hard,18,2,1,3,bff9422470ce50eb,3.0,registered,3.0,4.35584197486801,200.0,220.0,0.0,110.0,0.0,reused_production_label,,,,,,,,
nw_retrain_0363_vertically_overlapping_hard_seed20286418,hard,18,2,1,3,bff9422470ce50eb,3.0,nominal_d_le_1,1.0,10.845624287607386,200.0,220.0,0.0,110.0,0.0,ok,8.670103529628038,0.0,0.0,1.521207236228735,0.6543135217506121,2202018967.0,0.0,0.0
nw_retrain_0363_vertically_overlapping_hard_seed20286418,hard,18,2,2,3,c9100621de969a1b,3.0,registered,3.0,103.5356826452204,200.0,220.0,0.0,110.0,0.0,reused_production_label,,,,,,,,
nw_retrain_0363_vertically_overlapping_hard_seed20286418,hard,18,2,2,3,c9100621de969a1b,3.0,nominal_d_le_1,1.0,112.21809977305648,200.0,220.0,0.0,110.0,0.0,ok,105.7955250340554,0.0,0.6698151045894788,1.9848362037768656,3.767923430634725,645333424.0,0.0,0.0
nw_retrain_0363_vertically_overlapping_hard_seed20286418,hard,18,2,3,3,f2e2bab5036392d8,3.0,registered,3.0,6604.528269734069,200.0,220.0,0.0,110.0,0.0,reused_production_label,,,,,,,,
nw_retrain_0363_vertically_overlapping_hard_seed20286418,hard,18,2,3,3,f2e2bab5036392d8,3.0,nominal_d_le_1,1.0,19783.431905427755,200.0,220.0,0.0,110.0,0.0,ok,19776.05914621285,0.0,1.9673103485256924,1.6757997559847886,3.729649110396288,3606662018.0,0.0,0.0
nw_retrain_0363_vertically_overlapping_hard_seed20286418,hard,12,3,0,4,65179c068de0aa2d,3.0,registered,3.0,1368.3878553855538,200.0,220.0,0.0,110.0,0.0,reused_production_label,,,,,,,,
nw_retrain_0363_vertically_overlapping_hard_seed20286418,hard,12,3,0,4,65179c068de0aa2d,3.0,nominal_d_le_1,1.0,4075.607627790712,200.0,220.0,0.0,110.0,0.0,ok,4067.187266651246,0.103356171737271,1.6736027063469958,1.964344597687992,4.679057663694015,3327159955.0,0.0,0.0
nw_retrain_0363_vertically_overlapping_hard_seed20286418,hard,12,3,1,4,9ba0a0dfd001570a,3.0,registered,3.0,32.40880031613427,200.0,220.0,0.0,110.0,0.0,reused_production_label,,,,,,,,
nw_retrain_0363_vertically_overlapping_hard_seed20286418,hard,12,3,1,4,9ba0a0dfd001570a,3.0,nominal_d_le_1,1.0,110.37234606906948,200.0,220.0,0.0,110.0,0.0,ok,106.3520257503048,0.0,1.1894145151114726,2.122917687296653,0.7079881163565701,1981682633.0,0.0,0.0
nw_retrain_0363_vertically_overlapping_hard_seed20286418,hard,12,3,2,4,ee3e5fea930e64a7,3.0,registered,3.0,2.0858454689475803,400.0,410.0,0.0047619047619047,210.0,0.0,reused_production_label,,,,,,,,
nw_retrain_0363_vertically_overlapping_hard_seed20286418,hard,12,3,2,4,ee3e5fea930e64a7,3.0,nominal_d_le_1,1.0,24.448672339545904,200.0,220.0,0.0,110.0,0.0,ok,22.404396264659244,0.0,0.0541129735413473,1.6916311134669355,0.2985319878783776,3403321755.0,0.0,0.0
nw_retrain_0363_vertically_overlapping_hard_seed20286418,hard,12,3,3,4,b286129c6c6e3ea2,3.0,registered,3.0,1.8570215201226528,400.0,410.0,0.0047619047619047,210.0,0.0,reused_production_label,,,,,,,,
nw_retrain_0363_vertically_overlapping_hard_seed20286418,hard,12,3,3,4,b286129c6c6e3ea2,3.0,nominal_d_le_1,1.0,24.896098615488512,200.0,220.0,0.0,110.0,0.0,ok,23.109603339515296,0.0,0.0,1.5126346799987087,0.2738605959745097,221990074.0,0.0,0.0
nw_retrain_0363_vertically_overlapping_hard_seed20286418,hard,15,4,0,6,28a07ab3f333452c,3.0,registered,3.0,8422.812076556382,200.0,220.0,0.0,110.0,0.0,reused_production_label,,,,,,,,
nw_retrain_0363_vertically_overlapping_hard_seed20286418,hard,15,4,0,6,28a07ab3f333452c,3.0,nominal_d_le_1,1.0,25095.20461532716,200.0,220.0,0.0,110.0,0.0,ok,25007.58880815617,0.0,1.8999697701089016,2.1828427424257097,83.5329946584544,3208346343.0,0.0,0.0
nw_retrain_0363_vertically_overlapping_hard_seed20286418,hard,15,4,1,6,c4fcc77648346b32,3.0,registered,3.0,8418.717652323705,200.0,220.0,0.0,110.0,0.0,reused_production_label,,,,,,,,
nw_retrain_0363_vertically_overlapping_hard_seed20286418,hard,15,4,1,6,c4fcc77648346b32,3.0,nominal_d_le_1,1.0,25091.110191094485,200.0,220.0,0.0,110.0,0.0,ok,25007.58880815617,0.0,1.8999697701089016,2.180367554250713,79.44104561395402,3322275138.0,0.0,0.0
nw_retrain_0363_vertically_overlapping_hard_seed20286418,hard,15,4,2,6,842d254688867ba8,3.0,registered,3.0,8403.689250847357,200.0,220.0,0.0,110.0,0.0,reused_production_label,,,,,,,,
nw_retrain_0363_vertically_overlapping_hard_seed20286418,hard,15,4,2,6,842d254688867ba8,3.0,nominal_d_le_1,1.0,24962.333510245007,200.0,220.0,0.0,110.0,0.0,ok,24828.29998271409,0.1225594260865536,1.8999697701089016,2.373482640948597,129.63751569377212,2894895967.0,0.0,0.0
nw_retrain_0363_vertically_overlapping_hard_seed20286418,hard,15,4,3,6,3cc256e61511c45b,3.0,registered,3.0,8473.100365815422,200.0,220.0,0.0,110.0,0.0,reused_production_label,,,,,,,,
nw_retrain_0363_vertically_overlapping_hard_seed20286418,hard,15,4,3,6,3cc256e61511c45b,3.0,nominal_d_le_1,1.0,25145.4929045862,200.0,220.0,0.0,110.0,0.0,ok,25007.58880815617,0.0,1.8999697701089016,2.2588490307548623,133.74527762916708,763471128.0,0.0,0.0
nw_retrain_0386_none_easy_seed20288803,easy,3,0,0,0,cad3381340d030c0,3.0,registered,3.0,4.1861391020314604,200.0,220.0,0.0,110.0,0.0,reused_production_label,,,,,,,,
nw_retrain_0386_none_easy_seed20288803,easy,3,0,0,0,cad3381340d030c0,3.0,nominal_d_le_1,1.0,6.7498908960177895,200.0,220.0,0.0,110.0,0.0,ok,1.2865460553902173,0.0,2.0453181229461563,2.1144199876691103,1.303606730012306,3254314343.0,0.0,0.0
nw_retrain_0386_none_easy_seed20288803,easy,3,0,1,0,83808856b13a6130,3.0,registered,3.0,9939.23527236577,200.0,220.0,0.0,110.0,0.0,reused_production_label,,,,,,,,
nw_retrain_0386_none_easy_seed20288803,easy,3,0,1,0,83808856b13a6130,3.0,nominal_d_le_1,1.0,29814.88063010973,200.0,220.0,0.0,110.0,0.0,ok,29798.119913030965,0.0,1.701111836926654,1.8001891964517356,13.25941604538375,4083339417.0,0.0,0.0
nw_retrain_0386_none_easy_seed20288803,easy,3,0,2,0,900503a41eb63453,3.0,registered,3.0,8.38366010440949,200.0,220.0,0.0,110.0,0.0,reused_production_label,,,,,,,,
nw_retrain_0386_none_easy_seed20288803,easy,3,0,2,0,900503a41eb63453,3.0,nominal_d_le_1,1.0,8.04144970291362,200.0,220.0,0.0,110.0,0.0,ok,2.4889787614571777,0.0,1.3625953586884485,2.5844003851131263,1.6054751976548678,55344602.0,0.0,0.0
nw_retrain_0386_none_easy_seed20288803,easy,3,0,3,0,f220dedee6ebcf1c,3.0,registered,3.0,10.731014376561523,200.0,220.0,0.0,110.0,0.0,reused_production_label,,,,,,,,
nw_retrain_0386_none_easy_seed20288803,easy,3,0,3,0,f220dedee6ebcf1c,3.0,nominal_d_le_1,1.0,11.491929915817586,200.0,220.0,0.0,110.0,0.0,ok,5.117129534685873,0.0,1.377518344063118,2.1950115415356346,2.802270495532961,3376791746.0,0.0,0.0
nw_retrain_0386_none_easy_seed20288803,easy,16,1,0,1,18f9e1957aa136ae,3.0,registered,3.0,8.060778448357684,200.0,220.0,0.0,110.0,0.0,reused_production_label,,,,,,,,
nw_retrain_0386_none_easy_seed20288803,easy,16,1,0,1,18f9e1957aa136ae,3.0,nominal_d_le_1,1.0,8.918044098181884,200.0,220.0,0.0,110.0,0.0,ok,2.0360458403524926,0.0,1.271709958244277,2.5540704462142108,3.056217853370905,1904455348.0,0.0,0.0
nw_retrain_0386_none_easy_seed20288803,easy,16,1,1,1,190e2f9b38aeb272,3.0,registered,3.0,1.4132667416105278,200.0,220.0,0.009090909090909,110.0,0.0,reused_production_label,,,,,,,,
nw_retrain_0386_none_easy_seed20288803,easy,16,1,1,1,190e2f9b38aeb272,3.0,nominal_d_le_1,1.0,1.503012230003793,200.0,220.0,0.009090909090909,110.0,0.0,ok,0.0,0.0,0.0,1.3062485998448574,0.1967636301589354,1450712980.0,0.0,0.0
nw_retrain_0386_none_easy_seed20288803,easy,16,1,2,1,fc0e4b09c7597faf,3.0,registered,3.0,5.987042638613458,200.0,220.0,0.0,110.0,0.0,reused_production_label,,,,,,,,
nw_retrain_0386_none_easy_seed20288803,easy,16,1,2,1,fc0e4b09c7597faf,3.0,nominal_d_le_1,1.0,13.603116228700191,200.0,220.0,0.0,110.0,0.0,ok,6.6763101858483935,0.0,1.914475081023596,1.942153646210618,3.0701773156175847,3011809067.0,0.0,0.0
nw_retrain_0386_none_easy_seed20288803,easy,16,1,3,1,4b0dc3ace46fcdf1,3.0,registered,3.0,3.725993445208022,200.0,220.0,0.0,110.0,0.0,reused_production_label,,,,,,,,
nw_retrain_0386_none_easy_seed20288803,easy,16,1,3,1,4b0dc3ace46fcdf1,3.0,nominal_d_le_1,1.0,3.6552024748501375,200.0,220.0,0.0,110.0,0.0,ok,1.0286627919197753,0.0,0.1141694012458349,1.5617804650888714,0.950589816595656,3115063602.0,0.0,0.0
nw_retrain_0386_none_easy_seed20288803,easy,2,2,0,3,a815614902540b98,3.0,registered,3.0,11190.390977214329,200.0,220.0,0.0,110.0,0.0,reused_production_label,,,,,,,,
nw_retrain_0386_none_easy_seed20288803,easy,2,2,0,3,a815614902540b98,3.0,nominal_d_le_1,1.0,33477.15633912952,200.0,220.0,0.0,110.0,0.0,ok,33451.84593096555,0.0,1.8623567514467283,1.873013205866394,21.575038206652096,2817944629.0,0.0,0.0
nw_retrain_0386_none_easy_seed20288803,easy,2,2,1,3,8c9ecf032f894257,3.0,registered,3.0,11199.641921088838,200.0,220.0,0.0,110.0,0.0,reused_production_label,,,,,,,,
nw_retrain_0386_none_easy_seed20288803,easy,2,2,1,3,8c9ecf032f894257,3.0,nominal_d_le_1,1.0,33513.45684406833,200.0,220.0,0.0,110.0,0.0,ok,33463.88340849495,0.0,1.8623567514467283,1.9152609083406744,45.79581791359852,832938748.0,0.0,0.0
nw_retrain_0386_none_easy_seed20288803,easy,2,2,2,3,ea5e5cf52ffe757a,3.0,registered,3.0,11157.378943312133,200.0,220.0,0.0,110.0,0.0,reused_production_label,,,,,,,,
nw_retrain_0386_none_easy_seed20288803,easy,2,2,2,3,ea5e5cf52ffe757a,3.0,nominal_d_le_1,1.0,33458.57862382364,200.0,220.0,0.0,110.0,0.0,ok,33450.20451102457,0.0,1.8623567514467283,1.4416195056281622,5.0701365420044935,3558934784.0,0.0,0.0
nw_retrain_0386_none_easy_seed20288803,easy,2,2,3,3,08a8121fbcc6c4af,3.0,registered,3.0,11161.251043868278,200.0,219.0,0.0,110.0,0.0,reused_production_label,,,,,,,,
nw_retrain_0386_none_easy_seed20288803,easy,2,2,3,3,08a8121fbcc6c4af,3.0,nominal_d_le_1,1.0,33475.801276263446,200.0,219.0,0.0,110.0,0.0,ok,33459.146181526085,0.0,1.8623567514467283,1.77428466687824,13.01845331903794,3497884830.0,0.0,0.0
nw_retrain_0386_none_easy_seed20288803,easy,5,3,0,4,85f4eeaba585b9d3,3.0,registered,3.0,10326.638773554509,200.0,220.0,0.0,110.0,0.0,reused_production_label,,,,,,,,
nw_retrain_0386_none_easy_seed20288803,easy,5,3,0,4,85f4eeaba585b9d3,3.0,nominal_d_le_1,1.0,30959.5640411287,200.0,220.0,0.0,110.0,0.0,ok,30948.38790136129,0.0,1.98495141928312,1.7058118750845346,7.485376473044894,2363559533.0,0.0,0.0
nw_retrain_0386_none_easy_seed20288803,easy,5,3,1,4,3a17704874ae98a4,3.0,registered,3.0,10324.329087151233,200.0,220.0,0.0,110.0,0.0,reused_production_label,,,,,,,,
nw_retrain_0386_none_easy_seed20288803,easy,5,3,1,4,3a17704874ae98a4,3.0,nominal_d_le_1,1.0,30960.27678358616,200.0,220.0,0.0,110.0,0.0,ok,30952.921544652392,0.0,1.98495141928312,1.3743903721018549,3.9958971423830056,4041938205.0,0.0,0.0
nw_retrain_0386_none_easy_seed20288803,easy,5,3,2,4,45b863e63f82fe6b,3.0,registered,3.0,10323.150320618262,200.0,215.0,0.0,110.0,0.0,reused_production_label,,,,,,,,
nw_retrain_0386_none_easy_seed20288803,easy,5,3,2,4,45b863e63f82fe6b,3.0,nominal_d_le_1,1.0,30945.338224970204,200.0,215.0,0.0,110.0,0.0,ok,30929.13125454921,0.0,1.98495141928312,1.7492476839569613,12.472771317751372,303943530.0,0.0,0.0
nw_retrain_0386_none_easy_seed20288803,easy,5,3,3,4,e8365dce6974cf63,3.0,registered,3.0,10324.685264520327,200.0,219.0,0.0,110.0,0.0,reused_production_label,,,,,,,,
nw_retrain_0386_none_easy_seed20288803,easy,5,3,3,4,e8365dce6974cf63,3.0,nominal_d_le_1,1.0,30956.997760416783,200.0,219.0,0.0,110.0,0.0,ok,30940.562742213664,0.0,1.98495141928312,2.0291970818906084,12.420869701945932,766097490.0,0.0,0.0
nw_retrain_0386_none_easy_seed20288803,easy,17,4,0,6,366fd48747c281fb,3.0,registered,3.0,10133.628583523883,200.0,220.0,0.0,110.0,0.0,reused_production_label,,,,,,,,
nw_retrain_0386_none_easy_seed20288803,easy,17,4,0,6,366fd48747c281fb,3.0,nominal_d_le_1,1.0,30341.6418331031,200.0,220.0,0.0,110.0,0.0,ok,30311.019874368827,0.0,1.7302041571623146,1.8546056691530548,27.03714890795958,3659507136.0,0.0,0.0
nw_retrain_0386_none_easy_seed20288803,easy,17,4,1,6,a08548b0f5c5c56b,3.0,registered,3.0,10213.34793693837,200.0,220.0,0.0,110.0,0.0,reused_production_label,,,,,,,,
nw_retrain_0386_none_easy_seed20288803,easy,17,4,1,6,a08548b0f5c5c56b,3.0,nominal_d_le_1,1.0,30421.361186517588,200.0,220.0,0.0,110.0,0.0,ok,30311.019874368827,0.0,1.7775910429538524,1.871885950039749,106.69183515576594,3307014064.0,0.0,0.0
nw_retrain_0386_none_easy_seed20288803,easy,17,4,2,6,34977f9b5c8d2160,3.0,registered,3.0,10142.699059220857,200.0,219.0,0.0,110.0,0.0,reused_production_label,,,,,,,,
nw_retrain_0386_none_easy_seed20288803,easy,17,4,2,6,34977f9b5c8d2160,3.0,nominal_d_le_1,1.0,30350.71230880008,200.0,219.0,0.0,110.0,0.0,ok,30311.019874368827,0.0,1.7302041571623146,1.8989133761709311,36.06331689791497,2211771174.0,0.0,0.0
nw_retrain_0386_none_easy_seed20288803,easy,17,4,3,6,130e3bf5b2e00d83,3.0,registered,3.0,10129.19651597319,200.0,220.0,0.0,110.0,0.0,reused_production_label,,,,,,,,
nw_retrain_0386_none_easy_seed20288803,easy,17,4,3,6,130e3bf5b2e00d83,3.0,nominal_d_le_1,1.0,30337.20976555241,200.0,220.0,0.0,110.0,0.0,ok,30311.019874368827,0.0,1.7302041571623146,1.843074497322418,22.61661252909602,3699906014.0,0.0,0.0
nw_retrain_0409_vertically_overlapping_easy_seed20291319,easy,0,0,0,0,4af91d15595aeb4f,3.0,registered,3.0,14.426249430461755,200.0,220.0,0.0,110.0,0.0,reused_production_label,,,,,,,,
nw_retrain_0409_vertically_overlapping_easy_seed20291319,easy,0,0,0,0,4af91d15595aeb4f,3.0,nominal_d_le_1,1.0,36.722289970445246,200.0,220.0,0.0,110.0,0.0,ok,31.459387905349253,0.0,1.869488222348414,2.686980472073931,0.7064333706736402,55296535.0,0.0,0.0
nw_retrain_0409_vertically_overlapping_easy_seed20291319,easy,0,0,1,0,8d4bc7ec6a5bd6c6,3.0,registered,3.0,10.354040160948651,200.0,220.0,0.0,110.0,0.0,reused_production_label,,,,,,,,
nw_retrain_0409_vertically_overlapping_easy_seed20291319,easy,0,0,1,0,8d4bc7ec6a5bd6c6,3.0,nominal_d_le_1,1.0,18.961153937829167,200.0,220.0,0.0,110.0,0.0,ok,9.5885418743141,0.0,1.7722281981994072,2.4747388805440425,5.125644984771615,1297947456.0,0.0,0.0
nw_retrain_0409_vertically_overlapping_easy_seed20291319,easy,0,0,2,0,59dcbe3f60ba0e63,3.0,registered,3.0,19.881088242829687,200.0,220.0,0.0,110.0,0.0,reused_production_label,,,,,,,,
nw_retrain_0409_vertically_overlapping_easy_seed20291319,easy,0,0,2,0,59dcbe3f60ba0e63,3.0,nominal_d_le_1,1.0,12.09375846643342,200.0,220.0,0.0,110.0,0.0,ok,1.502015016168981,0.0,1.9852108962593007,2.24402069162636,6.362511862378778,339796314.0,0.0,0.0
nw_retrain_0409_vertically_overlapping_easy_seed20291319,easy,0,0,3,0,ddfbc21edf047143,3.0,registered,3.0,13.345572161444633,200.0,220.0,0.0,110.0,0.0,reused_production_label,,,,,,,,
nw_retrain_0409_vertically_overlapping_easy_seed20291319,easy,0,0,3,0,ddfbc21edf047143,3.0,nominal_d_le_1,1.0,8.602946459180897,200.0,220.0,0.0,110.0,0.0,ok,7.083879456147965,0.2122903691806514,0.0,1.290034319105161,0.0167423147471192,2828606657.0,0.0,0.0
nw_retrain_0409_vertically_overlapping_easy_seed20291319,easy,4,1,0,2,ee46f4075ffba8f6,3.0,registered,3.0,2382.660924185413,200.0,220.0,0.0,110.0,0.0,reused_production_label,,,,,,,,
nw_retrain_0409_vertically_overlapping_easy_seed20291319,easy,4,1,0,2,ee46f4075ffba8f6,3.0,nominal_d_le_1,1.0,7128.2231761101775,200.0,220.0,0.0,110.0,0.0,ok,7119.485368083841,0.0,1.3764926211562152,1.9804754657417725,5.380839939438519,1364423934.0,0.0,0.0
nw_retrain_0409_vertically_overlapping_easy_seed20291319,easy,4,1,1,2,7cdba83304759332,3.0,registered,3.0,2375.3338142937114,200.0,220.0,0.0,110.0,0.0,reused_production_label,,,,,,,,
nw_retrain_0409_vertically_overlapping_easy_seed20291319,easy,4,1,1,2,7cdba83304759332,3.0,nominal_d_le_1,1.0,7121.372570338447,200.0,220.0,0.0,110.0,0.0,ok,7116.788554658992,0.0,1.3764926211562152,1.8578573323247485,1.3496657259735905,4106927932.0,0.0,0.0
nw_retrain_0409_vertically_overlapping_easy_seed20291319,easy,4,1,2,2,41b9963fc581878c,3.0,registered,3.0,2374.8666164498104,200.0,220.0,0.0,110.0,0.0,reused_production_label,,,,,,,,
nw_retrain_0409_vertically_overlapping_easy_seed20291319,easy,4,1,2,2,41b9963fc581878c,3.0,nominal_d_le_1,1.0,7120.026030637622,200.0,220.0,0.0,110.0,0.0,ok,7116.739121281717,0.0,1.3764926211562152,1.263974635531274,0.6464420992172253,1899588228.0,0.0,0.0
nw_retrain_0409_vertically_overlapping_easy_seed20291319,easy,4,1,3,2,41da14b78d282c98,3.0,registered,3.0,2379.518521412781,200.0,220.0,0.0,110.0,0.0,reused_production_label,,,,,,,,
nw_retrain_0409_vertically_overlapping_easy_seed20291319,easy,4,1,3,2,41da14b78d282c98,3.0,nominal_d_le_1,1.0,7124.739914601276,200.0,220.0,0.0,110.0,0.0,ok,7116.987542052284,0.0,1.839005352867632,2.2198865564387518,3.693480639685841,3155899699.0,0.0,0.0
nw_retrain_0409_vertically_overlapping_easy_seed20291319,easy,7,2,0,4,488cbfaeff77225a,3.0,registered,3.0,51.46700331503557,200.0,220.0,0.0,110.0,0.0,reused_production_label,,,,,,,,
nw_retrain_0409_vertically_overlapping_easy_seed20291319,easy,7,2,0,4,488cbfaeff77225a,3.0,nominal_d_le_1,1.0,65.25628771842908,200.0,220.0,0.0,110.0,0.0,ok,61.23968698191549,0.0,0.2452151452153431,2.396159628380391,1.3752259629178545,907709105.0,0.0,0.0
nw_retrain_0409_vertically_overlapping_easy_seed20291319,easy,7,2,1,4,340c310015863703,3.0,registered,3.0,25.291445630207523,200.0,220.0,0.0,110.0,0.0,reused_production_label,,,,,,,,
nw_retrain_0409_vertically_overlapping_easy_seed20291319,easy,7,2,1,4,340c310015863703,3.0,nominal_d_le_1,1.0,20.761194385422105,200.0,220.0,0.0,110.0,0.0,ok,13.939863046143095,0.0,1.959570564095304,2.108641556855951,2.7531192183277557,1566296775.0,0.0,0.0
nw_retrain_0409_vertically_overlapping_easy_seed20291319,easy,7,2,2,4,eb86dd4a1c9e3d85,3.0,registered,3.0,13.634973861569415,200.0,220.0,0.0,110.0,0.0,reused_production_label,,,,,,,,
nw_retrain_0409_vertically_overlapping_easy_seed20291319,easy,7,2,2,4,eb86dd4a1c9e3d85,3.0,nominal_d_le_1,1.0,38.34479301676599,200.0,220.0,0.0,110.0,0.0,ok,36.064713629690125,0.0,0.034869203496526,1.5675680692647866,0.6776421143145512,419434198.0,0.0,0.0
nw_retrain_0409_vertically_overlapping_easy_seed20291319,easy,7,2,3,4,28b06e59986182fb,3.0,registered,3.0,6.699496715726374,200.0,220.0,0.0,110.0,0.0,reused_production_label,,,,,,,,
nw_retrain_0409_vertically_overlapping_easy_seed20291319,easy,7,2,3,4,28b06e59986182fb,3.0,nominal_d_le_1,1.0,129.75488997817033,200.0,220.0,0.0,110.0,0.0,ok,124.96758944717767,0.0,1.1020802135301604,2.3176574561557226,1.36756286130676,3409168230.0,0.0,0.0
nw_retrain_0409_vertically_overlapping_easy_seed20291319,easy,19,3,0,4,dd63d9fc45e2ce01,3.0,registered,3.0,52.55738296998831,400.0,410.0,0.0,210.0,0.0,reused_production_label,,,,,,,,
nw_retrain_0409_vertically_overlapping_easy_seed20291319,easy,19,3,0,4,dd63d9fc45e2ce01,3.0,nominal_d_le_1,1.0,155.42936644980367,400.0,410.0,0.0,210.0,0.0,ok,153.30797521972303,0.0,0.0,2.1213912300806355,0.0,2881387043.0,0.0,0.0
nw_retrain_0409_vertically_overlapping_easy_seed20291319,easy,19,3,1,4,f2224499fb87abb1,3.0,registered,3.0,52.849753264791325,200.0,220.0,0.0,110.0,0.0,reused_production_label,,,,,,,,
nw_retrain_0409_vertically_overlapping_easy_seed20291319,easy,19,3,1,4,f2224499fb87abb1,3.0,nominal_d_le_1,1.0,155.7217367446067,200.0,220.0,0.0,110.0,0.0,ok,153.30797521972303,0.0,0.4576579270592716,1.9561035978243744,0.0,370703782.0,0.0,0.0
nw_retrain_0409_vertically_overlapping_easy_seed20291319,easy,19,3,2,4,e605701f8802d5fb,3.0,registered,3.0,52.48523177757295,400.0,401.0,0.0,210.0,0.0,reused_production_label,,,,,,,,
nw_retrain_0409_vertically_overlapping_easy_seed20291319,easy,19,3,2,4,e605701f8802d5fb,3.0,nominal_d_le_1,1.0,155.3572152573883,400.0,401.0,0.0,210.0,0.0,ok,153.30797521972303,0.0,0.0,2.049240037665263,0.0,1045168048.0,0.0,0.0
nw_retrain_0409_vertically_overlapping_easy_seed20291319,easy,19,3,3,4,96ce8bd2668a5386,3.0,registered,3.0,52.44615242656629,400.0,410.0,0.0,210.0,0.0,reused_production_label,,,,,,,,
nw_retrain_0409_vertically_overlapping_easy_seed20291319,easy,19,3,3,4,96ce8bd2668a5386,3.0,nominal_d_le_1,1.0,155.31813590638166,400.0,410.0,0.0,210.0,0.0,ok,153.30797521972303,0.0,0.0,2.0101606866586152,0.0,135445271.0,0.0,0.0
nw_retrain_0409_vertically_overlapping_easy_seed20291319,easy,18,4,0,6,70f5b5e0c882cd0c,3.0,registered,3.0,303.6222427438452,200.0,220.0,0.0,110.0,0.0,reused_production_label,,,,,,,,
nw_retrain_0409_vertically_overlapping_easy_seed20291319,easy,18,4,0,6,70f5b5e0c882cd0c,3.0,nominal_d_le_1,1.0,902.3873736761334,200.0,220.0,0.0,110.0,0.0,ok,897.4848068368466,0.0,1.6030910710889266,2.1102131730223426,1.1892625951756075,2447958229.0,0.0,0.0
nw_retrain_0409_vertically_overlapping_easy_seed20291319,easy,18,4,1,6,a39f9b7b971841b8,3.0,registered,3.0,26.41219615455431,200.0,219.0,0.0,110.0,0.0,reused_production_label,,,,,,,,
nw_retrain_0409_vertically_overlapping_easy_seed20291319,easy,18,4,1,6,a39f9b7b971841b8,3.0,nominal_d_le_1,1.0,39.58328088913149,200.0,219.0,0.0,110.0,0.0,ok,32.29723050844821,0.0,1.6858799715819714,2.3938576253557837,3.2063127837455223,4001375673.0,0.0,0.0
nw_retrain_0409_vertically_overlapping_easy_seed20291319,easy,18,4,2,6,e49718fb160d275e,3.0,registered,3.0,38.5074719742442,200.0,220.0,0.0,110.0,0.0,reused_production_label,,,,,,,,
nw_retrain_0409_vertically_overlapping_easy_seed20291319,easy,18,4,2,6,e49718fb160d275e,3.0,nominal_d_le_1,1.0,104.96703416948338,200.0,220.0,0.0,110.0,0.0,ok,98.1995993309272,0.0,1.4342654421008574,2.132463596311769,3.200705800143549,553446104.0,0.0,0.0
nw_retrain_0409_vertically_overlapping_easy_seed20291319,easy,18,4,3,6,61595a3fe26c229d,3.0,registered,3.0,329.04258764992727,200.0,220.0,0.0,110.0,0.0,reused_production_label,,,,,,,,
nw_retrain_0409_vertically_overlapping_easy_seed20291319,easy,18,4,3,6,61595a3fe26c229d,3.0,nominal_d_le_1,1.0,974.1191036440044,200.0,220.0,0.0,110.0,0.0,ok,967.9397162101784,0.0,1.720501584383636,2.0362041422544217,2.422681707188007,1677736403.0,0.0,0.0
nw_retrain_0420_converging_moderate_seed20292004,moderate,10,0,0,0,3e6b7cb8a6dbda46,3.0,registered,3.0,1.0623068933349853,200.0,220.0,0.009090909090909,110.0,0.0,reused_production_label,,,,,,,,
nw_retrain_0420_converging_moderate_seed20292004,moderate,10,0,0,0,3e6b7cb8a6dbda46,3.0,nominal_d_le_1,1.0,0.999226613123822,200.0,220.0,0.009090909090909,110.0,1.0,ok,0.0,0.0,0.0,0.999226613123822,0.0,2567355929.0,1.0,0.0
nw_retrain_0420_converging_moderate_seed20292004,moderate,10,0,1,0,f31147ad786f8c97,3.0,registered,3.0,11.578515972631346,200.0,220.0,0.0,110.0,0.0,reused_production_label,,,,,,,,
nw_retrain_0420_converging_moderate_seed20292004,moderate,10,0,1,0,f31147ad786f8c97,3.0,nominal_d_le_1,1.0,20.853062493663877,200.0,220.0,0.0,110.0,0.0,ok,18.324245433505855,0.0,0.1932328447677217,1.8197578695990733,0.5158263457912233,356618364.0,0.0,0.0
nw_retrain_0420_converging_moderate_seed20292004,moderate,10,0,2,0,8c983eb4e99b1818,3.0,registered,3.0,8.694944378308497,200.0,220.0,0.0,110.0,0.0,reused_production_label,,,,,,,,
nw_retrain_0420_converging_moderate_seed20292004,moderate,10,0,2,0,8c983eb4e99b1818,3.0,nominal_d_le_1,1.0,74.67797118753452,200.0,220.0,0.0,110.0,0.0,ok,69.31897586212659,0.0,1.6007850337809535,2.1838432755574035,1.5743670160695749,1227845762.0,0.0,0.0
nw_retrain_0420_converging_moderate_seed20292004,moderate,10,0,3,0,52c060526f47aa95,3.0,registered,3.0,9.315761126257112,200.0,220.0,0.0,110.0,0.0,reused_production_label,,,,,,,,
nw_retrain_0420_converging_moderate_seed20292004,moderate,10,0,3,0,52c060526f47aa95,3.0,nominal_d_le_1,1.0,16.17582490160465,200.0,220.0,0.0,110.0,0.0,ok,9.345369442705609,0.0,1.5287431515753525,2.46750284793177,2.834209459391918,336554886.0,0.0,0.0
nw_retrain_0420_converging_moderate_seed20292004,moderate,16,1,0,1,853b91063f7b6c00,3.0,registered,3.0,6.043632301333167,200.0,220.0,0.0,110.0,0.0,reused_production_label,,,,,,,,
nw_retrain_0420_converging_moderate_seed20292004,moderate,16,1,0,1,853b91063f7b6c00,3.0,nominal_d_le_1,1.0,3.001055328116884,200.0,220.0,0.009090909090909,110.0,0.0,ok,0.0,0.0,0.2520605144786113,2.3423731214092527,0.4066216922290198,1277891536.0,0.0,0.0
nw_retrain_0420_converging_moderate_seed20292004,moderate,16,1,1,1,ee05d65f7c47367f,3.0,registered,3.0,3.1878817153860144,200.0,220.0,0.0,110.0,0.0,reused_production_label,,,,,,,,
nw_retrain_0420_converging_moderate_seed20292004,moderate,16,1,1,1,ee05d65f7c47367f,3.0,nominal_d_le_1,1.0,8.975225998975302,200.0,220.0,0.0,110.0,0.0,ok,7.68101802076146,0.0499195378535001,0.0,1.2442884403603416,0.0,1426758229.0,0.0,0.0
nw_retrain_0420_converging_moderate_seed20292004,moderate,16,1,2,1,46f90636bec33222,3.0,registered,3.0,5.198826996820218,200.0,220.0,0.0,110.0,0.0,reused_production_label,,,,,,,,
nw_retrain_0420_converging_moderate_seed20292004,moderate,16,1,2,1,46f90636bec33222,3.0,nominal_d_le_1,1.0,7.162103823502054,200.0,220.0,0.0,110.0,0.0,ok,3.061312755506016,0.0,1.354673568673564,1.9433044670130148,0.802813032309459,2336479268.0,0.0,0.0
nw_retrain_0420_converging_moderate_seed20292004,moderate,16,1,3,1,ec4a3f0e85a7c577,3.0,registered,3.0,6.89043112023225,200.0,220.0,0.0,110.0,0.0,reused_production_label,,,,,,,,
nw_retrain_0420_converging_moderate_seed20292004,moderate,16,1,3,1,ec4a3f0e85a7c577,3.0,nominal_d_le_1,1.0,13.358929098074505,200.0,220.0,0.0,110.0,0.0,ok,5.845123775678321,0.0,1.68893468955804,2.046364700491428,3.778505932346716,833995524.0,0.0,0.0
nw_retrain_0420_converging_moderate_seed20292004,moderate,11,2,0,3,49f75fd233c06052,3.0,registered,3.0,3337.9243513645106,200.0,220.0,0.0,110.0,0.0,reused_production_label,,,,,,,,
nw_retrain_0420_converging_moderate_seed20292004,moderate,11,2,0,3,49f75fd233c06052,3.0,nominal_d_le_1,1.0,10009.69482960756,200.0,220.0,0.0,110.0,0.0,ok,10006.655717364576,0.0,1.0064632595716183,1.5124802696716624,0.5201687137415415,2217405143.0,0.0,0.0
nw_retrain_0420_converging_moderate_seed20292004,moderate,11,2,1,3,78a4e9c7d1f02c78,3.0,registered,3.0,3348.6953138311937,200.0,220.0,0.0,110.0,0.0,reused_production_label,,,,,,,,
nw_retrain_0420_converging_moderate_seed20292004,moderate,11,2,1,3,78a4e9c7d1f02c78,3.0,nominal_d_le_1,1.0,10045.28768351172,200.0,220.0,0.0,110.0,0.0,ok,10041.29534792301,0.0,1.3059706727985627,1.747667672129073,0.9386972437824466,2926524323.0,0.0,0.0
nw_retrain_0420_converging_moderate_seed20292004,moderate,11,2,2,3,df16e4a4f0c70d7c,3.0,registered,3.0,3345.437763431813,200.0,220.0,0.0,110.0,0.0,reused_production_label,,,,,,,,
nw_retrain_0420_converging_moderate_seed20292004,moderate,11,2,2,3,df16e4a4f0c70d7c,3.0,nominal_d_le_1,1.0,10023.26016404562,200.0,220.0,0.0,110.0,0.0,ok,10015.342853285518,0.0,1.7359352305957831,1.7693922478169877,4.411983281688926,495826.0,0.0,0.0
nw_retrain_0420_converging_moderate_seed20292004,moderate,11,2,3,3,f71c034092a07abf,3.0,registered,3.0,3361.762284436799,200.0,220.0,0.0,110.0,0.0,reused_production_label,,,,,,,,
nw_retrain_0420_converging_moderate_seed20292004,moderate,11,2,3,3,f71c034092a07abf,3.0,nominal_d_le_1,1.0,10025.46807457936,200.0,220.0,0.0,110.0,0.0,ok,10019.6504826389,0.0,1.9204889982939517,1.8985149219549151,1.9985880202123605,1215974637.0,0.0,0.0
nw_retrain_0420_converging_moderate_seed20292004,moderate,19,3,0,4,fc65b0e00852abd0,3.0,registered,3.0,152.37725754632444,200.0,220.0,0.0,110.0,0.0,reused_production_label,,,,,,,,
nw_retrain_0420_converging_moderate_seed20292004,moderate,19,3,0,4,fc65b0e00852abd0,3.0,nominal_d_le_1,1.0,453.8411759873989,200.0,220.0,0.0,110.0,0.0,ok,451.1958776616117,0.0,0.0849389516930752,2.332248933501399,0.2281104405927685,1357676513.0,0.0,0.0
nw_retrain_0420_converging_moderate_seed20292004,moderate,19,3,1,4,313dd4da70c6f9a6,3.0,registered,3.0,28.95496529609239,200.0,220.0,0.0,110.0,0.0,reused_production_label,,,,,,,,
nw_retrain_0420_converging_moderate_seed20292004,moderate,19,3,1,4,313dd4da70c6f9a6,3.0,nominal_d_le_1,1.0,68.15991945043935,200.0,220.0,0.0,110.0,0.0,ok,59.786563845705366,0.0,1.700978834182098,2.5964508203364534,4.07592595021543,998696109.0,0.0,0.0
nw_retrain_0420_converging_moderate_seed20292004,moderate,19,3,2,4,6480c1173f96e355,3.0,registered,3.0,172.8325307439354,200.0,220.0,0.0,110.0,0.0,reused_production_label,,,,,,,,
nw_retrain_0420_converging_moderate_seed20292004,moderate,19,3,2,4,6480c1173f96e355,3.0,nominal_d_le_1,1.0,515.4929874146195,200.0,220.0,0.0,110.0,0.0,ok,512.9906850060262,0.0,0.0639965317441257,2.4112086305457594,0.0270972463034525,2416214006.0,0.0,0.0
nw_retrain_0420_converging_moderate_seed20292004,moderate,19,3,3,4,3d497f5b042aa916,3.0,registered,3.0,150.7683974085397,200.0,220.0,0.0,110.0,0.0,reused_production_label,,,,,,,,
nw_retrain_0420_converging_moderate_seed20292004,moderate,19,3,3,4,3d497f5b042aa916,3.0,nominal_d_le_1,1.0,448.1933067272781,200.0,220.0,0.0,110.0,0.0,ok,436.8209554454024,0.0,1.908307192280932,2.648624117582111,6.815419972012632,4114957764.0,0.0,0.0
nw_retrain_0420_converging_moderate_seed20292004,moderate,3,4,0,6,98f58b7071df2f70,3.0,registered,3.0,3567.649667649423,200.0,220.0,0.0,110.0,0.0,reused_production_label,,,,,,,,
nw_retrain_0420_converging_moderate_seed20292004,moderate,3,4,0,6,98f58b7071df2f70,3.0,nominal_d_le_1,1.0,10680.100662725948,200.0,220.0,0.0,110.0,0.0,ok,10676.60508954585,0.0,0.8989299970210857,1.63542174283271,0.9612214402446634,3256107856.0,0.0,0.0
nw_retrain_0420_converging_moderate_seed20292004,moderate,3,4,1,6,977447dc00134758,3.0,registered,3.0,3567.300942292595,200.0,220.0,0.0,110.0,0.0,reused_production_label,,,,,,,,
nw_retrain_0420_converging_moderate_seed20292004,moderate,3,4,1,6,977447dc00134758,3.0,nominal_d_le_1,1.0,10699.478987532011,200.0,220.0,0.0,110.0,0.0,ok,10697.267067859124,0.0,0.7560192310095607,1.4352956147885554,0.0206048270889568,972550353.0,0.0,0.0
nw_retrain_0420_converging_moderate_seed20292004,moderate,3,4,2,6,5fb7a8ca033cb884,3.0,registered,3.0,3567.472751828194,200.0,220.0,0.0,110.0,0.0,reused_production_label,,,,,,,,
nw_retrain_0420_converging_moderate_seed20292004,moderate,3,4,2,6,5fb7a8ca033cb884,3.0,nominal_d_le_1,1.0,10699.65079706761,200.0,220.0,0.0,110.0,0.0,ok,10697.267067859124,0.0,0.9393318575044156,1.4068589040431412,0.0375384469383448,2866629282.0,0.0,0.0
nw_retrain_0420_converging_moderate_seed20292004,moderate,3,4,3,6,3525897f35434aa6,3.0,registered,3.0,3551.3458559096366,200.0,220.0,0.0,110.0,0.0,reused_production_label,,,,,,,,
nw_retrain_0420_converging_moderate_seed20292004,moderate,3,4,3,6,3525897f35434aa6,3.0,nominal_d_le_1,1.0,10667.594788996648,200.0,220.0,0.0,110.0,0.0,ok,10664.698140778924,0.0,0.7560192310095607,1.610716602600808,0.5299123841122123,1141901680.0,0.0,0.0
nw_retrain_0436_none_easy_seed20293834,easy,3,0,0,0,ac948149faee173e,3.0,registered,3.0,32.58637810403386,200.0,220.0,0.0,110.0,0.0,reused_production_label,,,,,,,,
nw_retrain_0436_none_easy_seed20293834,easy,3,0,0,0,ac948149faee173e,3.0,nominal_d_le_1,1.0,54.8165069613128,200.0,220.0,0.0,110.0,0.0,ok,46.49389883704662,0.0,0.9561786105929558,2.0591675397410305,5.307261973932192,1311787208.0,0.0,0.0
nw_retrain_0436_none_easy_seed20293834,easy,3,0,1,0,0df47b21fd3c52a8,3.0,registered,3.0,1.5144979770848543,200.0,220.0,0.0,110.0,0.0,reused_production_label,,,,,,,,
nw_retrain_0436_none_easy_seed20293834,easy,3,0,1,0,0df47b21fd3c52a8,3.0,nominal_d_le_1,1.0,4.52323579754212,200.0,220.0,0.0,110.0,0.0,ok,3.103857205648672,0.0,0.0,1.419378591893448,0.0,1930078682.0,0.0,0.0
nw_retrain_0436_none_easy_seed20293834,easy,3,0,2,0,92530df635918eb9,3.0,registered,3.0,17.01210611166924,200.0,220.0,0.0,110.0,0.0,reused_production_label,,,,,,,,
nw_retrain_0436_none_easy_seed20293834,easy,3,0,2,0,92530df635918eb9,3.0,nominal_d_le_1,1.0,31.82490427272312,200.0,220.0,0.0,110.0,0.0,ok,20.95958309957248,0.0,1.8549169881497456,2.2182029449683163,6.79220124003258,1281456595.0,0.0,0.0
nw_retrain_0436_none_easy_seed20293834,easy,3,0,3,0,c6abca57f596a9ec,3.0,registered,3.0,9.852017521425816,200.0,220.0,0.0,110.0,0.0,reused_production_label,,,,,,,,
nw_retrain_0436_none_easy_seed20293834,easy,3,0,3,0,c6abca57f596a9ec,3.0,nominal_d_le_1,1.0,24.59863247586276,200.0,220.0,0.0,110.0,0.0,ok,18.66709933030762,0.0,1.6862923342258564,2.276131678580008,1.969109132749273,221950758.0,0.0,0.0
nw_retrain_0436_none_easy_seed20293834,easy,13,1,0,2,efb951920d367d06,3.0,registered,3.0,18.5616397642044,200.0,220.0,0.0,110.0,0.0,reused_production_label,,,,,,,,
nw_retrain_0436_none_easy_seed20293834,easy,13,1,0,2,efb951920d367d06,3.0,nominal_d_le_1,1.0,90.0692114184969,200.0,220.0,0.0,110.0,0.0,ok,61.78630907823731,0.0,1.6462970520207758,2.057115656732658,24.57948963150616,1375363310.0,0.0,0.0
nw_retrain_0436_none_easy_seed20293834,easy,13,1,1,2,47fcb40e7b1c2208,3.0,registered,3.0,41.23274085792438,200.0,220.0,0.0,110.0,0.0,reused_production_label,,,,,,,,
nw_retrain_0436_none_easy_seed20293834,easy,13,1,1,2,47fcb40e7b1c2208,3.0,nominal_d_le_1,1.0,16.574925867031137,200.0,220.0,0.0,110.0,0.0,ok,12.494412807970232,0.0,0.980887442827222,1.9478354999936855,1.1517901162399988,1241574628.0,0.0,0.0
nw_retrain_0436_none_easy_seed20293834,easy,13,1,2,2,eb2dc641706cdc40,3.0,registered,3.0,17.998243118680552,200.0,220.0,0.0,110.0,0.0,reused_production_label,,,,,,,,
nw_retrain_0436_none_easy_seed20293834,easy,13,1,2,2,eb2dc641706cdc40,3.0,nominal_d_le_1,1.0,94.8869755447036,200.0,220.0,0.0,110.0,0.0,ok,91.97196558929384,0.0,0.4527513182250757,1.9022992404411312,0.5599593967435684,4133141057.0,0.0,0.0
nw_retrain_0436_none_easy_seed20293834,easy,13,1,3,2,bd557dceb3a8a4ce,3.0,registered,3.0,11.489251776410033,200.0,220.0,0.0,110.0,0.0,reused_production_label,,,,,,,,
nw_retrain_0436_none_easy_seed20293834,easy,13,1,3,2,bd557dceb3a8a4ce,3.0,nominal_d_le_1,1.0,46.6417215779932,200.0,220.0,0.0,110.0,0.0,ok,32.43470363136621,0.0,1.5828780923038457,1.7814387369907547,10.84270111733238,387808777.0,0.0,0.0
nw_retrain_0436_none_easy_seed20293834,easy,18,2,0,3,7b8d6bf41ccdc500,3.0,registered,3.0,1370.685400133395,200.0,220.0,0.0,110.0,0.0,reused_production_label,,,,,,,,
nw_retrain_0436_none_easy_seed20293834,easy,18,2,0,3,7b8d6bf41ccdc500,3.0,nominal_d_le_1,1.0,3815.5215040628223,200.0,220.0,0.0,110.0,0.0,ok,3808.118914000105,0.0,1.410771794812966,1.8194002189090157,4.172418048994827,2052106706.0,0.0,0.0
nw_retrain_0436_none_easy_seed20293834,easy,18,2,1,3,7dfb21be4323a41c,3.0,registered,3.0,1421.8832134198428,200.0,220.0,0.0,110.0,0.0,reused_production_label,,,,,,,,
nw_retrain_0436_none_easy_seed20293834,easy,18,2,1,3,7dfb21be4323a41c,3.0,nominal_d_le_1,1.0,4643.723728254708,200.0,220.0,0.0,110.0,0.0,ok,4629.45584142567,0.0,1.8161611841613985,1.8300627440031825,10.62166290087342,3291277747.0,0.0,0.0
nw_retrain_0436_none_easy_seed20293834,easy,18,2,2,3,ab9f0d1719cc98f4,3.0,registered,3.0,3900.3726446342152,200.0,220.0,0.0,110.0,0.0,reused_production_label,,,,,,,,
nw_retrain_0436_none_easy_seed20293834,easy,18,2,2,3,ab9f0d1719cc98f4,3.0,nominal_d_le_1,1.0,11695.260477999886,200.0,220.0,0.0,110.0,0.0,ok,11691.331750048505,0.0,1.2902171730031016,1.6,1.0385107783783585,1355247688.0,0.0,0.0
nw_retrain_0436_none_easy_seed20293834,easy,18,2,3,3,13c6ff112424bc61,3.0,registered,3.0,1030.4713660798295,200.0,220.0,0.0,110.0,0.0,reused_production_label,,,,,,,,
nw_retrain_0436_none_easy_seed20293834,easy,18,2,3,3,13c6ff112424bc61,3.0,nominal_d_le_1,1.0,1707.560467198222,200.0,220.0,0.0,110.0,0.0,ok,1698.675961630374,0.0,1.2354321171898437,2.17074804701729,5.478325403640729,1645153772.0,0.0,0.0
nw_retrain_0436_none_easy_seed20293834,easy,15,3,0,4,cfa73f9d55b0aa5f,3.0,registered,3.0,35.02248333959332,200.0,220.0,0.0,110.0,0.0,reused_production_label,,,,,,,,
nw_retrain_0436_none_easy_seed20293834,easy,15,3,0,4,cfa73f9d55b0aa5f,3.0,nominal_d_le_1,1.0,101.0432581763283,200.0,220.0,0.0,110.0,0.0,ok,98.03116225510246,0.0,0.411697009969487,2.205796078840838,0.3946028324155118,2598095709.0,0.0,0.0
nw_retrain_0436_none_easy_seed20293834,easy,15,3,1,4,e641cb0264f0be57,3.0,registered,3.0,17.208589747469766,200.0,220.0,0.0,110.0,0.0,reused_production_label,,,,,,,,
nw_retrain_0436_none_easy_seed20293834,easy,15,3,1,4,e641cb0264f0be57,3.0,nominal_d_le_1,1.0,49.85813622687592,200.0,220.0,0.0,110.0,0.0,ok,42.84132722331192,0.0,1.1710166620263391,2.488762701958576,3.3570296395790917,2718552875.0,0.0,0.0
nw_retrain_0436_none_easy_seed20293834,easy,15,3,2,4,e74f1576b4e734e9,3.0,registered,3.0,22.616149914078143,200.0,220.0,0.0,110.0,0.0,reused_production_label,,,,,,,,
nw_retrain_0436_none_easy_seed20293834,easy,15,3,2,4,e74f1576b4e734e9,3.0,nominal_d_le_1,1.0,59.7227385459416,200.0,220.0,0.0,110.0,0.0,ok,52.866772866458405,0.0,1.705554653261686,2.508343000222341,2.6420680259991696,4212422112.0,0.0,0.0
nw_retrain_0436_none_easy_seed20293834,easy,15,3,3,4,b44ce151957aa6b2,3.0,registered,3.0,36.95010504714391,200.0,220.0,0.0,110.0,0.0,reused_production_label,,,,,,,,
nw_retrain_0436_none_easy_seed20293834,easy,15,3,3,4,b44ce151957aa6b2,3.0,nominal_d_le_1,1.0,106.87589694152034,200.0,220.0,0.0,110.0,0.0,ok,103.88868784156465,0.0,0.411697009969487,2.0985188679296347,0.4769932220565822,2229894366.0,0.0,0.0
nw_retrain_0436_none_easy_seed20293834,easy,16,4,0,6,f54ef001f06eb139,3.0,registered,3.0,89.52286801422751,400.0,380.0,0.0,210.0,0.0,reused_production_label,,,,,,,,
nw_retrain_0436_none_easy_seed20293834,easy,16,4,0,6,f54ef001f06eb139,3.0,nominal_d_le_1,1.0,262.9187561079271,400.0,380.0,0.0,210.0,0.0,ok,258.9699687076776,0.0,1.4343797945873582,2.4783843274750805,0.036023278187114,3494466497.0,0.0,0.0
nw_retrain_0436_none_easy_seed20293834,easy,16,4,1,6,30abd764dd169d82,3.0,registered,3.0,89.59387804129082,400.0,409.0,0.0,210.0,0.0,reused_production_label,,,,,,,,
nw_retrain_0436_none_easy_seed20293834,easy,16,4,1,6,30abd764dd169d82,3.0,nominal_d_le_1,1.0,262.9243906041042,400.0,409.0,0.0,210.0,0.0,ok,258.9699687076776,0.0,1.4343797945873582,2.49178684960995,0.0282552522293327,1527696068.0,0.0,0.0
nw_retrain_0436_none_easy_seed20293834,easy,16,4,2,6,4e5f6975fc83636f,3.0,registered,3.0,89.6570347882422,400.0,409.0,0.0,210.0,0.0,reused_production_label,,,,,,,,
nw_retrain_0436_none_easy_seed20293834,easy,16,4,2,6,4e5f6975fc83636f,3.0,nominal_d_le_1,1.0,262.9119357208153,400.0,409.0,0.0,210.0,0.0,ok,258.9699687076776,0.0,1.4343797945873582,2.4957366170233146,0.011850601526986,1066806553.0,0.0,0.0
nw_retrain_0436_none_easy_seed20293834,easy,16,4,3,6,7aa5e84a51bde11f,3.0,registered,3.0,89.57072397321274,400.0,373.0,0.0,210.0,0.0,reused_production_label,,,,,,,,
nw_retrain_0436_none_easy_seed20293834,easy,16,4,3,6,7aa5e84a51bde11f,3.0,nominal_d_le_1,1.0,262.8840364449978,400.0,373.0,0.0,210.0,0.0,ok,258.9699687076776,0.0,1.4343797945873582,2.4796879427328453,0.0,694120080.0,0.0,0.0
nw_retrain_0453_converging_hard_seed20295238,hard,3,0,0,0,7e17435021dd1939,3.0,registered,3.0,794.258119294486,200.0,220.0,0.0,110.0,0.0,reused_production_label,,,,,,,,
nw_retrain_0453_converging_hard_seed20295238,hard,3,0,0,0,7e17435021dd1939,3.0,nominal_d_le_1,1.0,1655.7050811678846,200.0,220.0,0.0,110.0,0.0,ok,1640.8691708066303,0.0,1.9440371697499848,1.821658193717851,11.070214997786408,3513105937.0,0.0,0.0
nw_retrain_0453_converging_hard_seed20295238,hard,3,0,1,0,eaaf1c339bb43cc4,3.0,registered,3.0,30.399825675019382,200.0,220.0,0.0,110.0,0.0,reused_production_label,,,,,,,,
nw_retrain_0453_converging_hard_seed20295238,hard,3,0,1,0,eaaf1c339bb43cc4,3.0,nominal_d_le_1,1.0,10.155420439408005,200.0,220.0,0.0,110.0,0.0,ok,4.206699505231915,0.0,1.3486744306817922,1.627279483615751,2.972767019878546,3301372638.0,0.0,0.0
nw_retrain_0453_converging_hard_seed20295238,hard,3,0,2,0,e6de313061567d12,3.0,registered,3.0,29.554585137982667,200.0,220.0,0.0,110.0,0.0,reused_production_label,,,,,,,,
nw_retrain_0453_converging_hard_seed20295238,hard,3,0,2,0,e6de313061567d12,3.0,nominal_d_le_1,1.0,53.50762976786027,200.0,220.0,0.0,110.0,0.0,ok,49.12739473515259,0.0,1.410491236286558,2.134090799055157,0.8356529973659627,2167021843.0,0.0,0.0
nw_retrain_0453_converging_hard_seed20295238,hard,3,0,3,0,cab3ed19b5c76ac6,3.0,registered,3.0,17.642712759077494,200.0,220.0,0.0,110.0,0.0,reused_production_label,,,,,,,,
nw_retrain_0453_converging_hard_seed20295238,hard,3,0,3,0,cab3ed19b5c76ac6,3.0,nominal_d_le_1,1.0,12.477078449346186,200.0,220.0,0.0,110.0,0.0,ok,7.611765178732668,0.0,0.7736613561139384,1.87401562359771,2.2176362909018685,4091979637.0,0.0,0.0
nw_retrain_0453_converging_hard_seed20295238,hard,13,1,0,2,b38b8c83c7dfcbd7,3.0,registered,3.0,5.351994583153821,200.0,220.0,0.0,110.0,0.0,reused_production_label,,,,,,,,
nw_retrain_0453_converging_hard_seed20295238,hard,13,1,0,2,b38b8c83c7dfcbd7,3.0,nominal_d_le_1,1.0,132.03005081301643,200.0,220.0,0.0,110.0,0.0,ok,127.87654632397712,0.0,1.7449634195441572,2.1608672066958023,0.2476738627993661,3958571046.0,0.0,0.0
nw_retrain_0453_converging_hard_seed20295238,hard,13,1,1,2,590e788e513f7658,3.0,registered,3.0,77.1814256687862,200.0,220.0,0.0,110.0,0.0,reused_production_label,,,,,,,,
nw_retrain_0453_converging_hard_seed20295238,hard,13,1,1,2,590e788e513f7658,3.0,nominal_d_le_1,1.0,399.9701208830661,200.0,220.0,0.0,110.0,0.0,ok,387.7444656656264,0.0,1.7274749241769651,2.194834894672128,8.303345398590546,3751180324.0,0.0,0.0
nw_retrain_0453_converging_hard_seed20295238,hard,13,1,2,2,3811adea257c2e39,3.0,registered,3.0,22.66284879013397,200.0,219.0,0.0,110.0,0.0,reused_production_label,,,,,,,,
nw_retrain_0453_converging_hard_seed20295238,hard,13,1,2,2,3811adea257c2e39,3.0,nominal_d_le_1,1.0,81.57253478860993,200.0,219.0,0.0,110.0,0.0,ok,78.69271833211884,0.0,0.4830342884704966,2.084981902175649,0.3118002658449462,157196494.0,0.0,0.0
nw_retrain_0453_converging_hard_seed20295238,hard,13,1,3,2,054d4de623371d2b,3.0,registered,3.0,18.0020987810188,200.0,220.0,0.0,110.0,0.0,reused_production_label,,,,,,,,
nw_retrain_0453_converging_hard_seed20295238,hard,13,1,3,2,054d4de623371d2b,3.0,nominal_d_le_1,1.0,60.59300236146216,200.0,220.0,0.0,110.0,0.0,ok,55.84762703449136,0.0,1.941732270276852,2.364590003036026,0.4390530536579143,1583040751.0,0.0,0.0
nw_retrain_0453_converging_hard_seed20295238,hard,18,2,0,3,9c22583308478ede,3.0,registered,3.0,20.591819131873777,200.0,220.0,0.0,110.0,0.0,reused_production_label,,,,,,,,
nw_retrain_0453_converging_hard_seed20295238,hard,18,2,0,3,9c22583308478ede,3.0,nominal_d_le_1,1.0,139.60118813559416,200.0,220.0,0.0,110.0,0.0,ok,136.42211876264713,0.0,1.4335366230373137,1.6220700071509295,0.1234627427587582,2875357921.0,0.0,0.0
nw_retrain_0453_converging_hard_seed20295238,hard,18,2,1,3,34929c9bb0166296,3.0,registered,3.0,57.72488807213976,200.0,220.0,0.0,110.0,0.0,reused_production_label,,,,,,,,
nw_retrain_0453_converging_hard_seed20295238,hard,18,2,1,3,34929c9bb0166296,3.0,nominal_d_le_1,1.0,198.95942464884712,200.0,220.0,0.0,110.0,0.0,ok,193.24958864493723,0.0,1.920447866299856,1.6969368630264228,2.0924512745835924,4057094260.0,0.0,0.0
nw_retrain_0453_converging_hard_seed20295238,hard,18,2,2,3,9a8c163e71474640,3.0,registered,3.0,16.095317876204817,200.0,220.0,0.0,110.0,0.0,reused_production_label,,,,,,,,
nw_retrain_0453_converging_hard_seed20295238,hard,18,2,2,3,9a8c163e71474640,3.0,nominal_d_le_1,1.0,43.64807702538359,200.0,220.0,0.0,110.0,0.0,ok,40.36175918699568,0.0,1.3899076131886143,1.667699472890242,0.2287107523090604,3666724498.0,0.0,0.0
nw_retrain_0453_converging_hard_seed20295238,hard,18,2,3,3,13b884fe5f221510,3.0,registered,3.0,6.281171763212965,200.0,220.0,0.0,110.0,0.0,reused_production_label,,,,,,,,
nw_retrain_0453_converging_hard_seed20295238,hard,18,2,3,3,13b884fe5f221510,3.0,nominal_d_le_1,1.0,13.6976483691749,200.0,220.0,0.0,110.0,0.0,ok,9.768648918338156,0.0,1.7273233292224088,2.018416370998073,0.1832597506162619,2889537380.0,0.0,0.0
nw_retrain_0453_converging_hard_seed20295238,hard,15,3,0,4,72146a391c8c7f27,3.0,registered,3.0,91.94191582507064,200.0,220.0,0.0,110.0,0.0,reused_production_label,,,,,,,,
nw_retrain_0453_converging_hard_seed20295238,hard,15,3,0,4,72146a391c8c7f27,3.0,nominal_d_le_1,1.0,351.1812323576114,200.0,220.0,0.0,110.0,0.0,ok,347.5046465279299,0.0,1.4658116402223411,1.5488753551748875,0.6618988342842926,4283671254.0,0.0,0.0
nw_retrain_0453_converging_hard_seed20295238,hard,15,3,1,4,55982f1e96dddfe2,3.0,registered,3.0,15.60252991835849,200.0,220.0,0.0,110.0,0.0,reused_production_label,,,,,,,,
nw_retrain_0453_converging_hard_seed20295238,hard,15,3,1,4,55982f1e96dddfe2,3.0,nominal_d_le_1,1.0,268.9924137381333,200.0,220.0,0.0,110.0,0.0,ok,263.5946798002242,0.0,1.6741525745739654,1.7810861275023508,1.9424952358328025,1743609043.0,0.0,0.0
nw_retrain_0453_converging_hard_seed20295238,hard,15,3,2,4,46ab3a5389332f60,3.0,registered,3.0,70.8596877228786,200.0,219.0,0.0,110.0,0.0,reused_production_label,,,,,,,,
nw_retrain_0453_converging_hard_seed20295238,hard,15,3,2,4,46ab3a5389332f60,3.0,nominal_d_le_1,1.0,187.00977069878397,200.0,219.0,0.0,110.0,0.0,ok,182.5439411025591,0.1893422607876867,1.4658116402223411,1.7579594096682492,1.0527162855465473,3492513773.0,0.0,0.0
nw_retrain_0453_converging_hard_seed20295238,hard,15,3,3,4,653fd690087a7c1f,3.0,registered,3.0,85.69143660822054,200.0,220.0,0.0,110.0,0.0,reused_production_label,,,,,,,,
nw_retrain_0453_converging_hard_seed20295238,hard,15,3,3,4,653fd690087a7c1f,3.0,nominal_d_le_1,1.0,161.838071529176,200.0,220.0,0.0,110.0,0.0,ok,157.22052518113458,0.0,1.4658116402223411,1.704531356383201,1.4472033514358769,665915830.0,0.0,0.0
nw_retrain_0453_converging_hard_seed20295238,hard,14,4,0,6,d7b6157c98f05b8f,3.0,registered,3.0,80.7893962877899,200.0,219.0,0.0,110.0,0.0,reused_production_label,,,,,,,,
nw_retrain_0453_converging_hard_seed20295238,hard,14,4,0,6,d7b6157c98f05b8f,3.0,nominal_d_le_1,1.0,233.5837182398541,200.0,219.0,0.0,110.0,0.0,ok,228.1914829280963,0.0,1.770194311590504,2.080421373381244,1.541619626786065,1859264874.0,0.0,0.0
nw_retrain_0453_converging_hard_seed20295238,hard,14,4,1,6,74787c3681201165,3.0,registered,3.0,81.24338945692473,200.0,219.0,0.0,110.0,0.0,reused_production_label,,,,,,,,
nw_retrain_0453_converging_hard_seed20295238,hard,14,4,1,6,74787c3681201165,3.0,nominal_d_le_1,1.0,234.0377114089889,200.0,219.0,0.0,110.0,0.0,ok,228.1914829280963,0.0,1.770194311590504,2.092549010410891,1.9834851588912543,1368899018.0,0.0,0.0
nw_retrain_0453_converging_hard_seed20295238,hard,14,4,2,6,c433baf8ca59c1ee,3.0,registered,3.0,81.14988027557085,200.0,219.0,0.0,110.0,0.0,reused_production_label,,,,,,,,
nw_retrain_0453_converging_hard_seed20295238,hard,14,4,2,6,c433baf8ca59c1ee,3.0,nominal_d_le_1,1.0,233.94420222763503,200.0,219.0,0.0,110.0,0.0,ok,228.1914829280963,0.0,1.770194311590504,2.090624386619756,1.891900601328507,1757383259.0,0.0,0.0
nw_retrain_0453_converging_hard_seed20295238,hard,14,4,3,6,e1b65b486f9b3b92,3.0,registered,3.0,79.45441322301006,200.0,220.0,0.0,110.0,0.0,reused_production_label,,,,,,,,
nw_retrain_0453_converging_hard_seed20295238,hard,14,4,3,6,e1b65b486f9b3b92,3.0,nominal_d_le_1,1.0,215.41106975859057,200.0,220.0,0.0,110.0,0.0,ok,206.77860082945207,0.0,1.770194311590504,1.9742933358996035,4.88798128164839,1031114218.0,0.0,0.0
nw_retrain_0455_converging_easy_seed20295434,easy,1,0,0,0,5910971d5b90d085,3.0,registered,3.0,6.737668538656957,200.0,220.0,0.0,110.0,0.0,reused_production_label,,,,,,,,
nw_retrain_0455_converging_easy_seed20295434,easy,1,0,0,0,5910971d5b90d085,3.0,nominal_d_le_1,1.0,2.087890898578356,200.0,220.0,0.009090909090909,110.0,0.0,ok,0.0,0.0,0.0063389769254325,2.080081021715446,0.0014708999374773,2386770172.0,0.0,0.0
nw_retrain_0455_converging_easy_seed20295434,easy,1,0,1,0,6bc281417dd5fe6d,3.0,registered,3.0,2.470126846734876,200.0,220.0,0.009090909090909,110.0,0.0,reused_production_label,,,,,,,,
nw_retrain_0455_converging_easy_seed20295434,easy,1,0,1,0,6bc281417dd5fe6d,3.0,nominal_d_le_1,1.0,6.6997705488048975,200.0,220.0,0.009090909090909,110.0,0.0,ok,0.0,0.0,1.7812993994208022,2.3373912791848044,2.5810798701992907,102916189.0,0.0,0.0
nw_retrain_0455_converging_easy_seed20295434,easy,1,0,2,0,a41ab041a29ee23b,3.0,registered,3.0,12.72458607280344,200.0,220.0,0.0,110.0,0.0,reused_production_label,,,,,,,,
nw_retrain_0455_converging_easy_seed20295434,easy,1,0,2,0,a41ab041a29ee23b,3.0,nominal_d_le_1,1.0,48.28814690050075,200.0,220.0,0.0,110.0,0.0,ok,41.02334482854006,0.0,0.1376384132480758,2.2444014874675267,4.882762171245086,3731683100.0,0.0,0.0
nw_retrain_0455_converging_easy_seed20295434,easy,1,0,3,0,947cc63e119926bf,3.0,registered,3.0,3.741694718138016,200.0,220.0,0.0272727272727272,110.0,0.0,reused_production_label,,,,,,,,
nw_retrain_0455_converging_easy_seed20295434,easy,1,0,3,0,947cc63e119926bf,3.0,nominal_d_le_1,1.0,11.43756581054649,200.0,220.0,0.0,110.0,0.0,ok,8.015050089434235,0.0,1.0429102772330188,2.3502665501058364,0.0293388937734015,1116868437.0,0.0,0.0
nw_retrain_0455_converging_easy_seed20295434,easy,6,1,0,1,4601e79bf6ca2d7f,3.0,registered,3.0,1278.1372580344694,200.0,220.0,0.0,110.0,0.0,reused_production_label,,,,,,,,
nw_retrain_0455_converging_easy_seed20295434,easy,6,1,0,1,4601e79bf6ca2d7f,3.0,nominal_d_le_1,1.0,9669.197572794776,200.0,220.0,0.0,110.0,0.0,ok,9603.22698402898,0.0,1.5021068487957754,1.957573536976238,62.51090838002765,3779540932.0,0.0,0.0
nw_retrain_0455_converging_easy_seed20295434,easy,6,1,1,1,e1e7c86ee1c1102a,3.0,registered,3.0,11869.735650332412,200.0,219.0,0.0,110.0,0.0,reused_production_label,,,,,,,,
nw_retrain_0455_converging_easy_seed20295434,easy,6,1,1,1,e1e7c86ee1c1102a,3.0,nominal_d_le_1,1.0,35606.71424971832,200.0,219.0,0.0,110.0,0.0,ok,35602.79275357555,0.0,0.5517507457004021,1.6917123003387329,1.6780330967353774,1710367394.0,0.0,0.0
nw_retrain_0455_converging_easy_seed20295434,easy,6,1,2,1,c6e819878ead0081,3.0,registered,3.0,4577.078671769281,200.0,220.0,0.0,110.0,0.0,reused_production_label,,,,,,,,
nw_retrain_0455_converging_easy_seed20295434,easy,6,1,2,1,c6e819878ead0081,3.0,nominal_d_le_1,1.0,14114.820568485524,200.0,220.0,0.0,110.0,0.0,ok,14090.251763939226,0.0,1.4596106325344944,2.0167545134299827,21.09243940033309,1959120774.0,0.0,0.0
nw_retrain_0455_converging_easy_seed20295434,easy,6,1,3,1,467ce3267e6c2702,3.0,registered,3.0,1583.4160000626907,200.0,220.0,0.0,110.0,0.0,reused_production_label,,,,,,,,
nw_retrain_0455_converging_easy_seed20295434,easy,6,1,3,1,467ce3267e6c2702,3.0,nominal_d_le_1,1.0,7120.234779612729,200.0,220.0,0.0,110.0,0.0,ok,7097.050893475462,0.0,1.708279392906124,2.032254102041983,19.44335264231915,2851329737.0,0.0,0.0
nw_retrain_0455_converging_easy_seed20295434,easy,4,2,0,3,b614ce23f4dc693a,3.0,registered,3.0,7382.221349412707,200.0,219.0,0.0,110.0,0.0,reused_production_label,,,,,,,,
nw_retrain_0455_converging_easy_seed20295434,easy,4,2,0,3,b614ce23f4dc693a,3.0,nominal_d_le_1,1.0,22142.19388396389,200.0,219.0,0.0,110.0,0.0,ok,22136.338439862484,0.0,1.9374046511060956,2.512307478965205,1.4057319713288396,3169157845.0,0.0,0.0
nw_retrain_0455_converging_easy_seed20295434,easy,4,2,1,3,28c5f0182cfc9344,3.0,registered,3.0,12.743926167361236,200.0,220.0,0.009090909090909,110.0,0.0,reused_production_label,,,,,,,,
nw_retrain_0455_converging_easy_seed20295434,easy,4,2,1,3,28c5f0182cfc9344,3.0,nominal_d_le_1,1.0,14.841589234749575,200.0,220.0,0.0,110.0,0.0,ok,1.277315235597424,0.0,1.0129626934152414,2.57900115345344,9.97231015228347,1849151991.0,0.0,0.0
nw_retrain_0455_converging_easy_seed20295434,easy,4,2,2,3,112d170c330bab23,3.0,registered,3.0,2.6775168106625338,200.0,220.0,0.0454545454545454,110.0,0.0,reused_production_label,,,,,,,,
nw_retrain_0455_converging_easy_seed20295434,easy,4,2,2,3,112d170c330bab23,3.0,nominal_d_le_1,1.0,8.009478818310512,200.0,220.0,0.0,110.0,0.0,ok,1.76823176702213,0.0,0.4914429262293114,2.447356376106492,3.3024477489525785,2021888215.0,0.0,0.0
nw_retrain_0455_converging_easy_seed20295434,easy,4,2,3,3,f9fe5b9fdfd657ea,3.0,registered,3.0,4.169196425494809,200.0,220.0,0.009090909090909,110.0,0.0,reused_production_label,,,,,,,,
nw_retrain_0455_converging_easy_seed20295434,easy,4,2,3,3,f9fe5b9fdfd657ea,3.0,nominal_d_le_1,1.0,5.246276823126022,200.0,220.0,0.0,110.0,0.0,ok,1.0025861142261547,0.0,0.8100031144885413,2.6459234893838994,0.7877641050274272,3785873615.0,0.0,0.0
nw_retrain_0455_converging_easy_seed20295434,easy,0,3,0,5,0b4b0ac19098da59,3.0,registered,3.0,11000.416991241247,200.0,212.0,0.0,110.0,0.0,reused_production_label,,,,,,,,
nw_retrain_0455_converging_easy_seed20295434,easy,0,3,0,5,0b4b0ac19098da59,3.0,nominal_d_le_1,1.0,32967.56736032066,200.0,212.0,0.0,110.0,0.0,ok,32949.72555361913,0.0,1.6470618895579765,1.7062076144880003,14.48853719749107,1600830015.0,0.0,0.0
nw_retrain_0455_converging_easy_seed20295434,easy,0,3,1,5,d978b5de0ba47019,3.0,registered,3.0,10992.849697496227,200.0,212.0,0.0,110.0,0.0,reused_production_label,,,,,,,,
nw_retrain_0455_converging_easy_seed20295434,easy,0,3,1,5,d978b5de0ba47019,3.0,nominal_d_le_1,1.0,32960.000066575645,200.0,212.0,0.0,110.0,0.0,ok,32949.72555361913,0.0,1.6470618895579765,1.6643013934659885,6.9631496734929215,618548195.0,0.0,0.0
nw_retrain_0455_converging_easy_seed20295434,easy,0,3,2,5,82e531d803946de8,3.0,registered,3.0,11003.308966581048,200.0,212.0,0.0,110.0,0.0,reused_production_label,,,,,,,,
nw_retrain_0455_converging_easy_seed20295434,easy,0,3,2,5,82e531d803946de8,3.0,nominal_d_le_1,1.0,32970.45933566047,200.0,212.0,0.0,110.0,0.0,ok,32949.72555361913,0.0,1.6470618895579765,1.6842152355966964,17.40250491618306,2372617198.0,0.0,0.0
nw_retrain_0455_converging_easy_seed20295434,easy,0,3,3,5,b18c753d6a84d7d8,3.0,registered,3.0,10994.255812856129,200.0,212.0,0.0,110.0,0.0,reused_production_label,,,,,,,,
nw_retrain_0455_converging_easy_seed20295434,easy,0,3,3,5,b18c753d6a84d7d8,3.0,nominal_d_le_1,1.0,32961.40618193554,200.0,212.0,0.0,110.0,0.0,ok,32949.72555361913,0.0,1.6470618895579765,1.6962294063711147,8.337337020488498,3632522280.0,0.0,0.0
nw_retrain_0455_converging_easy_seed20295434,easy,18,4,0,6,f84a0a5af85bf4a8,3.0,registered,3.0,11431.631177767338,200.0,206.0,0.0,110.0,0.0,reused_production_label,,,,,,,,
nw_retrain_0455_converging_easy_seed20295434,easy,18,4,0,6,f84a0a5af85bf4a8,3.0,nominal_d_le_1,1.0,34228.372192928226,200.0,206.0,0.0,110.0,0.0,ok,34194.111522741325,0.0,1.6526402286017918,1.4919729327277196,31.116057025566988,3773322827.0,0.0,0.0
nw_retrain_0455_converging_easy_seed20295434,easy,18,4,1,6,8125b8a03a23c584,3.0,registered,3.0,11480.857330988028,200.0,206.0,0.0,110.0,0.0,reused_production_label,,,,,,,,
nw_retrain_0455_converging_easy_seed20295434,easy,18,4,1,6,8125b8a03a23c584,3.0,nominal_d_le_1,1.0,34277.5983461489,200.0,206.0,0.0,110.0,0.0,ok,34194.111522741325,0.0,1.7300638045738832,1.4937469583198593,80.26301264469109,1671472533.0,0.0,0.0
nw_retrain_0455_converging_easy_seed20295434,easy,18,4,2,6,9ff8bf610f5b5c7d,3.0,registered,3.0,11435.02990356258,200.0,206.0,0.0,110.0,0.0,reused_production_label,,,,,,,,
nw_retrain_0455_converging_easy_seed20295434,easy,18,4,2,6,9ff8bf610f5b5c7d,3.0,nominal_d_le_1,1.0,34231.770918723465,200.0,206.0,0.0,110.0,0.0,ok,34194.111522741325,0.0,1.6526402286017918,1.497063373718539,34.50969237981684,2528177513.0,0.0,0.0
nw_retrain_0455_converging_easy_seed20295434,easy,18,4,3,6,b0f1032824f73c2d,3.0,registered,3.0,11433.126090714237,200.0,220.0,0.0,110.0,0.0,reused_production_label,,,,,,,,
nw_retrain_0455_converging_easy_seed20295434,easy,18,4,3,6,b0f1032824f73c2d,3.0,nominal_d_le_1,1.0,34229.86710587512,200.0,220.0,0.0,110.0,0.0,ok,34194.111522741325,0.0,1.6526402286017918,1.3084950095871473,32.79444789560706,370659948.0,0.0,0.0
nw_retrain_0472_vertically_overlapping_moderate_seed20297231,moderate,3,0,0,0,61f7a8540abd0bb5,3.0,registered,3.0,4.575013998736834,200.0,220.0,0.0,110.0,0.0,reused_production_label,,,,,,,,
nw_retrain_0472_vertically_overlapping_moderate_seed20297231,moderate,3,0,0,0,61f7a8540abd0bb5,3.0,nominal_d_le_1,1.0,20.58279662303906,200.0,220.0,0.0,110.0,0.0,ok,16.951059403853442,0.0,0.8617876431174475,2.489758366523992,0.280191209544174,735614888.0,0.0,0.0
nw_retrain_0472_vertically_overlapping_moderate_seed20297231,moderate,3,0,1,0,058ae6c0c6bf69ee,3.0,registered,3.0,8.901904044367805,200.0,220.0,0.0,110.0,0.0,reused_production_label,,,,,,,,
nw_retrain_0472_vertically_overlapping_moderate_seed20297231,moderate,3,0,1,0,058ae6c0c6bf69ee,3.0,nominal_d_le_1,1.0,26.636683781553465,200.0,220.0,0.0,110.0,0.0,ok,23.63264790315606,0.0,0.9896857266674324,2.014350151729976,0.0,2776569730.0,0.0,0.0
nw_retrain_0472_vertically_overlapping_moderate_seed20297231,moderate,3,0,2,0,5549ce4841f4b678,3.0,registered,3.0,7.48673134012393,200.0,220.0,0.0,110.0,0.0,reused_production_label,,,,,,,,
nw_retrain_0472_vertically_overlapping_moderate_seed20297231,moderate,3,0,2,0,5549ce4841f4b678,3.0,nominal_d_le_1,1.0,16.981111743006924,200.0,220.0,0.0,110.0,0.0,ok,13.23438305178986,0.0,0.4314777615636623,2.647730933112608,0.6675199965407917,4200591568.0,0.0,0.0
nw_retrain_0472_vertically_overlapping_moderate_seed20297231,moderate,3,0,3,0,0ea25bff115829a8,3.0,registered,3.0,10.731966612045918,200.0,220.0,0.0,110.0,0.0,reused_production_label,,,,,,,,
nw_retrain_0472_vertically_overlapping_moderate_seed20297231,moderate,3,0,3,0,0ea25bff115829a8,3.0,nominal_d_le_1,1.0,27.78554260090529,200.0,220.0,0.0,110.0,0.0,ok,24.894582164166906,0.0,0.4174475356824884,1.909062298881772,0.5644506021741326,2770677586.0,0.0,0.0
nw_retrain_0472_vertically_overlapping_moderate_seed20297231,moderate,5,1,0,2,718bfcd62c82dc10,3.0,registered,3.0,2301.6155355606043,200.0,220.0,0.0,110.0,0.0,reused_production_label,,,,,,,,
nw_retrain_0472_vertically_overlapping_moderate_seed20297231,moderate,5,1,0,2,718bfcd62c82dc10,3.0,nominal_d_le_1,1.0,6890.50861266726,200.0,220.0,0.0,110.0,0.0,ok,6884.179905451892,0.0,1.9768454647704563,1.87807196733344,2.473789783263402,4101059740.0,0.0,0.0
nw_retrain_0472_vertically_overlapping_moderate_seed20297231,moderate,5,1,1,2,39e58f5467cd1b14,3.0,registered,3.0,2297.686420294226,200.0,220.0,0.0,110.0,0.0,reused_production_label,,,,,,,,
nw_retrain_0472_vertically_overlapping_moderate_seed20297231,moderate,5,1,1,2,39e58f5467cd1b14,3.0,nominal_d_le_1,1.0,6887.5000183801885,200.0,220.0,0.0,110.0,0.0,ok,6883.720397757517,0.0,1.6258977128447205,1.390824910520687,0.7628979993063768,1216906039.0,0.0,0.0
nw_retrain_0472_vertically_overlapping_moderate_seed20297231,moderate,5,1,2,2,3c5c1795a0715c68,3.0,registered,3.0,2299.209588987567,200.0,220.0,0.0,110.0,0.0,reused_production_label,,,,,,,,
nw_retrain_0472_vertically_overlapping_moderate_seed20297231,moderate,5,1,2,2,3c5c1795a0715c68,3.0,nominal_d_le_1,1.0,6890.111476840163,200.0,220.0,0.0,110.0,0.0,ok,6885.105235262697,0.0,1.6258977128447205,1.8117597384722008,1.5685841261491442,1730089457.0,0.0,0.0
nw_retrain_0472_vertically_overlapping_moderate_seed20297231,moderate,5,1,3,2,54d157337997e314,3.0,registered,3.0,2298.26076017412,200.0,220.0,0.0,110.0,0.0,reused_production_label,,,,,,,,
nw_retrain_0472_vertically_overlapping_moderate_seed20297231,moderate,5,1,3,2,54d157337997e314,3.0,nominal_d_le_1,1.0,6891.64727389829,200.0,220.0,0.0,110.0,0.0,ok,6887.464059257951,0.0,1.6258977128447205,1.5899129379314243,0.9674039895633544,3012110608.0,0.0,0.0
nw_retrain_0472_vertically_overlapping_moderate_seed20297231,moderate,6,2,0,4,c02aad1af0f03173,3.0,registered,3.0,303.9139654117811,200.0,220.0,0.0,110.0,0.0,reused_production_label,,,,,,,,
nw_retrain_0472_vertically_overlapping_moderate_seed20297231,moderate,6,2,0,4,c02aad1af0f03173,3.0,nominal_d_le_1,1.0,728.8826929601722,200.0,220.0,0.0,110.0,0.0,ok,722.9450561896966,0.7554290768335372,1.372477834374077,1.4430661288418292,2.3666637304261364,3427659172.0,0.0,0.0
nw_retrain_0472_vertically_overlapping_moderate_seed20297231,moderate,6,2,1,4,da4e72dbd81b4aa7,3.0,registered,3.0,103.14847488811203,200.0,220.0,0.0,110.0,0.0,reused_production_label,,,,,,,,
nw_retrain_0472_vertically_overlapping_moderate_seed20297231,moderate,6,2,1,4,da4e72dbd81b4aa7,3.0,nominal_d_le_1,1.0,433.68376408333614,200.0,220.0,0.0,110.0,0.0,ok,428.8424492375781,0.0,0.8901993190276741,2.1274992063514158,1.8236163203790443,3103899885.0,0.0,0.0
nw_retrain_0472_vertically_overlapping_moderate_seed20297231,moderate,6,2,2,4,b8d180e755c0508c,3.0,registered,3.0,524.9024997018989,200.0,220.0,0.0,110.0,0.0,reused_production_label,,,,,,,,
nw_retrain_0472_vertically_overlapping_moderate_seed20297231,moderate,6,2,2,4,b8d180e755c0508c,3.0,nominal_d_le_1,1.0,1632.244965014972,200.0,220.0,0.0,110.0,0.0,ok,1625.2958326010696,0.8349920851269005,1.9821468373238929,2.0542487479618696,2.077744743489772,1890045468.0,0.0,0.0
nw_retrain_0472_vertically_overlapping_moderate_seed20297231,moderate,6,2,3,4,27d891a2f1cb9604,3.0,registered,3.0,111.89093841455038,200.0,220.0,0.0,110.0,0.0,reused_production_label,,,,,,,,
nw_retrain_0472_vertically_overlapping_moderate_seed20297231,moderate,6,2,3,4,27d891a2f1cb9604,3.0,nominal_d_le_1,1.0,618.7546831489809,200.0,220.0,0.0,110.0,0.0,ok,611.2875991850854,0.0,1.8968332159276076,1.9937943652482173,3.576456382719793,3522843279.0,0.0,0.0
nw_retrain_0472_vertically_overlapping_moderate_seed20297231,moderate,7,3,0,5,bef9405216c0571f,3.0,registered,3.0,1887.6528946252413,200.0,220.0,0.0,110.0,0.0,reused_production_label,,,,,,,,
nw_retrain_0472_vertically_overlapping_moderate_seed20297231,moderate,7,3,0,5,bef9405216c0571f,3.0,nominal_d_le_1,1.0,5577.273275109827,200.0,220.0,0.0,110.0,0.0,ok,5571.269367712105,0.0,1.459903081641645,1.8455678545181944,2.698436461562956,370758874.0,0.0,0.0
nw_retrain_0472_vertically_overlapping_moderate_seed20297231,moderate,7,3,1,5,3ad19e2f75a837a5,3.0,registered,3.0,2441.0303875220184,200.0,220.0,0.0,110.0,0.0,reused_production_label,,,,,,,,
nw_retrain_0472_vertically_overlapping_moderate_seed20297231,moderate,7,3,1,5,3ad19e2f75a837a5,3.0,nominal_d_le_1,1.0,7317.121711495301,200.0,220.0,0.0,110.0,0.0,ok,7313.136985959925,0.0,1.459903081641645,2.015254785923806,0.5095676678109139,4049397612.0,0.0,0.0
nw_retrain_0472_vertically_overlapping_moderate_seed20297231,moderate,7,3,2,5,2c532d52bfd8c981,3.0,registered,3.0,1872.9864644759875,200.0,220.0,0.0,110.0,0.0,reused_production_label,,,,,,,,
nw_retrain_0472_vertically_overlapping_moderate_seed20297231,moderate,7,3,2,5,2c532d52bfd8c981,3.0,nominal_d_le_1,1.0,5560.6751863454665,200.0,220.0,0.0,110.0,0.0,ok,5554.673690267112,0.0,1.5477136711663684,1.853166661756586,2.600615745431705,385402668.0,0.0,0.0
nw_retrain_0472_vertically_overlapping_moderate_seed20297231,moderate,7,3,3,5,5617d64d0ac60e75,3.0,registered,3.0,1817.5263894389616,200.0,220.0,0.0,110.0,0.0,reused_production_label,,,,,,,,
nw_retrain_0472_vertically_overlapping_moderate_seed20297231,moderate,7,3,3,5,5617d64d0ac60e75,3.0,nominal_d_le_1,1.0,5454.41999870002,200.0,220.0,0.0,110.0,0.0,ok,5449.231037291107,0.0,1.459903081641645,1.86607051898694,1.862987808284391,98520821.0,0.0,0.0
nw_retrain_0472_vertically_overlapping_moderate_seed20297231,moderate,8,4,0,6,a17576fca19aa0ea,3.0,registered,3.0,49.70757237718131,400.0,346.0,0.0,210.0,0.0,reused_production_label,,,,,,,,
nw_retrain_0472_vertically_overlapping_moderate_seed20297231,moderate,8,4,0,6,a17576fca19aa0ea,3.0,nominal_d_le_1,1.0,146.6074239014946,400.0,346.0,0.0,210.0,0.0,ok,144.44130579664312,0.0,0.0,2.166118104851481,0.0,1172039993.0,0.0,0.0
nw_retrain_0472_vertically_overlapping_moderate_seed20297231,moderate,8,4,1,6,d1bccd35e7e96adb,3.0,registered,3.0,49.7473790198537,400.0,410.0,0.0,210.0,0.0,reused_production_label,,,,,,,,
nw_retrain_0472_vertically_overlapping_moderate_seed20297231,moderate,8,4,1,6,d1bccd35e7e96adb,3.0,nominal_d_le_1,1.0,146.6968881461845,400.0,410.0,0.0,210.0,0.0,ok,144.44130579664312,0.0,0.0,2.1127252066842552,0.1428571428571418,1319283579.0,0.0,0.0
nw_retrain_0472_vertically_overlapping_moderate_seed20297231,moderate,8,4,2,6,0a871cc314eb02dd,3.0,registered,3.0,49.63374358895844,400.0,344.0,0.0,210.0,0.0,reused_production_label,,,,,,,,
nw_retrain_0472_vertically_overlapping_moderate_seed20297231,moderate,8,4,2,6,0a871cc314eb02dd,3.0,nominal_d_le_1,1.0,146.637059744661,400.0,344.0,0.0,210.0,0.0,ok,144.44130579664312,0.0,0.0,2.1388920379131777,0.0568619101047039,1837930242.0,0.0,0.0
nw_retrain_0472_vertically_overlapping_moderate_seed20297231,moderate,8,4,3,6,c7b79e7da450c3be,3.0,registered,3.0,51.32469148496567,200.0,220.0,0.0,110.0,0.0,reused_production_label,,,,,,,,
nw_retrain_0472_vertically_overlapping_moderate_seed20297231,moderate,8,4,3,6,c7b79e7da450c3be,3.0,nominal_d_le_1,1.0,148.29780917063388,200.0,220.0,0.0,110.0,0.0,ok,144.44130579664312,0.0,1.3935646321964832,2.4629387417942974,0.0,3237059529.0,0.0,0.0
nw_retrain_0487_converging_easy_seed20298701,easy,8,0,0,0,eb354a496d1b1786,3.0,registered,3.0,3463.7265193646385,200.0,220.0,0.0,110.0,0.0,reused_production_label,,,,,,,,
nw_retrain_0487_converging_easy_seed20298701,easy,8,0,0,0,eb354a496d1b1786,3.0,nominal_d_le_1,1.0,10715.666274941035,200.0,220.0,0.0,110.0,0.0,ok,10691.45539312355,0.0,1.7037989025765334,2.067004615884789,20.44007829902663,3548030533.0,0.0,0.0
nw_retrain_0487_converging_easy_seed20298701,easy,8,0,1,0,a664de82d01a683d,3.0,registered,3.0,3.943762967374606,200.0,220.0,0.0181818181818181,110.0,0.0,reused_production_label,,,,,,,,
nw_retrain_0487_converging_easy_seed20298701,easy,8,0,1,0,a664de82d01a683d,3.0,nominal_d_le_1,1.0,5.02910951027242,200.0,220.0,0.009090909090909,110.0,0.0,ok,0.0,0.0,1.817565803613696,2.4319453098040986,0.7795983968546261,1549745420.0,0.0,0.0
nw_retrain_0487_converging_easy_seed20298701,easy,8,0,2,0,f920e41245c41376,3.0,registered,3.0,3.9930760820396687,200.0,220.0,0.009090909090909,110.0,0.0,reused_production_label,,,,,,,,
nw_retrain_0487_converging_easy_seed20298701,easy,8,0,2,0,f920e41245c41376,3.0,nominal_d_le_1,1.0,5.334542814683768,200.0,220.0,0.0,110.0,0.0,ok,2.293907642805297,0.0,0.1306304301586759,2.6792301966430627,0.2307745450767313,569506296.0,0.0,0.0
nw_retrain_0487_converging_easy_seed20298701,easy,8,0,3,0,de47ac33dd3c4fc3,3.0,registered,3.0,2.77383820131371,200.0,220.0,0.0181818181818181,110.0,0.0,reused_production_label,,,,,,,,
nw_retrain_0487_converging_easy_seed20298701,easy,8,0,3,0,de47ac33dd3c4fc3,3.0,nominal_d_le_1,1.0,2.929549454909348,200.0,220.0,0.0,110.0,0.0,ok,0.4237058446189647,0.0,0.1591169675431903,2.119535575707621,0.2271910670395713,3434049470.0,0.0,0.0
nw_retrain_0487_converging_easy_seed20298701,easy,0,1,0,1,e519bdf734577ff2,3.0,registered,3.0,516.2405192929715,200.0,220.0,0.0,110.0,0.0,reused_production_label,,,,,,,,
nw_retrain_0487_converging_easy_seed20298701,easy,0,1,0,1,e519bdf734577ff2,3.0,nominal_d_le_1,1.0,1510.4913074671097,200.0,220.0,0.0,110.0,0.0,ok,1490.3761463398082,0.0,1.8223416140850297,2.121288296631401,16.171531216585155,3772275526.0,0.0,0.0
nw_retrain_0487_converging_easy_seed20298701,easy,0,1,1,1,6d776d6761ad6a52,3.0,registered,3.0,2.6442802770734777,200.0,220.0,0.0,110.0,0.0,reused_production_label,,,,,,,,
nw_retrain_0487_converging_easy_seed20298701,easy,0,1,1,1,6d776d6761ad6a52,3.0,nominal_d_le_1,1.0,5.242453421506624,200.0,220.0,0.0,110.0,0.0,ok,2.8972605716515183,0.0,0.0,2.0747484882251266,0.270444361629979,3728318123.0,0.0,0.0
nw_retrain_0487_converging_easy_seed20298701,easy,0,1,2,1,e51b5b9c1defcde2,3.0,registered,3.0,6.635522893676582,200.0,220.0,0.0,110.0,0.0,reused_production_label,,,,,,,,
nw_retrain_0487_converging_easy_seed20298701,easy,0,1,2,1,e51b5b9c1defcde2,3.0,nominal_d_le_1,1.0,5.883559022252485,200.0,220.0,0.0,110.0,0.0,ok,1.9148650978171975,0.0,1.1720853357224967,2.2850451226855,0.5115634660272912,437178956.0,0.0,0.0
nw_retrain_0487_converging_easy_seed20298701,easy,0,1,3,1,c9fb13eca5ee1f15,3.0,registered,3.0,9.250427868185218,200.0,220.0,0.0,110.0,0.0,reused_production_label,,,,,,,,
nw_retrain_0487_converging_easy_seed20298701,easy,0,1,3,1,c9fb13eca5ee1f15,3.0,nominal_d_le_1,1.0,2.9830850928641,200.0,220.0,0.0,110.0,0.0,ok,0.0468408776959481,0.0032028950478664,0.3391454188236675,2.080256570766244,0.5136393305303738,3138892301.0,0.0,0.0
nw_retrain_0487_converging_easy_seed20298701,easy,12,2,0,3,1cf5a97ed12d0c71,3.0,registered,3.0,2.601723835499986,200.0,220.0,0.0,110.0,0.0,reused_production_label,,,,,,,,
nw_retrain_0487_converging_easy_seed20298701,easy,12,2,0,3,1cf5a97ed12d0c71,3.0,nominal_d_le_1,1.0,2.601729019654022,200.0,220.0,0.0,110.0,0.0,ok,0.0,0.5147251401175206,0.0,1.760960422278849,0.3260434572576523,4007615769.0,0.0,0.0
nw_retrain_0487_converging_easy_seed20298701,easy,12,2,1,3,f96abb4c229c3073,3.0,registered,3.0,22.48365187809509,200.0,220.0,0.0,110.0,0.0,reused_production_label,,,,,,,,
nw_retrain_0487_converging_easy_seed20298701,easy,12,2,1,3,f96abb4c229c3073,3.0,nominal_d_le_1,1.0,63.02800064459655,200.0,220.0,0.0,110.0,0.0,ok,60.82658920861862,0.0,0.0,1.6872921973212365,0.514119238656699,4132354945.0,0.0,0.0
nw_retrain_0487_converging_easy_seed20298701,easy,12,2,2,3,0e108cce67c3448c,3.0,registered,3.0,627.1679863192854,200.0,220.0,0.0,110.0,0.0,reused_production_label,,,,,,,,
nw_retrain_0487_converging_easy_seed20298701,easy,12,2,2,3,0e108cce67c3448c,3.0,nominal_d_le_1,1.0,1804.682392663552,200.0,220.0,0.0,110.0,0.0,ok,1797.350715764274,0.0,1.4452810274422103,2.175516405224,3.710879466611357,1133492145.0,0.0,0.0
nw_retrain_0487_converging_easy_seed20298701,easy,12,2,3,3,fbfb95decf219ab6,3.0,registered,3.0,640.7956667292468,200.0,220.0,0.0,110.0,0.0,reused_production_label,,,,,,,,
nw_retrain_0487_converging_easy_seed20298701,easy,12,2,3,3,fbfb95decf219ab6,3.0,nominal_d_le_1,1.0,2335.4384197878167,200.0,220.0,0.0,110.0,0.0,ok,2326.330541518029,0.0,1.5442625481995669,1.6833858212076993,5.88022990038041,2529962357.0,0.0,0.0
nw_retrain_0487_converging_easy_seed20298701,easy,1,3,0,5,2342237c2b34b28f,3.0,registered,3.0,974.8573454599816,400.0,410.0,0.0,210.0,0.0,reused_production_label,,,,,,,,
nw_retrain_0487_converging_easy_seed20298701,easy,1,3,0,5,2342237c2b34b28f,3.0,nominal_d_le_1,1.0,2912.1776838790697,200.0,220.0,0.0,110.0,0.0,ok,2904.4382137735784,0.0,1.6929422766500817,2.731554769334484,3.314973059506285,2859340476.0,0.0,0.0
nw_retrain_0487_converging_easy_seed20298701,easy,1,3,1,5,72e0ab2a6244a120,3.0,registered,3.0,976.6202614470689,200.0,220.0,0.0,110.0,0.0,reused_production_label,,,,,,,,
nw_retrain_0487_converging_easy_seed20298701,easy,1,3,1,5,72e0ab2a6244a120,3.0,nominal_d_le_1,1.0,2926.792464008119,200.0,220.0,0.0,110.0,0.0,ok,2919.012452459048,0.0,1.7107025459409162,2.8933731988932108,3.1759358042371377,2192024563.0,0.0,0.0
nw_retrain_0487_converging_easy_seed20298701,easy,1,3,2,5,dbb06bbb336eca5d,3.0,registered,3.0,980.8860759303184,200.0,220.0,0.0,110.0,0.0,reused_production_label,,,,,,,,
nw_retrain_0487_converging_easy_seed20298701,easy,1,3,2,5,dbb06bbb336eca5d,3.0,nominal_d_le_1,1.0,2937.068233366204,200.0,220.0,0.0,110.0,0.0,ok,2928.0505099815127,0.0,1.1298298559981248,2.7578876337652325,5.1300058949277965,299804778.0,0.0,0.0
nw_retrain_0487_converging_easy_seed20298701,easy,1,3,3,5,34ca2096a4d05f71,3.0,registered,3.0,975.7353394334964,400.0,410.0,0.0,210.0,0.0,reused_production_label,,,,,,,,
nw_retrain_0487_converging_easy_seed20298701,easy,1,3,3,5,34ca2096a4d05f71,3.0,nominal_d_le_1,1.0,2910.301384229476,200.0,220.0,0.0,110.0,0.0,ok,2901.6158945233924,0.0,1.50787907628077,2.874763229015838,4.302847400786476,2880412745.0,0.0,0.0
nw_retrain_0487_converging_easy_seed20298701,easy,19,4,0,5,c07f587e6a9ed552,3.0,registered,3.0,862.9064539144098,200.0,220.0,0.0,110.0,0.0,reused_production_label,,,,,,,,
nw_retrain_0487_converging_easy_seed20298701,easy,19,4,0,5,c07f587e6a9ed552,3.0,nominal_d_le_1,1.0,2581.809763695762,200.0,220.0,0.0,110.0,0.0,ok,2576.9079720042973,0.0,1.15021051581508,2.1923128929771267,1.5592682826720845,3503545929.0,0.0,0.0
nw_retrain_0487_converging_easy_seed20298701,easy,19,4,1,5,8c3c0b4c4fcb7f37,3.0,registered,3.0,119.39602173513596,200.0,220.0,0.0,110.0,0.0,reused_production_label,,,,,,,,
nw_retrain_0487_converging_easy_seed20298701,easy,19,4,1,5,8c3c0b4c4fcb7f37,3.0,nominal_d_le_1,1.0,388.3640191179656,200.0,220.0,0.0,110.0,0.0,ok,381.1021540630404,0.0,1.15021051581508,2.1294762943315484,3.982178244778487,4110506484.0,0.0,0.0
nw_retrain_0487_converging_easy_seed20298701,easy,19,4,2,5,86558e8a668e60b6,3.0,registered,3.0,873.8342853787449,200.0,220.0,0.0,110.0,0.0,reused_production_label,,,,,,,,
nw_retrain_0487_converging_easy_seed20298701,easy,19,4,2,5,86558e8a668e60b6,3.0,nominal_d_le_1,1.0,2611.5868550783284,200.0,220.0,0.0,110.0,0.0,ok,2605.370991831032,0.0,1.825950175714529,2.058979559643793,2.330933511937844,1087600328.0,0.0,0.0
nw_retrain_0487_converging_easy_seed20298701,easy,19,4,3,5,18b118ea3557af54,3.0,registered,3.0,848.5859845703823,200.0,220.0,0.0,110.0,0.0,reused_production_label,,,,,,,,
nw_retrain_0487_converging_easy_seed20298701,easy,19,4,3,5,18b118ea3557af54,3.0,nominal_d_le_1,1.0,2539.7305924366306,200.0,220.0,0.0,110.0,0.0,ok,2535.7212068924,0.0,1.15021051581508,2.0805788356275707,0.7785961927886021,4266080860.0,0.0,0.0
nw_retrain_0516_none_easy_seed22079712,easy,3,0,0,0,b26ee594b8de78d1,3.0,registered,3.0,1861.759069787972,200.0,220.0,0.0,110.0,0.0,reused_production_label,,,,,,,,
nw_retrain_0516_none_easy_seed22079712,easy,3,0,0,0,b26ee594b8de78d1,3.0,nominal_d_le_1,1.0,4502.179800863586,200.0,220.0,0.0,110.0,0.0,ok,4455.182546821562,0.0,1.3543031646840331,1.959650859858091,43.68330001748237,1453131924.0,0.0,0.0
nw_retrain_0516_none_easy_seed22079712,easy,3,0,1,0,c8be10bb591f498b,3.0,registered,3.0,24.3294399025923,200.0,220.0,0.0,110.0,0.0,reused_production_label,,,,,,,,
nw_retrain_0516_none_easy_seed22079712,easy,3,0,1,0,c8be10bb591f498b,3.0,nominal_d_le_1,1.0,171.61718841001075,200.0,220.0,0.0,110.0,0.0,ok,147.68795381317045,0.0,1.5117344148456118,2.34073653998138,20.076763642013304,3671818018.0,0.0,0.0
nw_retrain_0516_none_easy_seed22079712,easy,3,0,2,0,aaead72209127055,3.0,registered,3.0,312.59339707894605,200.0,220.0,0.0,110.0,0.0,reused_production_label,,,,,,,,
nw_retrain_0516_none_easy_seed22079712,easy,3,0,2,0,aaead72209127055,3.0,nominal_d_le_1,1.0,549.734965261069,200.0,220.0,0.0,110.0,0.0,ok,477.49165001667694,0.0,1.6736410514850055,2.243430306196989,68.32624388671002,1610963829.0,0.0,0.0
nw_retrain_0516_none_easy_seed22079712,easy,3,0,3,0,f1b5a8da2e584026,3.0,registered,3.0,3.1389311710159062,200.0,220.0,0.0,110.0,0.0,reused_production_label,,,,,,,,
nw_retrain_0516_none_easy_seed22079712,easy,3,0,3,0,f1b5a8da2e584026,3.0,nominal_d_le_1,1.0,8.600601632099027,200.0,220.0,0.0,110.0,0.0,ok,7.192505706466671,0.0,0.0,1.408095925632356,0.0,3417538618.0,0.0,0.0
nw_retrain_0516_none_easy_seed22079712,easy,6,1,0,2,49eaf7bbdc81ffa1,3.0,registered,3.0,6.912708938596767,200.0,220.0,0.0,110.0,0.0,reused_production_label,,,,,,,,
nw_retrain_0516_none_easy_seed22079712,easy,6,1,0,2,49eaf7bbdc81ffa1,3.0,nominal_d_le_1,1.0,13.332425287841474,200.0,220.0,0.0,110.0,0.0,ok,10.093481695169826,0.0,0.1660859024521852,2.0621709817260987,1.0106867084933633,3069102932.0,0.0,0.0
nw_retrain_0516_none_easy_seed22079712,easy,6,1,1,2,d4fa40a968b7716f,3.0,registered,3.0,48.159687981236274,200.0,220.0,0.0,110.0,0.0,reused_production_label,,,,,,,,
nw_retrain_0516_none_easy_seed22079712,easy,6,1,1,2,d4fa40a968b7716f,3.0,nominal_d_le_1,1.0,91.03810249475085,200.0,220.0,0.0,110.0,0.0,ok,48.36285639543004,0.0,1.995338938125269,2.3920314091133217,38.28787575208221,3489408739.0,0.0,0.0
nw_retrain_0516_none_easy_seed22079712,easy,6,1,2,2,e513459aee2eda6c,3.0,registered,3.0,14.284108610083054,200.0,220.0,0.0,110.0,0.0,reused_production_label,,,,,,,,
nw_retrain_0516_none_easy_seed22079712,easy,6,1,2,2,e513459aee2eda6c,3.0,nominal_d_le_1,1.0,39.28049038209158,200.0,220.0,0.0,110.0,0.0,ok,34.86431936412763,0.0,0.7418589245397941,2.2226577583919465,1.4516543350322084,1746228194.0,0.0,0.0
nw_retrain_0516_none_easy_seed22079712,easy,6,1,3,2,80053bd5aca93479,3.0,registered,3.0,29.288560048024408,200.0,220.0,0.0,110.0,0.0,reused_production_label,,,,,,,,
nw_retrain_0516_none_easy_seed22079712,easy,6,1,3,2,80053bd5aca93479,3.0,nominal_d_le_1,1.0,98.15614612979503,200.0,220.0,0.0,110.0,0.0,ok,55.84410076099782,0.0,1.430162197721175,2.370032611160119,38.51185055991593,1121638075.0,0.0,0.0
nw_retrain_0516_none_easy_seed22079712,easy,15,2,0,4,2866ef74784c4dd6,3.0,registered,3.0,5087.846561938047,200.0,220.0,0.0,110.0,0.0,reused_production_label,,,,,,,,
nw_retrain_0516_none_easy_seed22079712,easy,15,2,0,4,2866ef74784c4dd6,3.0,nominal_d_le_1,1.0,15260.08669022504,200.0,220.0,0.0,110.0,0.0,ok,15253.994297190562,0.0,1.5937907562715343,2.0407805360716247,2.457821742135444,204020918.0,0.0,0.0
nw_retrain_0516_none_easy_seed22079712,easy,15,2,1,4,7b39211eb8677dd5,3.0,registered,3.0,5047.674275101304,200.0,220.0,0.0,110.0,0.0,reused_production_label,,,,,,,,
nw_retrain_0516_none_easy_seed22079712,easy,15,2,1,4,7b39211eb8677dd5,3.0,nominal_d_le_1,1.0,15136.12030615655,200.0,220.0,0.0,110.0,0.0,ok,15131.669048786283,0.0,1.5937907562715343,1.7667753464581637,1.0906912675388307,3561146268.0,0.0,0.0
nw_retrain_0516_none_easy_seed22079712,easy,15,2,2,4,34c67b5e3734e0cc,3.0,registered,3.0,5049.331249306486,200.0,220.0,0.0,110.0,0.0,reused_production_label,,,,,,,,
nw_retrain_0516_none_easy_seed22079712,easy,15,2,2,4,34c67b5e3734e0cc,3.0,nominal_d_le_1,1.0,15139.733164215237,200.0,220.0,0.0,110.0,0.0,ok,15134.60286542108,0.0,1.5937907562715343,1.897677545899524,1.6388304919854393,2019727408.0,0.0,0.0
nw_retrain_0516_none_easy_seed22079712,easy,15,2,3,4,b8d16cc6132f2431,3.0,registered,3.0,5049.824864288812,200.0,220.0,0.0,110.0,0.0,reused_production_label,,,,,,,,
nw_retrain_0516_none_easy_seed22079712,easy,15,2,3,4,b8d16cc6132f2431,3.0,nominal_d_le_1,1.0,15138.25987271347,200.0,220.0,0.0,110.0,0.0,ok,15131.652512591969,0.0,1.8545947752272405,1.8913194897524188,2.8614458565235643,2671571417.0,0.0,0.0
nw_retrain_0516_none_easy_seed22079712,easy,9,3,0,5,cfd90b92f7cfc91d,3.0,registered,3.0,6242.697119794355,200.0,220.0,0.0,110.0,0.0,reused_production_label,,,,,,,,
nw_retrain_0516_none_easy_seed22079712,easy,9,3,0,5,cfd90b92f7cfc91d,3.0,nominal_d_le_1,1.0,18606.296187182517,200.0,220.0,0.0,110.0,0.0,ok,18578.22624232727,0.0,1.8589639932580289,1.945566670152456,24.26541419183361,956736488.0,0.0,0.0
nw_retrain_0516_none_easy_seed22079712,easy,9,3,1,5,65676a103dcbc6e5,3.0,registered,3.0,6259.586880669825,200.0,220.0,0.0,110.0,0.0,reused_production_label,,,,,,,,
nw_retrain_0516_none_easy_seed22079712,easy,9,3,1,5,65676a103dcbc6e5,3.0,nominal_d_le_1,1.0,18619.76421403223,200.0,220.0,0.0,110.0,0.0,ok,18586.494416836144,0.0,1.8589639932580289,1.9655004935557263,29.44533270927342,483898191.0,0.0,0.0
nw_retrain_0516_none_easy_seed22079712,easy,9,3,2,5,8464303bf6b5a63a,3.0,registered,3.0,6204.701259938098,200.0,220.0,0.0,110.0,0.0,reused_production_label,,,,,,,,
nw_retrain_0516_none_easy_seed22079712,easy,9,3,2,5,8464303bf6b5a63a,3.0,nominal_d_le_1,1.0,18590.24735712822,200.0,220.0,0.0,110.0,0.0,ok,18569.824150013457,0.0,1.8589639932580289,1.9661534237733476,16.598089697729147,123903604.0,0.0,0.0
nw_retrain_0516_none_easy_seed22079712,easy,9,3,3,5,579bc2e6b73c9308,3.0,registered,3.0,6225.863007015778,200.0,220.0,0.0,110.0,0.0,reused_production_label,,,,,,,,
nw_retrain_0516_none_easy_seed22079712,easy,9,3,3,5,579bc2e6b73c9308,3.0,nominal_d_le_1,1.0,18590.869071249523,200.0,220.0,0.0,110.0,0.0,ok,18566.447153382163,0.0,1.8589639932580289,1.9528785988869863,20.610075275212854,2653597105.0,0.0,0.0
nw_retrain_0516_none_easy_seed22079712,easy,18,4,0,6,ae5d7de2059d1395,3.0,registered,3.0,3917.356975622412,200.0,220.0,0.0,110.0,0.0,reused_production_label,,,,,,,,
nw_retrain_0516_none_easy_seed22079712,easy,18,4,0,6,ae5d7de2059d1395,3.0,nominal_d_le_1,1.0,11742.376881420852,400.0,410.0,0.0,210.0,0.0,ok,11736.529858697662,0.0,1.231507627414379,2.726555111621726,1.8889599841548852,231212040.0,0.0,0.0
nw_retrain_0516_none_easy_seed22079712,easy,18,4,1,6,aeb957c09444dd7f,3.0,registered,3.0,3917.1200209081976,400.0,410.0,0.0,210.0,0.0,reused_production_label,,,,,,,,
nw_retrain_0516_none_easy_seed22079712,easy,18,4,1,6,aeb957c09444dd7f,3.0,nominal_d_le_1,1.0,11743.134754532584,200.0,220.0,0.0,110.0,0.0,ok,11738.022100436578,0.0,1.231507627414379,2.686761282757145,1.1943851858333896,1197092971.0,0.0,0.0
nw_retrain_0516_none_easy_seed22079712,easy,18,4,2,6,045bfbdb37076634,3.0,registered,3.0,3917.0011164374296,400.0,410.0,0.0,210.0,0.0,reused_production_label,,,,,,,,
nw_retrain_0516_none_easy_seed22079712,easy,18,4,2,6,045bfbdb37076634,3.0,nominal_d_le_1,1.0,11742.023496282418,400.0,410.0,0.0,210.0,0.0,ok,11736.678172590717,0.0,1.2355566620827103,2.7007741019576024,1.4089929276606572,1707052431.0,0.0,0.0
nw_retrain_0516_none_easy_seed22079712,easy,18,4,3,6,c60b7f2b4bd07fc5,3.0,registered,3.0,3917.378982952082,200.0,220.0,0.0,110.0,0.0,reused_production_label,,,,,,,,
nw_retrain_0516_none_easy_seed22079712,easy,18,4,3,6,c60b7f2b4bd07fc5,3.0,nominal_d_le_1,1.0,11742.437762289192,400.0,409.0,0.0,210.0,0.0,ok,11736.588169005669,0.0,1.3603156101365428,2.72902445699582,1.760253216393609,3693214008.0,0.0,0.0
