scenario_uid,step,pool_size,K,arm,survival,retained_regret,retained_regret_norm
nw_dual_val_001,1,4,1,M0,0.0,0.2330112900000001,0.009113981363078139
nw_dual_val_001,1,4,1,M1,0.0,0.39739858000000017,0.015543810138271486
nw_dual_val_001,1,4,1,random,0.22,18.515508153100004,0.7242138191470238
nw_dual_val_001,1,4,2,M0,0.0,0.2330112900000001,0.009113981363078139
nw_dual_val_001,1,4,2,M1,0.0,0.2330112900000001,0.009113981363078139
nw_dual_val_001,1,4,2,random,0.45,0.1659652862000001,0.006491550367987447
nw_dual_val_001,1,4,3,M0,1.0,0.0,0.0
nw_dual_val_001,1,4,3,M1,1.0,0.0,0.0
nw_dual_val_001,1,4,3,random,0.75,0.05825282250000002,0.0022784953407695347
nw_dual_val_001,1,4,4,M0,1.0,0.0,0.0
nw_dual_val_001,1,4,4,M1,1.0,0.0,0.0
nw_dual_val_001,1,4,4,random,1.0,0.0,0.0
nw_dual_val_001,2,16,1,M0,0.0,0.6071617,0.023881987084564852
nw_dual_val_001,2,16,1,M1,1.0,0.0,0.0
nw_dual_val_001,2,16,1,random,0.12,10.494500722999998,0.4127887689978509
nw_dual_val_001,2,16,2,M0,0.0,0.21028569000000008,0.00827133880916535
nw_dual_val_001,2,16,2,M1,1.0,0.0,0.0
nw_dual_val_001,2,16,2,random,0.11,2.7420759450000003,0.10785631291200674
nw_dual_val_001,2,16,3,M0,0.0,0.21028569000000008,0.00827133880916535
nw_dual_val_001,2,16,3,M1,1.0,0.0,0.0
nw_dual_val_001,2,16,3,random,0.14,0.30464519200000006,0.011982858175538378
nw_dual_val_001,2,16,4,M0,1.0,0.0,0.0
nw_dual_val_001,2,16,4,M1,1.0,0.0,0.0
nw_dual_val_001,2,16,4,random,0.21,0.24793325440000002,0.009752161210786075
nw_dual_val_001,2,16,6,M0,1.0,0.0,0.0
nw_dual_val_001,2,16,6,M1,1.0,0.0,0.0
nw_dual_val_001,2,16,6,random,0.39,0.1339884768,0.005270278201701651
nw_dual_val_001,2,16,8,M0,1.0,0.0,0.0
nw_dual_val_001,2,16,8,M1,1.0,0.0,0.0
nw_dual_val_001,2,16,8,random,0.49,0.1112963341,0.004377709617611939
nw_dual_val_001,3,16,1,M0,0.0,0.4912241399999999,0.40727396340199407
nw_dual_val_001,3,16,1,M1,0.0,0.50386555,0.41775495717744177
nw_dual_val_001,3,16,1,random,0.08,1.5870887016,1.3158553359595822
nw_dual_val_001,3,16,2,M0,0.0,0.4912241399999999,0.40727396340199407
nw_dual_val_001,3,16,2,M1,0.0,0.50386555,0.41775495717744177
nw_dual_val_001,3,16,2,random,0.1,0.7070630387999999,0.586226007107741
nw_dual_val_001,3,16,3,M0,0.0,0.4799740399999999,0.39794650482948013
nw_dual_val_001,3,16,3,M1,0.0,0.30353180999999996,0.25165824154586747
nw_dual_val_001,3,16,3,random,0.13,0.48942175670000004,0.40577960730182255
nw_dual_val_001,3,16,4,M0,0.0,0.4799740399999999,0.39794650482948013
nw_dual_val_001,3,16,4,M1,0.0,0.30353180999999996,0.25165824154586747
nw_dual_val_001,3,16,4,random,0.3,0.37748819149999996,0.31297548180277934
nw_dual_val_001,3,16,6,M0,0.0,0.30353180999999996,0.25165824154586747
nw_dual_val_001,3,16,6,M1,0.0,0.30353180999999996,0.25165824154586747
nw_dual_val_001,3,16,6,random,0.36,0.27565880109999996,0.22854872822544708
nw_dual_val_001,3,16,8,M0,0.0,0.30353180999999996,0.25165824154586747
nw_dual_val_001,3,16,8,M1,1.0,0.0,0.0
nw_dual_val_001,3,16,8,random,0.49,0.19666661319999992,0.16305630058573853
nw_dual_val_001,4,16,1,M0,0.0,0.44702083000000004,0.46944503187206543
nw_dual_val_001,4,16,1,M1,0.0,1.6936667799999998,1.7786273080781454
nw_dual_val_001,4,16,1,random,0.02,1.4989262597,1.574117890118772
nw_dual_val_001,4,16,2,M0,1.0,0.0,0.0
nw_dual_val_001,4,16,2,M1,1.0,0.0,0.0
nw_dual_val_001,4,16,2,random,0.13,0.7573724339000001,0.7953650087652723
nw_dual_val_001,4,16,3,M0,1.0,0.0,0.0
nw_dual_val_001,4,16,3,M1,1.0,0.0,0.0
nw_dual_val_001,4,16,3,random,0.28,0.5082808687,0.5337780984542322
nw_dual_val_001,4,16,4,M0,1.0,0.0,0.0
nw_dual_val_001,4,16,4,M1,1.0,0.0,0.0
nw_dual_val_001,4,16,4,random,0.29,0.2989024001,0.3138964391023598
nw_dual_val_001,4,16,6,M0,1.0,0.0,0.0
nw_dual_val_001,4,16,6,M1,1.0,0.0,0.0
nw_dual_val_001,4,16,6,random,0.35,0.2304235792,0.24198246976906956
nw_dual_val_001,4,16,8,M0,1.0,0.0,0.0
nw_dual_val_001,4,16,8,M1,1.0,0.0,0.0
nw_dual_val_001,4,16,8,random,0.52,0.10334120969999998,0.10852518322538635
nw_dual_val_001,5,16,1,M0,0.0,2.0404633299999997,1.2114052283786758
nw_dual_val_001,5,16,1,M1,0.0,2.0404633299999997,1.2114052283786758
nw_dual_val_001,5,16,1,random,0.09,1.4076547550999998,0.835712313477471
nw_dual_val_001,5,16,2,M0,1.0,0.0,0.0
nw_dual_val_001,5,16,2,M1,0.0,0.38355096,0.22771084952242704
nw_dual_val_001,5,16,2,random,0.1,0.6002804171999999,0.356381232241705
nw_dual_val_001,5,16,3,M0,1.0,0.0,0.0
nw_dual_val_001,5,16,3,M1,0.0,0.0959410300000001,0.05695935018740842
nw_dual_val_001,5,16,3,random,0.21,0.26448382220000005,0.1570217314489333
nw_dual_val_001,5,16,4,M0,1.0,0.0,0.0
nw_dual_val_001,5,16,4,M1,0.0,0.057970539999999904,0.034416602452706196
nw_dual_val_001,5,16,4,random,0.19,0.21088434770000003,0.12520019234406268
nw_dual_val_001,5,16,6,M0,1.0,0.0,0.0
nw_dual_val_001,5,16,6,M1,0.0,0.057970539999999904,0.034416602452706196
nw_dual_val_001,5,16,6,random,0.26,0.1129075415,0.06703221963635207
nw_dual_val_001,5,16,8,M0,1.0,0.0,0.0
nw_dual_val_001,5,16,8,M1,0.0,0.057970539999999904,0.034416602452706196
nw_dual_val_001,5,16,8,random,0.49,0.05182930839999999,0.03077060697729413
nw_dual_val_001,6,16,1,M0,0.0,2.12509642,1.384963959443015
nw_dual_val_001,6,16,1,M1,0.0,0.035679529999999904,0.023252998158015674
nw_dual_val_001,6,16,1,random,0.05,1.9127631994000003,1.2465825405314612
nw_dual_val_001,6,16,2,M0,0.0,2.12509642,1.384963959443015
nw_dual_val_001,6,16,2,M1,1.0,0.0,0.0
nw_dual_val_001,6,16,2,random,0.18,0.9646460202,0.6286773433071514
nw_dual_val_001,6,16,3,M0,0.0,1.3654846500000002,0.8899111633827229
nw_dual_val_001,6,16,3,M1,1.0,0.0,0.0
nw_dual_val_001,6,16,3,random,0.16,0.5219686464,0.3401764533692334
nw_dual_val_001,6,16,4,M0,0.0,0.035679529999999904,0.023252998158015674
nw_dual_val_001,6,16,4,M1,1.0,0.0,0.0
nw_dual_val_001,6,16,4,random,0.23,0.39005900030000007,0.254208539616227
nw_dual_val_001,6,16,6,M0,0.0,0.035679529999999904,0.023252998158015674
nw_dual_val_001,6,16,6,M1,1.0,0.0,0.0
nw_dual_val_001,6,16,6,random,0.28,0.17201795799999992,0.11210722956607405
nw_dual_val_001,6,16,8,M0,1.0,0.0,0.0
nw_dual_val_001,6,16,8,M1,1.0,0.0,0.0
nw_dual_val_001,6,16,8,random,0.56,0.07562160739999996,0.049283975926207216
nw_dual_val_001,7,16,1,M0,0.0,3.7102705599999997,2.810720625135366
nw_dual_val_001,7,16,1,M1,0.0,1.11790339,0.8468692685262675
nw_dual_val_001,7,16,1,random,0.06,1.7924938176,1.3579061855682977
nw_dual_val_001,7,16,2,M0,0.0,0.5855851400000001,0.4436108375802063
nw_dual_val_001,7,16,2,M1,0.0,0.32898863999999994,0.2492258019811994
nw_dual_val_001,7,16,2,random,0.13,0.8832182208,0.6690831920618538
nw_dual_val_001,7,16,3,M0,0.0,0.013074589999999997,0.009904673846262198
nw_dual_val_001,7,16,3,M1,0.0,0.013074589999999997,0.009904673846262198
nw_dual_val_001,7,16,3,random,0.12,0.5599905034,0.42422158501193413
nw_dual_val_001,7,16,4,M0,1.0,0.0,0.0
nw_dual_val_001,7,16,4,M1,0.0,0.013074589999999997,0.009904673846262198
nw_dual_val_001,7,16,4,random,0.25,0.36014269500000007,0.27282659969367185
nw_dual_val_001,7,16,6,M0,1.0,0.0,0.0
nw_dual_val_001,7,16,6,M1,0.0,0.013074589999999997,0.009904673846262198
nw_dual_val_001,7,16,6,random,0.36,0.1389770925,0.1052822897937383
nw_dual_val_001,7,16,8,M0,1.0,0.0,0.0
nw_dual_val_001,7,16,8,M1,0.0,0.013074589999999997,0.009904673846262198
nw_dual_val_001,7,16,8,random,0.39,0.09906661739999999,0.07504805385097688
nw_dual_val_001,8,16,1,M0,0.0,2.3003242399999997,2.764078359662268
nw_dual_val_001,8,16,1,M1,0.0,1.9642713299999999,2.3602759043038306
nw_dual_val_001,8,16,1,random,0.04,1.9363533014,2.326729494908218
nw_dual_val_001,8,16,2,M0,0.0,2.03263945,2.442427297440823
nw_dual_val_001,8,16,2,M1,0.0,0.8389698999999999,1.008109424173184
nw_dual_val_001,8,16,2,random,0.1,1.5286287401999998,1.8368061107527238
nw_dual_val_001,8,16,3,M0,0.0,1.96868643,2.3655811052635634
nw_dual_val_001,8,16,3,M1,0.0,0.8389698999999999,1.008109424173184
nw_dual_val_001,8,16,3,random,0.19,1.2086626421,1.4523336297846563
nw_dual_val_001,8,16,4,M0,0.0,1.96868643,2.3655811052635634
nw_dual_val_001,8,16,4,M1,0.0,0.8389698999999999,1.008109424173184
nw_dual_val_001,8,16,4,random,0.24,1.0787191533,1.296193039199437
nw_dual_val_001,8,16,6,M0,0.0,1.9642713299999999,2.3602759043038306
nw_dual_val_001,8,16,6,M1,0.0,0.8389698999999999,1.008109424173184
nw_dual_val_001,8,16,6,random,0.41,0.6912547500000001,0.8306143378677572
nw_dual_val_001,8,16,8,M0,1.0,0.0,0.0
nw_dual_val_001,8,16,8,M1,0.0,0.8389698999999999,1.008109424173184
nw_dual_val_001,8,16,8,random,0.49,0.5568224588999999,0.6690799853586825
nw_dual_val_001,9,16,1,M0,0.0,2.0062049500000003,2.5993360790638427
nw_dual_val_001,9,16,1,M1,0.0,0.49326754000000017,0.6391012609918381
nw_dual_val_001,9,16,1,random,0.06,1.1989304159999998,1.5533921828853134
nw_dual_val_001,9,16,2,M0,0.0,0.49326754000000017,0.6391012609918381
nw_dual_val_001,9,16,2,M1,0.0,0.49326754000000017,0.6391012609918381
nw_dual_val_001,9,16,2,random,0.13,0.6486642797000001,0.8404407861839688
nw_dual_val_001,9,16,3,M0,0.0,0.16126874000000013,0.20894757253348745
nw_dual_val_001,9,16,3,M1,0.0,0.49326754000000017,0.6391012609918381
nw_dual_val_001,9,16,3,random,0.16,0.5898325142999999,0.7642155080042693
nw_dual_val_001,9,16,4,M0,0.0,0.16126874000000013,0.20894757253348745
nw_dual_val_001,9,16,4,M1,0.0,0.49326754000000017,0.6391012609918381
nw_dual_val_001,9,16,4,random,0.24,0.3694373758,0.47866091640916714
nw_dual_val_001,9,16,6,M0,0.0,0.16126874000000013,0.20894757253348745
nw_dual_val_001,9,16,6,M1,0.0,0.49326754000000017,0.6391012609918381
nw_dual_val_001,9,16,6,random,0.36,0.19209737410000005,0.24889064060556437
nw_dual_val_001,9,16,8,M0,1.0,0.0,0.0
nw_dual_val_001,9,16,8,M1,1.0,0.0,0.0
nw_dual_val_001,9,16,8,random,0.47,0.10453683200000005,0.13544297107263928
nw_dual_val_007,1,4,1,M0,0.0,0.1926827299999999,0.6693222994695921
nw_dual_val_007,1,4,1,M1,1.0,0.0,0.0
nw_dual_val_007,1,4,1,random,0.24,0.28034993129999997,0.9738519932422497
nw_dual_val_007,1,4,2,M0,1.0,0.0,0.0
nw_dual_val_007,1,4,2,M1,1.0,0.0,0.0
nw_dual_val_007,1,4,2,random,0.49,0.07378649569999998,0.25631226509883465
nw_dual_val_007,1,4,3,M0,1.0,0.0,0.0
nw_dual_val_007,1,4,3,M1,1.0,0.0,0.0
nw_dual_val_007,1,4,3,random,0.74,0.0313762124,0.10899159790923835
nw_dual_val_007,1,4,4,M0,1.0,0.0,0.0
nw_dual_val_007,1,4,4,M1,1.0,0.0,0.0
nw_dual_val_007,1,4,4,random,1.0,0.0,0.0
nw_dual_val_007,2,16,1,M0,0.0,0.49502778000000003,0.0753197008896546
nw_dual_val_007,2,16,1,M1,0.0,0.56833022,0.08647284840651083
nw_dual_val_007,2,16,1,random,0.06,4.494223839900001,0.6838072710837017
nw_dual_val_007,2,16,2,M0,0.0,0.23900155,0.036364676863516285
nw_dual_val_007,2,16,2,M1,0.0,0.49502778000000003,0.0753197008896546
nw_dual_val_007,2,16,2,random,0.13,0.9279970012000001,0.1411970385922189
nw_dual_val_007,2,16,3,M0,0.0,0.23900155,0.036364676863516285
nw_dual_val_007,2,16,3,M1,0.0,0.40237407999999997,0.0612222113097369
nw_dual_val_007,2,16,3,random,0.25,0.29368827740000003,0.044685397673168786
nw_dual_val_007,2,16,4,M0,0.0,0.23900155,0.036364676863516285
nw_dual_val_007,2,16,4,M1,0.0,0.23900155,0.036364676863516285
nw_dual_val_007,2,16,4,random,0.2,0.27133623250000005,0.04128447876688008
nw_dual_val_007,2,16,6,M0,0.0,0.23900155,0.036364676863516285
nw_dual_val_007,2,16,6,M1,0.0,0.23900155,0.036364676863516285
nw_dual_val_007,2,16,6,random,0.44,0.16664849410000002,0.025355980485223216
nw_dual_val_007,2,16,8,M0,0.0,0.23900155,0.036364676863516285
nw_dual_val_007,2,16,8,M1,1.0,0.0,0.0
nw_dual_val_007,2,16,8,random,0.5,0.1340548721,0.020396780296598513
nw_dual_val_007,3,16,1,M0,0.0,0.36799651,1.2890194791771354
nw_dual_val_007,3,16,1,M1,0.0,0.24473060000000002,0.8572432128519586
nw_dual_val_007,3,16,1,random,0.11,0.3765516004000001,1.3189862801441377
nw_dual_val_007,3,16,2,M0,0.0,0.36799651,1.2890194791771354
nw_dual_val_007,3,16,2,M1,0.0,0.24473060000000002,0.8572432128519586
nw_dual_val_007,3,16,2,random,0.13,0.2759401127,0.9665640045244833
nw_dual_val_007,3,16,3,M0,0.0,0.18688269999999996,0.6546133837552339
nw_dual_val_007,3,16,3,M1,0.0,0.24473060000000002,0.8572432128519586
nw_dual_val_007,3,16,3,random,0.19,0.22037563690000003,0.7719325618065441
nw_dual_val_007,3,16,4,M0,0.0,0.18688269999999996,0.6546133837552339
nw_dual_val_007,3,16,4,M1,0.0,0.24473060000000002,0.8572432128519586
nw_dual_val_007,3,16,4,random,0.29,0.18648040119999998,0.653204210093099
nw_dual_val_007,3,16,6,M0,0.0,0.18688269999999996,0.6546133837552339
nw_dual_val_007,3,16,6,M1,0.0,0.24473060000000002,0.8572432128519586
nw_dual_val_007,3,16,6,random,0.37,0.14511804650000001,0.5083200074876616
nw_dual_val_007,3,16,8,M0,0.0,0.18688269999999996,0.6546133837552339
nw_dual_val_007,3,16,8,M1,0.0,0.24473060000000002,0.8572432128519586
nw_dual_val_007,3,16,8,random,0.53,0.10331100169999999,0.36187814282424074
nw_dual_val_007,4,16,1,M0,0.0,1.4761144299999998,1.0671042315072985
nw_dual_val_007,4,16,1,M1,0.0,0.64560939,0.46672026095554514
nw_dual_val_007,4,16,1,random,0.01,1.072903388,0.7756172028840048
nw_dual_val_007,4,16,2,M0,0.0,0.19019817999999988,0.13749698436522076
nw_dual_val_007,4,16,2,M1,0.0,0.3113241499999999,0.2250606803128487
nw_dual_val_007,4,16,2,random,0.1,0.25657882,0.18548449833740158
nw_dual_val_007,4,16,3,M0,0.0,0.19019817999999988,0.13749698436522076
nw_dual_val_007,4,16,3,M1,0.0,0.3113241499999999,0.2250606803128487
nw_dual_val_007,4,16,3,random,0.2,0.19423292689999996,0.1404137606005503
nw_dual_val_007,4,16,4,M0,0.0,0.19019817999999988,0.13749698436522076
nw_dual_val_007,4,16,4,M1,0.0,0.3113241499999999,0.2250606803128487
nw_dual_val_007,4,16,4,random,0.36,0.11657449879999997,0.08427337232610244
nw_dual_val_007,4,16,6,M0,0.0,0.19019817999999988,0.13749698436522076
nw_dual_val_007,4,16,6,M1,0.0,0.19019817999999988,0.13749698436522076
nw_dual_val_007,4,16,6,random,0.37,0.10647849839999995,0.07697482925302958
nw_dual_val_007,4,16,8,M0,0.0,0.19019817999999988,0.13749698436522076
nw_dual_val_007,4,16,8,M1,0.0,0.19019817999999988,0.13749698436522076
nw_dual_val_007,4,16,8,random,0.48,0.058261448599999974,0.04211803439575139
nw_dual_val_007,5,16,1,M0,0.0,0.69041302,1.3496597232112013
nw_dual_val_007,5,16,1,M1,0.0,0.2825746200000001,0.5523933824650504
nw_dual_val_007,5,16,1,random,0.11,0.5433957621000001,1.0622617949325839
nw_dual_val_007,5,16,2,M0,0.0,0.12760966000000007,0.24945882161184563
nw_dual_val_007,5,16,2,M1,0.0,0.12760966000000007,0.24945882161184563
nw_dual_val_007,5,16,2,random,0.15,0.28389116770000006,0.5549670468556442
nw_dual_val_007,5,16,3,M0,0.0,0.12760966000000007,0.24945882161184563
nw_dual_val_007,5,16,3,M1,0.0,0.12760966000000007,0.24945882161184563
nw_dual_val_007,5,16,3,random,0.15,0.21654381380000004,0.4233125032844919
nw_dual_val_007,5,16,4,M0,0.0,0.12760966000000007,0.24945882161184563
nw_dual_val_007,5,16,4,M1,0.0,0.12760966000000007,0.24945882161184563
nw_dual_val_007,5,16,4,random,0.31,0.13666711720000005,0.2671648683163954
nw_dual_val_007,5,16,6,M0,0.0,0.12760966000000007,0.24945882161184563
nw_dual_val_007,5,16,6,M1,0.0,0.12760966000000007,0.24945882161184563
nw_dual_val_007,5,16,6,random,0.42,0.08662272420000006,0.16933516399730164
nw_dual_val_007,5,16,8,M0,0.0,0.12760966000000007,0.24945882161184563
nw_dual_val_007,5,16,8,M1,0.0,0.12760966000000007,0.24945882161184563
nw_dual_val_007,5,16,8,random,0.49,0.05982241820000004,0.11694435946418968
nw_dual_val_007,6,16,1,M0,0.0,0.2853308699999999,0.6332113862750397
nw_dual_val_007,6,16,1,M1,0.0,0.69672753,1.546190235663195
nw_dual_val_007,6,16,1,random,0.06,0.7878874072000001,1.74849387078853
nw_dual_val_007,6,16,2,M0,0.0,0.2853308699999999,0.6332113862750397
nw_dual_val_007,6,16,2,M1,0.0,0.69672753,1.546190235663195
nw_dual_val_007,6,16,2,random,0.13,0.4422118439999999,0.9813644586247594
nw_dual_val_007,6,16,3,M0,0.0,0.2853308699999999,0.6332113862750397
nw_dual_val_007,6,16,3,M1,0.0,0.69672753,1.546190235663195
nw_dual_val_007,6,16,3,random,0.13,0.3905783281999999,0.8667784339230782
nw_dual_val_007,6,16,4,M0,0.0,0.2853308699999999,0.6332113862750397
nw_dual_val_007,6,16,4,M1,0.0,0.69672753,1.546190235663195
nw_dual_val_007,6,16,4,random,0.23,0.222537082,0.493858285263078
nw_dual_val_007,6,16,6,M0,0.0,0.2853308699999999,0.6332113862750397
nw_dual_val_007,6,16,6,M1,0.0,0.5256166999999998,1.166458011557991
nw_dual_val_007,6,16,6,random,0.37,0.14164998849999993,0.31435219604499304
nw_dual_val_007,6,16,8,M0,0.0,0.2853308699999999,0.6332113862750397
nw_dual_val_007,6,16,8,M1,1.0,0.0,0.0
nw_dual_val_007,6,16,8,random,0.4,0.11815447439999996,0.2622105295842076
nw_dual_val_007,7,16,1,M0,0.0,1.72430531,2.4465652259258763
nw_dual_val_007,7,16,1,M1,0.0,1.0583297800000002,1.5016324674600598
nw_dual_val_007,7,16,1,random,0.08,1.3659906205,1.9381632311137584
nw_dual_val_007,7,16,2,M0,0.0,1.72430531,2.4465652259258763
nw_dual_val_007,7,16,2,M1,0.0,0.0711864000000002,0.10100425359059545
nw_dual_val_007,7,16,2,random,0.08,1.0290038538,1.4600227879892071
nw_dual_val_007,7,16,3,M0,1.0,0.0,0.0
nw_dual_val_007,7,16,3,M1,0.0,0.0711864000000002,0.10100425359059545
nw_dual_val_007,7,16,3,random,0.15,0.6160930606000001,0.8741560147478777
nw_dual_val_007,7,16,4,M0,1.0,0.0,0.0
nw_dual_val_007,7,16,4,M1,0.0,0.0711864000000002,0.10100425359059545
nw_dual_val_007,7,16,4,random,0.18,0.5541370653000002,0.7862485062808262
nw_dual_val_007,7,16,6,M0,1.0,0.0,0.0
nw_dual_val_007,7,16,6,M1,0.0,0.0711864000000002,0.10100425359059545
nw_dual_val_007,7,16,6,random,0.3,0.3217966726000001,0.45658767298107694
nw_dual_val_007,7,16,8,M0,1.0,0.0,0.0
nw_dual_val_007,7,16,8,M1,0.0,0.0711864000000002,0.10100425359059545
nw_dual_val_007,7,16,8,random,0.37,0.18123860100000008,0.2571540296434249
nw_dual_val_007,8,16,1,M0,1.0,0.0,0.0
nw_dual_val_007,8,16,1,M1,0.0,1.35121106,3.141147917180255
nw_dual_val_007,8,16,1,random,0.08,1.0488143072999998,2.4381689688687467
nw_dual_val_007,8,16,2,M0,1.0,0.0,0.0
nw_dual_val_007,8,16,2,M1,0.0,1.31210143,3.0502301202106312
nw_dual_val_007,8,16,2,random,0.12,0.8814335744999999,2.0490605195856095
nw_dual_val_007,8,16,3,M0,1.0,0.0,0.0
nw_dual_val_007,8,16,3,M1,0.0,1.3112352899999997,3.048216612522952
nw_dual_val_007,8,16,3,random,0.15,0.7171937509,1.6672537130166991
nw_dual_val_007,8,16,4,M0,1.0,0.0,0.0
nw_dual_val_007,8,16,4,M1,0.0,1.3112352899999997,3.048216612522952
nw_dual_val_007,8,16,4,random,0.23,0.5797565350999998,1.3477546821597255
nw_dual_val_007,8,16,6,M0,1.0,0.0,0.0
nw_dual_val_007,8,16,6,M1,0.0,1.2420686199999997,2.887425491253715
nw_dual_val_007,8,16,6,random,0.43,0.3131895461999999,0.7280688560444132
nw_dual_val_007,8,16,8,M0,1.0,0.0,0.0
nw_dual_val_007,8,16,8,M1,0.0,0.49845401999999983,1.1587514734619806
nw_dual_val_007,8,16,8,random,0.43,0.3080941666999999,0.7162236742090395
nw_dual_val_007,9,16,1,M0,0.0,0.08207882,0.25845474573361904
nw_dual_val_007,9,16,1,M1,0.0,0.08207882,0.25845474573361904
nw_dual_val_007,9,16,1,random,0.09,0.5637487270000001,1.775166040330946
nw_dual_val_007,9,16,2,M0,0.0,0.08207882,0.25845474573361904
nw_dual_val_007,9,16,2,M1,0.0,0.08207882,0.25845474573361904
nw_dual_val_007,9,16,2,random,0.17,0.4183231828000001,1.3172413034818515
nw_dual_val_007,9,16,3,M0,0.0,0.08207882,0.25845474573361904
nw_dual_val_007,9,16,3,M1,0.0,0.08207882,0.25845474573361904
nw_dual_val_007,9,16,3,random,0.14,0.3860944412000001,1.215757495411237
nw_dual_val_007,9,16,4,M0,0.0,0.08207882,0.25845474573361904
nw_dual_val_007,9,16,4,M1,0.0,0.08207882,0.25845474573361904
nw_dual_val_007,9,16,4,random,0.23,0.2754194797000001,0.8672574922001701
nw_dual_val_007,9,16,6,M0,0.0,0.08207882,0.25845474573361904
nw_dual_val_007,9,16,6,M1,0.0,0.08207882,0.25845474573361904
nw_dual_val_007,9,16,6,random,0.3,0.15168292950000004,0.4776283696092728
nw_dual_val_007,9,16,8,M0,1.0,0.0,0.0
nw_dual_val_007,9,16,8,M1,0.0,0.08207882,0.25845474573361904
nw_dual_val_007,9,16,8,random,0.52,0.06539849690000002,0.20593073691422925
nw_dual_val_011,1,4,1,M0,0.0,0.16219403999999993,1.973099099729286
nw_dual_val_011,1,4,1,M1,0.0,0.07733573999999988,0.9407933791580626
nw_dual_val_011,1,4,1,random,0.37,0.09785578379999993,1.1904208004134036
nw_dual_val_011,1,4,2,M0,1.0,0.0,0.0
nw_dual_val_011,1,4,2,M1,0.0,0.07733573999999988,0.9407933791580626
nw_dual_val_011,1,4,2,random,0.53,0.053319457799999956,0.6486340323185341
nw_dual_val_011,1,4,3,M0,1.0,0.0,0.0
nw_dual_val_011,1,4,3,M1,0.0,0.07733573999999988,0.9407933791580626
nw_dual_val_011,1,4,3,random,0.74,0.020107292399999966,0.24460627858109624
nw_dual_val_011,1,4,4,M0,1.0,0.0,0.0
nw_dual_val_011,1,4,4,M1,1.0,0.0,0.0
nw_dual_val_011,1,4,4,random,1.0,0.0,0.0
nw_dual_val_011,2,16,1,M0,1.0,0.0,0.0
nw_dual_val_011,2,16,1,M1,1.0,0.0,0.0
nw_dual_val_011,2,16,1,random,0.05,1.6816344909000003,0.41539757620789863
nw_dual_val_011,2,16,2,M0,1.0,0.0,0.0
nw_dual_val_011,2,16,2,M1,1.0,0.0,0.0
nw_dual_val_011,2,16,2,random,0.14,0.31972547370000004,0.0789786291525345
nw_dual_val_011,2,16,3,M0,1.0,0.0,0.0
nw_dual_val_011,2,16,3,M1,1.0,0.0,0.0
nw_dual_val_011,2,16,3,random,0.19,0.11112000400000005,0.027448878207242303
nw_dual_val_011,2,16,4,M0,1.0,0.0,0.0
nw_dual_val_011,2,16,4,M1,1.0,0.0,0.0
nw_dual_val_011,2,16,4,random,0.24,0.08231882360000004,0.020334406783857416
nw_dual_val_011,2,16,6,M0,1.0,0.0,0.0
nw_dual_val_011,2,16,6,M1,1.0,0.0,0.0
nw_dual_val_011,2,16,6,random,0.38,0.02370226770000003,0.00585493732823078
nw_dual_val_011,2,16,8,M0,1.0,0.0,0.0
nw_dual_val_011,2,16,8,M1,1.0,0.0,0.0
nw_dual_val_011,2,16,8,random,0.47,0.01211987490000002,0.0029938531141261784
nw_dual_val_011,3,16,1,M0,1.0,0.0,0.0
nw_dual_val_011,3,16,1,M1,0.0,0.9870491199999999,0.028545896972871534
nw_dual_val_011,3,16,1,random,0.07,16.876236496099995,0.48806822127300514
nw_dual_val_011,3,16,2,M0,1.0,0.0,0.0
nw_dual_val_011,3,16,2,M1,0.0,0.9177509599999999,0.02654176354558114
nw_dual_val_011,3,16,2,random,0.14,3.109508926,0.08992837300520609
nw_dual_val_011,3,16,3,M0,1.0,0.0,0.0
nw_dual_val_011,3,16,3,M1,0.0,0.38803245,0.011222070022037936
nw_dual_val_011,3,16,3,random,0.15,0.375237669,0.010852039298322328
nw_dual_val_011,3,16,4,M0,1.0,0.0,0.0
nw_dual_val_011,3,16,4,M1,0.0,0.38803245,0.011222070022037936
nw_dual_val_011,3,16,4,random,0.24,0.24623554909999995,0.007121240952696508
nw_dual_val_011,3,16,6,M0,1.0,0.0,0.0
nw_dual_val_011,3,16,6,M1,0.0,0.061152399999999996,0.0017685544464533126
nw_dual_val_011,3,16,6,random,0.42,0.10077454989999998,0.0029144445404428315
nw_dual_val_011,3,16,8,M0,1.0,0.0,0.0
nw_dual_val_011,3,16,8,M1,1.0,0.0,0.0
nw_dual_val_011,3,16,8,random,0.54,0.06881076189999998,0.001990037658735964
nw_dual_val_011,4,16,1,M0,0.0,1.4968988799999998,0.09261959542948017
nw_dual_val_011,4,16,1,M1,1.0,0.0,0.0
nw_dual_val_011,4,16,1,random,0.02,11.453366314300002,0.708669215074904
nw_dual_val_011,4,16,2,M0,0.0,0.93714592,0.05798526348605993
nw_dual_val_011,4,16,2,M1,1.0,0.0,0.0
nw_dual_val_011,4,16,2,random,0.12,2.45780337,0.15207490420101927
nw_dual_val_011,4,16,3,M0,0.0,0.93714592,0.05798526348605993
nw_dual_val_011,4,16,3,M1,1.0,0.0,0.0
nw_dual_val_011,4,16,3,random,0.24,0.7790472917,0.04820301888240189
nw_dual_val_011,4,16,4,M0,0.0,0.93714592,0.05798526348605993
nw_dual_val_011,4,16,4,M1,1.0,0.0,0.0
nw_dual_val_011,4,16,4,random,0.21,0.43973497319999993,0.027208301013611092
nw_dual_val_011,4,16,6,M0,0.0,0.33004916000000006,0.020421566265745206
nw_dual_val_011,4,16,6,M1,1.0,0.0,0.0
nw_dual_val_011,4,16,6,random,0.46,0.18664171380000003,0.011548328516633557
nw_dual_val_011,4,16,8,M0,1.0,0.0,0.0
nw_dual_val_011,4,16,8,M1,1.0,0.0,0.0
nw_dual_val_011,4,16,8,random,0.47,0.11035029729999998,0.006827849247538256
nw_dual_val_011,5,16,1,M0,0.0,1.0015068,0.11800063736339085
nw_dual_val_011,5,16,1,M1,0.0,2.17652637,0.2564450874404722
nw_dual_val_011,5,16,1,random,0.05,3.8125468747999998,0.4492060974565563
nw_dual_val_011,5,16,2,M0,0.0,1.0015068,0.11800063736339085
nw_dual_val_011,5,16,2,M1,0.0,0.10847933999999992,0.012781372288994914
nw_dual_val_011,5,16,2,random,0.18,0.5822049648,0.06859719466960237
nw_dual_val_011,5,16,3,M0,0.0,1.0015068,0.11800063736339085
nw_dual_val_011,5,16,3,M1,0.0,0.10847933999999992,0.012781372288994914
nw_dual_val_011,5,16,3,random,0.21,0.28589126459999986,0.03368459549094006
nw_dual_val_011,5,16,4,M0,0.0,1.0015068,0.11800063736339085
nw_dual_val_011,5,16,4,M1,0.0,0.05287694999999992,0.006230126247602254
nw_dual_val_011,5,16,4,random,0.24,0.23975700799999994,0.028248914292283978
nw_dual_val_011,5,16,6,M0,0.0,0.05287694999999992,0.006230126247602254
nw_dual_val_011,5,16,6,M1,0.0,0.006952929999999968,0.0008192157772099374
nw_dual_val_011,5,16,6,random,0.42,0.07906201379999996,0.009315331677860998
nw_dual_val_011,5,16,8,M0,1.0,0.0,0.0
nw_dual_val_011,5,16,8,M1,0.0,0.006952929999999968,0.0008192157772099374
nw_dual_val_011,5,16,8,random,0.48,0.04881067119999996,0.005751024667765513
nw_dual_val_011,6,16,1,M0,0.0,1.0065920099999999,0.13683295481127494
nw_dual_val_011,6,16,1,M1,0.0,1.0065920099999999,0.13683295481127494
nw_dual_val_011,6,16,1,random,0.09,2.3269327915,0.3163159317231153
nw_dual_val_011,6,16,2,M0,0.0,1.0065920099999999,0.13683295481127494
nw_dual_val_011,6,16,2,M1,0.0,1.0065920099999999,0.13683295481127494
nw_dual_val_011,6,16,2,random,0.19,0.5434445592999999,0.07387414571781681
nw_dual_val_011,6,16,3,M0,0.0,1.0065920099999999,0.13683295481127494
nw_dual_val_011,6,16,3,M1,0.0,0.50740785,0.06897542869422953
nw_dual_val_011,6,16,3,random,0.17,0.4031696594999999,0.05480561662678069
nw_dual_val_011,6,16,4,M0,0.0,0.8196973499999999,0.1114270820125741
nw_dual_val_011,6,16,4,M1,0.0,0.50740785,0.06897542869422953
nw_dual_val_011,6,16,4,random,0.24,0.23541892429999997,0.03200210880916972
nw_dual_val_011,6,16,6,M0,0.0,0.8196973499999999,0.1114270820125741
nw_dual_val_011,6,16,6,M1,0.0,0.50740785,0.06897542869422953
nw_dual_val_011,6,16,6,random,0.42,0.09260800629999995,0.012588841372990989
nw_dual_val_011,6,16,8,M0,0.0,0.03617951999999991,0.004918130261389225
nw_dual_val_011,6,16,8,M1,1.0,0.0,0.0
nw_dual_val_011,6,16,8,random,0.54,0.03972979479999997,0.005400743461623167
nw_dual_val_011,7,16,1,M0,0.0,0.7876223099999999,2.651716599603408
nw_dual_val_011,7,16,1,M1,0.0,0.6056896,2.039197145808565
nw_dual_val_011,7,16,1,random,0.04,0.5072302232,1.707710390631243
nw_dual_val_011,7,16,2,M0,0.0,0.71237661,2.398384172111889
nw_dual_val_011,7,16,2,M1,0.0,0.6056896,2.039197145808565
nw_dual_val_011,7,16,2,random,0.12,0.36349327449999996,1.2237859918364276
nw_dual_val_011,7,16,3,M0,0.0,0.31860917999999994,1.0726730828536715
nw_dual_val_011,7,16,3,M1,0.0,0.30470722000000006,1.0258688498717208
nw_dual_val_011,7,16,3,random,0.22,0.2646376807,0.8909652785136781
nw_dual_val_011,7,16,4,M0,0.0,0.31860917999999994,1.0726730828536715
nw_dual_val_011,7,16,4,M1,0.0,0.30470722000000006,1.0258688498717208
nw_dual_val_011,7,16,4,random,0.2,0.21125731309999998,0.711247658709521
nw_dual_val_011,7,16,6,M0,0.0,0.31860917999999994,1.0726730828536715
nw_dual_val_011,7,16,6,M1,0.0,0.30470722000000006,1.0258688498717208
nw_dual_val_011,7,16,6,random,0.36,0.14746726129999996,0.4964833775306126
nw_dual_val_011,7,16,8,M0,0.0,0.30470722000000006,1.0258688498717208
nw_dual_val_011,7,16,8,M1,0.0,0.19472406999999992,0.6555845894732666
nw_dual_val_011,7,16,8,random,0.42,0.10214041539999996,0.34387984135005967
nw_dual_val_011,8,16,1,M0,0.0,0.11999408000000011,0.8431532206121704
nw_dual_val_011,8,16,1,M1,0.0,0.2163326200000002,1.5200878683054098
nw_dual_val_011,8,16,1,random,0.08,0.20607325870000012,1.4479991992517454
nw_dual_val_011,8,16,2,M0,0.0,0.11999408000000011,0.8431532206121704
nw_dual_val_011,8,16,2,M1,0.0,0.04660620000000004,0.32748421947561857
nw_dual_val_011,8,16,2,random,0.13,0.11769540690000006,0.8270013102229278
nw_dual_val_011,8,16,3,M0,0.0,0.11999408000000011,0.8431532206121704
nw_dual_val_011,8,16,3,M1,1.0,0.0,0.0
nw_dual_val_011,8,16,3,random,0.21,0.08790584890000006,0.6176813023665982
nw_dual_val_011,8,16,4,M0,0.0,0.07797301999999995,0.5478870535434504
nw_dual_val_011,8,16,4,M1,1.0,0.0,0.0
nw_dual_val_011,8,16,4,random,0.24,0.06557592600000006,0.4607773416949016
nw_dual_val_011,8,16,6,M0,0.0,0.04660620000000004,0.32748421947561857
nw_dual_val_011,8,16,6,M1,1.0,0.0,0.0
nw_dual_val_011,8,16,6,random,0.43,0.03897548710000005,0.2738660730037108
nw_dual_val_011,8,16,8,M0,1.0,0.0,0.0
nw_dual_val_011,8,16,8,M1,1.0,0.0,0.0
nw_dual_val_011,8,16,8,random,0.49,0.026689712800000046,0.18753856277354586
nw_dual_val_011,9,16,1,M0,1.0,0.0,0.0
nw_dual_val_011,9,16,1,M1,0.0,0.25565353999999996,1.9290059357719431
nw_dual_val_011,9,16,1,random,0.1,0.2119135614999999,1.598970692931037
nw_dual_val_011,9,16,2,M0,1.0,0.0,0.0
nw_dual_val_011,9,16,2,M1,0.0,0.25565353999999996,1.9290059357719431
nw_dual_val_011,9,16,2,random,0.1,0.14907886909999987,1.1248583664911047
nw_dual_val_011,9,16,3,M0,1.0,0.0,0.0
nw_dual_val_011,9,16,3,M1,1.0,0.0,0.0
nw_dual_val_011,9,16,3,random,0.15,0.11496006039999987,0.8674186122683882
nw_dual_val_011,9,16,4,M0,1.0,0.0,0.0
nw_dual_val_011,9,16,4,M1,1.0,0.0,0.0
nw_dual_val_011,9,16,4,random,0.21,0.08985345869999987,0.6779794841954425
nw_dual_val_011,9,16,6,M0,1.0,0.0,0.0
nw_dual_val_011,9,16,6,M1,1.0,0.0,0.0
nw_dual_val_011,9,16,6,random,0.34,0.057866413999999936,0.43662472300534766
nw_dual_val_011,9,16,8,M0,1.0,0.0,0.0
nw_dual_val_011,9,16,8,M1,1.0,0.0,0.0
nw_dual_val_011,9,16,8,random,0.47,0.04651865319999993,0.3510014300874394
nw_dual_val_017,1,4,1,M0,0.0,0.5941440299999999,2.1708549084708544
nw_dual_val_017,1,4,1,M1,1.0,0.0,0.0
nw_dual_val_017,1,4,1,random,0.26,0.4087567381,1.493495729099425
nw_dual_val_017,1,4,2,M0,0.0,0.42718365,1.5608230943951347
nw_dual_val_017,1,4,2,M1,1.0,0.0,0.0
nw_dual_val_017,1,4,2,random,0.5,0.24030548579999997,0.8780166374496824
nw_dual_val_017,1,4,3,M0,0.0,0.42718365,1.5608230943951347
nw_dual_val_017,1,4,3,M1,1.0,0.0,0.0
nw_dual_val_017,1,4,3,random,0.75,0.10679591250000002,0.3902057735987837
nw_dual_val_017,1,4,4,M0,1.0,0.0,0.0
nw_dual_val_017,1,4,4,M1,1.0,0.0,0.0
nw_dual_val_017,1,4,4,random,1.0,0.0,0.0
nw_dual_val_017,2,16,1,M0,0.0,0.6010022800000001,0.032871143666130344
nw_dual_val_017,2,16,1,M1,0.0,0.6010022800000001,0.032871143666130344
nw_dual_val_017,2,16,1,random,0.1,5.4116533027000004,0.2959842900834593
nw_dual_val_017,2,16,2,M0,0.0,0.6010022800000001,0.032871143666130344
nw_dual_val_017,2,16,2,M1,0.0,0.10176271999999997,0.005565797502425771
nw_dual_val_017,2,16,2,random,0.11,0.4162337239999999,0.02276543533294489
nw_dual_val_017,2,16,3,M0,1.0,0.0,0.0
nw_dual_val_017,2,16,3,M1,0.0,0.10176271999999997,0.005565797502425771
nw_dual_val_017,2,16,3,random,0.17,0.3839317118,0.020998713110641023
nw_dual_val_017,2,16,4,M0,1.0,0.0,0.0
nw_dual_val_017,2,16,4,M1,0.0,0.10176271999999997,0.005565797502425771
nw_dual_val_017,2,16,4,random,0.31,0.16764013079999998,0.009168888383810591
nw_dual_val_017,2,16,6,M0,1.0,0.0,0.0
nw_dual_val_017,2,16,6,M1,1.0,0.0,0.0
nw_dual_val_017,2,16,6,random,0.35,0.12157443869999998,0.0066493771714757136
nw_dual_val_017,2,16,8,M0,1.0,0.0,0.0
nw_dual_val_017,2,16,8,M1,1.0,0.0,0.0
nw_dual_val_017,2,16,8,random,0.42,0.1010409477,0.005526320978364111
nw_dual_val_017,3,16,1,M0,0.0,0.07664546000000017,0.10456304271777211
nw_dual_val_017,3,16,1,M1,0.0,0.4487249200000001,0.6121698921043567
nw_dual_val_017,3,16,1,random,0.01,0.5675169332,0.7742310807352515
nw_dual_val_017,3,16,2,M0,0.0,0.07664546000000017,0.10456304271777211
nw_dual_val_017,3,16,2,M1,0.0,0.07664546000000017,0.10456304271777211
nw_dual_val_017,3,16,2,random,0.15,0.23600239080000007,0.32196464175068823
nw_dual_val_017,3,16,3,M0,0.0,0.07664546000000017,0.10456304271777211
nw_dual_val_017,3,16,3,M1,0.0,0.07664546000000017,0.10456304271777211
nw_dual_val_017,3,16,3,random,0.19,0.1574726432000001,0.2148309726081892
nw_dual_val_017,3,16,4,M0,0.0,0.07664546000000017,0.10456304271777211
nw_dual_val_017,3,16,4,M1,1.0,0.0,0.0
nw_dual_val_017,3,16,4,random,0.14,0.11054448930000006,0.15080956076054844
nw_dual_val_017,3,16,6,M0,0.0,0.07664546000000017,0.10456304271777211
nw_dual_val_017,3,16,6,M1,1.0,0.0,0.0
nw_dual_val_017,3,16,6,random,0.37,0.06364298270000007,0.08682450230902815
nw_dual_val_017,3,16,8,M0,0.0,0.07664546000000017,0.10456304271777211
nw_dual_val_017,3,16,8,M1,1.0,0.0,0.0
nw_dual_val_017,3,16,8,random,0.51,0.03960979540000006,0.05403739149654018
nw_dual_val_017,4,16,1,M0,0.0,1.08539568,0.07821960167227808
nw_dual_val_017,4,16,1,M1,0.0,1.7170287199999998,0.1237385637450312
nw_dual_val_017,4,16,1,random,0.1,9.800213707100001,0.7062574751288505
nw_dual_val_017,4,16,2,M0,0.0,1.08539568,0.07821960167227808
nw_dual_val_017,4,16,2,M1,0.0,0.030072239999999972,0.002167171546318616
nw_dual_val_017,4,16,2,random,0.17,2.2727786735,0.1637889718986338
nw_dual_val_017,4,16,3,M0,0.0,1.08539568,0.07821960167227808
nw_dual_val_017,4,16,3,M1,1.0,0.0,0.0
nw_dual_val_017,4,16,3,random,0.2,0.9374669716999999,0.0675590427145341
nw_dual_val_017,4,16,4,M0,0.0,1.08539568,0.07821960167227808
nw_dual_val_017,4,16,4,M1,1.0,0.0,0.0
nw_dual_val_017,4,16,4,random,0.25,0.4895738472,0.03528139278861764
nw_dual_val_017,4,16,6,M0,1.0,0.0,0.0
nw_dual_val_017,4,16,6,M1,1.0,0.0,0.0
nw_dual_val_017,4,16,6,random,0.41,0.14168952239999996,0.010210928795352603
nw_dual_val_017,4,16,8,M0,1.0,0.0,0.0
nw_dual_val_017,4,16,8,M1,1.0,0.0,0.0
nw_dual_val_017,4,16,8,random,0.54,0.05524623499999999,0.003981348530512916
nw_dual_val_017,5,16,1,M0,0.0,3.37680997,4.21052197308228
nw_dual_val_017,5,16,1,M1,0.0,1.02779518,1.281550998624319
nw_dual_val_017,5,16,1,random,0.04,1.0022709418000002,1.2497249951648217
nw_dual_val_017,5,16,2,M0,0.0,0.0010187900000000472,0.0012703224993607484
nw_dual_val_017,5,16,2,M1,0.0,0.45935184000000007,0.5727627651181615
nw_dual_val_017,5,16,2,random,0.11,0.5159267335,0.6433056248949405
nw_dual_val_017,5,16,3,M0,0.0,0.0010187900000000472,0.0012703224993607484
nw_dual_val_017,5,16,3,M1,0.0,0.0010187900000000472,0.0012703224993607484
nw_dual_val_017,5,16,3,random,0.15,0.37909941950000003,0.47269655383879566
nw_dual_val_017,5,16,4,M0,0.0,0.0010187900000000472,0.0012703224993607484
nw_dual_val_017,5,16,4,M1,0.0,0.0010187900000000472,0.0012703224993607484
nw_dual_val_017,5,16,4,random,0.21,0.2846970014,0.35498680432566254
nw_dual_val_017,5,16,6,M0,0.0,0.0010187900000000472,0.0012703224993607484
nw_dual_val_017,5,16,6,M1,0.0,0.0010187900000000472,0.0012703224993607484
nw_dual_val_017,5,16,6,random,0.28,0.1411384671,0.17598461928602407
nw_dual_val_017,5,16,8,M0,0.0,0.0010187900000000472,0.0012703224993607484
nw_dual_val_017,5,16,8,M1,0.0,0.0010187900000000472,0.0012703224993607484
nw_dual_val_017,5,16,8,random,0.52,0.04598234360000001,0.05733507950452402
nw_dual_val_017,6,16,1,M0,0.0,0.90498897,0.627958144672949
nw_dual_val_017,6,16,1,M1,0.0,0.90498897,0.627958144672949
nw_dual_val_017,6,16,1,random,0.02,1.5069203505999997,1.0456292163789416
nw_dual_val_017,6,16,2,M0,0.0,0.90498897,0.627958144672949
nw_dual_val_017,6,16,2,M1,0.0,0.79880073,0.5542757326359428
nw_dual_val_017,6,16,2,random,0.12,0.5925996926999999,0.41119595475473214
nw_dual_val_017,6,16,3,M0,0.0,0.90498897,0.627958144672949
nw_dual_val_017,6,16,3,M1,0.0,0.79880073,0.5542757326359428
nw_dual_val_017,6,16,3,random,0.16,0.43499077899999994,0.3018335157506734
nw_dual_val_017,6,16,4,M0,1.0,0.0,0.0
nw_dual_val_017,6,16,4,M1,0.0,0.79880073,0.5542757326359428
nw_dual_val_017,6,16,4,random,0.18,0.383863833,0.26635730198758856
nw_dual_val_017,6,16,6,M0,1.0,0.0,0.0
nw_dual_val_017,6,16,6,M1,1.0,0.0,0.0
nw_dual_val_017,6,16,6,random,0.32,0.20650770640000002,0.1432925709267043
nw_dual_val_017,6,16,8,M0,1.0,0.0,0.0
nw_dual_val_017,6,16,8,M1,1.0,0.0,0.0
nw_dual_val_017,6,16,8,random,0.5,0.100686278,0.06986468390537927
nw_dual_val_017,7,16,1,M0,0.0,0.061149609999999965,0.056737776645916733
nw_dual_val_017,7,16,1,M1,0.0,0.22706256000000002,0.21068040849205869
nw_dual_val_017,7,16,1,random,0.06,1.2007493265999998,1.114117442455737
nw_dual_val_017,7,16,2,M0,0.0,0.061149609999999965,0.056737776645916733
nw_dual_val_017,7,16,2,M1,0.0,0.03513407000000002,0.03259921062983077
nw_dual_val_017,7,16,2,random,0.12,0.6045541704,0.5609366844778357
nw_dual_val_017,7,16,3,M0,1.0,0.0,0.0
nw_dual_val_017,7,16,3,M1,0.0,0.03513407000000002,0.03259921062983077
nw_dual_val_017,7,16,3,random,0.12,0.2908554867,0.2698707913365926
nw_dual_val_017,7,16,4,M0,1.0,0.0,0.0
nw_dual_val_017,7,16,4,M1,0.0,0.03513407000000002,0.03259921062983077
nw_dual_val_017,7,16,4,random,0.21,0.13092761420000004,0.12148142451378452
nw_dual_val_017,7,16,6,M0,1.0,0.0,0.0
nw_dual_val_017,7,16,6,M1,0.0,0.03513407000000002,0.03259921062983077
nw_dual_val_017,7,16,6,random,0.4,0.042875508400000026,0.03978211830262417
nw_dual_val_017,7,16,8,M0,1.0,0.0,0.0
nw_dual_val_017,7,16,8,M1,0.0,0.03513407000000002,0.03259921062983077
nw_dual_val_017,7,16,8,random,0.46,0.022872473300000026,0.02122226587275203
nw_dual_val_017,8,16,1,M0,0.0,0.23506130000000014,0.40829702453213335
nw_dual_val_017,8,16,1,M1,0.0,1.0622261100000001,1.8450666276981467
nw_dual_val_017,8,16,1,random,0.09,0.8966927943999998,1.557538394763084
nw_dual_val_017,8,16,2,M0,0.0,0.13065989999999994,0.22695377076390727
nw_dual_val_017,8,16,2,M1,0.0,1.0622261100000001,1.8450666276981467
nw_dual_val_017,8,16,2,random,0.12,0.617654248,1.0728537264451112
nw_dual_val_017,8,16,3,M0,0.0,0.13065989999999994,0.22695377076390727
nw_dual_val_017,8,16,3,M1,0.0,0.13065989999999994,0.22695377076390727
nw_dual_val_017,8,16,3,random,0.19,0.41633094239999996,0.723158958971889
nw_dual_val_017,8,16,4,M0,0.0,0.13065989999999994,0.22695377076390727
nw_dual_val_017,8,16,4,M1,0.0,0.13065989999999994,0.22695377076390727
nw_dual_val_017,8,16,4,random,0.19,0.3324821803,0.5775152478372501
nw_dual_val_017,8,16,6,M0,0.0,0.13065989999999994,0.22695377076390727
nw_dual_val_017,8,16,6,M1,1.0,0.0,0.0
nw_dual_val_017,8,16,6,random,0.37,0.18877401200000005,0.32789688225408953
nw_dual_val_017,8,16,8,M0,0.0,0.13065989999999994,0.22695377076390727
nw_dual_val_017,8,16,8,M1,1.0,0.0,0.0
nw_dual_val_017,8,16,8,random,0.58,0.102412241,0.17788812227264858
nw_dual_val_017,9,16,1,M0,1.0,0.0,0.0
nw_dual_val_017,9,16,1,M1,0.0,0.9933665899999999,2.254963172528432
nw_dual_val_017,9,16,1,random,0.06,1.2738833335000002,2.891742114197997
nw_dual_val_017,9,16,2,M0,1.0,0.0,0.0
nw_dual_val_017,9,16,2,M1,0.0,0.9933665899999999,2.254963172528432
nw_dual_val_017,9,16,2,random,0.15,0.946949222,2.1495947652763827
nw_dual_val_017,9,16,3,M0,1.0,0.0,0.0
nw_dual_val_017,9,16,3,M1,0.0,0.87042471,1.9758825042713994
nw_dual_val_017,9,16,3,random,0.13,0.9054311139000001,2.0553477816340657
nw_dual_val_017,9,16,4,M0,1.0,0.0,0.0
nw_dual_val_017,9,16,4,M1,0.0,0.87042471,1.9758825042713994
nw_dual_val_017,9,16,4,random,0.24,0.7661955623000002,1.739280134176059
nw_dual_val_017,9,16,6,M0,1.0,0.0,0.0
nw_dual_val_017,9,16,6,M1,0.0,0.7808297799999999,1.7725001179206938
nw_dual_val_017,9,16,6,random,0.35,0.5978565979999999,1.357147124248597
nw_dual_val_017,9,16,8,M0,1.0,0.0,0.0
nw_dual_val_017,9,16,8,M1,0.0,0.7808297799999999,1.7725001179206938
nw_dual_val_017,9,16,8,random,0.44,0.4700492347999999,1.067021706205329
nw_dual_val_021,1,4,1,M0,1.0,0.0,0.0
nw_dual_val_021,1,4,1,M1,0.0,0.36720408000000004,0.04911686038765647
nw_dual_val_021,1,4,1,random,0.21,6.6256497228,0.8862404590174553
nw_dual_val_021,1,4,2,M0,1.0,0.0,0.0
nw_dual_val_021,1,4,2,M1,1.0,0.0,0.0
nw_dual_val_021,1,4,2,random,0.54,0.9258055824,0.12383485373270849
nw_dual_val_021,1,4,3,M0,1.0,0.0,0.0
nw_dual_val_021,1,4,3,M1,1.0,0.0,0.0
nw_dual_val_021,1,4,3,random,0.78,0.0807848976,0.010805709285284423
nw_dual_val_021,1,4,4,M0,1.0,0.0,0.0
nw_dual_val_021,1,4,4,M1,1.0,0.0,0.0
nw_dual_val_021,1,4,4,random,1.0,0.0,0.0
nw_dual_val_021,2,16,1,M0,1.0,0.0,0.0
nw_dual_val_021,2,16,1,M1,1.0,0.0,0.0
nw_dual_val_021,2,16,1,random,0.04,10.511912404,0.8254280162635812
nw_dual_val_021,2,16,2,M0,1.0,0.0,0.0
nw_dual_val_021,2,16,2,M1,1.0,0.0,0.0
nw_dual_val_021,2,16,2,random,0.13,3.2138151726,0.2523587507776018
nw_dual_val_021,2,16,3,M0,1.0,0.0,0.0
nw_dual_val_021,2,16,3,M1,1.0,0.0,0.0
nw_dual_val_021,2,16,3,random,0.26,1.6858678675999998,0.1323795819594219
nw_dual_val_021,2,16,4,M0,1.0,0.0,0.0
nw_dual_val_021,2,16,4,M1,1.0,0.0,0.0
nw_dual_val_021,2,16,4,random,0.31,1.2289104102,0.09649786290751988
nw_dual_val_021,2,16,6,M0,1.0,0.0,0.0
nw_dual_val_021,2,16,6,M1,1.0,0.0,0.0
nw_dual_val_021,2,16,6,random,0.35,0.5509408284000001,0.043261585293631236
nw_dual_val_021,2,16,8,M0,1.0,0.0,0.0
nw_dual_val_021,2,16,8,M1,1.0,0.0,0.0
nw_dual_val_021,2,16,8,random,0.52,0.29678065770000006,0.023304139164772284
nw_dual_val_021,3,16,1,M0,0.0,0.31319706,0.04325465735830337
nw_dual_val_021,3,16,1,M1,0.0,0.1786185,0.024668437230394535
nw_dual_val_021,3,16,1,random,0.07,2.6513352532000005,0.3661675429493384
nw_dual_val_021,3,16,2,M0,0.0,0.2739214000000001,0.03783041992829295
nw_dual_val_021,3,16,2,M1,0.0,0.1786185,0.024668437230394535
nw_dual_val_021,3,16,2,random,0.13,0.6328964587000001,0.08740733219000237
nw_dual_val_021,3,16,3,M0,0.0,0.2739214000000001,0.03783041992829295
nw_dual_val_021,3,16,3,M1,0.0,0.1786185,0.024668437230394535
nw_dual_val_021,3,16,3,random,0.2,0.3130346633,0.04323222926266729
nw_dual_val_021,3,16,4,M0,0.0,0.1786185,0.024668437230394535
nw_dual_val_021,3,16,4,M1,0.0,0.09698834999999995,0.013394754877319729
nw_dual_val_021,3,16,4,random,0.23,0.2171713937,0.029992855688104805
nw_dual_val_021,3,16,6,M0,0.0,0.09698834999999995,0.013394754877319729
nw_dual_val_021,3,16,6,M1,0.0,0.09698834999999995,0.013394754877319729
nw_dual_val_021,3,16,6,random,0.44,0.0902459413,0.01246358209399877
nw_dual_val_021,3,16,8,M0,1.0,0.0,0.0
nw_dual_val_021,3,16,8,M1,0.0,0.09698834999999995,0.013394754877319729
nw_dual_val_021,3,16,8,random,0.4,0.0986907051,0.013629861766741561
nw_dual_val_021,4,16,1,M0,0.0,0.11946500999999987,0.2232193315265993
nw_dual_val_021,4,16,1,M1,0.0,0.47791116999999983,0.892972862066433
nw_dual_val_021,4,16,1,random,0.09,0.7604962142999997,1.4209805581111619
nw_dual_val_021,4,16,2,M0,0.0,0.11946500999999987,0.2232193315265993
nw_dual_val_021,4,16,2,M1,0.0,0.47791116999999983,0.892972862066433
nw_dual_val_021,4,16,2,random,0.16,0.45916680099999996,0.8579491717150247
nw_dual_val_021,4,16,3,M0,0.0,0.11946500999999987,0.2232193315265993
nw_dual_val_021,4,16,3,M1,0.0,0.47791116999999983,0.892972862066433
nw_dual_val_021,4,16,3,random,0.2,0.3573615174,0.6677268852809645
nw_dual_val_021,4,16,4,M0,0.0,0.11946500999999987,0.2232193315265993
nw_dual_val_021,4,16,4,M1,0.0,0.47791116999999983,0.892972862066433
nw_dual_val_021,4,16,4,random,0.26,0.25299853529999994,0.4727255614583281
nw_dual_val_021,4,16,6,M0,0.0,0.11946500999999987,0.2232193315265993
nw_dual_val_021,4,16,6,M1,1.0,0.0,0.0
nw_dual_val_021,4,16,6,random,0.44,0.10943637999999993,0.2044809236469399
nw_dual_val_021,4,16,8,M0,1.0,0.0,0.0
nw_dual_val_021,4,16,8,M1,1.0,0.0,0.0
nw_dual_val_021,4,16,8,random,0.5,0.09841211819999994,0.1838821864135841
nw_dual_val_021,5,16,1,M0,0.0,2.39926885,0.7297165358592107
nw_dual_val_021,5,16,1,M1,0.0,1.1172058200000001,0.3397883321046531
nw_dual_val_021,5,16,1,random,0.04,3.0473418612,0.9268222469247762
nw_dual_val_021,5,16,2,M0,0.0,1.48985645,0.4531267463508733
nw_dual_val_021,5,16,2,M1,0.0,1.1172058200000001,0.3397883321046531
nw_dual_val_021,5,16,2,random,0.07,1.3891533007999997,0.4224987685048985
nw_dual_val_021,5,16,3,M0,0.0,1.2970395199999998,0.3944831715740791
nw_dual_val_021,5,16,3,M1,0.0,1.1172058200000001,0.3397883321046531
nw_dual_val_021,5,16,3,random,0.16,1.0250005678,0.31174491495137785
nw_dual_val_021,5,16,4,M0,1.0,0.0,0.0
nw_dual_val_021,5,16,4,M1,1.0,0.0,0.0
nw_dual_val_021,5,16,4,random,0.26,0.7037761456999999,0.21404732990242054
nw_dual_val_021,5,16,6,M0,1.0,0.0,0.0
nw_dual_val_021,5,16,6,M1,1.0,0.0,0.0
nw_dual_val_021,5,16,6,random,0.28,0.52348903,0.15921458803247435
nw_dual_val_021,5,16,8,M0,1.0,0.0,0.0
nw_dual_val_021,5,16,8,M1,1.0,0.0,0.0
nw_dual_val_021,5,16,8,random,0.44,0.3138288270000001,0.09544827979207066
nw_dual_val_021,6,16,1,M0,0.0,0.91143017,0.645377315334932
nw_dual_val_021,6,16,1,M1,0.0,1.39555694,0.9881840880187595
nw_dual_val_021,6,16,1,random,0.04,1.9953565891,1.4128980156639155
nw_dual_val_021,6,16,2,M0,0.0,0.8701542500000001,0.6161501256780664
nw_dual_val_021,6,16,2,M1,0.0,1.25474306,0.8884747665286717
nw_dual_val_021,6,16,2,random,0.19,1.0383333778,0.7352365873374761
nw_dual_val_021,6,16,3,M0,0.0,0.8701542500000001,0.6161501256780664
nw_dual_val_021,6,16,3,M1,0.0,1.25474306,0.8884747665286717
nw_dual_val_021,6,16,3,random,0.24,0.7769227999,0.5501335893038966
nw_dual_val_021,6,16,4,M0,0.0,0.8701542500000001,0.6161501256780664
nw_dual_val_021,6,16,4,M1,0.0,1.25474306,0.8884747665286717
nw_dual_val_021,6,16,4,random,0.23,0.751804712,0.5323476473098446
nw_dual_val_021,6,16,6,M0,1.0,0.0,0.0
nw_dual_val_021,6,16,6,M1,0.0,1.0751966,0.761339176609928
nw_dual_val_021,6,16,6,random,0.34,0.596934799,0.4226853473685398
nw_dual_val_021,6,16,8,M0,1.0,0.0,0.0
nw_dual_val_021,6,16,8,M1,0.0,0.7162018400000001,0.507137503180456
nw_dual_val_021,6,16,8,random,0.52,0.39368365560000007,0.27876463727590894
nw_dual_val_021,7,16,1,M0,0.0,2.6857643100000006,3.5076173907001986
nw_dual_val_021,7,16,1,M1,0.0,0.85524577,1.1169539058230995
nw_dual_val_021,7,16,1,random,0.09,1.0873066214,1.4200261728275463
nw_dual_val_021,7,16,2,M0,0.0,0.2731086800000002,0.3566808717921998
nw_dual_val_021,7,16,2,M1,0.0,0.85524577,1.1169539058230995
nw_dual_val_021,7,16,2,random,0.15,0.6404686818,0.8364542927746744
nw_dual_val_021,7,16,3,M0,0.0,0.2731086800000002,0.3566808717921998
nw_dual_val_021,7,16,3,M1,0.0,0.2731086800000002,0.3566808717921998
nw_dual_val_021,7,16,3,random,0.23,0.5089430219000001,0.6646813303182035
nw_dual_val_021,7,16,4,M0,1.0,0.0,0.0
nw_dual_val_021,7,16,4,M1,0.0,0.2731086800000002,0.3566808717921998
nw_dual_val_021,7,16,4,random,0.21,0.4635982428000003,0.6054608934554402
nw_dual_val_021,7,16,6,M0,1.0,0.0,0.0
nw_dual_val_021,7,16,6,M1,0.0,0.2731086800000002,0.3566808717921998
nw_dual_val_021,7,16,6,random,0.46,0.23149776740000008,0.302336877371235
nw_dual_val_021,7,16,8,M0,1.0,0.0,0.0
nw_dual_val_021,7,16,8,M1,1.0,0.0,0.0
nw_dual_val_021,7,16,8,random,0.43,0.2199710034000001,0.28728288409477476
nw_dual_val_021,8,16,1,M0,0.0,0.20741783999999974,0.7605964046598437
nw_dual_val_021,8,16,1,M1,0.0,0.30750889999999975,1.127627998348182
nw_dual_val_021,8,16,1,random,0.06,0.34643851819999993,1.2703820046462933
nw_dual_val_021,8,16,2,M0,0.0,0.036325719999999784,0.13320557204086228
nw_dual_val_021,8,16,2,M1,0.0,0.23608562999999982,0.8657205251479536
nw_dual_val_021,8,16,2,random,0.13,0.20805962959999996,0.762949832225709
nw_dual_val_021,8,16,3,M0,0.0,0.036325719999999784,0.13320557204086228
nw_dual_val_021,8,16,3,M1,0.0,0.23608562999999982,0.8657205251479536
nw_dual_val_021,8,16,3,random,0.21,0.11685220659999994,0.42849432920779296
nw_dual_val_021,8,16,4,M0,0.0,0.036325719999999784,0.13320557204086228
nw_dual_val_021,8,16,4,M1,0.0,0.23608562999999982,0.8657205251479536
nw_dual_val_021,8,16,4,random,0.27,0.07056543409999995,0.2587618088671696
nw_dual_val_021,8,16,6,M0,0.0,0.036325719999999784,0.13320557204086228
nw_dual_val_021,8,16,6,M1,0.0,0.20741783999999974,0.7605964046598437
nw_dual_val_021,8,16,6,random,0.36,0.05417150469999998,0.19864565029620335
nw_dual_val_021,8,16,8,M0,0.0,0.036325719999999784,0.13320557204086228
nw_dual_val_021,8,16,8,M1,0.0,0.018440710000000138,0.06762165552092794
nw_dual_val_021,8,16,8,random,0.39,0.028778338300000005,0.10552949853814267
nw_dual_val_021,9,16,1,M0,0.0,0.5722424300000002,3.467344502947152
nw_dual_val_021,9,16,1,M1,0.0,0.058839990000000064,0.35652462170616317
nw_dual_val_021,9,16,1,random,0.06,0.29426317450000017,1.7830061998764297
nw_dual_val_021,9,16,2,M0,0.0,0.058839990000000064,0.35652462170616317
nw_dual_val_021,9,16,2,M1,0.0,0.058839990000000064,0.35652462170616317
nw_dual_val_021,9,16,2,random,0.15,0.18999302280000013,1.1512100967484937
nw_dual_val_021,9,16,3,M0,0.0,0.058839990000000064,0.35652462170616317
nw_dual_val_021,9,16,3,M1,0.0,0.058839990000000064,0.35652462170616317
nw_dual_val_021,9,16,3,random,0.18,0.1615330549000001,0.978764804196319
nw_dual_val_021,9,16,4,M0,0.0,0.058839990000000064,0.35652462170616317
nw_dual_val_021,9,16,4,M1,0.0,0.058839990000000064,0.35652462170616317
nw_dual_val_021,9,16,4,random,0.25,0.12955434050000011,0.7849986418616649
nw_dual_val_021,9,16,6,M0,1.0,0.0,0.0
nw_dual_val_021,9,16,6,M1,1.0,0.0,0.0
nw_dual_val_021,9,16,6,random,0.38,0.08448575260000009,0.5119180167310615
nw_dual_val_021,9,16,8,M0,1.0,0.0,0.0
nw_dual_val_021,9,16,8,M1,1.0,0.0,0.0
nw_dual_val_021,9,16,8,random,0.57,0.04099912630000005,0.24842284973859965
nw_dual_val_030,1,4,1,M0,0.0,2.84707077,2.513210752073758
nw_dual_val_030,1,4,1,M1,1.0,0.0,0.0
nw_dual_val_030,1,4,1,random,0.26,1.0008418668,0.8834787555236402
nw_dual_val_030,1,4,2,M0,0.0,0.56638251,0.49996601029995563
nw_dual_val_030,1,4,2,M1,1.0,0.0,0.0
nw_dual_val_030,1,4,2,random,0.52,0.16443512059999996,0.14515273644232768
nw_dual_val_030,1,4,3,M0,1.0,0.0,0.0
nw_dual_val_030,1,4,3,M1,1.0,0.0,0.0
nw_dual_val_030,1,4,3,random,0.73,0.06761242259999997,0.05968389308850046
nw_dual_val_030,1,4,4,M0,1.0,0.0,0.0
nw_dual_val_030,1,4,4,M1,1.0,0.0,0.0
nw_dual_val_030,1,4,4,random,1.0,0.0,0.0
nw_dual_val_030,2,16,1,M0,0.0,0.015909820000000074,0.0009066221551784152
nw_dual_val_030,2,16,1,M1,0.0,0.003176440000000058,0.00018100964552678563
nw_dual_val_030,2,16,1,random,0.06,11.8035642313,0.6726268959779563
nw_dual_val_030,2,16,2,M0,0.0,0.015909820000000074,0.0009066221551784152
nw_dual_val_030,2,16,2,M1,1.0,0.0,0.0
nw_dual_val_030,2,16,2,random,0.1,4.742394947899999,0.2702456928093659
nw_dual_val_030,2,16,3,M0,0.0,0.015909820000000074,0.0009066221551784152
nw_dual_val_030,2,16,3,M1,1.0,0.0,0.0
nw_dual_val_030,2,16,3,random,0.26,1.2235107022,0.0697218390724983
nw_dual_val_030,2,16,4,M0,1.0,0.0,0.0
nw_dual_val_030,2,16,4,M1,1.0,0.0,0.0
nw_dual_val_030,2,16,4,random,0.24,0.5709917878999999,0.032538005165053535
nw_dual_val_030,2,16,6,M0,1.0,0.0,0.0
nw_dual_val_030,2,16,6,M1,1.0,0.0,0.0
nw_dual_val_030,2,16,6,random,0.37,0.18915036619999998,0.010778746249613738
nw_dual_val_030,2,16,8,M0,1.0,0.0,0.0
nw_dual_val_030,2,16,8,M1,1.0,0.0,0.0
nw_dual_val_030,2,16,8,random,0.54,0.05161250170000002,0.0029411418561242943
nw_dual_val_030,3,16,1,M0,0.0,0.26703473,0.08445537242395744
nw_dual_val_030,3,16,1,M1,0.0,0.26703473,0.08445537242395744
nw_dual_val_030,3,16,1,random,0.07,1.8196787382999997,0.5755118277502086
nw_dual_val_030,3,16,2,M0,0.0,0.26703473,0.08445537242395744
nw_dual_val_030,3,16,2,M1,0.0,0.26703473,0.08445537242395744
nw_dual_val_030,3,16,2,random,0.14,0.24174968589999996,0.07645844327462285
nw_dual_val_030,3,16,3,M0,1.0,0.0,0.0
nw_dual_val_030,3,16,3,M1,0.0,0.14191856999999986,0.04488474470427671
nw_dual_val_030,3,16,3,random,0.21,0.19966323229999994,0.06314771356994509
nw_dual_val_030,3,16,4,M0,1.0,0.0,0.0
nw_dual_val_030,3,16,4,M1,0.0,0.14191856999999986,0.04488474470427671
nw_dual_val_030,3,16,4,random,0.25,0.1505535396999999,0.0476157362194369
nw_dual_val_030,3,16,6,M0,1.0,0.0,0.0
nw_dual_val_030,3,16,6,M1,1.0,0.0,0.0
nw_dual_val_030,3,16,6,random,0.36,0.09458483939999994,0.029914452839850447
nw_dual_val_030,3,16,8,M0,1.0,0.0,0.0
nw_dual_val_030,3,16,8,M1,1.0,0.0,0.0
nw_dual_val_030,3,16,8,random,0.46,0.06518278749999994,0.020615433033539018
nw_dual_val_030,4,16,1,M0,0.0,0.19250064999999994,0.07691734068028648
nw_dual_val_030,4,16,1,M1,0.0,0.13404820000000006,0.053561538971318726
nw_dual_val_030,4,16,1,random,0.05,1.6021873518999998,0.6401848013486623
nw_dual_val_030,4,16,2,M0,0.0,0.19250064999999994,0.07691734068028648
nw_dual_val_030,4,16,2,M1,1.0,0.0,0.0
nw_dual_val_030,4,16,2,random,0.13,0.3863922398,0.15439045813567673
nw_dual_val_030,4,16,3,M0,0.0,0.0012160999999999422,0.00048591616704303064
nw_dual_val_030,4,16,3,M1,1.0,0.0,0.0
nw_dual_val_030,4,16,3,random,0.13,0.13790170339999994,0.055101280441440685
nw_dual_val_030,4,16,4,M0,0.0,0.0012160999999999422,0.00048591616704303064
nw_dual_val_030,4,16,4,M1,1.0,0.0,0.0
nw_dual_val_030,4,16,4,random,0.2,0.09276031749999994,0.037064170654795385
nw_dual_val_030,4,16,6,M0,0.0,4.086999999985963e-05,1.633039531862626e-05
nw_dual_val_030,4,16,6,M1,1.0,0.0,0.0
nw_dual_val_030,4,16,6,random,0.27,0.040544553199999944,0.016200356784324604
nw_dual_val_030,4,16,8,M0,0.0,4.086999999985963e-05,1.633039531862626e-05
nw_dual_val_030,4,16,8,M1,1.0,0.0,0.0
nw_dual_val_030,4,16,8,random,0.5,0.015208093199999948,0.00607668642034167
nw_dual_val_030,5,16,1,M0,0.0,0.27279776,0.06124377023513636
nw_dual_val_030,5,16,1,M1,0.0,2.41267943,0.5416524852035433
nw_dual_val_030,5,16,1,random,0.05,2.7916335238000003,0.6267286143123436
nw_dual_val_030,5,16,2,M0,1.0,0.0,0.0
nw_dual_val_030,5,16,2,M1,0.0,2.41267943,0.5416524852035433
nw_dual_val_030,5,16,2,random,0.14,0.8800533408999999,0.1975741465206449
nw_dual_val_030,5,16,3,M0,1.0,0.0,0.0
nw_dual_val_030,5,16,3,M1,0.0,0.39018682000000005,0.08759790385690304
nw_dual_val_030,5,16,3,random,0.18,0.26646365390000004,0.059821747786589226
nw_dual_val_030,5,16,4,M0,1.0,0.0,0.0
nw_dual_val_030,5,16,4,M1,0.0,0.17558044000000006,0.039418242016151996
nw_dual_val_030,5,16,4,random,0.26,0.19110099640000006,0.042902645224166154
nw_dual_val_030,5,16,6,M0,1.0,0.0,0.0
nw_dual_val_030,5,16,6,M1,0.0,0.17558044000000006,0.039418242016151996
nw_dual_val_030,5,16,6,random,0.27,0.16093123680000002,0.036129459751559255
nw_dual_val_030,5,16,8,M0,1.0,0.0,0.0
nw_dual_val_030,5,16,8,M1,0.0,0.17558044000000006,0.039418242016151996
nw_dual_val_030,5,16,8,random,0.54,0.09368277160000002,0.021032013381858998
nw_dual_val_030,6,16,1,M0,0.0,0.36121373,0.6672069345933157
nw_dual_val_030,6,16,1,M1,0.0,0.28379666000000014,0.5242079241185587
nw_dual_val_030,6,16,1,random,0.09,0.44456533919999996,0.8211677811750666
nw_dual_val_030,6,16,2,M0,0.0,0.36121373,0.6672069345933157
nw_dual_val_030,6,16,2,M1,0.0,0.28379666000000014,0.5242079241185587
nw_dual_val_030,6,16,2,random,0.1,0.2746741951000001,0.507357590544959
nw_dual_val_030,6,16,3,M0,0.0,0.36121373,0.6672069345933157
nw_dual_val_030,6,16,3,M1,0.0,0.28379666000000014,0.5242079241185587
nw_dual_val_030,6,16,3,random,0.22,0.1852268216000001,0.3421371049328579
nw_dual_val_030,6,16,4,M0,0.0,0.28379666000000014,0.5242079241185587
nw_dual_val_030,6,16,4,M1,0.0,0.2805058600000001,0.5181294049538533
nw_dual_val_030,6,16,4,random,0.33,0.13313451530000006,0.2459161002597546
nw_dual_val_030,6,16,6,M0,0.0,0.12961573000000004,0.2394164637329121
nw_dual_val_030,6,16,6,M1,0.0,0.24171827,0.44648387524444166
nw_dual_val_030,6,16,6,random,0.4,0.08602067720000005,0.158890948985392
nw_dual_val_030,6,16,8,M0,0.0,0.12961573000000004,0.2394164637329121
nw_dual_val_030,6,16,8,M1,0.0,0.24171827,0.44648387524444166
nw_dual_val_030,6,16,8,random,0.49,0.05580720110000003,0.10308287997292831
nw_dual_val_030,7,16,1,M0,0.0,0.4265382499999999,0.529903499730484
nw_dual_val_030,7,16,1,M1,0.0,0.5013429699999998,0.6228360396008448
nw_dual_val_030,7,16,1,random,0.06,0.7157216453999999,0.8891662230299874
nw_dual_val_030,7,16,2,M0,0.0,0.4265382499999999,0.529903499730484
nw_dual_val_030,7,16,2,M1,0.0,0.5013429699999998,0.6228360396008448
nw_dual_val_030,7,16,2,random,0.11,0.25451269399999993,0.3161900891102586
nw_dual_val_030,7,16,3,M0,0.0,0.15685146000000016,0.1948620964048034
nw_dual_val_030,7,16,3,M1,0.0,0.38636131000000007,0.4799902712815428
nw_dual_val_030,7,16,3,random,0.18,0.1765841475,0.21937670949129187
nw_dual_val_030,7,16,4,M0,0.0,0.15685146000000016,0.1948620964048034
nw_dual_val_030,7,16,4,M1,0.0,0.38636131000000007,0.4799902712815428
nw_dual_val_030,7,16,4,random,0.25,0.15289261890000003,0.18994388859163083
nw_dual_val_030,7,16,6,M0,0.0,0.10482941000000001,0.13023327036597965
nw_dual_val_030,7,16,6,M1,0.0,0.032521339999999954,0.04040240677576972
nw_dual_val_030,7,16,6,random,0.33,0.08427503170000002,0.10469784184121236
nw_dual_val_030,7,16,8,M0,1.0,0.0,0.0
nw_dual_val_030,7,16,8,M1,0.0,0.032521339999999954,0.04040240677576972
nw_dual_val_030,7,16,8,random,0.46,0.04375610399999999,0.05435975002047538
nw_dual_val_030,8,16,1,M0,0.0,1.1172439100000002,2.956698285934888
nw_dual_val_030,8,16,1,M1,0.0,0.1695725400000001,0.4487604128982233
nw_dual_val_030,8,16,1,random,0.05,0.5869379903,1.5532853071180113
nw_dual_val_030,8,16,2,M0,0.0,0.24536175999999998,0.6493306329375894
nw_dual_val_030,8,16,2,M1,0.0,0.1695725400000001,0.4487604128982233
nw_dual_val_030,8,16,2,random,0.13,0.37495664669999995,0.992293325275573
nw_dual_val_030,8,16,3,M0,0.0,0.1695725400000001,0.4487604128982233
nw_dual_val_030,8,16,3,M1,0.0,0.1695725400000001,0.4487604128982233
nw_dual_val_030,8,16,3,random,0.24,0.21710716280000006,0.5745570598947787
nw_dual_val_030,8,16,4,M0,0.0,0.1695725400000001,0.4487604128982233
nw_dual_val_030,8,16,4,M1,1.0,0.0,0.0
nw_dual_val_030,8,16,4,random,0.19,0.2180029980000001,0.5769278174138958
nw_dual_val_030,8,16,6,M0,0.0,0.1695725400000001,0.4487604128982233
nw_dual_val_030,8,16,6,M1,1.0,0.0,0.0
nw_dual_val_030,8,16,6,random,0.41,0.1418604481,0.3754225375363425
nw_dual_val_030,8,16,8,M0,0.0,0.1695725400000001,0.4487604128982233
nw_dual_val_030,8,16,8,M1,1.0,0.0,0.0
nw_dual_val_030,8,16,8,random,0.46,0.10761510960000004,0.2847949380140413
nw_dual_val_030,9,16,1,M0,1.0,0.0,0.0
nw_dual_val_030,9,16,1,M1,1.0,0.0,0.0
nw_dual_val_030,9,16,1,random,0.04,0.6831245255999999,1.6605537748844783
nw_dual_val_030,9,16,2,M0,1.0,0.0,0.0
nw_dual_val_030,9,16,2,M1,1.0,0.0,0.0
nw_dual_val_030,9,16,2,random,0.19,0.3849035872,0.9356319100535263
nw_dual_val_030,9,16,3,M0,1.0,0.0,0.0
nw_dual_val_030,9,16,3,M1,1.0,0.0,0.0
nw_dual_val_030,9,16,3,random,0.21,0.24966970899999996,0.6069024932022719
nw_dual_val_030,9,16,4,M0,1.0,0.0,0.0
nw_dual_val_030,9,16,4,M1,1.0,0.0,0.0
nw_dual_val_030,9,16,4,random,0.25,0.18987390149999991,0.4615495595198237
nw_dual_val_030,9,16,6,M0,1.0,0.0,0.0
nw_dual_val_030,9,16,6,M1,1.0,0.0,0.0
nw_dual_val_030,9,16,6,random,0.37,0.11658546979999995,0.2833984650207533
nw_dual_val_030,9,16,8,M0,1.0,0.0,0.0
nw_dual_val_030,9,16,8,M1,1.0,0.0,0.0
nw_dual_val_030,9,16,8,random,0.45,0.06804628999999995,0.16540838381865858
nw_dual_val_034,1,4,1,M0,0.0,0.8143677500000001,0.15154461401473907
nw_dual_val_034,1,4,1,M1,0.0,0.16247305999999995,0.030234396150257095
nw_dual_val_034,1,4,1,random,0.2,3.9464717077999993,0.7343936835399474
nw_dual_val_034,1,4,2,M0,1.0,0.0,0.0
nw_dual_val_034,1,4,2,M1,0.0,0.16247305999999995,0.030234396150257095
nw_dual_val_034,1,4,2,random,0.53,0.18066548859999998,0.03361980104893795
nw_dual_val_034,1,4,3,M0,1.0,0.0,0.0
nw_dual_val_034,1,4,3,M1,1.0,0.0,0.0
nw_dual_val_034,1,4,3,random,0.75,0.04061826499999999,0.007558599037564274
nw_dual_val_034,1,4,4,M0,1.0,0.0,0.0
nw_dual_val_034,1,4,4,M1,1.0,0.0,0.0
nw_dual_val_034,1,4,4,random,1.0,0.0,0.0
nw_dual_val_034,2,16,1,M0,1.0,0.0,0.0
nw_dual_val_034,2,16,1,M1,0.0,0.88521411,0.04919189901204549
nw_dual_val_034,2,16,1,random,0.04,9.547774889700003,0.5305757927467585
nw_dual_val_034,2,16,2,M0,1.0,0.0,0.0
nw_dual_val_034,2,16,2,M1,0.0,0.83436133,0.0463659783788534
nw_dual_val_034,2,16,2,random,0.12,0.7040183398,0.039122737293545304
nw_dual_val_034,2,16,3,M0,1.0,0.0,0.0
nw_dual_val_034,2,16,3,M1,0.0,0.83436133,0.0463659783788534
nw_dual_val_034,2,16,3,random,0.26,0.5103886974999999,0.02836261756413872
nw_dual_val_034,2,16,4,M0,1.0,0.0,0.0
nw_dual_val_034,2,16,4,M1,0.0,0.47213348999999993,0.02623675187496117
nw_dual_val_034,2,16,4,random,0.26,0.22789558719999994,0.012664299613155966
nw_dual_val_034,2,16,6,M0,1.0,0.0,0.0
nw_dual_val_034,2,16,6,M1,1.0,0.0,0.0
nw_dual_val_034,2,16,6,random,0.34,0.14213820749999995,0.007898708651507106
nw_dual_val_034,2,16,8,M0,1.0,0.0,0.0
nw_dual_val_034,2,16,8,M1,1.0,0.0,0.0
nw_dual_val_034,2,16,8,random,0.5,0.07429182039999997,0.004128442695674857
nw_dual_val_034,3,16,1,M0,0.0,0.2729252400000002,0.06113998575573726
nw_dual_val_034,3,16,1,M1,0.0,5.57129908,1.2480675894693796
nw_dual_val_034,3,16,1,random,0.04,3.8824580604000003,0.8697379198424563
nw_dual_val_034,3,16,2,M0,0.0,0.2729252400000002,0.06113998575573726
nw_dual_val_034,3,16,2,M1,0.0,0.2729252400000002,0.06113998575573726
nw_dual_val_034,3,16,2,random,0.12,0.8675392446000002,0.19434383224280405
nw_dual_val_034,3,16,3,M0,0.0,0.2729252400000002,0.06113998575573726
nw_dual_val_034,3,16,3,M1,0.0,0.2729252400000002,0.06113998575573726
nw_dual_val_034,3,16,3,random,0.27,0.2805259114000001,0.0628426679302772
nw_dual_val_034,3,16,4,M0,1.0,0.0,0.0
nw_dual_val_034,3,16,4,M1,0.0,0.2729252400000002,0.06113998575573726
nw_dual_val_034,3,16,4,random,0.22,0.23247467970000013,0.05207835891406592
nw_dual_val_034,3,16,6,M0,1.0,0.0,0.0
nw_dual_val_034,3,16,6,M1,0.0,0.1215421000000001,0.02722753770491287
nw_dual_val_034,3,16,6,random,0.38,0.15631125630000006,0.03501643154602847
nw_dual_val_034,3,16,8,M0,1.0,0.0,0.0
nw_dual_val_034,3,16,8,M1,1.0,0.0,0.0
nw_dual_val_034,3,16,8,random,0.39,0.12336605110000008,0.02763613437509684
nw_dual_val_034,4,16,1,M0,1.0,0.0,0.0
nw_dual_val_034,4,16,1,M1,0.0,0.7604861100000002,0.07217473292995397
nw_dual_val_034,4,16,1,random,0.07,3.6323752378999994,0.3447343866633019
nw_dual_val_034,4,16,2,M0,1.0,0.0,0.0
nw_dual_val_034,4,16,2,M1,0.0,0.3185448900000001,0.030231837320410182
nw_dual_val_034,4,16,2,random,0.12,0.6122360622,0.05810490645170584
nw_dual_val_034,4,16,3,M0,1.0,0.0,0.0
nw_dual_val_034,4,16,3,M1,0.0,0.3185448900000001,0.030231837320410182
nw_dual_val_034,4,16,3,random,0.17,0.2855664110000001,0.027101980137007983
nw_dual_val_034,4,16,4,M0,1.0,0.0,0.0
nw_dual_val_034,4,16,4,M1,0.0,0.3185448900000001,0.030231837320410182
nw_dual_val_034,4,16,4,random,0.22,0.24335089480000005,0.023095472237428926
nw_dual_val_034,4,16,6,M0,1.0,0.0,0.0
nw_dual_val_034,4,16,6,M1,0.0,0.3163517,0.03002369032017812
nw_dual_val_034,4,16,6,random,0.3,0.14833080600000006,0.014077490920031155
nw_dual_val_034,4,16,8,M0,1.0,0.0,0.0
nw_dual_val_034,4,16,8,M1,0.0,0.3163517,0.03002369032017812
nw_dual_val_034,4,16,8,random,0.54,0.07273110630000003,0.00690262202540766
nw_dual_val_034,5,16,1,M0,0.0,2.5223215999999997,0.707456238817881
nw_dual_val_034,5,16,1,M1,0.0,0.48096242999999994,0.13489947980483866
nw_dual_val_034,5,16,1,random,0.06,1.6230867349999998,0.45524045657710527
nw_dual_val_034,5,16,2,M0,0.0,0.9262833499999998,0.25980229280462364
nw_dual_val_034,5,16,2,M1,0.0,0.48096242999999994,0.13489947980483866
nw_dual_val_034,5,16,2,random,0.13,0.38642934739999996,0.10838501033351666
nw_dual_val_034,5,16,3,M0,0.0,0.06960308999999998,0.019522149856506184
nw_dual_val_034,5,16,3,M1,0.0,0.48096242999999994,0.13489947980483866
nw_dual_val_034,5,16,3,random,0.17,0.19727579739999995,0.05533156185888519
nw_dual_val_034,5,16,4,M0,0.0,0.06960308999999998,0.019522149856506184
nw_dual_val_034,5,16,4,M1,0.0,0.15173939999999986,0.04255959478144337
nw_dual_val_034,5,16,4,random,0.24,0.11976018619999994,0.033590122246576745
nw_dual_val_034,5,16,6,M0,0.0,0.06960308999999998,0.019522149856506184
nw_dual_val_034,5,16,6,M1,0.0,0.15173939999999986,0.04255959478144337
nw_dual_val_034,5,16,6,random,0.37,0.07070374839999995,0.019830860550609303
nw_dual_val_034,5,16,8,M0,1.0,0.0,0.0
nw_dual_val_034,5,16,8,M1,1.0,0.0,0.0
nw_dual_val_034,5,16,8,random,0.45,0.05524750259999997,0.015495720447970268
nw_dual_val_034,6,16,1,M0,0.0,0.9305496199999999,0.2415021143636221
nw_dual_val_034,6,16,1,M1,0.0,1.1330702499999998,0.29406154730095735
nw_dual_val_034,6,16,1,random,0.04,2.4788701992,0.6433320496544539
nw_dual_val_034,6,16,2,M0,0.0,0.18732254999999998,0.04861513123070785
nw_dual_val_034,6,16,2,M1,0.0,0.03733151999999995,0.009688511841429623
nw_dual_val_034,6,16,2,random,0.14,0.7716646586,0.20026728572688324
nw_dual_val_034,6,16,3,M0,0.0,0.18732254999999998,0.04861513123070785
nw_dual_val_034,6,16,3,M1,1.0,0.0,0.0
nw_dual_val_034,6,16,3,random,0.16,0.4009556491999999,0.10405854235676193
nw_dual_val_034,6,16,4,M0,0.0,0.18732254999999998,0.04861513123070785
nw_dual_val_034,6,16,4,M1,1.0,0.0,0.0
nw_dual_val_034,6,16,4,random,0.25,0.2439706113999999,0.06331679389185671
nw_dual_val_034,6,16,6,M0,0.0,0.18732254999999998,0.04861513123070785
nw_dual_val_034,6,16,6,M1,1.0,0.0,0.0
nw_dual_val_034,6,16,6,random,0.4,0.09821177789999991,0.025488540867128002
nw_dual_val_034,6,16,8,M0,0.0,0.022374309999999786,0.00580672223844128
nw_dual_val_034,6,16,8,M1,1.0,0.0,0.0
nw_dual_val_034,6,16,8,random,0.46,0.05555975339999994,0.014419218095668481
nw_dual_val_034,7,16,1,M0,0.0,4.937263420000001,1.3796792990916318
nw_dual_val_034,7,16,1,M1,0.0,0.51389649,0.1436043185900844
nw_dual_val_034,7,16,1,random,0.06,2.8818825458999995,0.8053193343675631
nw_dual_val_034,7,16,2,M0,0.0,1.0556434700000001,0.2949912368216841
nw_dual_val_034,7,16,2,M1,0.0,0.51389649,0.1436043185900844
nw_dual_val_034,7,16,2,random,0.19,0.6643631503,0.18565103936629987
nw_dual_val_034,7,16,3,M0,0.0,1.0556434700000001,0.2949912368216841
nw_dual_val_034,7,16,3,M1,0.0,0.51389649,0.1436043185900844
nw_dual_val_034,7,16,3,random,0.19,0.5045752635999999,0.14099957543335276
nw_dual_val_034,7,16,4,M0,0.0,1.0556434700000001,0.2949912368216841
nw_dual_val_034,7,16,4,M1,0.0,0.51389649,0.1436043185900844
nw_dual_val_034,7,16,4,random,0.32,0.34872849159999997,0.09744942490104566
nw_dual_val_034,7,16,6,M0,0.0,0.3239482,0.09052476797318539
nw_dual_val_034,7,16,6,M1,1.0,0.0,0.0
nw_dual_val_034,7,16,6,random,0.42,0.23554101940000002,0.0658200790415028
nw_dual_val_034,7,16,8,M0,0.0,0.3239482,0.09052476797318539
nw_dual_val_034,7,16,8,M1,1.0,0.0,0.0
nw_dual_val_034,7,16,8,random,0.5,0.17416407040000004,0.048668775014726204
nw_dual_val_034,8,16,1,M0,0.0,1.4923991900000002,2.6378900197815898
nw_dual_val_034,8,16,1,M1,1.0,0.0,0.0
nw_dual_val_034,8,16,1,random,0.05,0.9963107088000001,1.7610288808485897
nw_dual_val_034,8,16,2,M0,0.0,1.0803478400000002,1.909568702612736
nw_dual_val_034,8,16,2,M1,1.0,0.0,0.0
nw_dual_val_034,8,16,2,random,0.1,0.6319511819000001,1.1170052402153812
nw_dual_val_034,8,16,3,M0,0.0,1.0803478400000002,1.909568702612736
nw_dual_val_034,8,16,3,M1,1.0,0.0,0.0
nw_dual_val_034,8,16,3,random,0.21,0.34318498529999997,0.606596582018891
nw_dual_val_034,8,16,4,M0,0.0,1.07661458,1.9029699793212482
nw_dual_val_034,8,16,4,M1,1.0,0.0,0.0
nw_dual_val_034,8,16,4,random,0.18,0.30362191260000004,0.5366668773349698
nw_dual_val_034,8,16,6,M0,0.0,1.07661458,1.9029699793212482
nw_dual_val_034,8,16,6,M1,1.0,0.0,0.0
nw_dual_val_034,8,16,6,random,0.32,0.14624354770000003,0.2584927662251565
nw_dual_val_034,8,16,8,M0,0.0,0.61213099,1.0819720622603823
nw_dual_val_034,8,16,8,M1,1.0,0.0,0.0
nw_dual_val_034,8,16,8,random,0.58,0.04978436770000003,0.0879963535071116
nw_dual_val_034,9,16,1,M0,0.0,0.5130854399999998,0.652549825005973
nw_dual_val_034,9,16,1,M1,0.0,1.8325782399999997,2.3307007305094336
nw_dual_val_034,9,16,1,random,0.07,0.8680249906999999,1.1039673154281995
nw_dual_val_034,9,16,2,M0,0.0,0.5130854399999998,0.652549825005973
nw_dual_val_034,9,16,2,M1,0.0,0.4872507399999999,0.6196928626955989
nw_dual_val_034,9,16,2,random,0.11,0.4803035298,0.6108572956596493
nw_dual_val_034,9,16,3,M0,0.0,0.5130854399999998,0.652549825005973
nw_dual_val_034,9,16,3,M1,0.0,0.4872507399999999,0.6196928626955989
nw_dual_val_034,9,16,3,random,0.22,0.31317638219999994,0.3983024608934796
nw_dual_val_034,9,16,4,M0,0.0,0.3900671,0.4960932390628498
nw_dual_val_034,9,16,4,M1,0.0,0.4872507399999999,0.6196928626955989
nw_dual_val_034,9,16,4,random,0.26,0.24013786119999994,0.305410964893817
nw_dual_val_034,9,16,6,M0,0.0,0.3900671,0.4960932390628498
nw_dual_val_034,9,16,6,M1,0.0,0.28146855000000004,0.3579759601971653
nw_dual_val_034,9,16,6,random,0.36,0.1626204625,0.2068231644748396
nw_dual_val_034,9,16,8,M0,0.0,0.28146855000000004,0.3579759601971653
nw_dual_val_034,9,16,8,M1,0.0,0.28146855000000004,0.3579759601971653
nw_dual_val_034,9,16,8,random,0.56,0.07467119710000002,0.09496795816422222
nw_dual_val_037,1,4,1,M0,1.0,0.0,0.0
nw_dual_val_037,1,4,1,M1,0.0,0.031926270000000034,0.004306717463250378
nw_dual_val_037,1,4,1,random,0.25,4.104498749999999,0.5536793507200912
nw_dual_val_037,1,4,2,M0,1.0,0.0,0.0
nw_dual_val_037,1,4,2,M1,1.0,0.0,0.0
nw_dual_val_037,1,4,2,random,0.55,0.294892437,0.039779730241220175
nw_dual_val_037,1,4,3,M0,1.0,0.0,0.0
nw_dual_val_037,1,4,3,M1,1.0,0.0,0.0
nw_dual_val_037,1,4,3,random,0.68,0.010216406400000011,0.001378149588240121
nw_dual_val_037,1,4,4,M0,1.0,0.0,0.0
nw_dual_val_037,1,4,4,M1,1.0,0.0,0.0
nw_dual_val_037,1,4,4,random,1.0,0.0,0.0
nw_dual_val_037,2,16,1,M0,0.0,0.23142496,0.008807502931918502
nw_dual_val_037,2,16,1,M1,0.0,1.1660466999999999,0.044377061700708056
nw_dual_val_037,2,16,1,random,0.08,11.979631266399998,0.4559172766071583
nw_dual_val_037,2,16,2,M0,0.0,0.23142496,0.008807502931918502
nw_dual_val_037,2,16,2,M1,0.0,0.23142496,0.008807502931918502
nw_dual_val_037,2,16,2,random,0.1,4.0138511679999995,0.15275796495954672
nw_dual_val_037,2,16,3,M0,0.0,0.1237639399999999,0.0047101715580540006
nw_dual_val_037,2,16,3,M1,0.0,0.1237639399999999,0.0047101715580540006
nw_dual_val_037,2,16,3,random,0.12,1.7598917117,0.06697744016313893
nw_dual_val_037,2,16,4,M0,0.0,0.07048716999999993,0.002682579944866955
nw_dual_val_037,2,16,4,M1,1.0,0.0,0.0
nw_dual_val_037,2,16,4,random,0.27,0.21400629849999994,0.008144588645441597
nw_dual_val_037,2,16,6,M0,0.0,0.07048716999999993,0.002682579944866955
nw_dual_val_037,2,16,6,M1,1.0,0.0,0.0
nw_dual_val_037,2,16,6,random,0.41,0.10925112849999997,0.004157847254588074
nw_dual_val_037,2,16,8,M0,1.0,0.0,0.0
nw_dual_val_037,2,16,8,M1,1.0,0.0,0.0
nw_dual_val_037,2,16,8,random,0.5,0.07313247989999998,0.0027832543695274735
nw_dual_val_037,3,16,1,M0,0.0,0.35603368000000013,0.031823150526622684
nw_dual_val_037,3,16,1,M1,0.0,0.35603368000000013,0.031823150526622684
nw_dual_val_037,3,16,1,random,0.07,4.7326503213,0.42301572021107403
nw_dual_val_037,3,16,2,M0,0.0,0.35603368000000013,0.031823150526622684
nw_dual_val_037,3,16,2,M1,0.0,0.35603368000000013,0.031823150526622684
nw_dual_val_037,3,16,2,random,0.09,1.4381190865999998,0.12854255858064018
nw_dual_val_037,3,16,3,M0,0.0,0.23329777000000007,0.020852718350228543
nw_dual_val_037,3,16,3,M1,0.0,0.35603368000000013,0.031823150526622684
nw_dual_val_037,3,16,3,random,0.2,0.2657930321,0.02375722338809562
nw_dual_val_037,3,16,4,M0,0.0,0.025511440000000052,0.0022802741450497163
nw_dual_val_037,3,16,4,M1,0.0,0.025511440000000052,0.0022802741450497163
nw_dual_val_037,3,16,4,random,0.23,0.15807043200000004,0.014128717124021173
nw_dual_val_037,3,16,6,M0,0.0,0.025511440000000052,0.0022802741450497163
nw_dual_val_037,3,16,6,M1,0.0,0.025511440000000052,0.0022802741450497163
nw_dual_val_037,3,16,6,random,0.37,0.08186604640000002,0.007317385022694136
nw_dual_val_037,3,16,8,M0,0.0,0.025511440000000052,0.0022802741450497163
nw_dual_val_037,3,16,8,M1,0.0,0.025511440000000052,0.0022802741450497163
nw_dual_val_037,3,16,8,random,0.45,0.058904417800000025,0.005265019181141719
nw_dual_val_037,4,16,1,M0,0.0,3.33226168,0.2866030574258667
nw_dual_val_037,4,16,1,M1,0.0,3.37540968,0.2903141551454826
nw_dual_val_037,4,16,1,random,0.1,7.150687886900001,0.615020429933237
nw_dual_val_037,4,16,2,M0,1.0,0.0,0.0
nw_dual_val_037,4,16,2,M1,0.0,0.69507229,0.05978217276321429
nw_dual_val_037,4,16,2,random,0.14,2.3098500539,0.19866689690560047
nw_dual_val_037,4,16,3,M0,1.0,0.0,0.0
nw_dual_val_037,4,16,3,M1,1.0,0.0,0.0
nw_dual_val_037,4,16,3,random,0.12,1.0678931981000002,0.09184796542741709
nw_dual_val_037,4,16,4,M0,1.0,0.0,0.0
nw_dual_val_037,4,16,4,M1,1.0,0.0,0.0
nw_dual_val_037,4,16,4,random,0.28,0.633682663,0.05450213881569023
nw_dual_val_037,4,16,6,M0,1.0,0.0,0.0
nw_dual_val_037,4,16,6,M1,1.0,0.0,0.0
nw_dual_val_037,4,16,6,random,0.34,0.411765916,0.035415397049298546
nw_dual_val_037,4,16,8,M0,1.0,0.0,0.0
nw_dual_val_037,4,16,8,M1,1.0,0.0,0.0
nw_dual_val_037,4,16,8,random,0.48,0.12329018400000004,0.010604012253022604
nw_dual_val_037,5,16,1,M0,0.0,1.7712655900000003,0.279251470694179
nw_dual_val_037,5,16,1,M1,0.0,1.2101922299999999,0.19079462840474876
nw_dual_val_037,5,16,1,random,0.06,7.2492608845,1.1428928416333146
nw_dual_val_037,5,16,2,M0,0.0,0.5806300400000002,0.09154007931651854
nw_dual_val_037,5,16,2,M1,0.0,1.2101922299999999,0.19079462840474876
nw_dual_val_037,5,16,2,random,0.12,3.1032019978000007,0.4892398557501275
nw_dual_val_037,5,16,3,M0,0.0,0.5806300400000002,0.09154007931651854
nw_dual_val_037,5,16,3,M1,1.0,0.0,0.0
nw_dual_val_037,5,16,3,random,0.21,1.4987901992000001,0.23629396390443147
nw_dual_val_037,5,16,4,M0,0.0,0.5806300400000002,0.09154007931651854
nw_dual_val_037,5,16,4,M1,1.0,0.0,0.0
nw_dual_val_037,5,16,4,random,0.17,1.0235324932,0.16136651422747944
nw_dual_val_037,5,16,6,M0,1.0,0.0,0.0
nw_dual_val_037,5,16,6,M1,1.0,0.0,0.0
nw_dual_val_037,5,16,6,random,0.36,0.46803190740000006,0.07378825581614319
nw_dual_val_037,5,16,8,M0,1.0,0.0,0.0
nw_dual_val_037,5,16,8,M1,1.0,0.0,0.0
nw_dual_val_037,5,16,8,random,0.58,0.272845908,0.0430159212215536
nw_dual_val_037,6,16,1,M0,0.0,1.8153791999999997,0.4434702034214214
nw_dual_val_037,6,16,1,M1,0.0,0.10013795000000014,0.024462215418522032
nw_dual_val_037,6,16,1,random,0.04,3.5018622310999996,0.8554529852384062
nw_dual_val_037,6,16,2,M0,0.0,0.1653171699999998,0.04038453178760317
nw_dual_val_037,6,16,2,M1,0.0,0.10013795000000014,0.024462215418522032
nw_dual_val_037,6,16,2,random,0.13,1.3153110067,0.3213109634084623
nw_dual_val_037,6,16,3,M0,1.0,0.0,0.0
nw_dual_val_037,6,16,3,M1,0.0,0.10013795000000014,0.024462215418522032
nw_dual_val_037,6,16,3,random,0.11,0.9754913723,0.2382980686953572
nw_dual_val_037,6,16,4,M0,1.0,0.0,0.0
nw_dual_val_037,6,16,4,M1,0.0,0.10013795000000014,0.024462215418522032
nw_dual_val_037,6,16,4,random,0.18,0.4919747443,0.12018213050635525
nw_dual_val_037,6,16,6,M0,1.0,0.0,0.0
nw_dual_val_037,6,16,6,M1,0.0,0.10013795000000014,0.024462215418522032
nw_dual_val_037,6,16,6,random,0.45,0.24199538930000006,0.05911588307275808
nw_dual_val_037,6,16,8,M0,1.0,0.0,0.0
nw_dual_val_037,6,16,8,M1,1.0,0.0,0.0
nw_dual_val_037,6,16,8,random,0.51,0.11116454070000001,0.027155847922835014
nw_dual_val_037,7,16,1,M0,0.0,9.25988569,2.3693937023469345
nw_dual_val_037,7,16,1,M1,0.0,0.1528983100000001,0.03912319276302961
nw_dual_val_037,7,16,1,random,0.03,4.547489348299999,1.1635988805982531
nw_dual_val_037,7,16,2,M0,0.0,0.1528983100000001,0.03912319276302961
nw_dual_val_037,7,16,2,M1,1.0,0.0,0.0
nw_dual_val_037,7,16,2,random,0.2,1.4654629846,0.37497857781155636
nw_dual_val_037,7,16,3,M0,0.0,0.1528983100000001,0.03912319276302961
nw_dual_val_037,7,16,3,M1,1.0,0.0,0.0
nw_dual_val_037,7,16,3,random,0.19,0.9274895306,0.23732343209912282
nw_dual_val_037,7,16,4,M0,1.0,0.0,0.0
nw_dual_val_037,7,16,4,M1,1.0,0.0,0.0
nw_dual_val_037,7,16,4,random,0.23,0.7760789638,0.19858091891322843
nw_dual_val_037,7,16,6,M0,1.0,0.0,0.0
nw_dual_val_037,7,16,6,M1,1.0,0.0,0.0
nw_dual_val_037,7,16,6,random,0.31,0.36418683299999993,0.09318711023827708
nw_dual_val_037,7,16,8,M0,1.0,0.0,0.0
nw_dual_val_037,7,16,8,M1,1.0,0.0,0.0
nw_dual_val_037,7,16,8,random,0.45,0.20254974460000003,0.05182786325164884
nw_dual_val_037,8,16,1,M0,0.0,0.2752635200000002,0.07335749288537517
nw_dual_val_037,8,16,1,M1,0.0,0.2752635200000002,0.07335749288537517
nw_dual_val_037,8,16,1,random,0.07,4.3185839265,1.1508989264655158
nw_dual_val_037,8,16,2,M0,0.0,0.2752635200000002,0.07335749288537517
nw_dual_val_037,8,16,2,M1,0.0,0.2752635200000002,0.07335749288537517
nw_dual_val_037,8,16,2,random,0.15,2.4098857431000003,0.6422324914468331
nw_dual_val_037,8,16,3,M0,0.0,0.2752635200000002,0.07335749288537517
nw_dual_val_037,8,16,3,M1,0.0,0.2752635200000002,0.07335749288537517
nw_dual_val_037,8,16,3,random,0.26,1.5689899915000003,0.4181344921357034
nw_dual_val_037,8,16,4,M0,0.0,0.2752635200000002,0.07335749288537517
nw_dual_val_037,8,16,4,M1,1.0,0.0,0.0
nw_dual_val_037,8,16,4,random,0.19,0.9512521164000001,0.2535078762380537
nw_dual_val_037,8,16,6,M0,0.0,0.2752635200000002,0.07335749288537517
nw_dual_val_037,8,16,6,M1,1.0,0.0,0.0
nw_dual_val_037,8,16,6,random,0.3,0.44878550570000014,0.11960095381126869
nw_dual_val_037,8,16,8,M0,0.0,0.2752635200000002,0.07335749288537517
nw_dual_val_037,8,16,8,M1,1.0,0.0,0.0
nw_dual_val_037,8,16,8,random,0.48,0.2918514870000001,0.07777817191754524
nw_dual_val_037,9,16,1,M0,0.0,0.4616963900000002,0.201160786590502
nw_dual_val_037,9,16,1,M1,0.0,0.27633242000000013,0.12039783756519509
nw_dual_val_037,9,16,1,random,0.1,1.8204783141000005,0.793181098156966
nw_dual_val_037,9,16,2,M0,0.0,0.27633242000000013,0.12039783756519509
nw_dual_val_037,9,16,2,M1,0.0,0.22125610000000018,0.09640112437081604
nw_dual_val_037,9,16,2,random,0.13,1.0308330206,0.4491332090930125
nw_dual_val_037,9,16,3,M0,0.0,0.15804224999999983,0.06885889518116595
nw_dual_val_037,9,16,3,M1,0.0,0.15804224999999983,0.06885889518116595
nw_dual_val_037,9,16,3,random,0.18,0.5191650953,0.22619986034736134
nw_dual_val_037,9,16,4,M0,0.0,0.15804224999999983,0.06885889518116595
nw_dual_val_037,9,16,4,M1,0.0,0.01643206000000008,0.007159436778144051
nw_dual_val_037,9,16,4,random,0.24,0.2353954407,0.10256162499132784
nw_dual_val_037,9,16,6,M0,0.0,0.01643206000000008,0.007159436778144051
nw_dual_val_037,9,16,6,M1,1.0,0.0,0.0
nw_dual_val_037,9,16,6,random,0.36,0.10316474520000002,0.0449488056270934
nw_dual_val_037,9,16,8,M0,1.0,0.0,0.0
nw_dual_val_037,9,16,8,M1,1.0,0.0,0.0
nw_dual_val_037,9,16,8,random,0.47,0.05698833329999999,0.024829776020361977
nw_dual_val_038,1,4,1,M0,1.0,0.0,0.0
nw_dual_val_038,1,4,1,M1,1.0,0.0,0.0
nw_dual_val_038,1,4,1,random,0.24,2.5316453502,0.563685798697411
nw_dual_val_038,1,4,2,M0,1.0,0.0,0.0
nw_dual_val_038,1,4,2,M1,1.0,0.0,0.0
nw_dual_val_038,1,4,2,random,0.56,0.09432513130000002,0.02100204792502957
nw_dual_val_038,1,4,3,M0,1.0,0.0,0.0
nw_dual_val_038,1,4,3,M1,1.0,0.0,0.0
nw_dual_val_038,1,4,3,random,0.74,0.052141806600000014,0.011609681386267239
nw_dual_val_038,1,4,4,M0,1.0,0.0,0.0
nw_dual_val_038,1,4,4,M1,1.0,0.0,0.0
nw_dual_val_038,1,4,4,random,1.0,0.0,0.0
nw_dual_val_038,2,16,1,M0,0.0,0.01338824999999999,0.0009572363103688908
nw_dual_val_038,2,16,1,M1,0.0,0.23405209999999999,0.016734313195383328
nw_dual_val_038,2,16,1,random,0.06,4.2681795133,0.3051673227870247
nw_dual_val_038,2,16,2,M0,0.0,0.01338824999999999,0.0009572363103688908
nw_dual_val_038,2,16,2,M1,0.0,0.23405209999999999,0.016734313195383328
nw_dual_val_038,2,16,2,random,0.08,0.5185460085999999,0.037075126923143756
nw_dual_val_038,2,16,3,M0,0.0,0.01338824999999999,0.0009572363103688908
nw_dual_val_038,2,16,3,M1,0.0,0.042363659999999914,0.0030289271258097297
nw_dual_val_038,2,16,3,random,0.23,0.12336976829999997,0.008820721290576216
nw_dual_val_038,2,16,4,M0,0.0,0.01338824999999999,0.0009572363103688908
nw_dual_val_038,2,16,4,M1,0.0,0.042363659999999914,0.0030289271258097297
nw_dual_val_038,2,16,4,random,0.3,0.03965008329999998,0.0028349111679204664
nw_dual_val_038,2,16,6,M0,0.0,0.01338824999999999,0.0009572363103688908
nw_dual_val_038,2,16,6,M1,1.0,0.0,0.0
nw_dual_val_038,2,16,6,random,0.41,0.014675954799999991,0.0010493049370823382
nw_dual_val_038,2,16,8,M0,0.0,0.01338824999999999,0.0009572363103688908
nw_dual_val_038,2,16,8,M1,1.0,0.0,0.0
nw_dual_val_038,2,16,8,random,0.47,0.008646107499999995,0.0006181814682540882
nw_dual_val_038,3,16,1,M0,0.0,0.9782370499999999,0.1845365732240727
nw_dual_val_038,3,16,1,M1,0.0,0.80913276,0.1526364052698025
nw_dual_val_038,3,16,1,random,0.06,4.194822983,0.7913197098437464
nw_dual_val_038,3,16,2,M0,0.0,0.30825385000000005,0.05814961635538884
nw_dual_val_038,3,16,2,M1,0.0,0.26928046000000005,0.05079759893024088
nw_dual_val_038,3,16,2,random,0.16,0.772996291,0.14581955023688595
nw_dual_val_038,3,16,3,M0,0.0,0.10578260999999989,0.019955040913752452
nw_dual_val_038,3,16,3,M1,0.0,0.10578260999999989,0.019955040913752452
nw_dual_val_038,3,16,3,random,0.19,0.22715230119999996,0.04285045967478988
nw_dual_val_038,3,16,4,M0,0.0,0.10578260999999989,0.019955040913752452
nw_dual_val_038,3,16,4,M1,0.0,0.10578260999999989,0.019955040913752452
nw_dual_val_038,3,16,4,random,0.23,0.17966144609999998,0.033891690775538955
nw_dual_val_038,3,16,6,M0,1.0,0.0,0.0
nw_dual_val_038,3,16,6,M1,0.0,0.10578260999999989,0.019955040913752452
nw_dual_val_038,3,16,6,random,0.39,0.11318986939999999,0.021352360987304992
nw_dual_val_038,3,16,8,M0,1.0,0.0,0.0
nw_dual_val_038,3,16,8,M1,1.0,0.0,0.0
nw_dual_val_038,3,16,8,random,0.59,0.06098118099999997,0.01150361067687727
nw_dual_val_038,4,16,1,M0,0.0,1.4032598600000001,0.33644329272996426
nw_dual_val_038,4,16,1,M1,0.0,1.1908485599999998,0.28551590627635876
nw_dual_val_038,4,16,1,random,0.02,1.7501481018999998,0.4196126511937232
nw_dual_val_038,4,16,2,M0,1.0,0.0,0.0
nw_dual_val_038,4,16,2,M1,0.0,0.47542894,0.11398806635338134
nw_dual_val_038,4,16,2,random,0.09,0.4120306244000001,0.09878778972464813
nw_dual_val_038,4,16,3,M0,1.0,0.0,0.0
nw_dual_val_038,4,16,3,M1,1.0,0.0,0.0
nw_dual_val_038,4,16,3,random,0.15,0.2665213224000001,0.06390071707103516
nw_dual_val_038,4,16,4,M0,1.0,0.0,0.0
nw_dual_val_038,4,16,4,M1,1.0,0.0,0.0
nw_dual_val_038,4,16,4,random,0.27,0.18420100960000002,0.04416373329028862
nw_dual_val_038,4,16,6,M0,1.0,0.0,0.0
nw_dual_val_038,4,16,6,M1,1.0,0.0,0.0
nw_dual_val_038,4,16,6,random,0.27,0.11605368629999997,0.027824842329789386
nw_dual_val_038,4,16,8,M0,1.0,0.0,0.0
nw_dual_val_038,4,16,8,M1,1.0,0.0,0.0
nw_dual_val_038,4,16,8,random,0.49,0.0699119274,0.016761969558193025
nw_dual_val_038,5,16,1,M0,0.0,2.8793137,1.2741202852845424
nw_dual_val_038,5,16,1,M1,0.0,0.8755196700000001,0.38742474351184053
nw_dual_val_038,5,16,1,random,0.08,1.4405374774000002,0.6374498275988348
nw_dual_val_038,5,16,2,M0,0.0,0.6107211800000001,0.2702492069866901
nw_dual_val_038,5,16,2,M1,0.0,0.83222105,0.3682647436595052
nw_dual_val_038,5,16,2,random,0.11,0.7381189278999999,0.32662377114027846
nw_dual_val_038,5,16,3,M0,0.0,0.6107211800000001,0.2702492069866901
nw_dual_val_038,5,16,3,M1,0.0,0.83222105,0.3682647436595052
nw_dual_val_038,5,16,3,random,0.23,0.6389352917,0.28273418632334724
nw_dual_val_038,5,16,4,M0,0.0,0.6107211800000001,0.2702492069866901
nw_dual_val_038,5,16,4,M1,0.0,0.83222105,0.3682647436595052
nw_dual_val_038,5,16,4,random,0.23,0.5620777355,0.2487240777923397
nw_dual_val_038,5,16,6,M0,1.0,0.0,0.0
nw_dual_val_038,5,16,6,M1,0.0,0.5836976199999999,0.258291056689762
nw_dual_val_038,5,16,6,random,0.44,0.387177481,0.17132925896454787
nw_dual_val_038,5,16,8,M0,1.0,0.0,0.0
nw_dual_val_038,5,16,8,M1,0.0,0.5836976199999999,0.258291056689762
nw_dual_val_038,5,16,8,random,0.46,0.3407811454000001,0.1507984941677738
nw_dual_val_038,6,16,1,M0,1.0,0.0,0.0
nw_dual_val_038,6,16,1,M1,0.0,0.46590705999999993,2.8469349793107654
nw_dual_val_038,6,16,1,random,0.06,0.4380938045000001,2.676981491223555
nw_dual_val_038,6,16,2,M0,1.0,0.0,0.0
nw_dual_val_038,6,16,2,M1,0.0,0.3026954399999999,1.849626911027841
nw_dual_val_038,6,16,2,random,0.14,0.32680826150000003,1.9969688186139312
nw_dual_val_038,6,16,3,M0,1.0,0.0,0.0
nw_dual_val_038,6,16,3,M1,0.0,0.3026954399999999,1.849626911027841
nw_dual_val_038,6,16,3,random,0.16,0.28131169170000003,1.7189610631567078
nw_dual_val_038,6,16,4,M0,1.0,0.0,0.0
nw_dual_val_038,6,16,4,M1,0.0,0.3026954399999999,1.849626911027841
nw_dual_val_038,6,16,4,random,0.35,0.17784954260000008,1.0867534050296648
nw_dual_val_038,6,16,6,M0,1.0,0.0,0.0
nw_dual_val_038,6,16,6,M1,0.0,0.3026954399999999,1.849626911027841
nw_dual_val_038,6,16,6,random,0.28,0.17920743060000002,1.0950508084757216
nw_dual_val_038,6,16,8,M0,1.0,0.0,0.0
nw_dual_val_038,6,16,8,M1,1.0,0.0,0.0
nw_dual_val_038,6,16,8,random,0.45,0.14361241760000001,0.8775467260118898
nw_dual_val_038,7,16,1,M0,0.0,0.24035238999999997,1.1485748313961057
nw_dual_val_038,7,16,1,M1,0.0,0.09918139999999998,0.47395933854716277
nw_dual_val_038,7,16,1,random,0.07,0.23286955639999987,1.1128165252669873
nw_dual_val_038,7,16,2,M0,0.0,0.05040708999999999,0.24088096189897806
nw_dual_val_038,7,16,2,M1,0.0,0.0868386699999999,0.4149769875552806
nw_dual_val_038,7,16,2,random,0.07,0.09146166159999997,0.43706893262608143
nw_dual_val_038,7,16,3,M0,0.0,0.05040708999999999,0.24088096189897806
nw_dual_val_038,7,16,3,M1,0.0,0.011030939999999934,0.052713684480693045
nw_dual_val_038,7,16,3,random,0.21,0.05572234719999994,0.26628104484517584
nw_dual_val_038,7,16,4,M0,1.0,0.0,0.0
nw_dual_val_038,7,16,4,M1,0.0,0.011030939999999934,0.052713684480693045
nw_dual_val_038,7,16,4,random,0.26,0.042404481599999926,0.2026388017367299
nw_dual_val_038,7,16,6,M0,1.0,0.0,0.0
nw_dual_val_038,7,16,6,M1,0.0,0.011030939999999934,0.052713684480693045
nw_dual_val_038,7,16,6,random,0.36,0.025643796799999948,0.12254431747450457
nw_dual_val_038,7,16,8,M0,1.0,0.0,0.0
nw_dual_val_038,7,16,8,M1,0.0,0.011030939999999934,0.052713684480693045
nw_dual_val_038,7,16,8,random,0.47,0.015574032699999948,0.07442381572556811
nw_dual_val_038,8,16,1,M0,0.0,0.9338697899999999,2.4396640864536696
nw_dual_val_038,8,16,1,M1,0.0,0.9338697899999999,2.4396640864536696
nw_dual_val_038,8,16,1,random,0.09,0.5096167487,1.3313351529003574
nw_dual_val_038,8,16,2,M0,0.0,0.9338697899999999,2.4396640864536696
nw_dual_val_038,8,16,2,M1,0.0,0.014389360000000018,0.03759111301700103
nw_dual_val_038,8,16,2,random,0.12,0.23969919539999998,0.6261959909520369
nw_dual_val_038,8,16,3,M0,0.0,0.9040848899999998,2.3618532913870314
nw_dual_val_038,8,16,3,M1,0.0,0.014389360000000018,0.03759111301700103
nw_dual_val_038,8,16,3,random,0.17,0.1212979835,0.31688179366440344
nw_dual_val_038,8,16,4,M0,0.0,0.47754089999999993,1.247539427892579
nw_dual_val_038,8,16,4,M1,0.0,0.014389360000000018,0.03759111301700103
nw_dual_val_038,8,16,4,random,0.25,0.05993877899999998,0.15658551982089852
nw_dual_val_038,8,16,6,M0,0.0,0.47754089999999993,1.247539427892579
nw_dual_val_038,8,16,6,M1,0.0,0.014389360000000018,0.03759111301700103
nw_dual_val_038,8,16,6,random,0.36,0.03155675029999999,0.08243961975908445
nw_dual_val_038,8,16,8,M0,0.0,0.014389360000000018,0.03759111301700103
nw_dual_val_038,8,16,8,M1,0.0,0.014389360000000018,0.03759111301700103
nw_dual_val_038,8,16,8,random,0.53,0.020029327099999987,0.052325099842562846
nw_dual_val_038,9,16,1,M0,0.0,0.29771952999999973,1.078427861400376
nw_dual_val_038,9,16,1,M1,0.0,0.29771952999999973,1.078427861400376
nw_dual_val_038,9,16,1,random,0.07,0.4249967195999998,1.5394633446465653
nw_dual_val_038,9,16,2,M0,0.0,0.29771952999999973,1.078427861400376
nw_dual_val_038,9,16,2,M1,0.0,0.29771952999999973,1.078427861400376
nw_dual_val_038,9,16,2,random,0.07,0.29761647059999996,1.078054549886889
nw_dual_val_038,9,16,3,M0,0.0,0.29771952999999973,1.078427861400376
nw_dual_val_038,9,16,3,M1,1.0,0.0,0.0
nw_dual_val_038,9,16,3,random,0.16,0.19949073919999996,0.7226142377849257
nw_dual_val_038,9,16,4,M0,0.0,0.28995901999999996,1.0503170075283577
nw_dual_val_038,9,16,4,M1,1.0,0.0,0.0
nw_dual_val_038,9,16,4,random,0.23,0.13940573169999992,0.5049686364350557
nw_dual_val_038,9,16,6,M0,1.0,0.0,0.0
nw_dual_val_038,9,16,6,M1,1.0,0.0,0.0
nw_dual_val_038,9,16,6,random,0.42,0.06673291789999997,0.24172629164067236
nw_dual_val_038,9,16,8,M0,1.0,0.0,0.0
nw_dual_val_038,9,16,8,M1,1.0,0.0,0.0
nw_dual_val_038,9,16,8,random,0.4,0.05425699949999995,0.19653483913798425
nw_dual_val_040,1,4,1,M0,0.0,6.620606049999999,0.22382841431260786
nw_dual_val_040,1,4,1,M1,1.0,0.0,0.0
nw_dual_val_040,1,4,1,random,0.25,19.938661241899993,0.6740831421755911
nw_dual_val_040,1,4,2,M0,1.0,0.0,0.0
nw_dual_val_040,1,4,2,M1,1.0,0.0,0.0
nw_dual_val_040,1,4,2,random,0.49,0.6251058015000001,0.021133479211824853
nw_dual_val_040,1,4,3,M0,1.0,0.0,0.0
nw_dual_val_040,1,4,3,M1,1.0,0.0,0.0
nw_dual_val_040,1,4,3,random,0.73,0.018804379500000034,0.0006357355223722333
nw_dual_val_040,1,4,4,M0,1.0,0.0,0.0
nw_dual_val_040,1,4,4,M1,1.0,0.0,0.0
nw_dual_val_040,1,4,4,random,1.0,0.0,0.0
nw_dual_val_040,2,16,1,M0,0.0,0.3287072299999999,0.008049103131597162
nw_dual_val_040,2,16,1,M1,0.0,0.48712338,0.011928263103407232
nw_dual_val_040,2,16,1,random,0.06,30.160325721899998,0.7385404094036379
nw_dual_val_040,2,16,2,M0,1.0,0.0,0.0
nw_dual_val_040,2,16,2,M1,0.0,0.48712338,0.011928263103407232
nw_dual_val_040,2,16,2,random,0.11,8.562481224199999,0.2096707591005836
nw_dual_val_040,2,16,3,M0,1.0,0.0,0.0
nw_dual_val_040,2,16,3,M1,0.0,0.04791886000000001,0.0011733962958118266
nw_dual_val_040,2,16,3,random,0.18,2.1089489770000003,0.05164214920112751
nw_dual_val_040,2,16,4,M0,1.0,0.0,0.0
nw_dual_val_040,2,16,4,M1,0.0,0.04791886000000001,0.0011733962958118266
nw_dual_val_040,2,16,4,random,0.25,0.5222792309000001,0.012789129685420514
nw_dual_val_040,2,16,6,M0,1.0,0.0,0.0
nw_dual_val_040,2,16,6,M1,0.0,0.04791886000000001,0.0011733962958118266
nw_dual_val_040,2,16,6,random,0.37,0.10910665819999998,0.002671711067005497
nw_dual_val_040,2,16,8,M0,1.0,0.0,0.0
nw_dual_val_040,2,16,8,M1,0.0,0.04791886000000001,0.0011733962958118266
nw_dual_val_040,2,16,8,random,0.53,0.0950846735,0.002328352629285774
nw_dual_val_040,3,16,1,M0,1.0,0.0,0.0
nw_dual_val_040,3,16,1,M1,0.0,0.09426612000000001,0.0039372715092080126
nw_dual_val_040,3,16,1,random,0.05,8.809797794400001,0.36796428937326275
nw_dual_val_040,3,16,2,M0,1.0,0.0,0.0
nw_dual_val_040,3,16,2,M1,0.0,0.09426612000000001,0.0039372715092080126
nw_dual_val_040,3,16,2,random,0.08,0.7722819830000001,0.03225638064598996
nw_dual_val_040,3,16,3,M0,1.0,0.0,0.0
nw_dual_val_040,3,16,3,M1,0.0,0.09426612000000001,0.0039372715092080126
nw_dual_val_040,3,16,3,random,0.21,0.33016693769999994,0.0137902872961003
nw_dual_val_040,3,16,4,M0,1.0,0.0,0.0
nw_dual_val_040,3,16,4,M1,0.0,0.09426612000000001,0.0039372715092080126
nw_dual_val_040,3,16,4,random,0.27,0.15668308499999997,0.006544279604860337
nw_dual_val_040,3,16,6,M0,1.0,0.0,0.0
nw_dual_val_040,3,16,6,M1,1.0,0.0,0.0
nw_dual_val_040,3,16,6,random,0.38,0.08089737170000001,0.003378890706058768
nw_dual_val_040,3,16,8,M0,1.0,0.0,0.0
nw_dual_val_040,3,16,8,M1,1.0,0.0,0.0
nw_dual_val_040,3,16,8,random,0.5,0.04470019910000001,0.0018670209442412148
nw_dual_val_040,4,16,1,M0,0.0,0.20058160000000003,0.013636491461810599
nw_dual_val_040,4,16,1,M1,0.0,0.41576342,0.02826557534172214
nw_dual_val_040,4,16,1,random,0.07,9.8128865492,0.6671267137358654
nw_dual_val_040,4,16,2,M0,1.0,0.0,0.0
nw_dual_val_040,4,16,2,M1,0.0,0.41576342,0.02826557534172214
nw_dual_val_040,4,16,2,random,0.08,2.2351818957000003,0.15195829944674227
nw_dual_val_040,4,16,3,M0,1.0,0.0,0.0
nw_dual_val_040,4,16,3,M1,0.0,0.41576342,0.02826557534172214
nw_dual_val_040,4,16,3,random,0.24,0.8529982253000001,0.057990877609127876
nw_dual_val_040,4,16,4,M0,1.0,0.0,0.0
nw_dual_val_040,4,16,4,M1,0.0,0.18301394000000004,0.012442158354516654
nw_dual_val_040,4,16,4,random,0.26,0.5069728474,0.03446642615743372
nw_dual_val_040,4,16,6,M0,1.0,0.0,0.0
nw_dual_val_040,4,16,6,M1,1.0,0.0,0.0
nw_dual_val_040,4,16,6,random,0.34,0.23854632080000004,0.01621751380403553
nw_dual_val_040,4,16,8,M0,1.0,0.0,0.0
nw_dual_val_040,4,16,8,M1,1.0,0.0,0.0
nw_dual_val_040,4,16,8,random,0.53,0.10604883510000002,0.0072097043516260225
nw_dual_val_040,5,16,1,M0,0.0,0.7193195600000002,0.0805676067602922
nw_dual_val_040,5,16,1,M1,0.0,1.9943683400000003,0.2233798343427457
nw_dual_val_040,5,16,1,random,0.04,4.865798829800001,0.544995282338793
nw_dual_val_040,5,16,2,M0,0.0,0.15483453000000003,0.017342288767949902
nw_dual_val_040,5,16,2,M1,1.0,0.0,0.0
nw_dual_val_040,5,16,2,random,0.12,0.9809730719000003,0.10987418818317002
nw_dual_val_040,5,16,3,M0,0.0,0.15483453000000003,0.017342288767949902
nw_dual_val_040,5,16,3,M1,1.0,0.0,0.0
nw_dual_val_040,5,16,3,random,0.17,0.4722510414000002,0.052894621961418205
nw_dual_val_040,5,16,4,M0,0.0,0.1406459400000002,0.015753091416493198
nw_dual_val_040,5,16,4,M1,1.0,0.0,0.0
nw_dual_val_040,5,16,4,random,0.3,0.2908228444000001,0.032573701408215354
nw_dual_val_040,5,16,6,M0,0.0,0.1406459400000002,0.015753091416493198
nw_dual_val_040,5,16,6,M1,1.0,0.0,0.0
nw_dual_val_040,5,16,6,random,0.46,0.15819521220000007,0.0177187030030027
nw_dual_val_040,5,16,8,M0,0.0,0.1406459400000002,0.015753091416493198
nw_dual_val_040,5,16,8,M1,1.0,0.0,0.0
nw_dual_val_040,5,16,8,random,0.49,0.1361525638000001,0.015249809444419947
nw_dual_val_040,6,16,1,M0,0.0,0.49367276000000015,0.06839334193464419
nw_dual_val_040,6,16,1,M1,0.0,0.20831006000000007,0.02885924101221677
nw_dual_val_040,6,16,1,random,0.02,2.9162943157,0.40402292870226264
nw_dual_val_040,6,16,2,M0,0.0,0.20831006000000007,0.02885924101221677
nw_dual_val_040,6,16,2,M1,0.0,0.20831006000000007,0.02885924101221677
nw_dual_val_040,6,16,2,random,0.1,0.879113161,0.12179219088271934
nw_dual_val_040,6,16,3,M0,0.0,0.20831006000000007,0.02885924101221677
nw_dual_val_040,6,16,3,M1,0.0,0.20831006000000007,0.02885924101221677
nw_dual_val_040,6,16,3,random,0.16,0.2783688038,0.038565167707919054
nw_dual_val_040,6,16,4,M0,0.0,0.20831006000000007,0.02885924101221677
nw_dual_val_040,6,16,4,M1,0.0,0.20831006000000007,0.02885924101221677
nw_dual_val_040,6,16,4,random,0.24,0.22647279670000006,0.03137550352909538
nw_dual_val_040,6,16,6,M0,0.0,0.20831006000000007,0.02885924101221677
nw_dual_val_040,6,16,6,M1,0.0,0.20831006000000007,0.02885924101221677
nw_dual_val_040,6,16,6,random,0.46,0.12205283750000002,0.016909179775750766
nw_dual_val_040,6,16,8,M0,0.0,0.04227291000000011,0.00585648190960029
nw_dual_val_040,6,16,8,M1,0.0,0.20831006000000007,0.02885924101221677
nw_dual_val_040,6,16,8,random,0.54,0.05824638700000003,0.008069444752326653
nw_dual_val_040,7,16,1,M0,0.0,0.19015311999999995,0.05862579244448495
nw_dual_val_040,7,16,1,M1,0.0,3.4228183099999994,1.0552834253639527
nw_dual_val_040,7,16,1,random,0.1,2.3535731757,0.7256262348022243
nw_dual_val_040,7,16,2,M0,0.0,0.19015311999999995,0.05862579244448495
nw_dual_val_040,7,16,2,M1,0.0,0.11182662999999993,0.034477082469886434
nw_dual_val_040,7,16,2,random,0.12,0.8235548843999997,0.2539088378853641
nw_dual_val_040,7,16,3,M0,0.0,0.19015311999999995,0.05862579244448495
nw_dual_val_040,7,16,3,M1,0.0,0.11182662999999993,0.034477082469886434
nw_dual_val_040,7,16,3,random,0.18,0.3690909021999998,0.11379380272868984
nw_dual_val_040,7,16,4,M0,0.0,0.19015311999999995,0.05862579244448495
nw_dual_val_040,7,16,4,M1,0.0,0.11182662999999993,0.034477082469886434
nw_dual_val_040,7,16,4,random,0.22,0.2739601166999999,0.08446418833265042
nw_dual_val_040,7,16,6,M0,0.0,0.19015311999999995,0.05862579244448495
nw_dual_val_040,7,16,6,M1,1.0,0.0,0.0
nw_dual_val_040,7,16,6,random,0.39,0.14142415699999994,0.04360224683622468
nw_dual_val_040,7,16,8,M0,0.0,0.19015311999999995,0.05862579244448495
nw_dual_val_040,7,16,8,M1,1.0,0.0,0.0
nw_dual_val_040,7,16,8,random,0.47,0.09840852089999995,0.030340167550509597
nw_dual_val_040,8,16,1,M0,0.0,0.2358623499999999,0.12954694625231367
nw_dual_val_040,8,16,1,M1,0.0,4.75401693,2.6111347390259594
nw_dual_val_040,8,16,1,random,0.05,2.6048197029,1.4306922577874515
nw_dual_val_040,8,16,2,M0,0.0,0.0025638599999999734,0.001408195219026918
nw_dual_val_040,8,16,2,M1,0.0,4.75401693,2.6111347390259594
nw_dual_val_040,8,16,2,random,0.1,1.553776323,0.8534086843610209
nw_dual_val_040,8,16,3,M0,0.0,0.0025638599999999734,0.001408195219026918
nw_dual_val_040,8,16,3,M1,0.0,3.12382338,1.7157540383642451
nw_dual_val_040,8,16,3,random,0.15,0.9555307908999999,0.5248234659374551
nw_dual_val_040,8,16,4,M0,1.0,0.0,0.0
nw_dual_val_040,8,16,4,M1,0.0,0.7292370099999999,0.40053203802840065
nw_dual_val_040,8,16,4,random,0.24,0.4818926553999999,0.2646786226309054
nw_dual_val_040,8,16,6,M0,1.0,0.0,0.0
nw_dual_val_040,8,16,6,M1,0.0,0.7292370099999999,0.40053203802840065
nw_dual_val_040,8,16,6,random,0.4,0.3292913339,0.1808626376108607
nw_dual_val_040,8,16,8,M0,1.0,0.0,0.0
nw_dual_val_040,8,16,8,M1,0.0,0.7292370099999999,0.40053203802840065
nw_dual_val_040,8,16,8,random,0.52,0.08740161699999996,0.04800517157513399
nw_dual_val_040,9,16,1,M0,0.0,0.33598375,0.22326538795363535
nw_dual_val_040,9,16,1,M1,0.0,2.1859369999999996,1.4525823714605413
nw_dual_val_040,9,16,1,random,0.05,2.4007316306999997,1.5953160797234955
nw_dual_val_040,9,16,2,M0,0.0,0.33598375,0.22326538795363535
nw_dual_val_040,9,16,2,M1,0.0,2.1859369999999996,1.4525823714605413
nw_dual_val_040,9,16,2,random,0.14,1.5477070179,1.0284705965392895
nw_dual_val_040,9,16,3,M0,1.0,0.0,0.0
nw_dual_val_040,9,16,3,M1,0.0,1.9935638899999994,1.3247480430562737
nw_dual_val_040,9,16,3,random,0.2,1.0816881450999998,0.7187952493553621
nw_dual_val_040,9,16,4,M0,1.0,0.0,0.0
nw_dual_val_040,9,16,4,M1,0.0,1.9935638899999994,1.3247480430562737
nw_dual_val_040,9,16,4,random,0.26,0.8815814819,0.5858218784960411
nw_dual_val_040,9,16,6,M0,1.0,0.0,0.0
nw_dual_val_040,9,16,6,M1,0.0,1.9935638899999994,1.3247480430562737
nw_dual_val_040,9,16,6,random,0.42,0.3906971353999998,0.2596231142353014
nw_dual_val_040,9,16,8,M0,1.0,0.0,0.0
nw_dual_val_040,9,16,8,M1,0.0,1.9935638899999994,1.3247480430562737
nw_dual_val_040,9,16,8,random,0.46,0.30675524669999993,0.20384268334789585
nw_dual_val_041,1,4,1,M0,0.0,0.7191660900000001,2.4954506262224534
nw_dual_val_041,1,4,1,M1,0.0,0.7191660900000001,2.4954506262224534
nw_dual_val_041,1,4,1,random,0.26,0.2801052687,0.9719435856404514
nw_dual_val_041,1,4,2,M0,0.0,0.07986009000000005,0.27710832639603683
nw_dual_val_041,1,4,2,M1,0.0,0.07986009000000005,0.27710832639603683
nw_dual_val_041,1,4,2,random,0.44,0.04697793170000003,0.16300978412288697
nw_dual_val_041,1,4,3,M0,1.0,0.0,0.0
nw_dual_val_041,1,4,3,M1,1.0,0.0,0.0
nw_dual_val_041,1,4,3,random,0.76,0.019166421600000007,0.06650599833504882
nw_dual_val_041,1,4,4,M0,1.0,0.0,0.0
nw_dual_val_041,1,4,4,M1,1.0,0.0,0.0
nw_dual_val_041,1,4,4,random,1.0,0.0,0.0
nw_dual_val_041,2,16,1,M0,0.0,0.45614531999999997,0.06562427264680407
nw_dual_val_041,2,16,1,M1,0.0,0.6705717000000001,0.09647315918977512
nw_dual_val_041,2,16,1,random,0.08,2.1980505289,0.31622700239473134
nw_dual_val_041,2,16,2,M0,0.0,0.45614531999999997,0.06562427264680407
nw_dual_val_041,2,16,2,M1,0.0,0.6705717000000001,0.09647315918977512
nw_dual_val_041,2,16,2,random,0.12,0.3397351053000001,0.04887668074265872
nw_dual_val_041,2,16,3,M0,0.0,0.45614531999999997,0.06562427264680407
nw_dual_val_041,2,16,3,M1,0.0,0.45614531999999997,0.06562427264680407
nw_dual_val_041,2,16,3,random,0.09,0.30062185650000006,0.04324957378614432
nw_dual_val_041,2,16,4,M0,0.0,0.45614531999999997,0.06562427264680407
nw_dual_val_041,2,16,4,M1,0.0,0.45614531999999997,0.06562427264680407
nw_dual_val_041,2,16,4,random,0.23,0.24645140080000005,0.035456231185899245
nw_dual_val_041,2,16,6,M0,1.0,0.0,0.0
nw_dual_val_041,2,16,6,M1,0.0,0.3224093800000001,0.046384080093175274
nw_dual_val_041,2,16,6,random,0.34,0.16743927250000007,0.02408899091702295
nw_dual_val_041,2,16,8,M0,1.0,0.0,0.0
nw_dual_val_041,2,16,8,M1,0.0,0.3224093800000001,0.046384080093175274
nw_dual_val_041,2,16,8,random,0.42,0.14026233950000003,0.020179126269291983
nw_dual_val_041,3,16,1,M0,1.0,0.0,0.0
nw_dual_val_041,3,16,1,M1,1.0,0.0,0.0
nw_dual_val_041,3,16,1,random,0.09,0.2983556353,1.5925902954460502
nw_dual_val_041,3,16,2,M0,1.0,0.0,0.0
nw_dual_val_041,3,16,2,M1,1.0,0.0,0.0
nw_dual_val_041,3,16,2,random,0.1,0.22824419139999996,1.2183429478383
nw_dual_val_041,3,16,3,M0,1.0,0.0,0.0
nw_dual_val_041,3,16,3,M1,1.0,0.0,0.0
nw_dual_val_041,3,16,3,random,0.26,0.15297399809999995,0.8165587507159864
nw_dual_val_041,3,16,4,M0,1.0,0.0,0.0
nw_dual_val_041,3,16,4,M1,1.0,0.0,0.0
nw_dual_val_041,3,16,4,random,0.23,0.13555090449999999,0.7235561507948978
nw_dual_val_041,3,16,6,M0,1.0,0.0,0.0
nw_dual_val_041,3,16,6,M1,1.0,0.0,0.0
nw_dual_val_041,3,16,6,random,0.33,0.06623449849999999,0.353552629997319
nw_dual_val_041,3,16,8,M0,1.0,0.0,0.0
nw_dual_val_041,3,16,8,M1,1.0,0.0,0.0
nw_dual_val_041,3,16,8,random,0.51,0.03962311549999999,0.21150392938677623
nw_dual_val_041,4,16,1,M0,0.0,0.8333314200000002,0.06590440113146216
nw_dual_val_041,4,16,1,M1,0.0,0.16399002000000001,0.012969226648908188
nw_dual_val_041,4,16,1,random,0.05,3.5551883942000004,0.2811637199870318
nw_dual_val_041,4,16,2,M0,0.0,0.45400227,0.03590497969784265
nw_dual_val_041,4,16,2,M1,0.0,0.16399002000000001,0.012969226648908188
nw_dual_val_041,4,16,2,random,0.12,0.4954493301000001,0.03918283963326933
nw_dual_val_041,4,16,3,M0,0.0,0.45400227,0.03590497969784265
nw_dual_val_041,4,16,3,M1,0.0,0.16399002000000001,0.012969226648908188
nw_dual_val_041,4,16,3,random,0.17,0.2569319443,0.020319581758520146
nw_dual_val_041,4,16,4,M0,0.0,0.40796660999999995,0.032264228215087315
nw_dual_val_041,4,16,4,M1,0.0,0.16399002000000001,0.012969226648908188
nw_dual_val_041,4,16,4,random,0.23,0.1816619901,0.014366822585292783
nw_dual_val_041,4,16,6,M0,0.0,0.12991460999999999,0.010274357074256798
nw_dual_val_041,4,16,6,M1,1.0,0.0,0.0
nw_dual_val_041,4,16,6,random,0.43,0.09404141309999998,0.00743730869035508
nw_dual_val_041,4,16,8,M0,0.0,0.12991460999999999,0.010274357074256798
nw_dual_val_041,4,16,8,M1,1.0,0.0,0.0
nw_dual_val_041,4,16,8,random,0.47,0.08740364839999998,0.006912357996182213
nw_dual_val_041,5,16,1,M0,1.0,0.0,0.0
nw_dual_val_041,5,16,1,M1,0.0,0.59417218,0.1886904771064493
nw_dual_val_041,5,16,1,random,0.04,1.0986924352,0.34891031046107646
nw_dual_val_041,5,16,2,M0,1.0,0.0,0.0
nw_dual_val_041,5,16,2,M1,0.0,0.55043235,0.17480007686715335
nw_dual_val_041,5,16,2,random,0.07,0.4432519056000001,0.14076292421837527
nw_dual_val_041,5,16,3,M0,1.0,0.0,0.0
nw_dual_val_041,5,16,3,M1,0.0,0.43219752999999994,0.13725240070972175
nw_dual_val_041,5,16,3,random,0.25,0.32201800989999996,0.10226283553851394
nw_dual_val_041,5,16,4,M0,1.0,0.0,0.0
nw_dual_val_041,5,16,4,M1,0.0,0.43219752999999994,0.13725240070972175
nw_dual_val_041,5,16,4,random,0.18,0.2671754465999999,0.08484655489942772
nw_dual_val_041,5,16,6,M0,1.0,0.0,0.0
nw_dual_val_041,5,16,6,M1,0.0,0.43219752999999994,0.13725240070972175
nw_dual_val_041,5,16,6,random,0.36,0.1709333752,0.054283086966312864
nw_dual_val_041,5,16,8,M0,1.0,0.0,0.0
nw_dual_val_041,5,16,8,M1,0.0,0.43219752999999994,0.13725240070972175
nw_dual_val_041,5,16,8,random,0.55,0.11441149509999995,0.03633350790149949
nw_dual_val_041,6,16,1,M0,0.0,1.9556606899999998,0.4587196021297163
nw_dual_val_041,6,16,1,M1,0.0,1.9556606899999998,0.4587196021297163
nw_dual_val_041,6,16,1,random,0.09,2.5637650454999994,0.6013565071074951
nw_dual_val_041,6,16,2,M0,0.0,1.9365739199999998,0.4542426110110057
nw_dual_val_041,6,16,2,M1,0.0,1.62330649,0.38076262975219205
nw_dual_val_041,6,16,2,random,0.09,0.7239051509999999,0.1697991295444877
nw_dual_val_041,6,16,3,M0,0.0,1.62330649,0.38076262975219205
nw_dual_val_041,6,16,3,M1,0.0,0.12658892,0.02969268611541734
nw_dual_val_041,6,16,3,random,0.23,0.33414307939999993,0.07837657177471118
nw_dual_val_041,6,16,4,M0,0.0,0.29468797,0.06912198472978143
nw_dual_val_041,6,16,4,M1,1.0,0.0,0.0
nw_dual_val_041,6,16,4,random,0.24,0.26219035949999997,0.061499348024471094
nw_dual_val_041,6,16,6,M0,0.0,0.29468797,0.06912198472978143
nw_dual_val_041,6,16,6,M1,1.0,0.0,0.0
nw_dual_val_041,6,16,6,random,0.36,0.14925921429999997,0.03501022838368248
nw_dual_val_041,6,16,8,M0,0.0,0.07500345999999991,0.017592805083969886
nw_dual_val_041,6,16,8,M1,1.0,0.0,0.0
nw_dual_val_041,6,16,8,random,0.58,0.07449366209999997,0.01747322693268305
nw_dual_val_041,7,16,1,M0,0.0,1.9046466199999998,1.2320499134222598
nw_dual_val_041,7,16,1,M1,0.0,0.5624396300000001,0.36382271134723565
nw_dual_val_041,7,16,1,random,0.06,2.6863801317,1.7377262395689255
nw_dual_val_041,7,16,2,M0,1.0,0.0,0.0
nw_dual_val_041,7,16,2,M1,0.0,0.4604503200000001,0.2978493600514997
nw_dual_val_041,7,16,2,random,0.12,1.3624440722999998,0.8813178695163336
nw_dual_val_041,7,16,3,M0,1.0,0.0,0.0
nw_dual_val_041,7,16,3,M1,0.0,0.4604503200000001,0.2978493600514997
nw_dual_val_041,7,16,3,random,0.17,0.994036341,0.6430076713483103
nw_dual_val_041,7,16,4,M0,1.0,0.0,0.0
nw_dual_val_041,7,16,4,M1,0.0,0.4604503200000001,0.2978493600514997
nw_dual_val_041,7,16,4,random,0.35,0.7277211426,0.4707375957939526
nw_dual_val_041,7,16,6,M0,1.0,0.0,0.0
nw_dual_val_041,7,16,6,M1,0.0,0.4604503200000001,0.2978493600514997
nw_dual_val_041,7,16,6,random,0.4,0.3721574604000001,0.24073576801625712
nw_dual_val_041,7,16,8,M0,1.0,0.0,0.0
nw_dual_val_041,7,16,8,M1,0.0,0.4604503200000001,0.2978493600514997
nw_dual_val_041,7,16,8,random,0.5,0.29172628850000004,0.1887076293918618
nw_dual_val_041,8,16,1,M0,1.0,0.0,0.0
nw_dual_val_041,8,16,1,M1,0.0,3.3517520000000003,2.8494721973565853
nw_dual_val_041,8,16,1,random,0.07,2.1325934935,1.8130117824922014
nw_dual_val_041,8,16,2,M0,1.0,0.0,0.0
nw_dual_val_041,8,16,2,M1,0.0,3.3444844600000003,2.84329374108262
nw_dual_val_041,8,16,2,random,0.16,1.3281484904999998,1.1291176070427842
nw_dual_val_041,8,16,3,M0,1.0,0.0,0.0
nw_dual_val_041,8,16,3,M1,0.0,3.3444844600000003,2.84329374108262
nw_dual_val_041,8,16,3,random,0.18,0.9007576969,0.7657738442078947
nw_dual_val_041,8,16,4,M0,1.0,0.0,0.0
nw_dual_val_041,8,16,4,M1,1.0,0.0,0.0
nw_dual_val_041,8,16,4,random,0.24,0.7704651724999999,0.6550064229305435
nw_dual_val_041,8,16,6,M0,1.0,0.0,0.0
nw_dual_val_041,8,16,6,M1,1.0,0.0,0.0
nw_dual_val_041,8,16,6,random,0.34,0.4565365156,0.38812182651945937
nw_dual_val_041,8,16,8,M0,1.0,0.0,0.0
nw_dual_val_041,8,16,8,M1,1.0,0.0,0.0
nw_dual_val_041,8,16,8,random,0.44,0.36581600620000004,0.3109963204362746
nw_dual_val_041,9,16,1,M0,1.0,0.0,0.0
nw_dual_val_041,9,16,1,M1,0.0,1.4944476,3.7647426531336357
nw_dual_val_041,9,16,1,random,0.07,0.8012018826999998,2.0183503935311355
nw_dual_val_041,9,16,2,M0,1.0,0.0,0.0
nw_dual_val_041,9,16,2,M1,0.0,0.6487264799999997,1.6342414745577183
nw_dual_val_041,9,16,2,random,0.12,0.5601304626999998,1.4110545222503406
nw_dual_val_041,9,16,3,M0,1.0,0.0,0.0
nw_dual_val_041,9,16,3,M1,0.0,0.4792271699999997,1.207246722761991
nw_dual_val_041,9,16,3,random,0.14,0.4881521107999998,1.2297300171287209
nw_dual_val_041,9,16,4,M0,1.0,0.0,0.0
nw_dual_val_041,9,16,4,M1,0.0,0.4792271699999997,1.207246722761991
nw_dual_val_041,9,16,4,random,0.29,0.3617298462999999,0.9112529480973999
nw_dual_val_041,9,16,6,M0,1.0,0.0,0.0
nw_dual_val_041,9,16,6,M1,0.0,0.4792271699999997,1.207246722761991
nw_dual_val_041,9,16,6,random,0.33,0.33266830729999985,0.8380424752517768
nw_dual_val_041,9,16,8,M0,1.0,0.0,0.0
nw_dual_val_041,9,16,8,M1,0.0,0.4792271699999997,1.207246722761991
nw_dual_val_041,9,16,8,random,0.51,0.2389125280999999,0.6018572915544567
nw_dual_val_043,1,4,1,M0,0.0,0.5147879599999999,2.561599932881373
nw_dual_val_043,1,4,1,M1,0.0,0.5147879599999999,2.561599932881373
nw_dual_val_043,1,4,1,random,0.27,0.2817732426,1.4021118895863978
nw_dual_val_043,1,4,2,M0,1.0,0.0,0.0
nw_dual_val_043,1,4,2,M1,0.0,0.3964323099999999,1.972658759711489
nw_dual_val_043,1,4,2,random,0.42,0.13414936779999997,0.6675311744908693
nw_dual_val_043,1,4,3,M0,1.0,0.0,0.0
nw_dual_val_043,1,4,3,M1,1.0,0.0,0.0
nw_dual_val_043,1,4,3,random,0.73,0.04238429759999998,0.21090550347639078
nw_dual_val_043,1,4,4,M0,1.0,0.0,0.0
nw_dual_val_043,1,4,4,M1,1.0,0.0,0.0
nw_dual_val_043,1,4,4,random,1.0,0.0,0.0
nw_dual_val_043,2,16,1,M0,0.0,0.6920829999999999,0.01928716418032218
nw_dual_val_043,2,16,1,M1,0.0,0.93332826,0.02601025510633035
nw_dual_val_043,2,16,1,random,0.12,19.207924318000003,0.5352918506659881
nw_dual_val_043,2,16,2,M0,0.0,0.6920829999999999,0.01928716418032218
nw_dual_val_043,2,16,2,M1,0.0,0.32161706999999995,0.008962915188328814
nw_dual_val_043,2,16,2,random,0.12,4.0079588899,0.111694928408129
nw_dual_val_043,2,16,3,M0,0.0,0.28196707,0.007857937808809633
nw_dual_val_043,2,16,3,M1,0.0,0.28196707,0.007857937808809633
nw_dual_val_043,2,16,3,random,0.18,1.0101283804,0.02815054251582215
nw_dual_val_043,2,16,4,M0,0.0,0.28196707,0.007857937808809633
nw_dual_val_043,2,16,4,M1,0.0,0.28196707,0.007857937808809633
nw_dual_val_043,2,16,4,random,0.19,0.28274752919999996,0.007879687865849673
nw_dual_val_043,2,16,6,M0,0.0,0.22899820999999998,0.006381786683490125
nw_dual_val_043,2,16,6,M1,0.0,0.22899820999999998,0.006381786683490125
nw_dual_val_043,2,16,6,random,0.34,0.2077361551,0.005789249742592395
nw_dual_val_043,2,16,8,M0,0.0,0.22899820999999998,0.006381786683490125
nw_dual_val_043,2,16,8,M1,1.0,0.0,0.0
nw_dual_val_043,2,16,8,random,0.59,0.1125049502,0.0031353196735165734
nw_dual_val_043,3,16,1,M0,0.0,0.28297324999999995,0.009640802146132872
nw_dual_val_043,3,16,1,M1,0.0,0.28297324999999995,0.009640802146132872
nw_dual_val_043,3,16,1,random,0.05,17.3254272597,0.5902713995332942
nw_dual_val_043,3,16,2,M0,0.0,0.28297324999999995,0.009640802146132872
nw_dual_val_043,3,16,2,M1,0.0,0.28297324999999995,0.009640802146132872
nw_dual_val_043,3,16,2,random,0.18,2.2503465168,0.07666853855870856
nw_dual_val_043,3,16,3,M0,0.0,0.28297324999999995,0.009640802146132872
nw_dual_val_043,3,16,3,M1,0.0,0.28297324999999995,0.009640802146132872
nw_dual_val_043,3,16,3,random,0.16,0.5644939790000001,0.01923211739704119
nw_dual_val_043,3,16,4,M0,0.0,0.28297324999999995,0.009640802146132872
nw_dual_val_043,3,16,4,M1,1.0,0.0,0.0
nw_dual_val_043,3,16,4,random,0.26,0.36712814309999997,0.012507930660952073
nw_dual_val_043,3,16,6,M0,1.0,0.0,0.0
nw_dual_val_043,3,16,6,M1,1.0,0.0,0.0
nw_dual_val_043,3,16,6,random,0.36,0.25271029270000006,0.008609753509252296
nw_dual_val_043,3,16,8,M0,1.0,0.0,0.0
nw_dual_val_043,3,16,8,M1,1.0,0.0,0.0
nw_dual_val_043,3,16,8,random,0.53,0.1681109439,0.005727482540273836
nw_dual_val_043,4,16,1,M0,0.0,0.29542576,0.058852019843269224
nw_dual_val_043,4,16,1,M1,0.0,1.0410231200000002,0.2073831114644236
nw_dual_val_043,4,16,1,random,0.08,3.6698820785999993,0.7310803665605372
nw_dual_val_043,4,16,2,M0,0.0,0.11632303,0.023172810894314704
nw_dual_val_043,4,16,2,M1,0.0,0.64770432,0.12902973489248604
nw_dual_val_043,4,16,2,random,0.11,0.5828755121,0.11611513228996995
nw_dual_val_043,4,16,3,M0,0.0,0.11632303,0.023172810894314704
nw_dual_val_043,4,16,3,M1,0.0,0.59670148,0.1188694152516291
nw_dual_val_043,4,16,3,random,0.16,0.39066096559999997,0.07782390709422873
nw_dual_val_043,4,16,4,M0,0.0,0.11632303,0.023172810894314704
nw_dual_val_043,4,16,4,M1,1.0,0.0,0.0
nw_dual_val_043,4,16,4,random,0.18,0.35433395209999996,0.07058717147798217
nw_dual_val_043,4,16,6,M0,0.0,0.11632303,0.023172810894314704
nw_dual_val_043,4,16,6,M1,1.0,0.0,0.0
nw_dual_val_043,4,16,6,random,0.42,0.12717149660000002,0.025333943260064547
nw_dual_val_043,4,16,8,M0,0.0,0.11632303,0.023172810894314704
nw_dual_val_043,4,16,8,M1,1.0,0.0,0.0
nw_dual_val_043,4,16,8,random,0.48,0.09597987430000002,0.019120233343423023
nw_dual_val_043,5,16,1,M0,0.0,2.98532061,0.6033814695572346
nw_dual_val_043,5,16,1,M1,0.0,1.25179681,0.2530083356121869
nw_dual_val_043,5,16,1,random,0.08,1.6799220753,0.33953936040931737
nw_dual_val_043,5,16,2,M0,0.0,0.04018184999999996,0.008121400301634048
nw_dual_val_043,5,16,2,M1,0.0,0.6410699200000001,0.12957057581113168
nw_dual_val_043,5,16,2,random,0.17,0.4625886423999999,0.09349662944637561
nw_dual_val_043,5,16,3,M0,0.0,0.04018184999999996,0.008121400301634048
nw_dual_val_043,5,16,3,M1,0.0,0.04018184999999996,0.008121400301634048
nw_dual_val_043,5,16,3,random,0.15,0.31623804729999994,0.0639168125093888
nw_dual_val_043,5,16,4,M0,0.0,0.04018184999999996,0.008121400301634048
nw_dual_val_043,5,16,4,M1,0.0,0.04018184999999996,0.008121400301634048
nw_dual_val_043,5,16,4,random,0.25,0.1993497515,0.04029180169561069
nw_dual_val_043,5,16,6,M0,0.0,0.04018184999999996,0.008121400301634048
nw_dual_val_043,5,16,6,M1,0.0,0.04018184999999996,0.008121400301634048
nw_dual_val_043,5,16,6,random,0.34,0.13862857719999996,0.028019072508786425
nw_dual_val_043,5,16,8,M0,0.0,0.04018184999999996,0.008121400301634048
nw_dual_val_043,5,16,8,M1,1.0,0.0,0.0
nw_dual_val_043,5,16,8,random,0.5,0.060677831599999975,0.01226396892773081
nw_dual_val_043,6,16,1,M0,0.0,0.3799129400000001,0.06449203205294952
nw_dual_val_043,6,16,1,M1,0.0,0.5000224600000001,0.08488119545892453
nw_dual_val_043,6,16,1,random,0.04,1.8721932237,0.3178137217231276
nw_dual_val_043,6,16,2,M0,0.0,0.3799129400000001,0.06449203205294952
nw_dual_val_043,6,16,2,M1,0.0,0.3799129400000001,0.06449203205294952
nw_dual_val_043,6,16,2,random,0.15,0.2977630453,0.05054669593952619
nw_dual_val_043,6,16,3,M0,0.0,0.3799129400000001,0.06449203205294952
nw_dual_val_043,6,16,3,M1,0.0,0.3799129400000001,0.06449203205294952
nw_dual_val_043,6,16,3,random,0.23,0.23107133169999997,0.039225459734312094
nw_dual_val_043,6,16,4,M0,0.0,0.01245616000000005,0.0021144925202512734
nw_dual_val_043,6,16,4,M1,0.0,0.3799129400000001,0.06449203205294952
nw_dual_val_043,6,16,4,random,0.22,0.19708764730000006,0.03345656735701609
nw_dual_val_043,6,16,6,M0,1.0,0.0,0.0
nw_dual_val_043,6,16,6,M1,0.0,0.3799129400000001,0.06449203205294952
nw_dual_val_043,6,16,6,random,0.29,0.12279012640000002,0.02084420911689537
nw_dual_val_043,6,16,8,M0,1.0,0.0,0.0
nw_dual_val_043,6,16,8,M1,0.0,0.3799129400000001,0.06449203205294952
nw_dual_val_043,6,16,8,random,0.55,0.05704563510000002,0.009683768411126146
nw_dual_val_043,7,16,1,M0,0.0,1.23007478,1.5100284628606142
nw_dual_val_043,7,16,1,M1,0.0,0.23812363999999997,0.2923183857813703
nw_dual_val_043,7,16,1,random,0.1,1.0018576022999999,1.2298711588951439
nw_dual_val_043,7,16,2,M0,0.0,1.23007478,1.5100284628606142
nw_dual_val_043,7,16,2,M1,0.0,0.02033450999999986,0.024962457061613423
nw_dual_val_043,7,16,2,random,0.07,0.4569524049999999,0.5609505608452606
nw_dual_val_043,7,16,3,M0,0.0,1.23007478,1.5100284628606142
nw_dual_val_043,7,16,3,M1,0.0,0.02033450999999986,0.024962457061613423
nw_dual_val_043,7,16,3,random,0.18,0.2737875534999999,0.33609907729509986
nw_dual_val_043,7,16,4,M0,0.0,0.23812363999999997,0.2923183857813703
nw_dual_val_043,7,16,4,M1,1.0,0.0,0.0
nw_dual_val_043,7,16,4,random,0.21,0.1821498005999999,0.22360541642060594
nw_dual_val_043,7,16,6,M0,0.0,0.02033450999999986,0.024962457061613423
nw_dual_val_043,7,16,6,M1,1.0,0.0,0.0
nw_dual_val_043,7,16,6,random,0.37,0.0624283335999999,0.07663644695240193
nw_dual_val_043,7,16,8,M0,0.0,0.02033450999999986,0.024962457061613423
nw_dual_val_043,7,16,8,M1,1.0,0.0,0.0
nw_dual_val_043,7,16,8,random,0.5,0.044138709899999934,0.05418427346583552
nw_dual_val_043,8,16,1,M0,0.0,1.4700762699999999,3.270328184985185
nw_dual_val_043,8,16,1,M1,1.0,0.0,0.0
nw_dual_val_043,8,16,1,random,0.06,0.4588255412,1.020702211169929
nw_dual_val_043,8,16,2,M0,0.0,0.2602084,0.5788589897379265
nw_dual_val_043,8,16,2,M1,1.0,0.0,0.0
nw_dual_val_043,8,16,2,random,0.12,0.2216430031,0.49306649922502926
nw_dual_val_043,8,16,3,M0,0.0,0.21839374999999994,0.48583821848209835
nw_dual_val_043,8,16,3,M1,1.0,0.0,0.0
nw_dual_val_043,8,16,3,random,0.27,0.12840076380000004,0.2856400347369498
nw_dual_val_043,8,16,4,M0,0.0,0.21839374999999994,0.48583821848209835
nw_dual_val_043,8,16,4,M1,1.0,0.0,0.0
nw_dual_val_043,8,16,4,random,0.2,0.10798635150000002,0.24022618153285838
nw_dual_val_043,8,16,6,M0,0.0,0.21839374999999994,0.48583821848209835
nw_dual_val_043,8,16,6,M1,1.0,0.0,0.0
nw_dual_val_043,8,16,6,random,0.36,0.05605924980000003,0.12470927419981089
nw_dual_val_043,8,16,8,M0,0.0,0.21622158999999996,0.4810060364958553
nw_dual_val_043,8,16,8,M1,1.0,0.0,0.0
nw_dual_val_043,8,16,8,random,0.54,0.024841128600000026,0.05526151579021248
nw_dual_val_043,9,16,1,M0,0.0,0.41914176999999997,2.1058200955452238
nw_dual_val_043,9,16,1,M1,0.0,0.5842958300000001,2.9355745206622474
nw_dual_val_043,9,16,1,random,0.06,0.4401608335,2.211422470388087
nw_dual_val_043,9,16,2,M0,1.0,0.0,0.0
nw_dual_val_043,9,16,2,M1,0.0,0.30540703,1.5344026940927007
nw_dual_val_043,9,16,2,random,0.09,0.35174920299999995,1.7672315032439172
nw_dual_val_043,9,16,3,M0,1.0,0.0,0.0
nw_dual_val_043,9,16,3,M1,0.0,0.30540703,1.5344026940927007
nw_dual_val_043,9,16,3,random,0.21,0.2936034065,1.475099829654852
nw_dual_val_043,9,16,4,M0,1.0,0.0,0.0
nw_dual_val_043,9,16,4,M1,0.0,0.30540703,1.5344026940927007
nw_dual_val_043,9,16,4,random,0.18,0.2897115518,1.4555466702639326
nw_dual_val_043,9,16,6,M0,1.0,0.0,0.0
nw_dual_val_043,9,16,6,M1,0.0,0.30540703,1.5344026940927007
nw_dual_val_043,9,16,6,random,0.34,0.2288459228,1.1497502217825508
nw_dual_val_043,9,16,8,M0,1.0,0.0,0.0
nw_dual_val_043,9,16,8,M1,0.0,0.30540703,1.5344026940927007
nw_dual_val_043,9,16,8,random,0.56,0.14497272330000002,0.7283608933346284
nw_dual_val_046,1,4,1,M0,0.0,1.51650505,2.160124852859198
nw_dual_val_046,1,4,1,M1,1.0,0.0,0.0
nw_dual_val_046,1,4,1,random,0.29,0.9150501389000002,1.3034065047459957
nw_dual_val_046,1,4,2,M0,0.0,0.40812647999999996,0.5813394110081878
nw_dual_val_046,1,4,2,M1,1.0,0.0,0.0
nw_dual_val_046,1,4,2,random,0.52,0.37324128160000003,0.5316485879800918
nw_dual_val_046,1,4,3,M0,1.0,0.0,0.0
nw_dual_val_046,1,4,3,M1,1.0,0.0,0.0
nw_dual_val_046,1,4,3,random,0.77,0.0938690904,0.1337080645318832
nw_dual_val_046,1,4,4,M0,1.0,0.0,0.0
nw_dual_val_046,1,4,4,M1,1.0,0.0,0.0
nw_dual_val_046,1,4,4,random,1.0,0.0,0.0
nw_dual_val_046,2,16,1,M0,0.0,0.46099455,0.012820434058681029
nw_dual_val_046,2,16,1,M1,0.0,0.43788638,0.012177787047557382
nw_dual_val_046,2,16,1,random,0.07,31.5493050843,0.8773981936022417
nw_dual_val_046,2,16,2,M0,0.0,0.46099455,0.012820434058681029
nw_dual_val_046,2,16,2,M1,0.0,0.43788638,0.012177787047557382
nw_dual_val_046,2,16,2,random,0.15,6.601351855999999,0.1835861100049873
nw_dual_val_046,2,16,3,M0,0.0,0.46099455,0.012820434058681029
nw_dual_val_046,2,16,3,M1,1.0,0.0,0.0
nw_dual_val_046,2,16,3,random,0.21,1.8321834317999999,0.05095371923767821
nw_dual_val_046,2,16,4,M0,1.0,0.0,0.0
nw_dual_val_046,2,16,4,M1,1.0,0.0,0.0
nw_dual_val_046,2,16,4,random,0.26,1.1675852533,0.03247099070438259
nw_dual_val_046,2,16,6,M0,1.0,0.0,0.0
nw_dual_val_046,2,16,6,M1,1.0,0.0,0.0
nw_dual_val_046,2,16,6,random,0.3,0.43437732080000013,0.012080198774373661
nw_dual_val_046,2,16,8,M0,1.0,0.0,0.0
nw_dual_val_046,2,16,8,M1,1.0,0.0,0.0
nw_dual_val_046,2,16,8,random,0.53,0.2633774703,0.007324627786865098
nw_dual_val_046,3,16,1,M0,0.0,0.5041412700000001,0.0420635801141119
nw_dual_val_046,3,16,1,M1,0.0,1.11609137,0.09312230827018762
nw_dual_val_046,3,16,1,random,0.06,9.927444735400002,0.8283072460144282
nw_dual_val_046,3,16,2,M0,0.0,0.41742158000000007,0.03482802761156445
nw_dual_val_046,3,16,2,M1,1.0,0.0,0.0
nw_dual_val_046,3,16,2,random,0.11,3.3151991923999997,0.2766072827637309
nw_dual_val_046,3,16,3,M0,1.0,0.0,0.0
nw_dual_val_046,3,16,3,M1,1.0,0.0,0.0
nw_dual_val_046,3,16,3,random,0.1,1.9912421753,0.1661414761130942
nw_dual_val_046,3,16,4,M0,1.0,0.0,0.0
nw_dual_val_046,3,16,4,M1,1.0,0.0,0.0
nw_dual_val_046,3,16,4,random,0.26,1.0833154455000003,0.09038761304077342
nw_dual_val_046,3,16,6,M0,1.0,0.0,0.0
nw_dual_val_046,3,16,6,M1,1.0,0.0,0.0
nw_dual_val_046,3,16,6,random,0.33,0.24831763800000003,0.02071865463376969
nw_dual_val_046,3,16,8,M0,1.0,0.0,0.0
nw_dual_val_046,3,16,8,M1,1.0,0.0,0.0
nw_dual_val_046,3,16,8,random,0.39,0.09009254180000002,0.0075169700938950606
nw_dual_val_046,4,16,1,M0,0.0,0.01211625999999999,0.0022292651056012784
nw_dual_val_046,4,16,1,M1,0.0,0.32233063000000006,0.05930546438632692
nw_dual_val_046,4,16,1,random,0.1,3.5168608031999997,0.6470656019126901
nw_dual_val_046,4,16,2,M0,0.0,0.01211625999999999,0.0022292651056012784
nw_dual_val_046,4,16,2,M1,0.0,0.04465812000000002,0.008216626962260195
nw_dual_val_046,4,16,2,random,0.2,0.6311013728,0.11611605136239277
nw_dual_val_046,4,16,3,M0,0.0,0.01211625999999999,0.0022292651056012784
nw_dual_val_046,4,16,3,M1,0.0,0.04465812000000002,0.008216626962260195
nw_dual_val_046,4,16,3,random,0.21,0.5233804511,0.0962965285154897
nw_dual_val_046,4,16,4,M0,0.0,0.01211625999999999,0.0022292651056012784
nw_dual_val_046,4,16,4,M1,0.0,0.01211625999999999,0.0022292651056012784
nw_dual_val_046,4,16,4,random,0.33,0.19665015010000006,0.0361815706851111
nw_dual_val_046,4,16,6,M0,1.0,0.0,0.0
nw_dual_val_046,4,16,6,M1,1.0,0.0,0.0
nw_dual_val_046,4,16,6,random,0.38,0.08501292899999999,0.015641489712556442
nw_dual_val_046,4,16,8,M0,1.0,0.0,0.0
nw_dual_val_046,4,16,8,M1,1.0,0.0,0.0
nw_dual_val_046,4,16,8,random,0.41,0.0341008345,0.006274196858001915
nw_dual_val_046,5,16,1,M0,0.0,3.2930653199999997,1.0566675431845072
nw_dual_val_046,5,16,1,M1,0.0,1.9761252899999997,0.6340923280589744
nw_dual_val_046,5,16,1,random,0.04,2.2788462304999997,0.7312283886545288
nw_dual_val_046,5,16,2,M0,1.0,0.0,0.0
nw_dual_val_046,5,16,2,M1,0.0,1.7501094199999998,0.5615691282842403
nw_dual_val_046,5,16,2,random,0.15,0.9119082846,0.29261001318306085
nw_dual_val_046,5,16,3,M0,1.0,0.0,0.0
nw_dual_val_046,5,16,3,M1,0.0,1.5739733299999998,0.5050511818116737
nw_dual_val_046,5,16,3,random,0.15,0.4783639735,0.1534957966233794
nw_dual_val_046,5,16,4,M0,1.0,0.0,0.0
nw_dual_val_046,5,16,4,M1,0.0,0.19380195,0.06218650724209343
nw_dual_val_046,5,16,4,random,0.3,0.308975153,0.0991428909237571
nw_dual_val_046,5,16,6,M0,1.0,0.0,0.0
nw_dual_val_046,5,16,6,M1,1.0,0.0,0.0
nw_dual_val_046,5,16,6,random,0.35,0.16874888849999997,0.054147566506944154
nw_dual_val_046,5,16,8,M0,1.0,0.0,0.0
nw_dual_val_046,5,16,8,M1,1.0,0.0,0.0
nw_dual_val_046,5,16,8,random,0.47,0.090735434,0.029114875900657818
nw_dual_val_046,6,16,1,M0,0.0,6.1295945099999996,3.9405010599318224
nw_dual_val_046,6,16,1,M1,0.0,0.5142743200000001,0.3306089007600142
nw_dual_val_046,6,16,1,random,0.1,1.8724769442000002,1.2037496723935825
nw_dual_val_046,6,16,2,M0,0.0,3.09830875,1.9917938932914898
nw_dual_val_046,6,16,2,M1,0.0,0.5142743200000001,0.3306089007600142
nw_dual_val_046,6,16,2,random,0.13,1.0582473987,0.68031009056869
nw_dual_val_046,6,16,3,M0,0.0,2.22304196,1.4291156103983325
nw_dual_val_046,6,16,3,M1,0.0,0.5142743200000001,0.3306089007600142
nw_dual_val_046,6,16,3,random,0.18,0.6450485645,0.4146790702016194
nw_dual_val_046,6,16,4,M0,0.0,1.30447136,0.8385988287389513
nw_dual_val_046,6,16,4,M1,0.0,0.5142743200000001,0.3306089007600142
nw_dual_val_046,6,16,4,random,0.25,0.38409293350000007,0.2469198589074489
nw_dual_val_046,6,16,6,M0,1.0,0.0,0.0
nw_dual_val_046,6,16,6,M1,0.0,0.5142743200000001,0.3306089007600142
nw_dual_val_046,6,16,6,random,0.32,0.22481246990000003,0.14452404224808033
nw_dual_val_046,6,16,8,M0,1.0,0.0,0.0
nw_dual_val_046,6,16,8,M1,0.0,0.5142743200000001,0.3306089007600142
nw_dual_val_046,6,16,8,random,0.53,0.11720336350000003,0.07534592660996835
nw_dual_val_046,7,16,1,M0,0.0,1.75074514,1.0706917154886593
nw_dual_val_046,7,16,1,M1,0.0,6.13848841,3.7540750712637436
nw_dual_val_046,7,16,1,random,0.04,2.4625735783,1.5060199619158006
nw_dual_val_046,7,16,2,M0,0.0,1.75074514,1.0706917154886593
nw_dual_val_046,7,16,2,M1,0.0,1.75074514,1.0706917154886593
nw_dual_val_046,7,16,2,random,0.14,1.4536059687,0.8889722625601334
nw_dual_val_046,7,16,3,M0,0.0,1.75074514,1.0706917154886593
nw_dual_val_046,7,16,3,M1,0.0,0.8894890099999999,0.5439789563118302
nw_dual_val_046,7,16,3,random,0.22,1.2183093851000002,0.7450734751310821
nw_dual_val_046,7,16,4,M0,0.0,1.75074514,1.0706917154886593
nw_dual_val_046,7,16,4,M1,0.0,0.8894890099999999,0.5439789563118302
nw_dual_val_046,7,16,4,random,0.25,1.0635914824000001,0.6504536627586939
nw_dual_val_046,7,16,6,M0,1.0,0.0,0.0
nw_dual_val_046,7,16,6,M1,0.0,0.8894890099999999,0.5439789563118302
nw_dual_val_046,7,16,6,random,0.31,0.7996564036000001,0.4890406187687466
nw_dual_val_046,7,16,8,M0,1.0,0.0,0.0
nw_dual_val_046,7,16,8,M1,1.0,0.0,0.0
nw_dual_val_046,7,16,8,random,0.6,0.387496394,0.23697862661925165
nw_dual_val_046,8,16,1,M0,0.0,6.03092349,2.432536427992543
nw_dual_val_046,8,16,1,M1,0.0,5.903844009999999,2.381279690137566
nw_dual_val_046,8,16,1,random,0.04,2.8742609995999997,1.1593157493505624
nw_dual_val_046,8,16,2,M0,0.0,5.79002326,2.3353707806487423
nw_dual_val_046,8,16,2,M1,0.0,0.3896616500000001,0.1571676642538008
nw_dual_val_046,8,16,2,random,0.13,1.5013852897000004,0.6055746546450365
nw_dual_val_046,8,16,3,M0,1.0,0.0,0.0
nw_dual_val_046,8,16,3,M1,0.0,0.3896616500000001,0.1571676642538008
nw_dual_val_046,8,16,3,random,0.25,1.3351558708,0.5385270262762204
nw_dual_val_046,8,16,4,M0,1.0,0.0,0.0
nw_dual_val_046,8,16,4,M1,0.0,0.3896616500000001,0.1571676642538008
nw_dual_val_046,8,16,4,random,0.26,0.9494269073999999,0.38294558732112227
nw_dual_val_046,8,16,6,M0,1.0,0.0,0.0
nw_dual_val_046,8,16,6,M1,0.0,0.3896616500000001,0.1571676642538008
nw_dual_val_046,8,16,6,random,0.33,0.3938323529,0.1588498919841652
nw_dual_val_046,8,16,8,M0,1.0,0.0,0.0
nw_dual_val_046,8,16,8,M1,0.0,0.3896616500000001,0.1571676642538008
nw_dual_val_046,8,16,8,random,0.48,0.21669727580000003,0.08740353249453128
nw_dual_val_046,9,16,1,M0,0.0,0.28238531,0.4184340257530631
nw_dual_val_046,9,16,1,M1,0.0,0.17639417999999996,0.2613780683450227
nw_dual_val_046,9,16,1,random,0.03,0.8075211147,1.1965718432893055
nw_dual_val_046,9,16,2,M0,1.0,0.0,0.0
nw_dual_val_046,9,16,2,M1,0.0,0.17639417999999996,0.2613780683450227
nw_dual_val_046,9,16,2,random,0.19,0.5033614170999998,0.7458728790315603
nw_dual_val_046,9,16,3,M0,1.0,0.0,0.0
nw_dual_val_046,9,16,3,M1,0.0,0.17639417999999996,0.2613780683450227
nw_dual_val_046,9,16,3,random,0.22,0.2426409598,0.35954148472419173
nw_dual_val_046,9,16,4,M0,1.0,0.0,0.0
nw_dual_val_046,9,16,4,M1,0.0,0.17639417999999996,0.2613780683450227
nw_dual_val_046,9,16,4,random,0.22,0.21225397299999998,0.3145145347839516
nw_dual_val_046,9,16,6,M0,1.0,0.0,0.0
nw_dual_val_046,9,16,6,M1,1.0,0.0,0.0
nw_dual_val_046,9,16,6,random,0.38,0.10936298629999998,0.1620523200229009
nw_dual_val_046,9,16,8,M0,1.0,0.0,0.0
nw_dual_val_046,9,16,8,M1,1.0,0.0,0.0
nw_dual_val_046,9,16,8,random,0.53,0.0687836402,0.10192249545430045
nw_dual_val_054,1,4,1,M0,1.0,0.0,0.0
nw_dual_val_054,1,4,1,M1,1.0,0.0,0.0
nw_dual_val_054,1,4,1,random,0.22,4.577009351700001,0.7215644119860352
nw_dual_val_054,1,4,2,M0,1.0,0.0,0.0
nw_dual_val_054,1,4,2,M1,1.0,0.0,0.0
nw_dual_val_054,1,4,2,random,0.51,0.022253062799999973,0.0035081899424580306
nw_dual_val_054,1,4,3,M0,1.0,0.0,0.0
nw_dual_val_054,1,4,3,M1,1.0,0.0,0.0
nw_dual_val_054,1,4,3,random,0.73,0.007829289899999975,0.0012342856500529979
nw_dual_val_054,1,4,4,M0,1.0,0.0,0.0
nw_dual_val_054,1,4,4,M1,1.0,0.0,0.0
nw_dual_val_054,1,4,4,random,1.0,0.0,0.0
nw_dual_val_054,2,16,1,M0,0.0,0.60641803,0.02059728631493092
nw_dual_val_054,2,16,1,M1,0.0,15.1995732,0.5162609711079184
nw_dual_val_054,2,16,1,random,0.03,16.7680189053,0.5695340000471929
nw_dual_val_054,2,16,2,M0,0.0,0.31832381,0.010812024595359855
nw_dual_val_054,2,16,2,M1,0.0,0.06874289,0.0023348860314159883
nw_dual_val_054,2,16,2,random,0.21,3.0119007341,0.1023006881447907
nw_dual_val_054,2,16,3,M0,0.0,0.31832381,0.010812024595359855
nw_dual_val_054,2,16,3,M1,0.0,0.06874289,0.0023348860314159883
nw_dual_val_054,2,16,3,random,0.2,0.7406714978,0.025157271305893274
nw_dual_val_054,2,16,4,M0,0.0,0.31832381,0.010812024595359855
nw_dual_val_054,2,16,4,M1,0.0,0.06874289,0.0023348860314159883
nw_dual_val_054,2,16,4,random,0.21,0.43475190479999987,0.014766562034983008
nw_dual_val_054,2,16,6,M0,1.0,0.0,0.0
nw_dual_val_054,2,16,6,M1,0.0,0.06874289,0.0023348860314159883
nw_dual_val_054,2,16,6,random,0.45,0.15899690819999998,0.005400408100306957
nw_dual_val_054,2,16,8,M0,1.0,0.0,0.0
nw_dual_val_054,2,16,8,M1,1.0,0.0,0.0
nw_dual_val_054,2,16,8,random,0.5,0.07567727719999999,0.002570415899446119
nw_dual_val_054,3,16,1,M0,0.0,0.06970061000000005,0.004224151375785842
nw_dual_val_054,3,16,1,M1,0.0,0.27298580000000006,0.016544092550122562
nw_dual_val_054,3,16,1,random,0.08,3.5006229246000005,0.2121525355812028
nw_dual_val_054,3,16,2,M0,0.0,0.06970061000000005,0.004224151375785842
nw_dual_val_054,3,16,2,M1,0.0,0.10335124000000007,0.006263521691347791
nw_dual_val_054,3,16,2,random,0.09,0.2629185779,0.015933976367723916
nw_dual_val_054,3,16,3,M0,0.0,0.06970061000000005,0.004224151375785842
nw_dual_val_054,3,16,3,M1,0.0,0.10335124000000007,0.006263521691347791
nw_dual_val_054,3,16,3,random,0.15,0.1456918294,0.008829540252241204
nw_dual_val_054,3,16,4,M0,0.0,0.06970061000000005,0.004224151375785842
nw_dual_val_054,3,16,4,M1,0.0,0.10335124000000007,0.006263521691347791
nw_dual_val_054,3,16,4,random,0.24,0.09034389540000003,0.005475221666607539
nw_dual_val_054,3,16,6,M0,0.0,0.06485132000000005,0.003930263918773852
nw_dual_val_054,3,16,6,M1,1.0,0.0,0.0
nw_dual_val_054,3,16,6,random,0.37,0.04749745440000001,0.002878546362077537
nw_dual_val_054,3,16,8,M0,0.0,0.06485132000000005,0.003930263918773852
nw_dual_val_054,3,16,8,M1,1.0,0.0,0.0
nw_dual_val_054,3,16,8,random,0.54,0.026134518499999995,0.001583862211209851
nw_dual_val_054,4,16,1,M0,0.0,0.15385672000000006,0.017559830333627343
nw_dual_val_054,4,16,1,M1,0.0,1.12546899,0.12845096730359856
nw_dual_val_054,4,16,1,random,0.04,4.8184168731,0.5499310187317341
nw_dual_val_054,4,16,2,M0,0.0,0.15385672000000006,0.017559830333627343
nw_dual_val_054,4,16,2,M1,0.0,0.33543711,0.03828379247394777
nw_dual_val_054,4,16,2,random,0.12,0.5029886747000001,0.057406629931198806
nw_dual_val_054,4,16,3,M0,0.0,0.15385672000000006,0.017559830333627343
nw_dual_val_054,4,16,3,M1,0.0,0.15385672000000006,0.017559830333627343
nw_dual_val_054,4,16,3,random,0.18,0.32854751539999993,0.037497475748597874
nw_dual_val_054,4,16,4,M0,0.0,0.15385672000000006,0.017559830333627343
nw_dual_val_054,4,16,4,M1,0.0,0.15385672000000006,0.017559830333627343
nw_dual_val_054,4,16,4,random,0.25,0.1994831121,0.022767218766264887
nw_dual_val_054,4,16,6,M0,0.0,0.15385672000000006,0.017559830333627343
nw_dual_val_054,4,16,6,M1,0.0,0.15385672000000006,0.017559830333627343
nw_dual_val_054,4,16,6,random,0.36,0.14193961249999998,0.016199718238636633
nw_dual_val_054,4,16,8,M0,0.0,0.15385672000000006,0.017559830333627343
nw_dual_val_054,4,16,8,M1,1.0,0.0,0.0
nw_dual_val_054,4,16,8,random,0.55,0.07911264359999999,0.009029209766467974
nw_dual_val_054,5,16,1,M0,0.0,0.5863510900000001,0.19853233672067225
nw_dual_val_054,5,16,1,M1,0.0,1.6885270399999999,0.5717175674854462
nw_dual_val_054,5,16,1,random,0.03,1.4562098931,0.49305741519624924
nw_dual_val_054,5,16,2,M0,1.0,0.0,0.0
nw_dual_val_054,5,16,2,M1,0.0,0.5479638700000001,0.18553482615612207
nw_dual_val_054,5,16,2,random,0.13,0.4157398838000001,0.14076516954849486
nw_dual_val_054,5,16,3,M0,1.0,0.0,0.0
nw_dual_val_054,5,16,3,M1,0.0,0.3338325300000001,0.11303219757683734
nw_dual_val_054,5,16,3,random,0.21,0.3081041994,0.10432085435422987
nw_dual_val_054,5,16,4,M0,1.0,0.0,0.0
nw_dual_val_054,5,16,4,M1,0.0,0.3338325300000001,0.11303219757683734
nw_dual_val_054,5,16,4,random,0.19,0.2646488318,0.08960732210398065
nw_dual_val_054,5,16,6,M0,1.0,0.0,0.0
nw_dual_val_054,5,16,6,M1,1.0,0.0,0.0
nw_dual_val_054,5,16,6,random,0.41,0.1640897089,0.055559056502703666
nw_dual_val_054,5,16,8,M0,1.0,0.0,0.0
nw_dual_val_054,5,16,8,M1,1.0,0.0,0.0
nw_dual_val_054,5,16,8,random,0.48,0.1214746009,0.04113002735082844
nw_dual_val_054,6,16,1,M0,1.0,0.0,0.0
nw_dual_val_054,6,16,1,M1,0.0,1.0787868399999998,0.12513911361618563
nw_dual_val_054,6,16,1,random,0.06,4.732219434799999,0.5489367533517178
nw_dual_val_054,6,16,2,M0,1.0,0.0,0.0
nw_dual_val_054,6,16,2,M1,0.0,1.0787868399999998,0.12513911361618563
nw_dual_val_054,6,16,2,random,0.14,1.0975133312,0.1273113838210292
nw_dual_val_054,6,16,3,M0,1.0,0.0,0.0
nw_dual_val_054,6,16,3,M1,0.0,0.9807655300000002,0.11376865617818305
nw_dual_val_054,6,16,3,random,0.14,0.7133779156000002,0.08275173252164082
nw_dual_val_054,6,16,4,M0,1.0,0.0,0.0
nw_dual_val_054,6,16,4,M1,0.0,0.9807655300000002,0.11376865617818305
nw_dual_val_054,6,16,4,random,0.18,0.42086787499999995,0.04882061114782195
nw_dual_val_054,6,16,6,M0,1.0,0.0,0.0
nw_dual_val_054,6,16,6,M1,0.0,0.060039490000000084,0.006964571945063636
nw_dual_val_054,6,16,6,random,0.35,0.19797324800000005,0.022964867437979968
nw_dual_val_054,6,16,8,M0,1.0,0.0,0.0
nw_dual_val_054,6,16,8,M1,0.0,0.060039490000000084,0.006964571945063636
nw_dual_val_054,6,16,8,random,0.46,0.1071018361,0.012423797120309695
nw_dual_val_054,7,16,1,M0,0.0,2.66100854,2.8783568655267993
nw_dual_val_054,7,16,1,M1,0.0,0.028289290000000022,0.030599928887255164
nw_dual_val_054,7,16,1,random,0.06,0.7583739295,0.8203170992502196
nw_dual_val_054,7,16,2,M0,0.0,0.57419017,0.6210894076790524
nw_dual_val_054,7,16,2,M1,0.0,0.028289290000000022,0.030599928887255164
nw_dual_val_054,7,16,2,random,0.12,0.3380577562000001,0.3656699514022812
nw_dual_val_054,7,16,3,M0,0.0,0.57419017,0.6210894076790524
nw_dual_val_054,7,16,3,M1,0.0,0.028289290000000022,0.030599928887255164
nw_dual_val_054,7,16,3,random,0.22,0.19972710840000013,0.21604060455024154
nw_dual_val_054,7,16,4,M0,0.0,0.11503835000000029,0.12443455913199575
nw_dual_val_054,7,16,4,M1,0.0,0.028289290000000022,0.030599928887255164
nw_dual_val_054,7,16,4,random,0.32,0.10787164510000011,0.11668248545690711
nw_dual_val_054,7,16,6,M0,0.0,0.028289290000000022,0.030599928887255164
nw_dual_val_054,7,16,6,M1,0.0,0.028289290000000022,0.030599928887255164
nw_dual_val_054,7,16,6,random,0.37,0.05054059680000007,0.054668698578134584
nw_dual_val_054,7,16,8,M0,0.0,0.028289290000000022,0.030599928887255164
nw_dual_val_054,7,16,8,M1,0.0,0.028289290000000022,0.030599928887255164
nw_dual_val_054,7,16,8,random,0.52,0.03889070920000005,0.04206726064510352
nw_dual_val_054,8,16,1,M0,0.0,0.43056547999999983,2.209415202573835
nw_dual_val_054,8,16,1,M1,0.0,0.43056547999999983,2.209415202573835
nw_dual_val_054,8,16,1,random,0.1,0.2886152797999999,1.48100815440481
nw_dual_val_054,8,16,2,M0,0.0,0.08607653000000015,0.4416954047658516
nw_dual_val_054,8,16,2,M1,0.0,0.34815934000000004,1.7865541350738872
nw_dual_val_054,8,16,2,random,0.1,0.20010846379999994,1.0268419151563566
nw_dual_val_054,8,16,3,M0,0.0,0.08607653000000015,0.4416954047658516
nw_dual_val_054,8,16,3,M1,0.0,0.15362427999999984,0.7883117330178427
nw_dual_val_054,8,16,3,random,0.17,0.14233646789999996,0.730389152560309
nw_dual_val_054,8,16,4,M0,0.0,0.08607653000000015,0.4416954047658516
nw_dual_val_054,8,16,4,M1,0.0,0.08607653000000015,0.4416954047658516
nw_dual_val_054,8,16,4,random,0.3,0.09432312799999998,0.48401221797325183
nw_dual_val_054,8,16,6,M0,0.0,0.08607653000000015,0.4416954047658516
nw_dual_val_054,8,16,6,M1,0.0,0.08607653000000015,0.4416954047658516
nw_dual_val_054,8,16,6,random,0.35,0.0678581681,0.34820921598022886
nw_dual_val_054,8,16,8,M0,0.0,0.08607653000000015,0.4416954047658516
nw_dual_val_054,8,16,8,M1,0.0,0.06666667000000004,0.34209513081023857
nw_dual_val_054,8,16,8,random,0.5,0.044662473100000016,0.2291822072026885
nw_dual_val_054,9,16,1,M0,0.0,0.2390013500000001,2.113045237329445
nw_dual_val_054,9,16,1,M1,0.0,0.0311710500000002,0.27558772678505117
nw_dual_val_054,9,16,1,random,0.1,0.13261253360000003,1.1724464423890113
nw_dual_val_054,9,16,2,M0,0.0,0.05378410000000011,0.47551294730783233
nw_dual_val_054,9,16,2,M1,0.0,0.0311710500000002,0.27558772678505117
nw_dual_val_054,9,16,2,random,0.1,0.07889867600000004,0.6975545182209181
nw_dual_val_054,9,16,3,M0,0.0,0.04775477000000006,0.42220677543563306
nw_dual_val_054,9,16,3,M1,0.0,0.0311710500000002,0.27558772678505117
nw_dual_val_054,9,16,3,random,0.16,0.036656794500000034,0.3240879812352074
nw_dual_val_054,9,16,4,M0,0.0,0.04775477000000006,0.42220677543563306
nw_dual_val_054,9,16,4,M1,0.0,0.0311710500000002,0.27558772678505117
nw_dual_val_054,9,16,4,random,0.31,0.025099545300000026,0.22190868233714867
nw_dual_val_054,9,16,6,M0,0.0,0.005106979999999872,0.0451515431445741
nw_dual_val_054,9,16,6,M1,0.0,0.0311710500000002,0.27558772678505117
nw_dual_val_054,9,16,6,random,0.33,0.0168271539,0.14877128269863155
nw_dual_val_054,9,16,8,M0,1.0,0.0,0.0
nw_dual_val_054,9,16,8,M1,0.0,0.005106979999999872,0.0451515431445741
nw_dual_val_054,9,16,8,random,0.53,0.006332250599999978,0.05598433637260404
nw_dual_val_059,1,4,1,M0,0.0,0.67928454,2.34019957659335
nw_dual_val_059,1,4,1,M1,0.0,0.7356511800000001,2.5343879899819277
nw_dual_val_059,1,4,1,random,0.21,0.5099945796,1.7569796292505402
nw_dual_val_059,1,4,2,M0,0.0,0.52007516,1.7917081834789272
nw_dual_val_059,1,4,2,M1,0.0,0.67928454,2.34019957659335
nw_dual_val_059,1,4,2,random,0.45,0.3210674016000001,1.1061076073985834
nw_dual_val_059,1,4,3,M0,1.0,0.0,0.0
nw_dual_val_059,1,4,3,M1,0.0,0.52007516,1.7917081834789272
nw_dual_val_059,1,4,3,random,0.7,0.15602254799999998,0.5375124550436782
nw_dual_val_059,1,4,4,M0,1.0,0.0,0.0
nw_dual_val_059,1,4,4,M1,1.0,0.0,0.0
nw_dual_val_059,1,4,4,random,1.0,0.0,0.0
nw_dual_val_059,2,16,1,M0,0.0,0.95105628,0.09292129291191334
nw_dual_val_059,2,16,1,M1,1.0,0.0,0.0
nw_dual_val_059,2,16,1,random,0.05,5.2648991216,0.5143977740516774
nw_dual_val_059,2,16,2,M0,1.0,0.0,0.0
nw_dual_val_059,2,16,2,M1,1.0,0.0,0.0
nw_dual_val_059,2,16,2,random,0.17,1.7566442136,0.1716298550848571
nw_dual_val_059,2,16,3,M0,1.0,0.0,0.0
nw_dual_val_059,2,16,3,M1,1.0,0.0,0.0
nw_dual_val_059,2,16,3,random,0.17,0.7092145076999998,0.06929256490201621
nw_dual_val_059,2,16,4,M0,1.0,0.0,0.0
nw_dual_val_059,2,16,4,M1,1.0,0.0,0.0
nw_dual_val_059,2,16,4,random,0.29,0.4600968024999999,0.04495295457481994
nw_dual_val_059,2,16,6,M0,1.0,0.0,0.0
nw_dual_val_059,2,16,6,M1,1.0,0.0,0.0
nw_dual_val_059,2,16,6,random,0.36,0.1939255387999999,0.018947156096730058
nw_dual_val_059,2,16,8,M0,1.0,0.0,0.0
nw_dual_val_059,2,16,8,M1,1.0,0.0,0.0
nw_dual_val_059,2,16,8,random,0.47,0.1319098723999999,0.012888023715329974
nw_dual_val_059,3,16,1,M0,0.0,0.4227967,0.0427837288470305
nw_dual_val_059,3,16,1,M1,0.0,0.37493100999999995,0.037940094301074916
nw_dual_val_059,3,16,1,random,0.02,6.032985394600001,0.6104910735127823
nw_dual_val_059,3,16,2,M0,0.0,0.14552448000000007,0.014725942498901046
nw_dual_val_059,3,16,2,M1,0.0,0.37493100999999995,0.037940094301074916
nw_dual_val_059,3,16,2,random,0.12,0.6592775127999998,0.06671374289955402
nw_dual_val_059,3,16,3,M0,1.0,0.0,0.0
nw_dual_val_059,3,16,3,M1,0.0,0.37493100999999995,0.037940094301074916
nw_dual_val_059,3,16,3,random,0.13,0.6034244771999999,0.0610618512684369
nw_dual_val_059,3,16,4,M0,1.0,0.0,0.0
nw_dual_val_059,3,16,4,M1,0.0,0.37493100999999995,0.037940094301074916
nw_dual_val_059,3,16,4,random,0.25,0.2697750320999999,0.02729912939969812
nw_dual_val_059,3,16,6,M0,1.0,0.0,0.0
nw_dual_val_059,3,16,6,M1,0.0,0.14552448000000007,0.014725942498901046
nw_dual_val_059,3,16,6,random,0.29,0.1897910507,0.019205374239538338
nw_dual_val_059,3,16,8,M0,1.0,0.0,0.0
nw_dual_val_059,3,16,8,M1,0.0,0.14552448000000007,0.014725942498901046
nw_dual_val_059,3,16,8,random,0.45,0.12243956310000001,0.012389928937050081
nw_dual_val_059,4,16,1,M0,0.0,0.06144848000000003,0.005158505263296123
nw_dual_val_059,4,16,1,M1,0.0,0.2975959899999999,0.024982725052772974
nw_dual_val_059,4,16,1,random,0.05,4.744181596100001,0.3982667387950758
nw_dual_val_059,4,16,2,M0,0.0,0.06144848000000003,0.005158505263296123
nw_dual_val_059,4,16,2,M1,0.0,0.2975959899999999,0.024982725052772974
nw_dual_val_059,4,16,2,random,0.17,0.4852353757000001,0.04073476251139036
nw_dual_val_059,4,16,3,M0,0.0,0.06144848000000003,0.005158505263296123
nw_dual_val_059,4,16,3,M1,0.0,0.01783060000000003,0.0014968514102826945
nw_dual_val_059,4,16,3,random,0.25,0.1384470438,0.011622416113955763
nw_dual_val_059,4,16,4,M0,0.0,0.06144848000000003,0.005158505263296123
nw_dual_val_059,4,16,4,M1,0.0,0.01783060000000003,0.0014968514102826945
nw_dual_val_059,4,16,4,random,0.26,0.0789765182,0.006629957076424052
nw_dual_val_059,4,16,6,M0,0.0,0.06144848000000003,0.005158505263296123
nw_dual_val_059,4,16,6,M1,0.0,0.01783060000000003,0.0014968514102826945
nw_dual_val_059,4,16,6,random,0.41,0.04020452840000001,0.003375108242868471
nw_dual_val_059,4,16,8,M0,1.0,0.0,0.0
nw_dual_val_059,4,16,8,M1,1.0,0.0,0.0
nw_dual_val_059,4,16,8,random,0.5,0.025970334700000004,0.002180169602885407
nw_dual_val_059,5,16,1,M0,0.0,1.7595546,0.2890591878088897
nw_dual_val_059,5,16,1,M1,0.0,1.24370584,0.2043156830618231
nw_dual_val_059,5,16,1,random,0.1,2.3705155167000003,0.3894276937729994
nw_dual_val_059,5,16,2,M0,0.0,0.73298752,0.12041500570954279
nw_dual_val_059,5,16,2,M1,0.0,0.9719194,0.15966667495268597
nw_dual_val_059,5,16,2,random,0.11,0.4246599081999999,0.06976302307373106
nw_dual_val_059,5,16,3,M0,0.0,0.5383959599999999,0.08844755310076051
nw_dual_val_059,5,16,3,M1,0.0,0.5339836199999999,0.08772269499363687
nw_dual_val_059,5,16,3,random,0.14,0.31950893199999997,0.05248884711028902
nw_dual_val_059,5,16,4,M0,0.0,0.5122886499999999,0.08415865077032138
nw_dual_val_059,5,16,4,M1,0.0,0.5339836199999999,0.08772269499363687
nw_dual_val_059,5,16,4,random,0.29,0.23273797499999996,0.03823413608522615
nw_dual_val_059,5,16,6,M0,0.0,0.13453571999999991,0.02210149429547919
nw_dual_val_059,5,16,6,M1,0.0,0.5122886499999999,0.08415865077032138
nw_dual_val_059,5,16,6,random,0.36,0.14075779959999998,0.023123655969608702
nw_dual_val_059,5,16,8,M0,0.0,0.13453571999999991,0.02210149429547919
nw_dual_val_059,5,16,8,M1,0.0,0.47082263,0.07734662341813399
nw_dual_val_059,5,16,8,random,0.53,0.09146425089999997,0.015025724168322199
nw_dual_val_059,6,16,1,M0,0.0,3.50786885,1.4238255188556874
nw_dual_val_059,6,16,1,M1,0.0,1.89375897,0.7686668069269071
nw_dual_val_059,6,16,1,random,0.05,2.0757998037,0.8425562240001322
nw_dual_val_059,6,16,2,M0,1.0,0.0,0.0
nw_dual_val_059,6,16,2,M1,0.0,0.41219481999999985,0.1673077097668935
nw_dual_val_059,6,16,2,random,0.08,0.7056869495,0.28643462169958966
nw_dual_val_059,6,16,3,M0,1.0,0.0,0.0
nw_dual_val_059,6,16,3,M1,1.0,0.0,0.0
nw_dual_val_059,6,16,3,random,0.21,0.3511731721999999,0.1425393438286219
nw_dual_val_059,6,16,4,M0,1.0,0.0,0.0
nw_dual_val_059,6,16,4,M1,1.0,0.0,0.0
nw_dual_val_059,6,16,4,random,0.24,0.2525568176999999,0.10251148414577801
nw_dual_val_059,6,16,6,M0,1.0,0.0,0.0
nw_dual_val_059,6,16,6,M1,1.0,0.0,0.0
nw_dual_val_059,6,16,6,random,0.38,0.1540872363999999,0.06254319893295578
nw_dual_val_059,6,16,8,M0,1.0,0.0,0.0
nw_dual_val_059,6,16,8,M1,1.0,0.0,0.0
nw_dual_val_059,6,16,8,random,0.45,0.10274744229999991,0.04170464649608897
nw_dual_val_059,7,16,1,M0,0.0,0.32936523000000006,0.2049400212207408
nw_dual_val_059,7,16,1,M1,1.0,0.0,0.0
nw_dual_val_059,7,16,1,random,0.04,1.9343996281000002,1.203636160478163
nw_dual_val_059,7,16,2,M0,0.0,0.32936523000000006,0.2049400212207408
nw_dual_val_059,7,16,2,M1,1.0,0.0,0.0
nw_dual_val_059,7,16,2,random,0.12,0.5679107872000001,0.3533695672134415
nw_dual_val_059,7,16,3,M0,1.0,0.0,0.0
nw_dual_val_059,7,16,3,M1,1.0,0.0,0.0
nw_dual_val_059,7,16,3,random,0.22,0.3187202896,0.19831644923207176
nw_dual_val_059,7,16,4,M0,1.0,0.0,0.0
nw_dual_val_059,7,16,4,M1,1.0,0.0,0.0
nw_dual_val_059,7,16,4,random,0.22,0.27487491119999996,0.17103466001671525
nw_dual_val_059,7,16,6,M0,1.0,0.0,0.0
nw_dual_val_059,7,16,6,M1,1.0,0.0,0.0
nw_dual_val_059,7,16,6,random,0.35,0.1471878839,0.0915843121931903
nw_dual_val_059,7,16,8,M0,1.0,0.0,0.0
nw_dual_val_059,7,16,8,M1,1.0,0.0,0.0
nw_dual_val_059,7,16,8,random,0.55,0.0933799168,0.0581035288108068
nw_dual_val_059,8,16,1,M0,0.0,1.0422194099999997,1.3233809408919326
nw_dual_val_059,8,16,1,M1,1.0,0.0,0.0
nw_dual_val_059,8,16,1,random,0.07,1.2469985514,1.5834037443637796
nw_dual_val_059,8,16,2,M0,0.0,1.0422194099999997,1.3233809408919326
nw_dual_val_059,8,16,2,M1,1.0,0.0,0.0
nw_dual_val_059,8,16,2,random,0.13,0.810244541,1.028825766180206
nw_dual_val_059,8,16,3,M0,1.0,0.0,0.0
nw_dual_val_059,8,16,3,M1,1.0,0.0,0.0
nw_dual_val_059,8,16,3,random,0.15,0.6938633027999999,0.8810481379442434
nw_dual_val_059,8,16,4,M0,1.0,0.0,0.0
nw_dual_val_059,8,16,4,M1,1.0,0.0,0.0
nw_dual_val_059,8,16,4,random,0.33,0.49587160569999994,0.629643840650463
nw_dual_val_059,8,16,6,M0,1.0,0.0,0.0
nw_dual_val_059,8,16,6,M1,1.0,0.0,0.0
nw_dual_val_059,8,16,6,random,0.45,0.37507677819999996,0.47626196065666326
nw_dual_val_059,8,16,8,M0,1.0,0.0,0.0
nw_dual_val_059,8,16,8,M1,1.0,0.0,0.0
nw_dual_val_059,8,16,8,random,0.48,0.3344841201999999,0.4247185433858752
nw_dual_val_059,9,16,1,M0,0.0,0.12941685000000014,0.08741153291250886
nw_dual_val_059,9,16,1,M1,0.0,0.6591707,0.4452211697163966
nw_dual_val_059,9,16,1,random,0.06,2.3099958966,1.5602317808184256
nw_dual_val_059,9,16,2,M0,1.0,0.0,0.0
nw_dual_val_059,9,16,2,M1,0.0,0.58687065,0.39638782073478385
nw_dual_val_059,9,16,2,random,0.13,1.538159428,1.0389131976655872
nw_dual_val_059,9,16,3,M0,1.0,0.0,0.0
nw_dual_val_059,9,16,3,M1,0.0,0.58687065,0.39638782073478385
nw_dual_val_059,9,16,3,random,0.26,0.7831227057,0.5289416035379354
nw_dual_val_059,9,16,4,M0,1.0,0.0,0.0
nw_dual_val_059,9,16,4,M1,0.0,0.12941685000000014,0.08741153291250886
nw_dual_val_059,9,16,4,random,0.17,0.9184501461000001,0.6203453041417608
nw_dual_val_059,9,16,6,M0,1.0,0.0,0.0
nw_dual_val_059,9,16,6,M1,0.0,0.12941685000000014,0.08741153291250886
nw_dual_val_059,9,16,6,random,0.38,0.3614638869000001,0.2441421843171326
nw_dual_val_059,9,16,8,M0,1.0,0.0,0.0
nw_dual_val_059,9,16,8,M1,0.0,0.12941685000000014,0.08741153291250886
nw_dual_val_059,9,16,8,random,0.5,0.185127357,0.12503986968784403
nw_retrain_0024_converging_hard_seed20253196,1,4,1,M0,1.0,0.0,0.0
nw_retrain_0024_converging_hard_seed20253196,1,4,1,M1,0.0,3.056335179999998,0.036465941591122056
nw_retrain_0024_converging_hard_seed20253196,1,4,1,random,0.23,58.70227045379999,0.7003922801538155
nw_retrain_0024_converging_hard_seed20253196,1,4,2,M0,1.0,0.0,0.0
nw_retrain_0024_converging_hard_seed20253196,1,4,2,M1,1.0,0.0,0.0
nw_retrain_0024_converging_hard_seed20253196,1,4,2,random,0.49,2.7225127597999994,0.03248301820088704
nw_retrain_0024_converging_hard_seed20253196,1,4,3,M0,1.0,0.0,0.0
nw_retrain_0024_converging_hard_seed20253196,1,4,3,M1,1.0,0.0,0.0
nw_retrain_0024_converging_hard_seed20253196,1,4,3,random,0.77,0.7029570913999993,0.00838716656595807
nw_retrain_0024_converging_hard_seed20253196,1,4,4,M0,1.0,0.0,0.0
nw_retrain_0024_converging_hard_seed20253196,1,4,4,M1,1.0,0.0,0.0
nw_retrain_0024_converging_hard_seed20253196,1,4,4,random,1.0,0.0,0.0
nw_retrain_0024_converging_hard_seed20253196,2,16,1,M0,0.0,12.942897799999999,0.012057656925876107
nw_retrain_0024_converging_hard_seed20253196,2,16,1,M1,0.0,0.6548114399999996,0.0006100250358663037
nw_retrain_0024_converging_hard_seed20253196,2,16,1,random,0.04,144.30620819060002,0.13443625821076233
nw_retrain_0024_converging_hard_seed20253196,2,16,2,M0,0.0,12.942897799999999,0.012057656925876107
nw_retrain_0024_converging_hard_seed20253196,2,16,2,M1,1.0,0.0,0.0
nw_retrain_0024_converging_hard_seed20253196,2,16,2,random,0.1,25.370157313800004,0.023634943099473983
nw_retrain_0024_converging_hard_seed20253196,2,16,3,M0,0.0,9.993926,0.00931038264480411
nw_retrain_0024_converging_hard_seed20253196,2,16,3,M1,1.0,0.0,0.0
nw_retrain_0024_converging_hard_seed20253196,2,16,3,random,0.23,11.9341866415,0.011117937453896963
nw_retrain_0024_converging_hard_seed20253196,2,16,4,M0,0.0,0.6548114399999996,0.0006100250358663037
nw_retrain_0024_converging_hard_seed20253196,2,16,4,M1,1.0,0.0,0.0
nw_retrain_0024_converging_hard_seed20253196,2,16,4,random,0.18,7.040472489500001,0.006558933183761977
nw_retrain_0024_converging_hard_seed20253196,2,16,6,M0,0.0,0.6548114399999996,0.0006100250358663037
nw_retrain_0024_converging_hard_seed20253196,2,16,6,M1,1.0,0.0,0.0
nw_retrain_0024_converging_hard_seed20253196,2,16,6,random,0.35,3.0249424875,0.002818048886608784
nw_retrain_0024_converging_hard_seed20253196,2,16,8,M0,1.0,0.0,0.0
nw_retrain_0024_converging_hard_seed20253196,2,16,8,M1,1.0,0.0,0.0
nw_retrain_0024_converging_hard_seed20253196,2,16,8,random,0.6,1.5627159412999998,0.001455832610591497
nw_retrain_0024_converging_hard_seed20253196,3,16,1,M0,0.0,8.43392915,0.006610428185277167
nw_retrain_0024_converging_hard_seed20253196,3,16,1,M1,0.0,3.5956027000000006,0.002818196952856627
nw_retrain_0024_converging_hard_seed20253196,3,16,1,random,0.03,289.238242854,0.226702003160902
nw_retrain_0024_converging_hard_seed20253196,3,16,2,M0,0.0,3.5956027000000006,0.002818196952856627
nw_retrain_0024_converging_hard_seed20253196,3,16,2,M1,0.0,3.5956027000000006,0.002818196952856627
nw_retrain_0024_converging_hard_seed20253196,3,16,2,random,0.13,39.0632040755,0.030617343427401106
nw_retrain_0024_converging_hard_seed20253196,3,16,3,M0,1.0,0.0,0.0
nw_retrain_0024_converging_hard_seed20253196,3,16,3,M1,0.0,3.5956027000000006,0.002818196952856627
nw_retrain_0024_converging_hard_seed20253196,3,16,3,random,0.19,5.683109413699999,0.00445436355703041
nw_retrain_0024_converging_hard_seed20253196,3,16,4,M0,1.0,0.0,0.0
nw_retrain_0024_converging_hard_seed20253196,3,16,4,M1,0.0,3.5956027000000006,0.002818196952856627
nw_retrain_0024_converging_hard_seed20253196,3,16,4,random,0.18,3.4588497550000006,0.002711011380631651
nw_retrain_0024_converging_hard_seed20253196,3,16,6,M0,1.0,0.0,0.0
nw_retrain_0024_converging_hard_seed20253196,3,16,6,M1,1.0,0.0,0.0
nw_retrain_0024_converging_hard_seed20253196,3,16,6,random,0.31,2.1302412281,0.001669661483422787
nw_retrain_0024_converging_hard_seed20253196,3,16,8,M0,1.0,0.0,0.0
nw_retrain_0024_converging_hard_seed20253196,3,16,8,M1,1.0,0.0,0.0
nw_retrain_0024_converging_hard_seed20253196,3,16,8,random,0.49,1.2606207802000002,0.0009880617904384663
nw_retrain_0024_converging_hard_seed20253196,4,16,1,M0,0.0,5.98390816,0.008519780736040046
nw_retrain_0024_converging_hard_seed20253196,4,16,1,M1,1.0,0.0,0.0
nw_retrain_0024_converging_hard_seed20253196,4,16,1,random,0.04,359.33255346780004,0.5116112221326342
nw_retrain_0024_converging_hard_seed20253196,4,16,2,M0,0.0,5.98390816,0.008519780736040046
nw_retrain_0024_converging_hard_seed20253196,4,16,2,M1,1.0,0.0,0.0
nw_retrain_0024_converging_hard_seed20253196,4,16,2,random,0.14,13.1957525759,0.018787875012056275
nw_retrain_0024_converging_hard_seed20253196,4,16,3,M0,0.0,5.98390816,0.008519780736040046
nw_retrain_0024_converging_hard_seed20253196,4,16,3,M1,1.0,0.0,0.0
nw_retrain_0024_converging_hard_seed20253196,4,16,3,random,0.15,7.2609744169,0.010338044687167161
nw_retrain_0024_converging_hard_seed20253196,4,16,4,M0,0.0,2.4097454999999997,0.003430952270774688
nw_retrain_0024_converging_hard_seed20253196,4,16,4,M1,1.0,0.0,0.0
nw_retrain_0024_converging_hard_seed20253196,4,16,4,random,0.27,2.917913264499999,0.004154472387544601
nw_retrain_0024_converging_hard_seed20253196,4,16,6,M0,0.0,2.4097454999999997,0.003430952270774688
nw_retrain_0024_converging_hard_seed20253196,4,16,6,M1,1.0,0.0,0.0
nw_retrain_0024_converging_hard_seed20253196,4,16,6,random,0.38,1.6097762518999996,0.0022919704536829596
nw_retrain_0024_converging_hard_seed20253196,4,16,8,M0,0.0,1.4887317699999993,0.0021196294989889674
nw_retrain_0024_converging_hard_seed20253196,4,16,8,M1,1.0,0.0,0.0
nw_retrain_0024_converging_hard_seed20253196,4,16,8,random,0.51,0.9862354129999998,0.0014041842301399721
nw_retrain_0024_converging_hard_seed20253196,5,16,1,M0,1.0,0.0,0.0
nw_retrain_0024_converging_hard_seed20253196,5,16,1,M1,1.0,0.0,0.0
nw_retrain_0024_converging_hard_seed20253196,5,16,1,random,0.08,152.60301280359997,0.3073404784254546
nw_retrain_0024_converging_hard_seed20253196,5,16,2,M0,1.0,0.0,0.0
nw_retrain_0024_converging_hard_seed20253196,5,16,2,M1,1.0,0.0,0.0
nw_retrain_0024_converging_hard_seed20253196,5,16,2,random,0.16,19.6575946599,0.03959013938501222
nw_retrain_0024_converging_hard_seed20253196,5,16,3,M0,1.0,0.0,0.0
nw_retrain_0024_converging_hard_seed20253196,5,16,3,M1,1.0,0.0,0.0
nw_retrain_0024_converging_hard_seed20253196,5,16,3,random,0.27,10.3821679406,0.02090955088851396
nw_retrain_0024_converging_hard_seed20253196,5,16,4,M0,1.0,0.0,0.0
nw_retrain_0024_converging_hard_seed20253196,5,16,4,M1,1.0,0.0,0.0
nw_retrain_0024_converging_hard_seed20253196,5,16,4,random,0.27,4.434390713099999,0.008930805088648918
nw_retrain_0024_converging_hard_seed20253196,5,16,6,M0,1.0,0.0,0.0
nw_retrain_0024_converging_hard_seed20253196,5,16,6,M1,1.0,0.0,0.0
nw_retrain_0024_converging_hard_seed20253196,5,16,6,random,0.41,2.5256707080000003,0.005086667880803235
nw_retrain_0024_converging_hard_seed20253196,5,16,8,M0,1.0,0.0,0.0
nw_retrain_0024_converging_hard_seed20253196,5,16,8,M1,1.0,0.0,0.0
nw_retrain_0024_converging_hard_seed20253196,5,16,8,random,0.43,1.2259040037,0.0024689546823413048
nw_retrain_0024_converging_hard_seed20253196,6,16,1,M0,0.0,0.08998569000000001,0.000188120746791674
nw_retrain_0024_converging_hard_seed20253196,6,16,1,M1,1.0,0.0,0.0
nw_retrain_0024_converging_hard_seed20253196,6,16,1,random,0.09,285.6395064535,0.597147360510739
nw_retrain_0024_converging_hard_seed20253196,6,16,2,M0,0.0,0.08998569000000001,0.000188120746791674
nw_retrain_0024_converging_hard_seed20253196,6,16,2,M1,1.0,0.0,0.0
nw_retrain_0024_converging_hard_seed20253196,6,16,2,random,0.14,38.965480192600005,0.08145978802771967
nw_retrain_0024_converging_hard_seed20253196,6,16,3,M0,1.0,0.0,0.0
nw_retrain_0024_converging_hard_seed20253196,6,16,3,M1,1.0,0.0,0.0
nw_retrain_0024_converging_hard_seed20253196,6,16,3,random,0.18,15.836434048500001,0.03310706179750262
nw_retrain_0024_converging_hard_seed20253196,6,16,4,M0,1.0,0.0,0.0
nw_retrain_0024_converging_hard_seed20253196,6,16,4,M1,1.0,0.0,0.0
nw_retrain_0024_converging_hard_seed20253196,6,16,4,random,0.28,6.144053073899999,0.01284452953119266
nw_retrain_0024_converging_hard_seed20253196,6,16,6,M0,1.0,0.0,0.0
nw_retrain_0024_converging_hard_seed20253196,6,16,6,M1,1.0,0.0,0.0
nw_retrain_0024_converging_hard_seed20253196,6,16,6,random,0.41,1.5776298986999995,0.0032981345667774165
nw_retrain_0024_converging_hard_seed20253196,6,16,8,M0,1.0,0.0,0.0
nw_retrain_0024_converging_hard_seed20253196,6,16,8,M1,1.0,0.0,0.0
nw_retrain_0024_converging_hard_seed20253196,6,16,8,random,0.47,1.5374873724999998,0.003214214090012185
nw_retrain_0024_converging_hard_seed20253196,7,16,1,M0,0.0,1.5875380100000003,0.08023456028169482
nw_retrain_0024_converging_hard_seed20253196,7,16,1,M1,0.0,0.5112500900000003,0.025838704904537636
nw_retrain_0024_converging_hard_seed20253196,7,16,1,random,0.06,17.329611697500003,0.8758428243248345
nw_retrain_0024_converging_hard_seed20253196,7,16,2,M0,0.0,1.5875380100000003,0.08023456028169482
nw_retrain_0024_converging_hard_seed20253196,7,16,2,M1,0.0,0.5112500900000003,0.025838704904537636
nw_retrain_0024_converging_hard_seed20253196,7,16,2,random,0.11,8.6453642569,0.43693882934333816
nw_retrain_0024_converging_hard_seed20253196,7,16,3,M0,1.0,0.0,0.0
nw_retrain_0024_converging_hard_seed20253196,7,16,3,M1,1.0,0.0,0.0
nw_retrain_0024_converging_hard_seed20253196,7,16,3,random,0.25,3.370267666900001,0.17033415425772075
nw_retrain_0024_converging_hard_seed20253196,7,16,4,M0,1.0,0.0,0.0
nw_retrain_0024_converging_hard_seed20253196,7,16,4,M1,1.0,0.0,0.0
nw_retrain_0024_converging_hard_seed20253196,7,16,4,random,0.25,1.838619569,0.09292428383748381
nw_retrain_0024_converging_hard_seed20253196,7,16,6,M0,1.0,0.0,0.0
nw_retrain_0024_converging_hard_seed20253196,7,16,6,M1,1.0,0.0,0.0
nw_retrain_0024_converging_hard_seed20253196,7,16,6,random,0.42,1.0709996165000002,0.054128583221601904
nw_retrain_0024_converging_hard_seed20253196,7,16,8,M0,1.0,0.0,0.0
nw_retrain_0024_converging_hard_seed20253196,7,16,8,M1,1.0,0.0,0.0
nw_retrain_0024_converging_hard_seed20253196,7,16,8,random,0.46,0.8797631120000002,0.044463443393947734
nw_retrain_0024_converging_hard_seed20253196,8,16,1,M0,1.0,0.0,0.0
nw_retrain_0024_converging_hard_seed20253196,8,16,1,M1,1.0,0.0,0.0
nw_retrain_0024_converging_hard_seed20253196,8,16,1,random,0.1,44.5861306285,0.6428941177256237
nw_retrain_0024_converging_hard_seed20253196,8,16,2,M0,1.0,0.0,0.0
nw_retrain_0024_converging_hard_seed20253196,8,16,2,M1,1.0,0.0,0.0
nw_retrain_0024_converging_hard_seed20253196,8,16,2,random,0.11,9.2964200616,0.13404647789034185
nw_retrain_0024_converging_hard_seed20253196,8,16,3,M0,1.0,0.0,0.0
nw_retrain_0024_converging_hard_seed20253196,8,16,3,M1,1.0,0.0,0.0
nw_retrain_0024_converging_hard_seed20253196,8,16,3,random,0.15,5.346359286199999,0.07708995797335864
nw_retrain_0024_converging_hard_seed20253196,8,16,4,M0,1.0,0.0,0.0
nw_retrain_0024_converging_hard_seed20253196,8,16,4,M1,1.0,0.0,0.0
nw_retrain_0024_converging_hard_seed20253196,8,16,4,random,0.28,3.2296579757,0.04656892368937619
nw_retrain_0024_converging_hard_seed20253196,8,16,6,M0,1.0,0.0,0.0
nw_retrain_0024_converging_hard_seed20253196,8,16,6,M1,1.0,0.0,0.0
nw_retrain_0024_converging_hard_seed20253196,8,16,6,random,0.48,1.5136529780999999,0.02182558975584961
nw_retrain_0024_converging_hard_seed20253196,8,16,8,M0,1.0,0.0,0.0
nw_retrain_0024_converging_hard_seed20253196,8,16,8,M1,1.0,0.0,0.0
nw_retrain_0024_converging_hard_seed20253196,8,16,8,random,0.58,0.8388587890000001,0.012095630938330734
nw_retrain_0024_converging_hard_seed20253196,9,16,1,M0,0.0,15.763870310000001,1.4683066088471817
nw_retrain_0024_converging_hard_seed20253196,9,16,1,M1,0.0,3.09096376,0.287904076046356
nw_retrain_0024_converging_hard_seed20253196,9,16,1,random,0.09,8.8577222175,0.8250418086120223
nw_retrain_0024_converging_hard_seed20253196,9,16,2,M0,1.0,0.0,0.0
nw_retrain_0024_converging_hard_seed20253196,9,16,2,M1,1.0,0.0,0.0
nw_retrain_0024_converging_hard_seed20253196,9,16,2,random,0.11,5.134009281,0.47820107682521695
nw_retrain_0024_converging_hard_seed20253196,9,16,3,M0,1.0,0.0,0.0
nw_retrain_0024_converging_hard_seed20253196,9,16,3,M1,1.0,0.0,0.0
nw_retrain_0024_converging_hard_seed20253196,9,16,3,random,0.23,2.9833789894000007,0.27788322288169387
nw_retrain_0024_converging_hard_seed20253196,9,16,4,M0,1.0,0.0,0.0
nw_retrain_0024_converging_hard_seed20253196,9,16,4,M1,1.0,0.0,0.0
nw_retrain_0024_converging_hard_seed20253196,9,16,4,random,0.29,2.1699367584,0.2021161314120929
nw_retrain_0024_converging_hard_seed20253196,9,16,6,M0,1.0,0.0,0.0
nw_retrain_0024_converging_hard_seed20253196,9,16,6,M1,1.0,0.0,0.0
nw_retrain_0024_converging_hard_seed20253196,9,16,6,random,0.43,1.2657573349999998,0.11789743404564304
nw_retrain_0024_converging_hard_seed20253196,9,16,8,M0,1.0,0.0,0.0
nw_retrain_0024_converging_hard_seed20253196,9,16,8,M1,1.0,0.0,0.0
nw_retrain_0024_converging_hard_seed20253196,9,16,8,random,0.54,1.0532581027999999,0.0981044504141879
nw_retrain_0077_none_easy_seed20258521,1,4,1,M0,0.0,5.995166910000001,0.08478675393580544
nw_retrain_0077_none_easy_seed20258521,1,4,1,M1,1.0,0.0,0.0
nw_retrain_0077_none_easy_seed20258521,1,4,1,random,0.3,46.019121907300004,0.6508262445517264
nw_retrain_0077_none_easy_seed20258521,1,4,2,M0,1.0,0.0,0.0
nw_retrain_0077_none_easy_seed20258521,1,4,2,M1,1.0,0.0,0.0
nw_retrain_0077_none_easy_seed20258521,1,4,2,random,0.44,3.2363177479000007,0.04576968092274137
nw_retrain_0077_none_easy_seed20258521,1,4,3,M0,1.0,0.0,0.0
nw_retrain_0077_none_easy_seed20258521,1,4,3,M1,1.0,0.0,0.0
nw_retrain_0077_none_easy_seed20258521,1,4,3,random,0.81,1.0769590450000002,0.015230912319562927
nw_retrain_0077_none_easy_seed20258521,1,4,4,M0,1.0,0.0,0.0
nw_retrain_0077_none_easy_seed20258521,1,4,4,M1,1.0,0.0,0.0
nw_retrain_0077_none_easy_seed20258521,1,4,4,random,1.0,0.0,0.0
nw_retrain_0077_none_easy_seed20258521,2,16,1,M0,0.0,41.09632988,0.05793648052117429
nw_retrain_0077_none_easy_seed20258521,2,16,1,M1,0.0,3.24627273,0.004576506401842818
nw_retrain_0077_none_easy_seed20258521,2,16,1,random,0.08,243.61679302309997,0.3434442838284366
nw_retrain_0077_none_easy_seed20258521,2,16,2,M0,0.0,15.51013204,0.02186575943497126
nw_retrain_0077_none_easy_seed20258521,2,16,2,M1,1.0,0.0,0.0
nw_retrain_0077_none_easy_seed20258521,2,16,2,random,0.15,38.33399309719999,0.054042213766042436
nw_retrain_0077_none_easy_seed20258521,2,16,3,M0,0.0,8.94614822,0.012612034787559186
nw_retrain_0077_none_easy_seed20258521,2,16,3,M1,1.0,0.0,0.0
nw_retrain_0077_none_easy_seed20258521,2,16,3,random,0.14,6.151231170199999,0.00867183726415845
nw_retrain_0077_none_easy_seed20258521,2,16,4,M0,0.0,2.55788706,0.0036060391343893353
nw_retrain_0077_none_easy_seed20258521,2,16,4,M1,1.0,0.0,0.0
nw_retrain_0077_none_easy_seed20258521,2,16,4,random,0.29,2.7080014858999992,0.0038176663414294246
nw_retrain_0077_none_easy_seed20258521,2,16,6,M0,1.0,0.0,0.0
nw_retrain_0077_none_easy_seed20258521,2,16,6,M1,1.0,0.0,0.0
nw_retrain_0077_none_easy_seed20258521,2,16,6,random,0.35,1.3085649178,0.0018447789885905925
nw_retrain_0077_none_easy_seed20258521,2,16,8,M0,1.0,0.0,0.0
nw_retrain_0077_none_easy_seed20258521,2,16,8,M1,1.0,0.0,0.0
nw_retrain_0077_none_easy_seed20258521,2,16,8,random,0.51,0.9116282513000001,0.001285188545503145
nw_retrain_0077_none_easy_seed20258521,3,16,1,M0,0.0,4.13098228,0.036775988535036275
nw_retrain_0077_none_easy_seed20258521,3,16,1,M1,0.0,4.13098228,0.036775988535036275
nw_retrain_0077_none_easy_seed20258521,3,16,1,random,0.04,22.184056660599996,0.1974931282955832
nw_retrain_0077_none_easy_seed20258521,3,16,2,M0,0.0,3.81727456,0.03398321172504416
nw_retrain_0077_none_easy_seed20258521,3,16,2,M1,0.0,3.81727456,0.03398321172504416
nw_retrain_0077_none_easy_seed20258521,3,16,2,random,0.15,2.4883391806,0.022152390636017733
nw_retrain_0077_none_easy_seed20258521,3,16,3,M0,0.0,3.0110153299999998,0.026805504780547853
nw_retrain_0077_none_easy_seed20258521,3,16,3,M1,0.0,2.79165,0.024852609242815255
nw_retrain_0077_none_easy_seed20258521,3,16,3,random,0.16,1.8843635951999993,0.016775509860796334
nw_retrain_0077_none_easy_seed20258521,3,16,4,M0,0.0,2.79165,0.024852609242815255
nw_retrain_0077_none_easy_seed20258521,3,16,4,M1,0.0,2.79165,0.024852609242815255
nw_retrain_0077_none_easy_seed20258521,3,16,4,random,0.25,1.4742997404999993,0.013124924455941975
nw_retrain_0077_none_easy_seed20258521,3,16,6,M0,1.0,0.0,0.0
nw_retrain_0077_none_easy_seed20258521,3,16,6,M1,0.0,1.9010338699999996,0.016923916654475613
nw_retrain_0077_none_easy_seed20258521,3,16,6,random,0.42,0.8469865893999998,0.007540281460879051
nw_retrain_0077_none_easy_seed20258521,3,16,8,M0,1.0,0.0,0.0
nw_retrain_0077_none_easy_seed20258521,3,16,8,M1,1.0,0.0,0.0
nw_retrain_0077_none_easy_seed20258521,3,16,8,random,0.51,0.5612350477999999,0.004996383979491032
nw_retrain_0077_none_easy_seed20258521,4,16,1,M0,0.0,1.1726400600000004,0.0013536487480525887
nw_retrain_0077_none_easy_seed20258521,4,16,1,M1,0.0,1.4688185800000002,0.0016955453764161705
nw_retrain_0077_none_easy_seed20258521,4,16,1,random,0.03,269.45757438950005,0.3110510383089197
nw_retrain_0077_none_easy_seed20258521,4,16,2,M0,0.0,1.1726400600000004,0.0013536487480525887
nw_retrain_0077_none_easy_seed20258521,4,16,2,M1,0.0,0.6862359599999999,0.0007921633242878175
nw_retrain_0077_none_easy_seed20258521,4,16,2,random,0.12,74.11554195069999,0.08555601500839408
nw_retrain_0077_none_easy_seed20258521,4,16,3,M0,1.0,0.0,0.0
nw_retrain_0077_none_easy_seed20258521,4,16,3,M1,0.0,0.6862359599999999,0.0007921633242878175
nw_retrain_0077_none_easy_seed20258521,4,16,3,random,0.26,1.2823766666000003,0.0014803242942893677
nw_retrain_0077_none_easy_seed20258521,4,16,4,M0,1.0,0.0,0.0
nw_retrain_0077_none_easy_seed20258521,4,16,4,M1,0.0,0.5760871600000006,0.0006650119584889262
nw_retrain_0077_none_easy_seed20258521,4,16,4,random,0.25,0.8759163946000001,0.001011122825659757
nw_retrain_0077_none_easy_seed20258521,4,16,6,M0,1.0,0.0,0.0
nw_retrain_0077_none_easy_seed20258521,4,16,6,M1,0.0,0.44104385000000024,0.0005091233667974756
nw_retrain_0077_none_easy_seed20258521,4,16,6,random,0.37,0.4161243639000001,0.00048035730949479486
nw_retrain_0077_none_easy_seed20258521,4,16,8,M0,1.0,0.0,0.0
nw_retrain_0077_none_easy_seed20258521,4,16,8,M1,0.0,0.44104385000000024,0.0005091233667974756
nw_retrain_0077_none_easy_seed20258521,4,16,8,random,0.57,0.25196343240000013,0.00029085650103348264
nw_retrain_0077_none_easy_seed20258521,5,16,1,M0,0.0,9.775921780000001,0.02385223203648045
nw_retrain_0077_none_easy_seed20258521,5,16,1,M1,0.0,0.9312954600000003,0.002272264028532438
nw_retrain_0077_none_easy_seed20258521,5,16,1,random,0.04,111.77087905329999,0.2727093160212155
nw_retrain_0077_none_easy_seed20258521,5,16,2,M0,0.0,0.3497627200000002,0.0008533846467775794
nw_retrain_0077_none_easy_seed20258521,5,16,2,M1,0.0,0.4888956400000004,0.0011928544959065356
nw_retrain_0077_none_easy_seed20258521,5,16,2,random,0.16,4.212688321000001,0.010278521206607204
nw_retrain_0077_none_easy_seed20258521,5,16,3,M0,0.0,0.3497627200000002,0.0008533846467775794
nw_retrain_0077_none_easy_seed20258521,5,16,3,M1,1.0,0.0,0.0
nw_retrain_0077_none_easy_seed20258521,5,16,3,random,0.17,1.3402331748000007,0.0032700295059356005
nw_retrain_0077_none_easy_seed20258521,5,16,4,M0,0.0,0.09903238000000014,0.00024162870367042862
nw_retrain_0077_none_easy_seed20258521,5,16,4,M1,1.0,0.0,0.0
nw_retrain_0077_none_easy_seed20258521,5,16,4,random,0.23,0.42564166480000026,0.0010385213774903423
nw_retrain_0077_none_easy_seed20258521,5,16,6,M0,0.0,0.09903238000000014,0.00024162870367042862
nw_retrain_0077_none_easy_seed20258521,5,16,6,M1,1.0,0.0,0.0
nw_retrain_0077_none_easy_seed20258521,5,16,6,random,0.37,0.28948133900000017,0.0007063043489346599
nw_retrain_0077_none_easy_seed20258521,5,16,8,M0,0.0,0.09903238000000014,0.00024162870367042862
nw_retrain_0077_none_easy_seed20258521,5,16,8,M1,1.0,0.0,0.0
nw_retrain_0077_none_easy_seed20258521,5,16,8,random,0.43,0.19324475640000013,0.0004714971000398024
nw_retrain_0077_none_easy_seed20258521,6,16,1,M0,0.0,0.4297439900000004,0.0031985627389584724
nw_retrain_0077_none_easy_seed20258521,6,16,1,M1,1.0,0.0,0.0
nw_retrain_0077_none_easy_seed20258521,6,16,1,random,0.06,69.64771611770001,0.5183844214496927
nw_retrain_0077_none_easy_seed20258521,6,16,2,M0,1.0,0.0,0.0
nw_retrain_0077_none_easy_seed20258521,6,16,2,M1,1.0,0.0,0.0
nw_retrain_0077_none_easy_seed20258521,6,16,2,random,0.13,4.8544260689000005,0.03613124721770322
nw_retrain_0077_none_easy_seed20258521,6,16,3,M0,1.0,0.0,0.0
nw_retrain_0077_none_easy_seed20258521,6,16,3,M1,1.0,0.0,0.0
nw_retrain_0077_none_easy_seed20258521,6,16,3,random,0.14,3.1310103541999994,0.023303951392635597
nw_retrain_0077_none_easy_seed20258521,6,16,4,M0,1.0,0.0,0.0
nw_retrain_0077_none_easy_seed20258521,6,16,4,M1,1.0,0.0,0.0
nw_retrain_0077_none_easy_seed20258521,6,16,4,random,0.3,1.3116987072000004,0.00976290700328332
nw_retrain_0077_none_easy_seed20258521,6,16,6,M0,1.0,0.0,0.0
nw_retrain_0077_none_easy_seed20258521,6,16,6,M1,1.0,0.0,0.0
nw_retrain_0077_none_easy_seed20258521,6,16,6,random,0.39,0.6613174581000003,0.004922152326321981
nw_retrain_0077_none_easy_seed20258521,6,16,8,M0,1.0,0.0,0.0
nw_retrain_0077_none_easy_seed20258521,6,16,8,M1,1.0,0.0,0.0
nw_retrain_0077_none_easy_seed20258521,6,16,8,random,0.41,0.3996418910000001,0.0029745143416188375
nw_retrain_0077_none_easy_seed20258521,7,16,1,M0,0.0,11.23100807,0.07439955004247155
nw_retrain_0077_none_easy_seed20258521,7,16,1,M1,0.0,1.46874378,0.00972965878740383
nw_retrain_0077_none_easy_seed20258521,7,16,1,random,0.07,63.41962647580001,0.4201218309391827
nw_retrain_0077_none_easy_seed20258521,7,16,2,M0,0.0,8.57281962,0.05679044288348303
nw_retrain_0077_none_easy_seed20258521,7,16,2,M1,0.0,1.46874378,0.00972965878740383
nw_retrain_0077_none_easy_seed20258521,7,16,2,random,0.11,17.713869094899998,0.11734511113852335
nw_retrain_0077_none_easy_seed20258521,7,16,3,M0,0.0,8.57281962,0.05679044288348303
nw_retrain_0077_none_easy_seed20258521,7,16,3,M1,0.0,1.4186064000000003,0.009397524887306972
nw_retrain_0077_none_easy_seed20258521,7,16,3,random,0.25,3.0701989284,0.020338460928008072
nw_retrain_0077_none_easy_seed20258521,7,16,4,M0,0.0,2.0667099499999995,0.013690871682215685
nw_retrain_0077_none_easy_seed20258521,7,16,4,M1,0.0,0.8767164599999999,0.005807787665388839
nw_retrain_0077_none_easy_seed20258521,7,16,4,random,0.26,1.5721989803999998,0.010414995340573425
nw_retrain_0077_none_easy_seed20258521,7,16,6,M0,0.0,1.4186064000000003,0.009397524887306972
nw_retrain_0077_none_easy_seed20258521,7,16,6,M1,1.0,0.0,0.0
nw_retrain_0077_none_easy_seed20258521,7,16,6,random,0.35,1.1315378082,0.00749584572118685
nw_retrain_0077_none_easy_seed20258521,7,16,8,M0,0.0,0.8767164599999999,0.005807787665388839
nw_retrain_0077_none_easy_seed20258521,7,16,8,M1,1.0,0.0,0.0
nw_retrain_0077_none_easy_seed20258521,7,16,8,random,0.53,0.5666265548,0.003753604347578022
nw_retrain_0077_none_easy_seed20258521,8,16,1,M0,0.0,12.23499213,1.4574483382198549
nw_retrain_0077_none_easy_seed20258521,8,16,1,M1,0.0,0.44307273999999985,0.05277940694707399
nw_retrain_0077_none_easy_seed20258521,8,16,1,random,0.09,11.9495153566,1.4234419698812921
nw_retrain_0077_none_easy_seed20258521,8,16,2,M0,0.0,9.84572893,1.172836166555969
nw_retrain_0077_none_easy_seed20258521,8,16,2,M1,0.0,0.44307273999999985,0.05277940694707399
nw_retrain_0077_none_easy_seed20258521,8,16,2,random,0.07,6.7602015726,0.80528409363326
nw_retrain_0077_none_easy_seed20258521,8,16,3,M0,0.0,0.44307273999999985,0.05277940694707399
nw_retrain_0077_none_easy_seed20258521,8,16,3,M1,0.0,0.44307273999999985,0.05277940694707399
nw_retrain_0077_none_easy_seed20258521,8,16,3,random,0.18,3.8155564116,0.454514093052427
nw_retrain_0077_none_easy_seed20258521,8,16,4,M0,0.0,0.44307273999999985,0.05277940694707399
nw_retrain_0077_none_easy_seed20258521,8,16,4,M1,0.0,0.44307273999999985,0.05277940694707399
nw_retrain_0077_none_easy_seed20258521,8,16,4,random,0.23,2.2299842686999996,0.26563865608904424
nw_retrain_0077_none_easy_seed20258521,8,16,6,M0,0.0,0.44307273999999985,0.05277940694707399
nw_retrain_0077_none_easy_seed20258521,8,16,6,M1,0.0,0.44307273999999985,0.05277940694707399
nw_retrain_0077_none_easy_seed20258521,8,16,6,random,0.4,1.1723946989999998,0.13965719696750772
nw_retrain_0077_none_easy_seed20258521,8,16,8,M0,1.0,0.0,0.0
nw_retrain_0077_none_easy_seed20258521,8,16,8,M1,0.0,0.44307273999999985,0.05277940694707399
nw_retrain_0077_none_easy_seed20258521,8,16,8,random,0.47,0.6169489940999998,0.07349177479343878
nw_retrain_0077_none_easy_seed20258521,9,16,1,M0,0.0,18.644821800000003,1.0319318304792167
nw_retrain_0077_none_easy_seed20258521,9,16,1,M1,0.0,9.41661034,0.5211795558735626
nw_retrain_0077_none_easy_seed20258521,9,16,1,random,0.09,15.0634770579,0.8337157426594675
nw_retrain_0077_none_easy_seed20258521,9,16,2,M0,0.0,5.7487571200000005,0.3181754978115172
nw_retrain_0077_none_easy_seed20258521,9,16,2,M1,1.0,0.0,0.0
nw_retrain_0077_none_easy_seed20258521,9,16,2,random,0.12,7.562141262,0.4185405663055504
nw_retrain_0077_none_easy_seed20258521,9,16,3,M0,0.0,5.7487571200000005,0.3181754978115172
nw_retrain_0077_none_easy_seed20258521,9,16,3,M1,1.0,0.0,0.0
nw_retrain_0077_none_easy_seed20258521,9,16,3,random,0.18,6.495318615200001,0.35949531189024647
nw_retrain_0077_none_easy_seed20258521,9,16,4,M0,0.0,5.468267300000001,0.3026512747061301
nw_retrain_0077_none_easy_seed20258521,9,16,4,M1,1.0,0.0,0.0
nw_retrain_0077_none_easy_seed20258521,9,16,4,random,0.27,4.6908688929,0.25962473522746743
nw_retrain_0077_none_easy_seed20258521,9,16,6,M0,1.0,0.0,0.0
nw_retrain_0077_none_easy_seed20258521,9,16,6,M1,1.0,0.0,0.0
nw_retrain_0077_none_easy_seed20258521,9,16,6,random,0.4,3.6524843411999997,0.20215343930029894
nw_retrain_0077_none_easy_seed20258521,9,16,8,M0,1.0,0.0,0.0
nw_retrain_0077_none_easy_seed20258521,9,16,8,M1,1.0,0.0,0.0
nw_retrain_0077_none_easy_seed20258521,9,16,8,random,0.47,2.8781879078999992,0.15929858424618423
nw_retrain_0086_vertically_overlapping_hard_seed20259272,1,4,1,M0,0.0,6.21020238,1.6958280351788833
nw_retrain_0086_vertically_overlapping_hard_seed20259272,1,4,1,M1,0.0,0.8782193599999992,0.23981650203883612
nw_retrain_0086_vertically_overlapping_hard_seed20259272,1,4,1,random,0.28,3.7851510086,1.0336161054013036
nw_retrain_0086_vertically_overlapping_hard_seed20259272,1,4,2,M0,1.0,0.0,0.0
nw_retrain_0086_vertically_overlapping_hard_seed20259272,1,4,2,M1,1.0,0.0,0.0
nw_retrain_0086_vertically_overlapping_hard_seed20259272,1,4,2,random,0.47,1.2119338835999998,0.33094436072018973
nw_retrain_0086_vertically_overlapping_hard_seed20259272,1,4,3,M0,1.0,0.0,0.0
nw_retrain_0086_vertically_overlapping_hard_seed20259272,1,4,3,M1,1.0,0.0,0.0
nw_retrain_0086_vertically_overlapping_hard_seed20259272,1,4,3,random,0.76,0.21077264639999982,0.05755596048932067
nw_retrain_0086_vertically_overlapping_hard_seed20259272,1,4,4,M0,1.0,0.0,0.0
nw_retrain_0086_vertically_overlapping_hard_seed20259272,1,4,4,M1,1.0,0.0,0.0
nw_retrain_0086_vertically_overlapping_hard_seed20259272,1,4,4,random,1.0,0.0,0.0
nw_retrain_0086_vertically_overlapping_hard_seed20259272,2,16,1,M0,0.0,3.4102476699999995,0.005864800661096881
nw_retrain_0086_vertically_overlapping_hard_seed20259272,2,16,1,M1,1.0,0.0,0.0
nw_retrain_0086_vertically_overlapping_hard_seed20259272,2,16,1,random,0.05,340.1125496463,0.5849112730316641
nw_retrain_0086_vertically_overlapping_hard_seed20259272,2,16,2,M0,0.0,3.30375613,0.005681660984853594
nw_retrain_0086_vertically_overlapping_hard_seed20259272,2,16,2,M1,1.0,0.0,0.0
nw_retrain_0086_vertically_overlapping_hard_seed20259272,2,16,2,random,0.15,12.676121498999999,0.021799861165942704
nw_retrain_0086_vertically_overlapping_hard_seed20259272,2,16,3,M0,0.0,3.30375613,0.005681660984853594
nw_retrain_0086_vertically_overlapping_hard_seed20259272,2,16,3,M1,1.0,0.0,0.0
nw_retrain_0086_vertically_overlapping_hard_seed20259272,2,16,3,random,0.16,4.7264913574000005,0.008128421252626564
nw_retrain_0086_vertically_overlapping_hard_seed20259272,2,16,4,M0,0.0,3.30375613,0.005681660984853594
nw_retrain_0086_vertically_overlapping_hard_seed20259272,2,16,4,M1,1.0,0.0,0.0
nw_retrain_0086_vertically_overlapping_hard_seed20259272,2,16,4,random,0.21,3.4233777276,0.005887381182497171
nw_retrain_0086_vertically_overlapping_hard_seed20259272,2,16,6,M0,0.0,3.30375613,0.005681660984853594
nw_retrain_0086_vertically_overlapping_hard_seed20259272,2,16,6,M1,1.0,0.0,0.0
nw_retrain_0086_vertically_overlapping_hard_seed20259272,2,16,6,random,0.35,2.4204057496,0.004162512114663148
nw_retrain_0086_vertically_overlapping_hard_seed20259272,2,16,8,M0,0.0,3.30375613,0.005681660984853594
nw_retrain_0086_vertically_overlapping_hard_seed20259272,2,16,8,M1,1.0,0.0,0.0
nw_retrain_0086_vertically_overlapping_hard_seed20259272,2,16,8,random,0.54,1.5527079061,0.002670281819791005
nw_retrain_0086_vertically_overlapping_hard_seed20259272,3,16,1,M0,0.0,6.270973659999999,0.004999880352112838
nw_retrain_0086_vertically_overlapping_hard_seed20259272,3,16,1,M1,0.0,3.9496959100000004,0.0031491133670667405
nw_retrain_0086_vertically_overlapping_hard_seed20259272,3,16,1,random,0.03,719.6022164862,0.5737426400777134
nw_retrain_0086_vertically_overlapping_hard_seed20259272,3,16,2,M0,0.0,4.493994560000001,0.003583085549596454
nw_retrain_0086_vertically_overlapping_hard_seed20259272,3,16,2,M1,0.0,3.9496959100000004,0.0031491133670667405
nw_retrain_0086_vertically_overlapping_hard_seed20259272,3,16,2,random,0.11,93.49038616770002,0.07454037765984257
nw_retrain_0086_vertically_overlapping_hard_seed20259272,3,16,3,M0,0.0,4.493994560000001,0.003583085549596454
nw_retrain_0086_vertically_overlapping_hard_seed20259272,3,16,3,M1,0.0,3.9496959100000004,0.0031491133670667405
nw_retrain_0086_vertically_overlapping_hard_seed20259272,3,16,3,random,0.21,4.105872269500001,0.003273633601669123
nw_retrain_0086_vertically_overlapping_hard_seed20259272,3,16,4,M0,0.0,4.493994560000001,0.003583085549596454
nw_retrain_0086_vertically_overlapping_hard_seed20259272,3,16,4,M1,0.0,3.9496959100000004,0.0031491133670667405
nw_retrain_0086_vertically_overlapping_hard_seed20259272,3,16,4,random,0.2,3.8328544699000004,0.0030559550710281378
nw_retrain_0086_vertically_overlapping_hard_seed20259272,3,16,6,M0,0.0,3.7569679500000004,0.0029954503487298416
nw_retrain_0086_vertically_overlapping_hard_seed20259272,3,16,6,M1,1.0,0.0,0.0
nw_retrain_0086_vertically_overlapping_hard_seed20259272,3,16,6,random,0.4,2.523399156,0.002011919447389693
nw_retrain_0086_vertically_overlapping_hard_seed20259272,3,16,8,M0,1.0,0.0,0.0
nw_retrain_0086_vertically_overlapping_hard_seed20259272,3,16,8,M1,1.0,0.0,0.0
nw_retrain_0086_vertically_overlapping_hard_seed20259272,3,16,8,random,0.49,2.0135247656,0.001605393908482156
nw_retrain_0086_vertically_overlapping_hard_seed20259272,4,16,1,M0,1.0,0.0,0.0
nw_retrain_0086_vertically_overlapping_hard_seed20259272,4,16,1,M1,0.0,2.7879534699999997,0.008123840075440108
nw_retrain_0086_vertically_overlapping_hard_seed20259272,4,16,1,random,0.03,149.8825836638,0.436744067962685
nw_retrain_0086_vertically_overlapping_hard_seed20259272,4,16,2,M0,1.0,0.0,0.0
nw_retrain_0086_vertically_overlapping_hard_seed20259272,4,16,2,M1,0.0,2.7879534699999997,0.008123840075440108
nw_retrain_0086_vertically_overlapping_hard_seed20259272,4,16,2,random,0.14,5.3293355156999995,0.015529193691281345
nw_retrain_0086_vertically_overlapping_hard_seed20259272,4,16,3,M0,1.0,0.0,0.0
nw_retrain_0086_vertically_overlapping_hard_seed20259272,4,16,3,M1,0.0,2.7879534699999997,0.008123840075440108
nw_retrain_0086_vertically_overlapping_hard_seed20259272,4,16,3,random,0.17,2.7654350341999985,0.008058223423958375
nw_retrain_0086_vertically_overlapping_hard_seed20259272,4,16,4,M0,1.0,0.0,0.0
nw_retrain_0086_vertically_overlapping_hard_seed20259272,4,16,4,M1,0.0,2.7879534699999997,0.008123840075440108
nw_retrain_0086_vertically_overlapping_hard_seed20259272,4,16,4,random,0.24,1.8653990908,0.00543560143797184
nw_retrain_0086_vertically_overlapping_hard_seed20259272,4,16,6,M0,1.0,0.0,0.0
nw_retrain_0086_vertically_overlapping_hard_seed20259272,4,16,6,M1,0.0,1.4490184499999996,0.0042223065344638286
nw_retrain_0086_vertically_overlapping_hard_seed20259272,4,16,6,random,0.31,1.3136768218000001,0.0038279334737662016
nw_retrain_0086_vertically_overlapping_hard_seed20259272,4,16,8,M0,1.0,0.0,0.0
nw_retrain_0086_vertically_overlapping_hard_seed20259272,4,16,8,M1,0.0,1.4165596799999998,0.0041277246630793355
nw_retrain_0086_vertically_overlapping_hard_seed20259272,4,16,8,random,0.55,0.7122372556,0.002075393876736673
nw_retrain_0086_vertically_overlapping_hard_seed20259272,5,16,1,M0,0.0,10.45796413,0.1513070840507136
nw_retrain_0086_vertically_overlapping_hard_seed20259272,5,16,1,M1,0.0,10.45796413,0.1513070840507136
nw_retrain_0086_vertically_overlapping_hard_seed20259272,5,16,1,random,0.08,39.9421046066,0.5778871780155188
nw_retrain_0086_vertically_overlapping_hard_seed20259272,5,16,2,M0,0.0,9.438084380000001,0.1365513410459926
nw_retrain_0086_vertically_overlapping_hard_seed20259272,5,16,2,M1,0.0,10.45796413,0.1513070840507136
nw_retrain_0086_vertically_overlapping_hard_seed20259272,5,16,2,random,0.14,11.722641591399997,0.1696045898147817
nw_retrain_0086_vertically_overlapping_hard_seed20259272,5,16,3,M0,0.0,3.2340659400000002,0.04679085536403825
nw_retrain_0086_vertically_overlapping_hard_seed20259272,5,16,3,M1,0.0,7.41961832,0.10734793108995434
nw_retrain_0086_vertically_overlapping_hard_seed20259272,5,16,3,random,0.2,6.415678410700001,0.09282280761945333
nw_retrain_0086_vertically_overlapping_hard_seed20259272,5,16,4,M0,0.0,3.2340659400000002,0.04679085536403825
nw_retrain_0086_vertically_overlapping_hard_seed20259272,5,16,4,M1,0.0,7.13312331,0.10320288679459014
nw_retrain_0086_vertically_overlapping_hard_seed20259272,5,16,4,random,0.23,4.3775112387,0.06333435960321317
nw_retrain_0086_vertically_overlapping_hard_seed20259272,5,16,6,M0,1.0,0.0,0.0
nw_retrain_0086_vertically_overlapping_hard_seed20259272,5,16,6,M1,1.0,0.0,0.0
nw_retrain_0086_vertically_overlapping_hard_seed20259272,5,16,6,random,0.43,2.5269091583000005,0.036559625912908546
nw_retrain_0086_vertically_overlapping_hard_seed20259272,5,16,8,M0,1.0,0.0,0.0
nw_retrain_0086_vertically_overlapping_hard_seed20259272,5,16,8,M1,1.0,0.0,0.0
nw_retrain_0086_vertically_overlapping_hard_seed20259272,5,16,8,random,0.58,1.6142525539,0.023355200287154397
nw_retrain_0086_vertically_overlapping_hard_seed20259272,6,16,1,M0,0.0,0.6776063799999998,0.007058963839603731
nw_retrain_0086_vertically_overlapping_hard_seed20259272,6,16,1,M1,1.0,0.0,0.0
nw_retrain_0086_vertically_overlapping_hard_seed20259272,6,16,1,random,0.04,58.604422437000004,0.6105115167653006
nw_retrain_0086_vertically_overlapping_hard_seed20259272,6,16,2,M0,1.0,0.0,0.0
nw_retrain_0086_vertically_overlapping_hard_seed20259272,6,16,2,M1,1.0,0.0,0.0
nw_retrain_0086_vertically_overlapping_hard_seed20259272,6,16,2,random,0.14,9.916259623400002,0.10330262549432186
nw_retrain_0086_vertically_overlapping_hard_seed20259272,6,16,3,M0,1.0,0.0,0.0
nw_retrain_0086_vertically_overlapping_hard_seed20259272,6,16,3,M1,1.0,0.0,0.0
nw_retrain_0086_vertically_overlapping_hard_seed20259272,6,16,3,random,0.17,4.066101005199999,0.04235860347696724
nw_retrain_0086_vertically_overlapping_hard_seed20259272,6,16,4,M0,1.0,0.0,0.0
nw_retrain_0086_vertically_overlapping_hard_seed20259272,6,16,4,M1,1.0,0.0,0.0
nw_retrain_0086_vertically_overlapping_hard_seed20259272,6,16,4,random,0.21,3.8109477293000005,0.03970054446026417
nw_retrain_0086_vertically_overlapping_hard_seed20259272,6,16,6,M0,1.0,0.0,0.0
nw_retrain_0086_vertically_overlapping_hard_seed20259272,6,16,6,M1,1.0,0.0,0.0
nw_retrain_0086_vertically_overlapping_hard_seed20259272,6,16,6,random,0.38,1.2517676051000002,0.013040287873305245
nw_retrain_0086_vertically_overlapping_hard_seed20259272,6,16,8,M0,1.0,0.0,0.0
nw_retrain_0086_vertically_overlapping_hard_seed20259272,6,16,8,M1,1.0,0.0,0.0
nw_retrain_0086_vertically_overlapping_hard_seed20259272,6,16,8,random,0.61,0.37301399189999995,0.003885872917088442
nw_retrain_0086_vertically_overlapping_hard_seed20259272,7,16,1,M0,0.0,18.42799914,1.2234501093276084
nw_retrain_0086_vertically_overlapping_hard_seed20259272,7,16,1,M1,0.0,0.9140899299999998,0.06068718672589246
nw_retrain_0086_vertically_overlapping_hard_seed20259272,7,16,1,random,0.09,18.8402776395,1.2508216200084308
nw_retrain_0086_vertically_overlapping_hard_seed20259272,7,16,2,M0,0.0,10.07946438,0.6691839794428562
nw_retrain_0086_vertically_overlapping_hard_seed20259272,7,16,2,M1,0.0,0.9140899299999998,0.06068718672589246
nw_retrain_0086_vertically_overlapping_hard_seed20259272,7,16,2,random,0.1,10.0803412238,0.6692421938281958
nw_retrain_0086_vertically_overlapping_hard_seed20259272,7,16,3,M0,0.0,4.03698956,0.26801907689563814
nw_retrain_0086_vertically_overlapping_hard_seed20259272,7,16,3,M1,0.0,0.9140899299999998,0.06068718672589246
nw_retrain_0086_vertically_overlapping_hard_seed20259272,7,16,3,random,0.19,6.483756241500001,0.43046194121521647
nw_retrain_0086_vertically_overlapping_hard_seed20259272,7,16,4,M0,0.0,4.03698956,0.26801907689563814
nw_retrain_0086_vertically_overlapping_hard_seed20259272,7,16,4,M1,0.0,0.9140899299999998,0.06068718672589246
nw_retrain_0086_vertically_overlapping_hard_seed20259272,7,16,4,random,0.23,4.715945920799999,0.31309555142435547
nw_retrain_0086_vertically_overlapping_hard_seed20259272,7,16,6,M0,0.0,4.03698956,0.26801907689563814
nw_retrain_0086_vertically_overlapping_hard_seed20259272,7,16,6,M1,0.0,0.9140899299999998,0.06068718672589246
nw_retrain_0086_vertically_overlapping_hard_seed20259272,7,16,6,random,0.35,3.2121389271999994,0.21325656094307294
nw_retrain_0086_vertically_overlapping_hard_seed20259272,7,16,8,M0,0.0,4.03698956,0.26801907689563814
nw_retrain_0086_vertically_overlapping_hard_seed20259272,7,16,8,M1,1.0,0.0,0.0
nw_retrain_0086_vertically_overlapping_hard_seed20259272,7,16,8,random,0.44,1.5128963672999995,0.10044244152132764
nw_retrain_0086_vertically_overlapping_hard_seed20259272,8,16,1,M0,0.0,50.007039809999995,2.2361401986360407
nw_retrain_0086_vertically_overlapping_hard_seed20259272,8,16,1,M1,0.0,2.43240106,0.10876848160052921
nw_retrain_0086_vertically_overlapping_hard_seed20259272,8,16,1,random,0.05,22.395716918300003,1.001458256048768
nw_retrain_0086_vertically_overlapping_hard_seed20259272,8,16,2,M0,0.0,11.9682228,0.5351771312798367
nw_retrain_0086_vertically_overlapping_hard_seed20259272,8,16,2,M1,0.0,1.0128851600000002,0.045292687419281545
nw_retrain_0086_vertically_overlapping_hard_seed20259272,8,16,2,random,0.12,8.470749036299999,0.37878231754162156
nw_retrain_0086_vertically_overlapping_hard_seed20259272,8,16,3,M0,0.0,2.66714451,0.11926538897408943
nw_retrain_0086_vertically_overlapping_hard_seed20259272,8,16,3,M1,0.0,0.3123367100000003,0.013966607009620715
nw_retrain_0086_vertically_overlapping_hard_seed20259272,8,16,3,random,0.21,2.7399628825000004,0.12252157231477864
nw_retrain_0086_vertically_overlapping_hard_seed20259272,8,16,4,M0,0.0,2.66714451,0.11926538897408943
nw_retrain_0086_vertically_overlapping_hard_seed20259272,8,16,4,M1,1.0,0.0,0.0
nw_retrain_0086_vertically_overlapping_hard_seed20259272,8,16,4,random,0.3,2.0637013022,0.09228151590976895
nw_retrain_0086_vertically_overlapping_hard_seed20259272,8,16,6,M0,0.0,1.0128851600000002,0.045292687419281545
nw_retrain_0086_vertically_overlapping_hard_seed20259272,8,16,6,M1,1.0,0.0,0.0
nw_retrain_0086_vertically_overlapping_hard_seed20259272,8,16,6,random,0.37,0.5056621977000001,0.02261144773823426
nw_retrain_0086_vertically_overlapping_hard_seed20259272,8,16,8,M0,0.0,1.0128851600000002,0.045292687419281545
nw_retrain_0086_vertically_overlapping_hard_seed20259272,8,16,8,M1,1.0,0.0,0.0
nw_retrain_0086_vertically_overlapping_hard_seed20259272,8,16,8,random,0.49,0.36430762570000014,0.01629056488031745
nw_retrain_0086_vertically_overlapping_hard_seed20259272,9,16,1,M0,0.0,47.477618410000005,1.6838310304161794
nw_retrain_0086_vertically_overlapping_hard_seed20259272,9,16,1,M1,0.0,3.095300440000001,0.10977726145242117
nw_retrain_0086_vertically_overlapping_hard_seed20259272,9,16,1,random,0.11,26.133159577399997,0.9268330319192158
nw_retrain_0086_vertically_overlapping_hard_seed20259272,9,16,2,M0,1.0,0.0,0.0
nw_retrain_0086_vertically_overlapping_hard_seed20259272,9,16,2,M1,0.0,1.2306856400000008,0.04364723292192609
nw_retrain_0086_vertically_overlapping_hard_seed20259272,9,16,2,random,0.14,15.214767841299999,0.539603692639374
nw_retrain_0086_vertically_overlapping_hard_seed20259272,9,16,3,M0,1.0,0.0,0.0
nw_retrain_0086_vertically_overlapping_hard_seed20259272,9,16,3,M1,0.0,1.2306856400000008,0.04364723292192609
nw_retrain_0086_vertically_overlapping_hard_seed20259272,9,16,3,random,0.16,6.891860176300001,0.24442523468488067
nw_retrain_0086_vertically_overlapping_hard_seed20259272,9,16,4,M0,1.0,0.0,0.0
nw_retrain_0086_vertically_overlapping_hard_seed20259272,9,16,4,M1,0.0,1.2306856400000008,0.04364723292192609
nw_retrain_0086_vertically_overlapping_hard_seed20259272,9,16,4,random,0.26,3.9966959277000007,0.1417459604667487
nw_retrain_0086_vertically_overlapping_hard_seed20259272,9,16,6,M0,1.0,0.0,0.0
nw_retrain_0086_vertically_overlapping_hard_seed20259272,9,16,6,M1,1.0,0.0,0.0
nw_retrain_0086_vertically_overlapping_hard_seed20259272,9,16,6,random,0.44,1.2227870565000003,0.043367103453788476
nw_retrain_0086_vertically_overlapping_hard_seed20259272,9,16,8,M0,1.0,0.0,0.0
nw_retrain_0086_vertically_overlapping_hard_seed20259272,9,16,8,M1,1.0,0.0,0.0
nw_retrain_0086_vertically_overlapping_hard_seed20259272,9,16,8,random,0.48,0.9336683406000003,0.033113281092640695
nw_retrain_0143_none_easy_seed20264858,1,4,1,M0,0.0,6.20094705,0.1335504731437433
nw_retrain_0143_none_easy_seed20264858,1,4,1,M1,0.0,6.20094705,0.1335504731437433
nw_retrain_0143_none_easy_seed20264858,1,4,1,random,0.26,33.35765948040001,0.7184275515746091
nw_retrain_0143_none_easy_seed20264858,1,4,2,M0,0.0,6.20094705,0.1335504731437433
nw_retrain_0143_none_easy_seed20264858,1,4,2,M1,1.0,0.0,0.0
nw_retrain_0143_none_easy_seed20264858,1,4,2,random,0.47,4.8916493117,0.10535198490862799
nw_retrain_0143_none_easy_seed20264858,1,4,3,M0,1.0,0.0,0.0
nw_retrain_0143_none_easy_seed20264858,1,4,3,M1,1.0,0.0,0.0
nw_retrain_0143_none_easy_seed20264858,1,4,3,random,0.72,1.736265174,0.03739413248024812
nw_retrain_0143_none_easy_seed20264858,1,4,4,M0,1.0,0.0,0.0
nw_retrain_0143_none_easy_seed20264858,1,4,4,M1,1.0,0.0,0.0
nw_retrain_0143_none_easy_seed20264858,1,4,4,random,1.0,0.0,0.0
nw_retrain_0143_none_easy_seed20264858,2,16,1,M0,0.0,13.59090271,0.03545686190091122
nw_retrain_0143_none_easy_seed20264858,2,16,1,M1,0.0,13.59090271,0.03545686190091122
nw_retrain_0143_none_easy_seed20264858,2,16,1,random,0.04,242.15528849759997,0.6317510180186344
nw_retrain_0143_none_easy_seed20264858,2,16,2,M0,0.0,4.06633336,0.010608524206600571
nw_retrain_0143_none_easy_seed20264858,2,16,2,M1,0.0,13.59090271,0.03545686190091122
nw_retrain_0143_none_easy_seed20264858,2,16,2,random,0.12,35.842133665,0.09350737112251066
nw_retrain_0143_none_easy_seed20264858,2,16,3,M0,0.0,4.06633336,0.010608524206600571
nw_retrain_0143_none_easy_seed20264858,2,16,3,M1,1.0,0.0,0.0
nw_retrain_0143_none_easy_seed20264858,2,16,3,random,0.18,21.858984281500003,0.057027189694549334
nw_retrain_0143_none_easy_seed20264858,2,16,4,M0,0.0,4.06633336,0.010608524206600571
nw_retrain_0143_none_easy_seed20264858,2,16,4,M1,1.0,0.0,0.0
nw_retrain_0143_none_easy_seed20264858,2,16,4,random,0.18,8.6701346326,0.022619230884804546
nw_retrain_0143_none_easy_seed20264858,2,16,6,M0,1.0,0.0,0.0
nw_retrain_0143_none_easy_seed20264858,2,16,6,M1,1.0,0.0,0.0
nw_retrain_0143_none_easy_seed20264858,2,16,6,random,0.4,3.3129683734000004,0.008643094914607794
nw_retrain_0143_none_easy_seed20264858,2,16,8,M0,1.0,0.0,0.0
nw_retrain_0143_none_easy_seed20264858,2,16,8,M1,1.0,0.0,0.0
nw_retrain_0143_none_easy_seed20264858,2,16,8,random,0.54,2.1827955369,0.005694623937881802
nw_retrain_0143_none_easy_seed20264858,3,16,1,M0,0.0,5.0799176,0.10755243693016057
nw_retrain_0143_none_easy_seed20264858,3,16,1,M1,0.0,5.65682029,0.11976666855097762
nw_retrain_0143_none_easy_seed20264858,3,16,1,random,0.06,25.331321639700004,0.5363168436061732
nw_retrain_0143_none_easy_seed20264858,3,16,2,M0,0.0,1.45537781,0.030813379752376347
nw_retrain_0143_none_easy_seed20264858,3,16,2,M1,0.0,1.45537781,0.030813379752376347
nw_retrain_0143_none_easy_seed20264858,3,16,2,random,0.1,4.8429116088,0.10253452641905146
nw_retrain_0143_none_easy_seed20264858,3,16,3,M0,0.0,0.11134795000000008,0.0023574680364259614
nw_retrain_0143_none_easy_seed20264858,3,16,3,M1,0.0,1.45537781,0.030813379752376347
nw_retrain_0143_none_easy_seed20264858,3,16,3,random,0.09,3.119160656700001,0.06603912823404165
nw_retrain_0143_none_easy_seed20264858,3,16,4,M0,0.0,0.11134795000000008,0.0023574680364259614
nw_retrain_0143_none_easy_seed20264858,3,16,4,M1,0.0,0.11134795000000008,0.0023574680364259614
nw_retrain_0143_none_easy_seed20264858,3,16,4,random,0.18,2.4833759036000003,0.05257824068756933
nw_retrain_0143_none_easy_seed20264858,3,16,6,M0,0.0,0.11134795000000008,0.0023574680364259614
nw_retrain_0143_none_easy_seed20264858,3,16,6,M1,1.0,0.0,0.0
nw_retrain_0143_none_easy_seed20264858,3,16,6,random,0.33,1.2359068119999999,0.02616672157225263
nw_retrain_0143_none_easy_seed20264858,3,16,8,M0,0.0,0.11134795000000008,0.0023574680364259614
nw_retrain_0143_none_easy_seed20264858,3,16,8,M1,1.0,0.0,0.0
nw_retrain_0143_none_easy_seed20264858,3,16,8,random,0.49,0.8399869966,0.017784274389406732
nw_retrain_0143_none_easy_seed20264858,4,16,1,M0,0.0,4.66671199,0.1287651481705372
nw_retrain_0143_none_easy_seed20264858,4,16,1,M1,0.0,4.66671199,0.1287651481705372
nw_retrain_0143_none_easy_seed20264858,4,16,1,random,0.07,16.9368268461,0.46732539377832893
nw_retrain_0143_none_easy_seed20264858,4,16,2,M0,0.0,4.66671199,0.1287651481705372
nw_retrain_0143_none_easy_seed20264858,4,16,2,M1,0.0,3.1731973599999996,0.08755569855399571
nw_retrain_0143_none_easy_seed20264858,4,16,2,random,0.12,4.8299883821,0.13327031344890855
nw_retrain_0143_none_easy_seed20264858,4,16,3,M0,0.0,3.3320142400000003,0.09193781579821471
nw_retrain_0143_none_easy_seed20264858,4,16,3,M1,1.0,0.0,0.0
nw_retrain_0143_none_easy_seed20264858,4,16,3,random,0.19,3.3558138308,0.09259450038520592
nw_retrain_0143_none_easy_seed20264858,4,16,4,M0,0.0,2.2111215900000003,0.061009850140639144
nw_retrain_0143_none_easy_seed20264858,4,16,4,M1,1.0,0.0,0.0
nw_retrain_0143_none_easy_seed20264858,4,16,4,random,0.34,2.2553992419,0.06223157079101657
nw_retrain_0143_none_easy_seed20264858,4,16,6,M0,0.0,2.2111215900000003,0.061009850140639144
nw_retrain_0143_none_easy_seed20264858,4,16,6,M1,1.0,0.0,0.0
nw_retrain_0143_none_easy_seed20264858,4,16,6,random,0.51,1.4439100002,0.039840745586845916
nw_retrain_0143_none_easy_seed20264858,4,16,8,M0,1.0,0.0,0.0
nw_retrain_0143_none_easy_seed20264858,4,16,8,M1,1.0,0.0,0.0
nw_retrain_0143_none_easy_seed20264858,4,16,8,random,0.47,1.3670205896,0.037719192688387686
nw_retrain_0143_none_easy_seed20264858,5,16,1,M0,0.0,4.629405080000001,0.14877415774216893
nw_retrain_0143_none_easy_seed20264858,5,16,1,M1,0.0,4.629405080000001,0.14877415774216893
nw_retrain_0143_none_easy_seed20264858,5,16,1,random,0.05,36.1912257978,1.1630693453432575
nw_retrain_0143_none_easy_seed20264858,5,16,2,M0,0.0,4.629405080000001,0.14877415774216893
nw_retrain_0143_none_easy_seed20264858,5,16,2,M1,0.0,3.23415475,0.1039353093160482
nw_retrain_0143_none_easy_seed20264858,5,16,2,random,0.12,18.841924894799998,0.6055187347021
nw_retrain_0143_none_easy_seed20264858,5,16,3,M0,0.0,4.629405080000001,0.14877415774216893
nw_retrain_0143_none_easy_seed20264858,5,16,3,M1,1.0,0.0,0.0
nw_retrain_0143_none_easy_seed20264858,5,16,3,random,0.14,18.732893444699997,0.6020148153267761
nw_retrain_0143_none_easy_seed20264858,5,16,4,M0,1.0,0.0,0.0
nw_retrain_0143_none_easy_seed20264858,5,16,4,M1,1.0,0.0,0.0
nw_retrain_0143_none_easy_seed20264858,5,16,4,random,0.22,8.662232070500002,0.27837621858224637
nw_retrain_0143_none_easy_seed20264858,5,16,6,M0,1.0,0.0,0.0
nw_retrain_0143_none_easy_seed20264858,5,16,6,M1,1.0,0.0,0.0
nw_retrain_0143_none_easy_seed20264858,5,16,6,random,0.32,5.1700610529999995,0.16614909806848568
nw_retrain_0143_none_easy_seed20264858,5,16,8,M0,1.0,0.0,0.0
nw_retrain_0143_none_easy_seed20264858,5,16,8,M1,1.0,0.0,0.0
nw_retrain_0143_none_easy_seed20264858,5,16,8,random,0.51,2.4137587721000004,0.0775704268920769
nw_retrain_0143_none_easy_seed20264858,6,16,1,M0,0.0,54.4340273,1.3108498519471854
nw_retrain_0143_none_easy_seed20264858,6,16,1,M1,0.0,2.81051726,0.0676813073899827
nw_retrain_0143_none_easy_seed20264858,6,16,1,random,0.06,37.7075771067,0.9080528176831182
nw_retrain_0143_none_easy_seed20264858,6,16,2,M0,0.0,2.81051726,0.0676813073899827
nw_retrain_0143_none_easy_seed20264858,6,16,2,M1,0.0,2.81051726,0.0676813073899827
nw_retrain_0143_none_easy_seed20264858,6,16,2,random,0.1,16.2145864534,0.3904706174812869
nw_retrain_0143_none_easy_seed20264858,6,16,3,M0,0.0,2.81051726,0.0676813073899827
nw_retrain_0143_none_easy_seed20264858,6,16,3,M1,1.0,0.0,0.0
nw_retrain_0143_none_easy_seed20264858,6,16,3,random,0.24,7.747093876499999,0.18656118910810354
nw_retrain_0143_none_easy_seed20264858,6,16,4,M0,0.0,2.81051726,0.0676813073899827
nw_retrain_0143_none_easy_seed20264858,6,16,4,M1,1.0,0.0,0.0
nw_retrain_0143_none_easy_seed20264858,6,16,4,random,0.24,5.534411937,0.13327661810228003
nw_retrain_0143_none_easy_seed20264858,6,16,6,M0,0.0,2.81051726,0.0676813073899827
nw_retrain_0143_none_easy_seed20264858,6,16,6,M1,1.0,0.0,0.0
nw_retrain_0143_none_easy_seed20264858,6,16,6,random,0.36,3.0343434335999997,0.07307136432823653
nw_retrain_0143_none_easy_seed20264858,6,16,8,M0,1.0,0.0,0.0
nw_retrain_0143_none_easy_seed20264858,6,16,8,M1,1.0,0.0,0.0
nw_retrain_0143_none_easy_seed20264858,6,16,8,random,0.47,2.0742167806000005,0.049950130361856915
nw_retrain_0143_none_easy_seed20264858,7,16,1,M0,0.0,26.97844134,1.1573622698384207
nw_retrain_0143_none_easy_seed20264858,7,16,1,M1,1.0,0.0,0.0
nw_retrain_0143_none_easy_seed20264858,7,16,1,random,0.04,49.45376963999999,2.121543137399678
nw_retrain_0143_none_easy_seed20264858,7,16,2,M0,0.0,26.97844134,1.1573622698384207
nw_retrain_0143_none_easy_seed20264858,7,16,2,M1,1.0,0.0,0.0
nw_retrain_0143_none_easy_seed20264858,7,16,2,random,0.11,32.1898843155,1.380930688608242
nw_retrain_0143_none_easy_seed20264858,7,16,3,M0,0.0,26.97844134,1.1573622698384207
nw_retrain_0143_none_easy_seed20264858,7,16,3,M1,1.0,0.0,0.0
nw_retrain_0143_none_easy_seed20264858,7,16,3,random,0.14,26.4868959539,1.1362752071495241
nw_retrain_0143_none_easy_seed20264858,7,16,4,M0,0.0,26.82414854,1.1507431822870966
nw_retrain_0143_none_easy_seed20264858,7,16,4,M1,1.0,0.0,0.0
nw_retrain_0143_none_easy_seed20264858,7,16,4,random,0.28,21.741200802999998,0.9326871479808394
nw_retrain_0143_none_easy_seed20264858,7,16,6,M0,0.0,20.13122973,0.8636201566028462
nw_retrain_0143_none_easy_seed20264858,7,16,6,M1,1.0,0.0,0.0
nw_retrain_0143_none_easy_seed20264858,7,16,6,random,0.32,16.7645530284,0.719191331376433
nw_retrain_0143_none_easy_seed20264858,7,16,8,M0,0.0,20.13122973,0.8636201566028462
nw_retrain_0143_none_easy_seed20264858,7,16,8,M1,1.0,0.0,0.0
nw_retrain_0143_none_easy_seed20264858,7,16,8,random,0.55,10.0022337239,0.4290910575691288
nw_retrain_0143_none_easy_seed20264858,8,16,1,M0,0.0,18.3507013,0.2741057849778198
nw_retrain_0143_none_easy_seed20264858,8,16,1,M1,0.0,18.3507013,0.2741057849778198
nw_retrain_0143_none_easy_seed20264858,8,16,1,random,0.05,80.8868429556,1.2082127663819786
nw_retrain_0143_none_easy_seed20264858,8,16,2,M0,0.0,0.6858957400000003,0.010245275488498233
nw_retrain_0143_none_easy_seed20264858,8,16,2,M1,0.0,18.32285993,0.2736899163712773
nw_retrain_0143_none_easy_seed20264858,8,16,2,random,0.07,38.8964073992,0.5809985192759252
nw_retrain_0143_none_easy_seed20264858,8,16,3,M0,1.0,0.0,0.0
nw_retrain_0143_none_easy_seed20264858,8,16,3,M1,1.0,0.0,0.0
nw_retrain_0143_none_easy_seed20264858,8,16,3,random,0.17,28.430618671199994,0.42467025760341565
nw_retrain_0143_none_easy_seed20264858,8,16,4,M0,1.0,0.0,0.0
nw_retrain_0143_none_easy_seed20264858,8,16,4,M1,1.0,0.0,0.0
nw_retrain_0143_none_easy_seed20264858,8,16,4,random,0.29,20.0897611099,0.3000822502105691
nw_retrain_0143_none_easy_seed20264858,8,16,6,M0,1.0,0.0,0.0
nw_retrain_0143_none_easy_seed20264858,8,16,6,M1,1.0,0.0,0.0
nw_retrain_0143_none_easy_seed20264858,8,16,6,random,0.4,12.1137367054,0.18094378271245118
nw_retrain_0143_none_easy_seed20264858,8,16,8,M0,1.0,0.0,0.0
nw_retrain_0143_none_easy_seed20264858,8,16,8,M1,1.0,0.0,0.0
nw_retrain_0143_none_easy_seed20264858,8,16,8,random,0.47,5.230694877499999,0.07813127694343747
nw_retrain_0143_none_easy_seed20264858,9,16,1,M0,1.0,0.0,0.0
nw_retrain_0143_none_easy_seed20264858,9,16,1,M1,0.0,3.421351340000001,0.08852410826777778
nw_retrain_0143_none_easy_seed20264858,9,16,1,random,0.04,45.39288275510002,1.1744962935022671
nw_retrain_0143_none_easy_seed20264858,9,16,2,M0,1.0,0.0,0.0
nw_retrain_0143_none_easy_seed20264858,9,16,2,M1,1.0,0.0,0.0
nw_retrain_0143_none_easy_seed20264858,9,16,2,random,0.11,19.808313333300006,0.5125206679648151
nw_retrain_0143_none_easy_seed20264858,9,16,3,M0,1.0,0.0,0.0
nw_retrain_0143_none_easy_seed20264858,9,16,3,M1,1.0,0.0,0.0
nw_retrain_0143_none_easy_seed20264858,9,16,3,random,0.16,13.114837051599999,0.33933353803707905
nw_retrain_0143_none_easy_seed20264858,9,16,4,M0,1.0,0.0,0.0
nw_retrain_0143_none_easy_seed20264858,9,16,4,M1,1.0,0.0,0.0
nw_retrain_0143_none_easy_seed20264858,9,16,4,random,0.2,10.654855990400003,0.275683942261174
nw_retrain_0143_none_easy_seed20264858,9,16,6,M0,1.0,0.0,0.0
nw_retrain_0143_none_easy_seed20264858,9,16,6,M1,1.0,0.0,0.0
nw_retrain_0143_none_easy_seed20264858,9,16,6,random,0.34,5.0023410098,0.12943066441807752
nw_retrain_0143_none_easy_seed20264858,9,16,8,M0,1.0,0.0,0.0
nw_retrain_0143_none_easy_seed20264858,9,16,8,M1,1.0,0.0,0.0
nw_retrain_0143_none_easy_seed20264858,9,16,8,random,0.47,3.0729186249000007,0.0795087537103741
nw_retrain_0156_crossing_easy_seed20266132,1,4,1,M0,0.0,39.888296780000005,0.011272481771947606
nw_retrain_0156_crossing_easy_seed20266132,1,4,1,M1,0.0,36.553690810000006,0.01033011801997362
nw_retrain_0156_crossing_easy_seed20266132,1,4,1,random,0.18,2152.5129886693994,0.6083028203105008
nw_retrain_0156_crossing_easy_seed20266132,1,4,2,M0,1.0,0.0,0.0
nw_retrain_0156_crossing_easy_seed20266132,1,4,2,M1,1.0,0.0,0.0
nw_retrain_0156_crossing_easy_seed20266132,1,4,2,random,0.52,18.146000663400002,0.005128082124942655
nw_retrain_0156_crossing_easy_seed20266132,1,4,3,M0,1.0,0.0,0.0
nw_retrain_0156_crossing_easy_seed20266132,1,4,3,M1,1.0,0.0,0.0
nw_retrain_0156_crossing_easy_seed20266132,1,4,3,random,0.76,8.772885794400002,0.002479228324793669
nw_retrain_0156_crossing_easy_seed20266132,1,4,4,M0,1.0,0.0,0.0
nw_retrain_0156_crossing_easy_seed20266132,1,4,4,M1,1.0,0.0,0.0
nw_retrain_0156_crossing_easy_seed20266132,1,4,4,random,1.0,0.0,0.0
nw_retrain_0156_crossing_easy_seed20266132,2,16,1,M0,0.0,223.86737791,0.0641026957774402
nw_retrain_0156_crossing_easy_seed20266132,2,16,1,M1,0.0,42.358534559999995,0.012129039433201741
nw_retrain_0156_crossing_easy_seed20266132,2,16,1,random,0.09,2267.7859563229003,0.6493630050241659
nw_retrain_0156_crossing_easy_seed20266132,2,16,2,M0,0.0,42.358534559999995,0.012129039433201741
nw_retrain_0156_crossing_easy_seed20266132,2,16,2,M1,0.0,42.358534559999995,0.012129039433201741
nw_retrain_0156_crossing_easy_seed20266132,2,16,2,random,0.15,549.1438176662,0.15724309370376593
nw_retrain_0156_crossing_easy_seed20266132,2,16,3,M0,1.0,0.0,0.0
nw_retrain_0156_crossing_easy_seed20266132,2,16,3,M1,1.0,0.0,0.0
nw_retrain_0156_crossing_easy_seed20266132,2,16,3,random,0.14,187.20498485719992,0.05360470250000342
nw_retrain_0156_crossing_easy_seed20266132,2,16,4,M0,1.0,0.0,0.0
nw_retrain_0156_crossing_easy_seed20266132,2,16,4,M1,1.0,0.0,0.0
nw_retrain_0156_crossing_easy_seed20266132,2,16,4,random,0.33,28.410218997999994,0.0081350469300239
nw_retrain_0156_crossing_easy_seed20266132,2,16,6,M0,1.0,0.0,0.0
nw_retrain_0156_crossing_easy_seed20266132,2,16,6,M1,1.0,0.0,0.0
nw_retrain_0156_crossing_easy_seed20266132,2,16,6,random,0.41,17.8465639149,0.00511022583098015
nw_retrain_0156_crossing_easy_seed20266132,2,16,8,M0,1.0,0.0,0.0
nw_retrain_0156_crossing_easy_seed20266132,2,16,8,M1,1.0,0.0,0.0
nw_retrain_0156_crossing_easy_seed20266132,2,16,8,random,0.49,13.302758410099997,0.0038091421953682196
nw_retrain_0156_crossing_easy_seed20266132,3,16,1,M0,0.0,28.629187480000002,0.5946959973671991
nw_retrain_0156_crossing_easy_seed20266132,3,16,1,M1,0.0,4.52115766,0.09391514746083363
nw_retrain_0156_crossing_easy_seed20266132,3,16,1,random,0.06,54.211838101800005,1.126108212172673
nw_retrain_0156_crossing_easy_seed20266132,3,16,2,M0,0.0,1.5969702,0.03317285153545319
nw_retrain_0156_crossing_easy_seed20266132,3,16,2,M1,0.0,4.52115766,0.09391514746083363
nw_retrain_0156_crossing_easy_seed20266132,3,16,2,random,0.09,25.164649426300002,0.5227293404475408
nw_retrain_0156_crossing_easy_seed20266132,3,16,3,M0,1.0,0.0,0.0
nw_retrain_0156_crossing_easy_seed20266132,3,16,3,M1,0.0,4.52115766,0.09391514746083363
nw_retrain_0156_crossing_easy_seed20266132,3,16,3,random,0.2,15.2500281357,0.3167791855208445
nw_retrain_0156_crossing_easy_seed20266132,3,16,4,M0,1.0,0.0,0.0
nw_retrain_0156_crossing_easy_seed20266132,3,16,4,M1,0.0,4.52115766,0.09391514746083363
nw_retrain_0156_crossing_easy_seed20266132,3,16,4,random,0.2,11.392644635899998,0.2366521987090854
nw_retrain_0156_crossing_easy_seed20266132,3,16,6,M0,1.0,0.0,0.0
nw_retrain_0156_crossing_easy_seed20266132,3,16,6,M1,0.0,1.5969702,0.03317285153545319
nw_retrain_0156_crossing_easy_seed20266132,3,16,6,random,0.36,6.1504158534,0.12775869705404388
nw_retrain_0156_crossing_easy_seed20266132,3,16,8,M0,1.0,0.0,0.0
nw_retrain_0156_crossing_easy_seed20266132,3,16,8,M1,0.0,1.5969702,0.03317285153545319
nw_retrain_0156_crossing_easy_seed20266132,3,16,8,random,0.45,2.8979576381,0.06019744043108875
nw_retrain_0156_crossing_easy_seed20266132,4,16,1,M0,0.0,76.76561456,0.21678246368172366
nw_retrain_0156_crossing_easy_seed20266132,4,16,1,M1,0.0,27.88353179,0.07874177458527809
nw_retrain_0156_crossing_easy_seed20266132,4,16,1,random,0.08,170.89825000329998,0.4826085726918006
nw_retrain_0156_crossing_easy_seed20266132,4,16,2,M0,0.0,27.88353179,0.07874177458527809
nw_retrain_0156_crossing_easy_seed20266132,4,16,2,M1,0.0,13.23268745,0.03736848331096361
nw_retrain_0156_crossing_easy_seed20266132,4,16,2,random,0.1,42.3402102955,0.11956675072908803
nw_retrain_0156_crossing_easy_seed20266132,4,16,3,M0,0.0,21.99976935,0.06212630781969567
nw_retrain_0156_crossing_easy_seed20266132,4,16,3,M1,0.0,13.149239089999998,0.037132829090324754
nw_retrain_0156_crossing_easy_seed20266132,4,16,3,random,0.2,23.4287596971,0.06616170895335839
nw_retrain_0156_crossing_easy_seed20266132,4,16,4,M0,1.0,0.0,0.0
nw_retrain_0156_crossing_easy_seed20266132,4,16,4,M1,0.0,13.149239089999998,0.037132829090324754
nw_retrain_0156_crossing_easy_seed20266132,4,16,4,random,0.34,11.416726305500003,0.032240294953306416
nw_retrain_0156_crossing_easy_seed20266132,4,16,6,M0,1.0,0.0,0.0
nw_retrain_0156_crossing_easy_seed20266132,4,16,6,M1,0.0,7.15772261,0.020213070013702462
nw_retrain_0156_crossing_easy_seed20266132,4,16,6,random,0.36,7.632682255299998,0.02155433358135169
nw_retrain_0156_crossing_easy_seed20266132,4,16,8,M0,1.0,0.0,0.0
nw_retrain_0156_crossing_easy_seed20266132,4,16,8,M1,1.0,0.0,0.0
nw_retrain_0156_crossing_easy_seed20266132,4,16,8,random,0.54,4.582288264800001,0.01294016526848469
nw_retrain_0156_crossing_easy_seed20266132,5,16,1,M0,0.0,4.7362264,0.018673245424184148
nw_retrain_0156_crossing_easy_seed20266132,5,16,1,M1,1.0,0.0,0.0
nw_retrain_0156_crossing_easy_seed20266132,5,16,1,random,0.04,115.18840393060002,0.454146646498181
nw_retrain_0156_crossing_easy_seed20266132,5,16,2,M0,0.0,4.7362264,0.018673245424184148
nw_retrain_0156_crossing_easy_seed20266132,5,16,2,M1,1.0,0.0,0.0
nw_retrain_0156_crossing_easy_seed20266132,5,16,2,random,0.16,21.932607962400002,0.08647242270224048
nw_retrain_0156_crossing_easy_seed20266132,5,16,3,M0,0.0,4.7362264,0.018673245424184148
nw_retrain_0156_crossing_easy_seed20266132,5,16,3,M1,1.0,0.0,0.0
nw_retrain_0156_crossing_easy_seed20266132,5,16,3,random,0.21,15.842512639099999,0.062461356713364384
nw_retrain_0156_crossing_easy_seed20266132,5,16,4,M0,0.0,4.7362264,0.018673245424184148
nw_retrain_0156_crossing_easy_seed20266132,5,16,4,M1,1.0,0.0,0.0
nw_retrain_0156_crossing_easy_seed20266132,5,16,4,random,0.22,10.8170565932,0.042647782321409484
nw_retrain_0156_crossing_easy_seed20266132,5,16,6,M0,0.0,4.7362264,0.018673245424184148
nw_retrain_0156_crossing_easy_seed20266132,5,16,6,M1,1.0,0.0,0.0
nw_retrain_0156_crossing_easy_seed20266132,5,16,6,random,0.33,5.913805880699998,0.023316019817231404
nw_retrain_0156_crossing_easy_seed20266132,5,16,8,M0,1.0,0.0,0.0
nw_retrain_0156_crossing_easy_seed20266132,5,16,8,M1,1.0,0.0,0.0
nw_retrain_0156_crossing_easy_seed20266132,5,16,8,random,0.55,3.064966217,0.012084064728593686
nw_retrain_0156_crossing_easy_seed20266132,6,16,1,M0,0.0,0.4111840199999999,0.002156083183706151
nw_retrain_0156_crossing_easy_seed20266132,6,16,1,M1,0.0,0.4111840199999999,0.002156083183706151
nw_retrain_0156_crossing_easy_seed20266132,6,16,1,random,0.08,180.66440010449998,0.9473312580573349
nw_retrain_0156_crossing_easy_seed20266132,6,16,2,M0,1.0,0.0,0.0
nw_retrain_0156_crossing_easy_seed20266132,6,16,2,M1,1.0,0.0,0.0
nw_retrain_0156_crossing_easy_seed20266132,6,16,2,random,0.18,64.49026471660001,0.3381609413425635
nw_retrain_0156_crossing_easy_seed20266132,6,16,3,M0,1.0,0.0,0.0
nw_retrain_0156_crossing_easy_seed20266132,6,16,3,M1,1.0,0.0,0.0
nw_retrain_0156_crossing_easy_seed20266132,6,16,3,random,0.17,30.9046838365,0.1620516991823587
nw_retrain_0156_crossing_easy_seed20266132,6,16,4,M0,1.0,0.0,0.0
nw_retrain_0156_crossing_easy_seed20266132,6,16,4,M1,1.0,0.0,0.0
nw_retrain_0156_crossing_easy_seed20266132,6,16,4,random,0.23,18.0861423826,0.09483643709996067
nw_retrain_0156_crossing_easy_seed20266132,6,16,6,M0,1.0,0.0,0.0
nw_retrain_0156_crossing_easy_seed20266132,6,16,6,M1,1.0,0.0,0.0
nw_retrain_0156_crossing_easy_seed20266132,6,16,6,random,0.38,10.2043695167,0.05350759865444319
nw_retrain_0156_crossing_easy_seed20266132,6,16,8,M0,1.0,0.0,0.0
nw_retrain_0156_crossing_easy_seed20266132,6,16,8,M1,1.0,0.0,0.0
nw_retrain_0156_crossing_easy_seed20266132,6,16,8,random,0.58,3.9958104104999994,0.02095241841197288
nw_retrain_0156_crossing_easy_seed20266132,7,16,1,M0,1.0,0.0,0.0
nw_retrain_0156_crossing_easy_seed20266132,7,16,1,M1,0.0,1.7584984499999994,0.012247476511713672
nw_retrain_0156_crossing_easy_seed20266132,7,16,1,random,0.07,151.7655132953,1.057006652108426
nw_retrain_0156_crossing_easy_seed20266132,7,16,2,M0,1.0,0.0,0.0
nw_retrain_0156_crossing_easy_seed20266132,7,16,2,M1,0.0,1.7584984499999994,0.012247476511713672
nw_retrain_0156_crossing_easy_seed20266132,7,16,2,random,0.17,46.7941640424,0.3259089736442876
nw_retrain_0156_crossing_easy_seed20266132,7,16,3,M0,1.0,0.0,0.0
nw_retrain_0156_crossing_easy_seed20266132,7,16,3,M1,0.0,1.7584984499999994,0.012247476511713672
nw_retrain_0156_crossing_easy_seed20266132,7,16,3,random,0.19,27.190350280400008,0.18937359677767499
nw_retrain_0156_crossing_easy_seed20266132,7,16,4,M0,1.0,0.0,0.0
nw_retrain_0156_crossing_easy_seed20266132,7,16,4,M1,1.0,0.0,0.0
nw_retrain_0156_crossing_easy_seed20266132,7,16,4,random,0.29,13.634917616199997,0.09496359422071739
nw_retrain_0156_crossing_easy_seed20266132,7,16,6,M0,1.0,0.0,0.0
nw_retrain_0156_crossing_easy_seed20266132,7,16,6,M1,1.0,0.0,0.0
nw_retrain_0156_crossing_easy_seed20266132,7,16,6,random,0.34,4.4356463578000005,0.03089310347781303
nw_retrain_0156_crossing_easy_seed20266132,7,16,8,M0,1.0,0.0,0.0
nw_retrain_0156_crossing_easy_seed20266132,7,16,8,M1,1.0,0.0,0.0
nw_retrain_0156_crossing_easy_seed20266132,7,16,8,random,0.45,2.5551561514,0.017795986654427935
nw_retrain_0156_crossing_easy_seed20266132,8,16,1,M0,0.0,37.770087620000005,0.25511482347584374
nw_retrain_0156_crossing_easy_seed20266132,8,16,1,M1,1.0,0.0,0.0
nw_retrain_0156_crossing_easy_seed20266132,8,16,1,random,0.05,147.12225599299998,0.9937246835283374
nw_retrain_0156_crossing_easy_seed20266132,8,16,2,M0,0.0,31.30699416,0.21146041198110593
nw_retrain_0156_crossing_easy_seed20266132,8,16,2,M1,1.0,0.0,0.0
nw_retrain_0156_crossing_easy_seed20266132,8,16,2,random,0.11,78.1598076079,0.5279237295239114
nw_retrain_0156_crossing_easy_seed20266132,8,16,3,M0,1.0,0.0,0.0
nw_retrain_0156_crossing_easy_seed20266132,8,16,3,M1,1.0,0.0,0.0
nw_retrain_0156_crossing_easy_seed20266132,8,16,3,random,0.19,45.80395767940001,0.30937891104302256
nw_retrain_0156_crossing_easy_seed20266132,8,16,4,M0,1.0,0.0,0.0
nw_retrain_0156_crossing_easy_seed20266132,8,16,4,M1,1.0,0.0,0.0
nw_retrain_0156_crossing_easy_seed20266132,8,16,4,random,0.24,27.219137363900007,0.18384933319771027
nw_retrain_0156_crossing_easy_seed20266132,8,16,6,M0,1.0,0.0,0.0
nw_retrain_0156_crossing_easy_seed20266132,8,16,6,M1,1.0,0.0,0.0
nw_retrain_0156_crossing_easy_seed20266132,8,16,6,random,0.4,16.712330932300002,0.11288200860317721
nw_retrain_0156_crossing_easy_seed20266132,8,16,8,M0,1.0,0.0,0.0
nw_retrain_0156_crossing_easy_seed20266132,8,16,8,M1,1.0,0.0,0.0
nw_retrain_0156_crossing_easy_seed20266132,8,16,8,random,0.56,8.6974297957,0.05874604500119369
nw_retrain_0156_crossing_easy_seed20266132,9,16,1,M0,0.0,0.7525213399999995,0.009677965987253076
nw_retrain_0156_crossing_easy_seed20266132,9,16,1,M1,0.0,0.7525213399999995,0.009677965987253076
nw_retrain_0156_crossing_easy_seed20266132,9,16,1,random,0.04,91.74787462990001,1.1799436944484956
nw_retrain_0156_crossing_easy_seed20266132,9,16,2,M0,0.0,0.7525213399999995,0.009677965987253076
nw_retrain_0156_crossing_easy_seed20266132,9,16,2,M1,0.0,0.7525213399999995,0.009677965987253076
nw_retrain_0156_crossing_easy_seed20266132,9,16,2,random,0.15,46.12247114750001,0.5931681711691615
nw_retrain_0156_crossing_easy_seed20266132,9,16,3,M0,1.0,0.0,0.0
nw_retrain_0156_crossing_easy_seed20266132,9,16,3,M1,1.0,0.0,0.0
nw_retrain_0156_crossing_easy_seed20266132,9,16,3,random,0.16,37.3363623166,0.48017248864704964
nw_retrain_0156_crossing_easy_seed20266132,9,16,4,M0,1.0,0.0,0.0
nw_retrain_0156_crossing_easy_seed20266132,9,16,4,M1,1.0,0.0,0.0
nw_retrain_0156_crossing_easy_seed20266132,9,16,4,random,0.2,23.235590690399995,0.29882641786002445
nw_retrain_0156_crossing_easy_seed20266132,9,16,6,M0,1.0,0.0,0.0
nw_retrain_0156_crossing_easy_seed20266132,9,16,6,M1,1.0,0.0,0.0
nw_retrain_0156_crossing_easy_seed20266132,9,16,6,random,0.37,9.8919364678,0.12721742174572326
nw_retrain_0156_crossing_easy_seed20266132,9,16,8,M0,1.0,0.0,0.0
nw_retrain_0156_crossing_easy_seed20266132,9,16,8,M1,1.0,0.0,0.0
nw_retrain_0156_crossing_easy_seed20266132,9,16,8,random,0.48,5.0701010881999995,0.06520514871184177
nw_retrain_0161_none_easy_seed20266753,1,4,1,M0,1.0,0.0,0.0
nw_retrain_0161_none_easy_seed20266753,1,4,1,M1,1.0,0.0,0.0
nw_retrain_0161_none_easy_seed20266753,1,4,1,random,0.21,485.60806502379995,0.6515627212116447
nw_retrain_0161_none_easy_seed20266753,1,4,2,M0,1.0,0.0,0.0
nw_retrain_0161_none_easy_seed20266753,1,4,2,M1,1.0,0.0,0.0
nw_retrain_0161_none_easy_seed20266753,1,4,2,random,0.49,14.996397687099998,0.020121357920404394
nw_retrain_0161_none_easy_seed20266753,1,4,3,M0,1.0,0.0,0.0
nw_retrain_0161_none_easy_seed20266753,1,4,3,M1,1.0,0.0,0.0
nw_retrain_0161_none_easy_seed20266753,1,4,3,random,0.73,4.4258060232,0.005938307914819635
nw_retrain_0161_none_easy_seed20266753,1,4,4,M0,1.0,0.0,0.0
nw_retrain_0161_none_easy_seed20266753,1,4,4,M1,1.0,0.0,0.0
nw_retrain_0161_none_easy_seed20266753,1,4,4,random,1.0,0.0,0.0
nw_retrain_0161_none_easy_seed20266753,2,16,1,M0,0.0,11.00620578,0.013697011961066622
nw_retrain_0161_none_easy_seed20266753,2,16,1,M1,0.0,11.00620578,0.013697011961066622
nw_retrain_0161_none_easy_seed20266753,2,16,1,random,0.06,498.304460913,0.6201303426273225
nw_retrain_0161_none_easy_seed20266753,2,16,2,M0,1.0,0.0,0.0
nw_retrain_0161_none_easy_seed20266753,2,16,2,M1,0.0,11.00620578,0.013697011961066622
nw_retrain_0161_none_easy_seed20266753,2,16,2,random,0.09,192.0216960672,0.23896731720172673
nw_retrain_0161_none_easy_seed20266753,2,16,3,M0,1.0,0.0,0.0
nw_retrain_0161_none_easy_seed20266753,2,16,3,M1,0.0,7.8049316000000015,0.009713087654127695
nw_retrain_0161_none_easy_seed20266753,2,16,3,random,0.14,31.026804978500003,0.03861226360826737
nw_retrain_0161_none_easy_seed20266753,2,16,4,M0,1.0,0.0,0.0
nw_retrain_0161_none_easy_seed20266753,2,16,4,M1,0.0,7.8049316000000015,0.009713087654127695
nw_retrain_0161_none_easy_seed20266753,2,16,4,random,0.29,31.5540223734,0.03926837554260444
nw_retrain_0161_none_easy_seed20266753,2,16,6,M0,1.0,0.0,0.0
nw_retrain_0161_none_easy_seed20266753,2,16,6,M1,1.0,0.0,0.0
nw_retrain_0161_none_easy_seed20266753,2,16,6,random,0.47,7.368847603300001,0.00917038948563773
nw_retrain_0161_none_easy_seed20266753,2,16,8,M0,1.0,0.0,0.0
nw_retrain_0161_none_easy_seed20266753,2,16,8,M1,1.0,0.0,0.0
nw_retrain_0161_none_easy_seed20266753,2,16,8,random,0.53,5.2427860525000005,0.006524546669924771
nw_retrain_0161_none_easy_seed20266753,3,16,1,M0,0.0,19.75322953,0.08971994602446975
nw_retrain_0161_none_easy_seed20266753,3,16,1,M1,0.0,19.75322953,0.08971994602446975
nw_retrain_0161_none_easy_seed20266753,3,16,1,random,0.04,112.39370586389998,0.5104966359189184
nw_retrain_0161_none_easy_seed20266753,3,16,2,M0,0.0,2.0659008100000005,0.009383402794140894
nw_retrain_0161_none_easy_seed20266753,3,16,2,M1,0.0,19.35006478,0.08788875586115834
nw_retrain_0161_none_easy_seed20266753,3,16,2,random,0.12,16.474538309899998,0.0748280014514815
nw_retrain_0161_none_easy_seed20266753,3,16,3,M0,0.0,2.0659008100000005,0.009383402794140894
nw_retrain_0161_none_easy_seed20266753,3,16,3,M1,0.0,2.0659008100000005,0.009383402794140894
nw_retrain_0161_none_easy_seed20266753,3,16,3,random,0.21,8.2612514752,0.03752292936827507
nw_retrain_0161_none_easy_seed20266753,3,16,4,M0,0.0,2.0659008100000005,0.009383402794140894
nw_retrain_0161_none_easy_seed20266753,3,16,4,M1,0.0,2.0659008100000005,0.009383402794140894
nw_retrain_0161_none_easy_seed20266753,3,16,4,random,0.23,5.8780684415,0.026698418225666168
nw_retrain_0161_none_easy_seed20266753,3,16,6,M0,1.0,0.0,0.0
nw_retrain_0161_none_easy_seed20266753,3,16,6,M1,0.0,2.0659008100000005,0.009383402794140894
nw_retrain_0161_none_easy_seed20266753,3,16,6,random,0.38,2.6508173514,0.012040116747852924
nw_retrain_0161_none_easy_seed20266753,3,16,8,M0,1.0,0.0,0.0
nw_retrain_0161_none_easy_seed20266753,3,16,8,M1,1.0,0.0,0.0
nw_retrain_0161_none_easy_seed20266753,3,16,8,random,0.54,1.0568384935000001,0.0048002020352872375
nw_retrain_0161_none_easy_seed20266753,4,16,1,M0,1.0,0.0,0.0
nw_retrain_0161_none_easy_seed20266753,4,16,1,M1,1.0,0.0,0.0
nw_retrain_0161_none_easy_seed20266753,4,16,1,random,0.08,54.166841365399996,0.5277799697118574
nw_retrain_0161_none_easy_seed20266753,4,16,2,M0,1.0,0.0,0.0
nw_retrain_0161_none_easy_seed20266753,4,16,2,M1,1.0,0.0,0.0
nw_retrain_0161_none_easy_seed20266753,4,16,2,random,0.08,21.4384291152,0.20888745187784874
nw_retrain_0161_none_easy_seed20266753,4,16,3,M0,1.0,0.0,0.0
nw_retrain_0161_none_easy_seed20266753,4,16,3,M1,1.0,0.0,0.0
nw_retrain_0161_none_easy_seed20266753,4,16,3,random,0.15,12.280965831400001,0.1196608037526979
nw_retrain_0161_none_easy_seed20266753,4,16,4,M0,1.0,0.0,0.0
nw_retrain_0161_none_easy_seed20266753,4,16,4,M1,1.0,0.0,0.0
nw_retrain_0161_none_easy_seed20266753,4,16,4,random,0.2,8.3964807648,0.08181193977766313
nw_retrain_0161_none_easy_seed20266753,4,16,6,M0,1.0,0.0,0.0
nw_retrain_0161_none_easy_seed20266753,4,16,6,M1,1.0,0.0,0.0
nw_retrain_0161_none_easy_seed20266753,4,16,6,random,0.33,4.6976765388,0.04577227541548486
nw_retrain_0161_none_easy_seed20266753,4,16,8,M0,1.0,0.0,0.0
nw_retrain_0161_none_easy_seed20266753,4,16,8,M1,1.0,0.0,0.0
nw_retrain_0161_none_easy_seed20266753,4,16,8,random,0.53,2.3398370102,0.022798433049538398
nw_retrain_0161_none_easy_seed20266753,5,16,1,M0,0.0,84.15514956,1.5872841962628044
nw_retrain_0161_none_easy_seed20266753,5,16,1,M1,0.0,30.515241500000002,0.5755602697082638
nw_retrain_0161_none_easy_seed20266753,5,16,1,random,0.09,71.97988526199998,1.3576416288550948
nw_retrain_0161_none_easy_seed20266753,5,16,2,M0,0.0,15.88950839,0.2996984223270892
nw_retrain_0161_none_easy_seed20266753,5,16,2,M1,1.0,0.0,0.0
nw_retrain_0161_none_easy_seed20266753,5,16,2,random,0.16,36.9714998972,0.6973343616615807
nw_retrain_0161_none_easy_seed20266753,5,16,3,M0,1.0,0.0,0.0
nw_retrain_0161_none_easy_seed20266753,5,16,3,M1,1.0,0.0,0.0
nw_retrain_0161_none_easy_seed20266753,5,16,3,random,0.18,33.4222637669,0.6303907884175748
nw_retrain_0161_none_easy_seed20266753,5,16,4,M0,1.0,0.0,0.0
nw_retrain_0161_none_easy_seed20266753,5,16,4,M1,1.0,0.0,0.0
nw_retrain_0161_none_easy_seed20266753,5,16,4,random,0.24,23.031862770400004,0.4344132471642128
nw_retrain_0161_none_easy_seed20266753,5,16,6,M0,1.0,0.0,0.0
nw_retrain_0161_none_easy_seed20266753,5,16,6,M1,1.0,0.0,0.0
nw_retrain_0161_none_easy_seed20266753,5,16,6,random,0.39,15.1139890096,0.2850710387048095
nw_retrain_0161_none_easy_seed20266753,5,16,8,M0,1.0,0.0,0.0
nw_retrain_0161_none_easy_seed20266753,5,16,8,M1,1.0,0.0,0.0
nw_retrain_0161_none_easy_seed20266753,5,16,8,random,0.52,9.645639721599998,0.18193029865658567
nw_retrain_0161_none_easy_seed20266753,6,16,1,M0,1.0,0.0,0.0
nw_retrain_0161_none_easy_seed20266753,6,16,1,M1,1.0,0.0,0.0
nw_retrain_0161_none_easy_seed20266753,6,16,1,random,0.07,107.11687616789999,1.3990502720429003
nw_retrain_0161_none_easy_seed20266753,6,16,2,M0,1.0,0.0,0.0
nw_retrain_0161_none_easy_seed20266753,6,16,2,M1,1.0,0.0,0.0
nw_retrain_0161_none_easy_seed20266753,6,16,2,random,0.16,56.635519887299985,0.7397148081635617
nw_retrain_0161_none_easy_seed20266753,6,16,3,M0,1.0,0.0,0.0
nw_retrain_0161_none_easy_seed20266753,6,16,3,M1,1.0,0.0,0.0
nw_retrain_0161_none_easy_seed20266753,6,16,3,random,0.17,44.840753041999996,0.5856637159926665
nw_retrain_0161_none_easy_seed20266753,6,16,4,M0,1.0,0.0,0.0
nw_retrain_0161_none_easy_seed20266753,6,16,4,M1,1.0,0.0,0.0
nw_retrain_0161_none_easy_seed20266753,6,16,4,random,0.21,31.4333490464,0.41055001889388576
nw_retrain_0161_none_easy_seed20266753,6,16,6,M0,1.0,0.0,0.0
nw_retrain_0161_none_easy_seed20266753,6,16,6,M1,1.0,0.0,0.0
nw_retrain_0161_none_easy_seed20266753,6,16,6,random,0.42,14.398721517800002,0.18806126520131683
nw_retrain_0161_none_easy_seed20266753,6,16,8,M0,1.0,0.0,0.0
nw_retrain_0161_none_easy_seed20266753,6,16,8,M1,1.0,0.0,0.0
nw_retrain_0161_none_easy_seed20266753,6,16,8,random,0.48,6.878659160900001,0.08984195875226113
nw_retrain_0161_none_easy_seed20266753,7,16,1,M0,0.0,25.818951059999996,0.3237988745219741
nw_retrain_0161_none_easy_seed20266753,7,16,1,M1,0.0,0.21610919999999822,0.0027102540134658604
nw_retrain_0161_none_easy_seed20266753,7,16,1,random,0.07,106.4708117444,1.335264509087214
nw_retrain_0161_none_easy_seed20266753,7,16,2,M0,0.0,25.818951059999996,0.3237988745219741
nw_retrain_0161_none_easy_seed20266753,7,16,2,M1,0.0,0.21610919999999822,0.0027102540134658604
nw_retrain_0161_none_easy_seed20266753,7,16,2,random,0.11,65.24581524599999,0.8182563844219726
nw_retrain_0161_none_easy_seed20266753,7,16,3,M0,0.0,25.818951059999996,0.3237988745219741
nw_retrain_0161_none_easy_seed20266753,7,16,3,M1,1.0,0.0,0.0
nw_retrain_0161_none_easy_seed20266753,7,16,3,random,0.14,41.971557631,0.5263708464092799
nw_retrain_0161_none_easy_seed20266753,7,16,4,M0,0.0,25.818951059999996,0.3237988745219741
nw_retrain_0161_none_easy_seed20266753,7,16,4,M1,1.0,0.0,0.0
nw_retrain_0161_none_easy_seed20266753,7,16,4,random,0.25,24.589792709100003,0.3083838373384029
nw_retrain_0161_none_easy_seed20266753,7,16,6,M0,0.0,25.818951059999996,0.3237988745219741
nw_retrain_0161_none_easy_seed20266753,7,16,6,M1,1.0,0.0,0.0
nw_retrain_0161_none_easy_seed20266753,7,16,6,random,0.35,10.295749027999998,0.1291203480683583
nw_retrain_0161_none_easy_seed20266753,7,16,8,M0,0.0,25.818951059999996,0.3237988745219741
nw_retrain_0161_none_easy_seed20266753,7,16,8,M1,1.0,0.0,0.0
nw_retrain_0161_none_easy_seed20266753,7,16,8,random,0.5,3.3148184178,0.04157157548476917
nw_retrain_0161_none_easy_seed20266753,8,16,1,M0,1.0,0.0,0.0
nw_retrain_0161_none_easy_seed20266753,8,16,1,M1,1.0,0.0,0.0
nw_retrain_0161_none_easy_seed20266753,8,16,1,random,0.04,163.1715565459,1.3383683963607866
nw_retrain_0161_none_easy_seed20266753,8,16,2,M0,1.0,0.0,0.0
nw_retrain_0161_none_easy_seed20266753,8,16,2,M1,1.0,0.0,0.0
nw_retrain_0161_none_easy_seed20266753,8,16,2,random,0.1,74.1806384002,0.6084456394136769
nw_retrain_0161_none_easy_seed20266753,8,16,3,M0,1.0,0.0,0.0
nw_retrain_0161_none_easy_seed20266753,8,16,3,M1,1.0,0.0,0.0
nw_retrain_0161_none_easy_seed20266753,8,16,3,random,0.17,55.6243754334,0.45624315734481785
nw_retrain_0161_none_easy_seed20266753,8,16,4,M0,1.0,0.0,0.0
nw_retrain_0161_none_easy_seed20266753,8,16,4,M1,1.0,0.0,0.0
nw_retrain_0161_none_easy_seed20266753,8,16,4,random,0.26,39.227943828300006,0.32175607921742355
nw_retrain_0161_none_easy_seed20266753,8,16,6,M0,1.0,0.0,0.0
nw_retrain_0161_none_easy_seed20266753,8,16,6,M1,1.0,0.0,0.0
nw_retrain_0161_none_easy_seed20266753,8,16,6,random,0.37,14.4826891257,0.11879014842088882
nw_retrain_0161_none_easy_seed20266753,8,16,8,M0,1.0,0.0,0.0
nw_retrain_0161_none_easy_seed20266753,8,16,8,M1,1.0,0.0,0.0
nw_retrain_0161_none_easy_seed20266753,8,16,8,random,0.59,5.171146469100002,0.04241486171794453
nw_retrain_0161_none_easy_seed20266753,9,16,1,M0,0.0,23.825601699999993,1.594183070348576
nw_retrain_0161_none_easy_seed20266753,9,16,1,M1,0.0,43.68406682,2.922923023951163
nw_retrain_0161_none_easy_seed20266753,9,16,1,random,0.06,31.062294451899998,2.0783938456169815
nw_retrain_0161_none_easy_seed20266753,9,16,2,M0,0.0,23.825601699999993,1.594183070348576
nw_retrain_0161_none_easy_seed20266753,9,16,2,M1,0.0,31.09156609,2.080352425739657
nw_retrain_0161_none_easy_seed20266753,9,16,2,random,0.09,22.7710595134,1.5236231188302864
nw_retrain_0161_none_easy_seed20266753,9,16,3,M0,0.0,23.825601699999993,1.594183070348576
nw_retrain_0161_none_easy_seed20266753,9,16,3,M1,1.0,0.0,0.0
nw_retrain_0161_none_easy_seed20266753,9,16,3,random,0.22,14.418433893000001,0.9647447104414879
nw_retrain_0161_none_easy_seed20266753,9,16,4,M0,0.0,23.825601699999993,1.594183070348576
nw_retrain_0161_none_easy_seed20266753,9,16,4,M1,1.0,0.0,0.0
nw_retrain_0161_none_easy_seed20266753,9,16,4,random,0.33,10.478478118399998,0.7011202751438291
nw_retrain_0161_none_easy_seed20266753,9,16,6,M0,1.0,0.0,0.0
nw_retrain_0161_none_easy_seed20266753,9,16,6,M1,1.0,0.0,0.0
nw_retrain_0161_none_easy_seed20266753,9,16,6,random,0.36,7.056433048199998,0.4721495072457556
nw_retrain_0161_none_easy_seed20266753,9,16,8,M0,1.0,0.0,0.0
nw_retrain_0161_none_easy_seed20266753,9,16,8,M1,1.0,0.0,0.0
nw_retrain_0161_none_easy_seed20266753,9,16,8,random,0.46,4.415844795399998,0.29546641057604645
nw_retrain_0270_approximately_parallel_easy_seed20277435,1,4,1,M0,0.0,1.39673771,2.4904328753821927
nw_retrain_0270_approximately_parallel_easy_seed20277435,1,4,1,M1,0.0,1.39673771,2.4904328753821927
nw_retrain_0270_approximately_parallel_easy_seed20277435,1,4,1,random,0.24,0.9358976151,1.6687386414424434
nw_retrain_0270_approximately_parallel_easy_seed20277435,1,4,2,M0,1.0,0.0,0.0
nw_retrain_0270_approximately_parallel_easy_seed20277435,1,4,2,M1,0.0,1.0138281199999999,1.807691495660214
nw_retrain_0270_approximately_parallel_easy_seed20277435,1,4,2,random,0.51,0.5458011037999999,0.9731827261421963
nw_retrain_0270_approximately_parallel_easy_seed20277435,1,4,3,M0,1.0,0.0,0.0
nw_retrain_0270_approximately_parallel_easy_seed20277435,1,4,3,M1,1.0,0.0,0.0
nw_retrain_0270_approximately_parallel_easy_seed20277435,1,4,3,random,0.74,0.26359531119999996,0.4699997888716556
nw_retrain_0270_approximately_parallel_easy_seed20277435,1,4,4,M0,1.0,0.0,0.0
nw_retrain_0270_approximately_parallel_easy_seed20277435,1,4,4,M1,1.0,0.0,0.0
nw_retrain_0270_approximately_parallel_easy_seed20277435,1,4,4,random,1.0,0.0,0.0
nw_retrain_0270_approximately_parallel_easy_seed20277435,2,16,1,M0,0.0,2.38684751,1.5322106087129996
nw_retrain_0270_approximately_parallel_easy_seed20277435,2,16,1,M1,0.0,4.14229582,2.659101418603618
nw_retrain_0270_approximately_parallel_easy_seed20277435,2,16,1,random,0.09,2.2767826962,1.4615557073655814
nw_retrain_0270_approximately_parallel_easy_seed20277435,2,16,2,M0,0.0,2.38684751,1.5322106087129996
nw_retrain_0270_approximately_parallel_easy_seed20277435,2,16,2,M1,1.0,0.0,0.0
nw_retrain_0270_approximately_parallel_easy_seed20277435,2,16,2,random,0.17,1.1672442453,0.7492996549276241
nw_retrain_0270_approximately_parallel_easy_seed20277435,2,16,3,M0,1.0,0.0,0.0
nw_retrain_0270_approximately_parallel_easy_seed20277435,2,16,3,M1,1.0,0.0,0.0
nw_retrain_0270_approximately_parallel_easy_seed20277435,2,16,3,random,0.22,1.1371639195999999,0.7299899194049377
nw_retrain_0270_approximately_parallel_easy_seed20277435,2,16,4,M0,1.0,0.0,0.0
nw_retrain_0270_approximately_parallel_easy_seed20277435,2,16,4,M1,1.0,0.0,0.0
nw_retrain_0270_approximately_parallel_easy_seed20277435,2,16,4,random,0.24,0.8961302814000001,0.5752610161300358
nw_retrain_0270_approximately_parallel_easy_seed20277435,2,16,6,M0,1.0,0.0,0.0
nw_retrain_0270_approximately_parallel_easy_seed20277435,2,16,6,M1,1.0,0.0,0.0
nw_retrain_0270_approximately_parallel_easy_seed20277435,2,16,6,random,0.44,0.5095601311,0.3271065434124054
nw_retrain_0270_approximately_parallel_easy_seed20277435,2,16,8,M0,1.0,0.0,0.0
nw_retrain_0270_approximately_parallel_easy_seed20277435,2,16,8,M1,1.0,0.0,0.0
nw_retrain_0270_approximately_parallel_easy_seed20277435,2,16,8,random,0.57,0.2387771685,0.15328038727289767
nw_retrain_0270_approximately_parallel_easy_seed20277435,3,16,1,M0,0.0,2.2930608599999998,1.0224380101224533
nw_retrain_0270_approximately_parallel_easy_seed20277435,3,16,1,M1,1.0,0.0,0.0
nw_retrain_0270_approximately_parallel_easy_seed20277435,3,16,1,random,0.04,2.3615740898000004,1.0529869290655707
nw_retrain_0270_approximately_parallel_easy_seed20277435,3,16,2,M0,0.0,0.7452986000000001,0.3323163509629005
nw_retrain_0270_approximately_parallel_easy_seed20277435,3,16,2,M1,1.0,0.0,0.0
nw_retrain_0270_approximately_parallel_easy_seed20277435,3,16,2,random,0.09,1.1809525762,0.5265672722087773
nw_retrain_0270_approximately_parallel_easy_seed20277435,3,16,3,M0,0.0,0.7452986000000001,0.3323163509629005
nw_retrain_0270_approximately_parallel_easy_seed20277435,3,16,3,M1,1.0,0.0,0.0
nw_retrain_0270_approximately_parallel_easy_seed20277435,3,16,3,random,0.23,0.6476027489999998,0.2887553826361985
nw_retrain_0270_approximately_parallel_easy_seed20277435,3,16,4,M0,0.0,0.7452986000000001,0.3323163509629005
nw_retrain_0270_approximately_parallel_easy_seed20277435,3,16,4,M1,1.0,0.0,0.0
nw_retrain_0270_approximately_parallel_easy_seed20277435,3,16,4,random,0.2,0.5737709191,0.25583498764648366
nw_retrain_0270_approximately_parallel_easy_seed20277435,3,16,6,M0,0.0,0.50598283,0.2256093969792531
nw_retrain_0270_approximately_parallel_easy_seed20277435,3,16,6,M1,1.0,0.0,0.0
nw_retrain_0270_approximately_parallel_easy_seed20277435,3,16,6,random,0.37,0.2916346619000001,0.1300350848061532
nw_retrain_0270_approximately_parallel_easy_seed20277435,3,16,8,M0,0.0,0.50598283,0.2256093969792531
nw_retrain_0270_approximately_parallel_easy_seed20277435,3,16,8,M1,1.0,0.0,0.0
nw_retrain_0270_approximately_parallel_easy_seed20277435,3,16,8,random,0.46,0.17000679150000003,0.07580322382222461
nw_retrain_0270_approximately_parallel_easy_seed20277435,4,16,1,M0,0.0,1.83677233,0.9249403967591464
nw_retrain_0270_approximately_parallel_easy_seed20277435,4,16,1,M1,0.0,0.57958403,0.2918601690082434
nw_retrain_0270_approximately_parallel_easy_seed20277435,4,16,1,random,0.04,2.1467432271,1.081031927464785
nw_retrain_0270_approximately_parallel_easy_seed20277435,4,16,2,M0,0.0,1.83677233,0.9249403967591464
nw_retrain_0270_approximately_parallel_easy_seed20277435,4,16,2,M1,0.0,0.57958403,0.2918601690082434
nw_retrain_0270_approximately_parallel_easy_seed20277435,4,16,2,random,0.16,0.8966214259999999,0.45151016484835194
nw_retrain_0270_approximately_parallel_easy_seed20277435,4,16,3,M0,0.0,1.83677233,0.9249403967591464
nw_retrain_0270_approximately_parallel_easy_seed20277435,4,16,3,M1,0.0,0.57958403,0.2918601690082434
nw_retrain_0270_approximately_parallel_easy_seed20277435,4,16,3,random,0.22,0.6283681998999999,0.3164263325582308
nw_retrain_0270_approximately_parallel_easy_seed20277435,4,16,4,M0,0.0,1.83677233,0.9249403967591464
nw_retrain_0270_approximately_parallel_easy_seed20277435,4,16,4,M1,1.0,0.0,0.0
nw_retrain_0270_approximately_parallel_easy_seed20277435,4,16,4,random,0.28,0.44871810479999996,0.22596023203742632
nw_retrain_0270_approximately_parallel_easy_seed20277435,4,16,6,M0,1.0,0.0,0.0
nw_retrain_0270_approximately_parallel_easy_seed20277435,4,16,6,M1,1.0,0.0,0.0
nw_retrain_0270_approximately_parallel_easy_seed20277435,4,16,6,random,0.39,0.26754627579999996,0.1347278344997085
nw_retrain_0270_approximately_parallel_easy_seed20277435,4,16,8,M0,1.0,0.0,0.0
nw_retrain_0270_approximately_parallel_easy_seed20277435,4,16,8,M1,1.0,0.0,0.0
nw_retrain_0270_approximately_parallel_easy_seed20277435,4,16,8,random,0.58,0.2051667489,0.10331547956700227
nw_retrain_0270_approximately_parallel_easy_seed20277435,5,16,1,M0,0.0,1.84101446,0.27972193316954364
nw_retrain_0270_approximately_parallel_easy_seed20277435,5,16,1,M1,0.0,0.11818909,0.017957534529277504
nw_retrain_0270_approximately_parallel_easy_seed20277435,5,16,1,random,0.06,4.3115921835,0.6550990917297379
nw_retrain_0270_approximately_parallel_easy_seed20277435,5,16,2,M0,0.0,1.84101446,0.27972193316954364
nw_retrain_0270_approximately_parallel_easy_seed20277435,5,16,2,M1,1.0,0.0,0.0
nw_retrain_0270_approximately_parallel_easy_seed20277435,5,16,2,random,0.12,1.4254924874999997,0.21658793180916214
nw_retrain_0270_approximately_parallel_easy_seed20277435,5,16,3,M0,0.0,1.84101446,0.27972193316954364
nw_retrain_0270_approximately_parallel_easy_seed20277435,5,16,3,M1,1.0,0.0,0.0
nw_retrain_0270_approximately_parallel_easy_seed20277435,5,16,3,random,0.24,0.7266725059,0.1104099085302701
nw_retrain_0270_approximately_parallel_easy_seed20277435,5,16,4,M0,0.0,1.84101446,0.27972193316954364
nw_retrain_0270_approximately_parallel_easy_seed20277435,5,16,4,M1,1.0,0.0,0.0
nw_retrain_0270_approximately_parallel_easy_seed20277435,5,16,4,random,0.26,0.6363984393000001,0.09669375530438609
nw_retrain_0270_approximately_parallel_easy_seed20277435,5,16,6,M0,0.0,0.4293532900000001,0.0652355181889792
nw_retrain_0270_approximately_parallel_easy_seed20277435,5,16,6,M1,1.0,0.0,0.0
nw_retrain_0270_approximately_parallel_easy_seed20277435,5,16,6,random,0.4,0.26027429879999997,0.0395458219348714
nw_retrain_0270_approximately_parallel_easy_seed20277435,5,16,8,M0,0.0,0.11818909,0.017957534529277504
nw_retrain_0270_approximately_parallel_easy_seed20277435,5,16,8,M1,1.0,0.0,0.0
nw_retrain_0270_approximately_parallel_easy_seed20277435,5,16,8,random,0.58,0.09088817620000002,0.013809460436784464
nw_retrain_0270_approximately_parallel_easy_seed20277435,6,16,1,M0,0.0,8.87503961,0.7129443812438215
nw_retrain_0270_approximately_parallel_easy_seed20277435,6,16,1,M1,1.0,0.0,0.0
nw_retrain_0270_approximately_parallel_easy_seed20277435,6,16,1,random,0.04,12.027806153400002,0.9662105401866926
nw_retrain_0270_approximately_parallel_easy_seed20277435,6,16,2,M0,0.0,8.87503961,0.7129443812438215
nw_retrain_0270_approximately_parallel_easy_seed20277435,6,16,2,M1,1.0,0.0,0.0
nw_retrain_0270_approximately_parallel_easy_seed20277435,6,16,2,random,0.18,4.543968345300001,0.3650233511838287
nw_retrain_0270_approximately_parallel_easy_seed20277435,6,16,3,M0,1.0,0.0,0.0
nw_retrain_0270_approximately_parallel_easy_seed20277435,6,16,3,M1,1.0,0.0,0.0
nw_retrain_0270_approximately_parallel_easy_seed20277435,6,16,3,random,0.19,2.9441724732000005,0.23650950468047163
nw_retrain_0270_approximately_parallel_easy_seed20277435,6,16,4,M0,1.0,0.0,0.0
nw_retrain_0270_approximately_parallel_easy_seed20277435,6,16,4,M1,1.0,0.0,0.0
nw_retrain_0270_approximately_parallel_easy_seed20277435,6,16,4,random,0.21,1.1022943767000002,0.08854885351265779
nw_retrain_0270_approximately_parallel_easy_seed20277435,6,16,6,M0,1.0,0.0,0.0
nw_retrain_0270_approximately_parallel_easy_seed20277435,6,16,6,M1,1.0,0.0,0.0
nw_retrain_0270_approximately_parallel_easy_seed20277435,6,16,6,random,0.31,0.5280950379,0.04242261517450827
nw_retrain_0270_approximately_parallel_easy_seed20277435,6,16,8,M0,1.0,0.0,0.0
nw_retrain_0270_approximately_parallel_easy_seed20277435,6,16,8,M1,1.0,0.0,0.0
nw_retrain_0270_approximately_parallel_easy_seed20277435,6,16,8,random,0.45,0.31795753369999996,0.025541974693852436
nw_retrain_0270_approximately_parallel_easy_seed20277435,7,16,1,M0,0.0,19.28070348,1.7664501788207136
nw_retrain_0270_approximately_parallel_easy_seed20277435,7,16,1,M1,0.0,0.4362059599999999,0.0399641069551193
nw_retrain_0270_approximately_parallel_easy_seed20277435,7,16,1,random,0.05,10.4768490635,0.9598628971652647
nw_retrain_0270_approximately_parallel_easy_seed20277435,7,16,2,M0,0.0,13.35931907,1.2239476419832618
nw_retrain_0270_approximately_parallel_easy_seed20277435,7,16,2,M1,1.0,0.0,0.0
nw_retrain_0270_approximately_parallel_easy_seed20277435,7,16,2,random,0.16,2.9616401457,0.2713381163919217
nw_retrain_0270_approximately_parallel_easy_seed20277435,7,16,3,M0,0.0,0.4362059599999999,0.0399641069551193
nw_retrain_0270_approximately_parallel_easy_seed20277435,7,16,3,M1,1.0,0.0,0.0
nw_retrain_0270_approximately_parallel_easy_seed20277435,7,16,3,random,0.16,2.0722027097000004,0.18985006698014595
nw_retrain_0270_approximately_parallel_easy_seed20277435,7,16,4,M0,1.0,0.0,0.0
nw_retrain_0270_approximately_parallel_easy_seed20277435,7,16,4,M1,1.0,0.0,0.0
nw_retrain_0270_approximately_parallel_easy_seed20277435,7,16,4,random,0.32,0.8561885290999999,0.07844186711868557
nw_retrain_0270_approximately_parallel_easy_seed20277435,7,16,6,M0,1.0,0.0,0.0
nw_retrain_0270_approximately_parallel_easy_seed20277435,7,16,6,M1,1.0,0.0,0.0
nw_retrain_0270_approximately_parallel_easy_seed20277435,7,16,6,random,0.38,0.30314970109999995,0.027773822893600187
nw_retrain_0270_approximately_parallel_easy_seed20277435,7,16,8,M0,1.0,0.0,0.0
nw_retrain_0270_approximately_parallel_easy_seed20277435,7,16,8,M1,1.0,0.0,0.0
nw_retrain_0270_approximately_parallel_easy_seed20277435,7,16,8,random,0.5,0.15246805569999997,0.01396874468481331
nw_retrain_0270_approximately_parallel_easy_seed20277435,8,16,1,M0,0.0,4.5359945900000005,1.149217383853327
nw_retrain_0270_approximately_parallel_easy_seed20277435,8,16,1,M1,0.0,3.43878414,0.8712335155159682
nw_retrain_0270_approximately_parallel_easy_seed20277435,8,16,1,random,0.06,3.9279924271,0.9951769322695647
nw_retrain_0270_approximately_parallel_easy_seed20277435,8,16,2,M0,1.0,0.0,0.0
nw_retrain_0270_approximately_parallel_easy_seed20277435,8,16,2,M1,1.0,0.0,0.0
nw_retrain_0270_approximately_parallel_easy_seed20277435,8,16,2,random,0.11,1.2932095072999998,0.32764123000277995
nw_retrain_0270_approximately_parallel_easy_seed20277435,8,16,3,M0,1.0,0.0,0.0
nw_retrain_0270_approximately_parallel_easy_seed20277435,8,16,3,M1,1.0,0.0,0.0
nw_retrain_0270_approximately_parallel_easy_seed20277435,8,16,3,random,0.2,0.8676139202,0.21981441551211664
nw_retrain_0270_approximately_parallel_easy_seed20277435,8,16,4,M0,1.0,0.0,0.0
nw_retrain_0270_approximately_parallel_easy_seed20277435,8,16,4,M1,1.0,0.0,0.0
nw_retrain_0270_approximately_parallel_easy_seed20277435,8,16,4,random,0.19,0.5567688514,0.14106023058923658
nw_retrain_0270_approximately_parallel_easy_seed20277435,8,16,6,M0,1.0,0.0,0.0
nw_retrain_0270_approximately_parallel_easy_seed20277435,8,16,6,M1,1.0,0.0,0.0
nw_retrain_0270_approximately_parallel_easy_seed20277435,8,16,6,random,0.47,0.19245714089999996,0.04875999906538448
nw_retrain_0270_approximately_parallel_easy_seed20277435,8,16,8,M0,1.0,0.0,0.0
nw_retrain_0270_approximately_parallel_easy_seed20277435,8,16,8,M1,1.0,0.0,0.0
nw_retrain_0270_approximately_parallel_easy_seed20277435,8,16,8,random,0.46,0.22889033009999998,0.057990533526374066
nw_retrain_0270_approximately_parallel_easy_seed20277435,9,16,1,M0,0.0,6.0135273399999996,1.3475911519481278
nw_retrain_0270_approximately_parallel_easy_seed20277435,9,16,1,M1,0.0,3.5954666699999995,0.8057199706048728
nw_retrain_0270_approximately_parallel_easy_seed20277435,9,16,1,random,0.04,7.6733460453,1.719545393549743
nw_retrain_0270_approximately_parallel_easy_seed20277435,9,16,2,M0,1.0,0.0,0.0
nw_retrain_0270_approximately_parallel_easy_seed20277435,9,16,2,M1,0.0,2.67813067,0.6001511243903168
nw_retrain_0270_approximately_parallel_easy_seed20277435,9,16,2,random,0.18,5.0154987127999995,1.1239396290790795
nw_retrain_0270_approximately_parallel_easy_seed20277435,9,16,3,M0,1.0,0.0,0.0
nw_retrain_0270_approximately_parallel_easy_seed20277435,9,16,3,M1,0.0,2.67813067,0.6001511243903168
nw_retrain_0270_approximately_parallel_easy_seed20277435,9,16,3,random,0.24,3.8630921288999995,0.8656930413267392
nw_retrain_0270_approximately_parallel_easy_seed20277435,9,16,4,M0,1.0,0.0,0.0
nw_retrain_0270_approximately_parallel_easy_seed20277435,9,16,4,M1,1.0,0.0,0.0
nw_retrain_0270_approximately_parallel_easy_seed20277435,9,16,4,random,0.25,3.3346566058000002,0.7472741841332439
nw_retrain_0270_approximately_parallel_easy_seed20277435,9,16,6,M0,1.0,0.0,0.0
nw_retrain_0270_approximately_parallel_easy_seed20277435,9,16,6,M1,1.0,0.0,0.0
nw_retrain_0270_approximately_parallel_easy_seed20277435,9,16,6,random,0.25,2.7491992926000006,0.6160771261496939
nw_retrain_0270_approximately_parallel_easy_seed20277435,9,16,8,M0,1.0,0.0,0.0
nw_retrain_0270_approximately_parallel_easy_seed20277435,9,16,8,M1,1.0,0.0,0.0
nw_retrain_0270_approximately_parallel_easy_seed20277435,9,16,8,random,0.47,1.7994210575999998,0.403238192619725
nw_retrain_0310_approximately_parallel_moderate_seed20281224,1,4,1,M0,0.0,13.21337493,2.3308256249222246
nw_retrain_0310_approximately_parallel_moderate_seed20281224,1,4,1,M1,0.0,13.21337493,2.3308256249222246
nw_retrain_0310_approximately_parallel_moderate_seed20281224,1,4,1,random,0.29,5.8092805567,1.0247510613791995
nw_retrain_0310_approximately_parallel_moderate_seed20281224,1,4,2,M0,0.0,1.1527423399999996,0.20334255246965935
nw_retrain_0310_approximately_parallel_moderate_seed20281224,1,4,2,M1,0.0,1.1527423399999996,0.20334255246965935
nw_retrain_0310_approximately_parallel_moderate_seed20281224,1,4,2,random,0.55,1.7759820016,0.3132813819830013
nw_retrain_0310_approximately_parallel_moderate_seed20281224,1,4,3,M0,1.0,0.0,0.0
nw_retrain_0310_approximately_parallel_moderate_seed20281224,1,4,3,M1,0.0,1.1527423399999996,0.20334255246965935
nw_retrain_0310_approximately_parallel_moderate_seed20281224,1,4,3,random,0.8,0.23054846799999992,0.04066851049393187
nw_retrain_0310_approximately_parallel_moderate_seed20281224,1,4,4,M0,1.0,0.0,0.0
nw_retrain_0310_approximately_parallel_moderate_seed20281224,1,4,4,M1,1.0,0.0,0.0
nw_retrain_0310_approximately_parallel_moderate_seed20281224,1,4,4,random,1.0,0.0,0.0
nw_retrain_0310_approximately_parallel_moderate_seed20281224,2,16,1,M0,0.0,24.86596137,0.037883515177980616
nw_retrain_0310_approximately_parallel_moderate_seed20281224,2,16,1,M1,0.0,11.71819351,0.0178527729167223
nw_retrain_0310_approximately_parallel_moderate_seed20281224,2,16,1,random,0.03,280.96187285699995,0.4280479333348219
nw_retrain_0310_approximately_parallel_moderate_seed20281224,2,16,2,M0,0.0,16.9762748,0.02586350692345541
nw_retrain_0310_approximately_parallel_moderate_seed20281224,2,16,2,M1,0.0,11.71819351,0.0178527729167223
nw_retrain_0310_approximately_parallel_moderate_seed20281224,2,16,2,random,0.16,20.844702282800004,0.03175709089066847
nw_retrain_0310_approximately_parallel_moderate_seed20281224,2,16,3,M0,0.0,14.90246406,0.022704037660391516
nw_retrain_0310_approximately_parallel_moderate_seed20281224,2,16,3,M1,0.0,11.71819351,0.0178527729167223
nw_retrain_0310_approximately_parallel_moderate_seed20281224,2,16,3,random,0.17,11.4068093241,0.01737837631659898
nw_retrain_0310_approximately_parallel_moderate_seed20281224,2,16,4,M0,0.0,14.02067307,0.02136062117806021
nw_retrain_0310_approximately_parallel_moderate_seed20281224,2,16,4,M1,0.0,11.71819351,0.0178527729167223
nw_retrain_0310_approximately_parallel_moderate_seed20281224,2,16,4,random,0.23,8.0539986868,0.012270339238238096
nw_retrain_0310_approximately_parallel_moderate_seed20281224,2,16,6,M0,1.0,0.0,0.0
nw_retrain_0310_approximately_parallel_moderate_seed20281224,2,16,6,M1,0.0,11.71819351,0.0178527729167223
nw_retrain_0310_approximately_parallel_moderate_seed20281224,2,16,6,random,0.36,6.752932242000003,0.010288152839902918
nw_retrain_0310_approximately_parallel_moderate_seed20281224,2,16,8,M0,1.0,0.0,0.0
nw_retrain_0310_approximately_parallel_moderate_seed20281224,2,16,8,M1,0.0,11.71819351,0.0178527729167223
nw_retrain_0310_approximately_parallel_moderate_seed20281224,2,16,8,random,0.58,3.9224206440999994,0.00597584303273559
nw_retrain_0310_approximately_parallel_moderate_seed20281224,3,16,1,M0,0.0,9.691471869999999,0.004418895383918289
nw_retrain_0310_approximately_parallel_moderate_seed20281224,3,16,1,M1,1.0,0.0,0.0
nw_retrain_0310_approximately_parallel_moderate_seed20281224,3,16,1,random,0.12,408.78386181770003,0.18638790312111037
nw_retrain_0310_approximately_parallel_moderate_seed20281224,3,16,2,M0,0.0,9.691471869999999,0.004418895383918289
nw_retrain_0310_approximately_parallel_moderate_seed20281224,3,16,2,M1,1.0,0.0,0.0
nw_retrain_0310_approximately_parallel_moderate_seed20281224,3,16,2,random,0.12,9.7713013995,0.004455294224480359
nw_retrain_0310_approximately_parallel_moderate_seed20281224,3,16,3,M0,0.0,0.7436794300000003,0.00033908591434027297
nw_retrain_0310_approximately_parallel_moderate_seed20281224,3,16,3,M1,1.0,0.0,0.0
nw_retrain_0310_approximately_parallel_moderate_seed20281224,3,16,3,random,0.21,4.6708757316,0.0021297189411563756
nw_retrain_0310_approximately_parallel_moderate_seed20281224,3,16,4,M0,0.0,0.7436794300000003,0.00033908591434027297
nw_retrain_0310_approximately_parallel_moderate_seed20281224,3,16,4,M1,1.0,0.0,0.0
nw_retrain_0310_approximately_parallel_moderate_seed20281224,3,16,4,random,0.18,2.8361013462000004,0.0012931405379034162
nw_retrain_0310_approximately_parallel_moderate_seed20281224,3,16,6,M0,0.0,0.7436794300000003,0.00033908591434027297
nw_retrain_0310_approximately_parallel_moderate_seed20281224,3,16,6,M1,1.0,0.0,0.0
nw_retrain_0310_approximately_parallel_moderate_seed20281224,3,16,6,random,0.38,1.6469725796000005,0.0007509488369834621
nw_retrain_0310_approximately_parallel_moderate_seed20281224,3,16,8,M0,0.0,0.7436794300000003,0.00033908591434027297
nw_retrain_0310_approximately_parallel_moderate_seed20281224,3,16,8,M1,1.0,0.0,0.0
nw_retrain_0310_approximately_parallel_moderate_seed20281224,3,16,8,random,0.52,0.7139733565000003,0.00032554121929040874
nw_retrain_0310_approximately_parallel_moderate_seed20281224,4,16,1,M0,0.0,24.48806595,0.01587222743002692
nw_retrain_0310_approximately_parallel_moderate_seed20281224,4,16,1,M1,0.0,20.205961119999998,0.01309673091348896
nw_retrain_0310_approximately_parallel_moderate_seed20281224,4,16,1,random,0.08,561.1472907529001,0.3637142042478643
nw_retrain_0310_approximately_parallel_moderate_seed20281224,4,16,2,M0,0.0,9.31027935,0.006034566861344279
nw_retrain_0310_approximately_parallel_moderate_seed20281224,4,16,2,M1,0.0,20.205961119999998,0.01309673091348896
nw_retrain_0310_approximately_parallel_moderate_seed20281224,4,16,2,random,0.16,14.275070381299999,0.00925255445384141
nw_retrain_0310_approximately_parallel_moderate_seed20281224,4,16,3,M0,0.0,9.31027935,0.006034566861344279
nw_retrain_0310_approximately_parallel_moderate_seed20281224,4,16,3,M1,0.0,9.31027935,0.006034566861344279
nw_retrain_0310_approximately_parallel_moderate_seed20281224,4,16,3,random,0.2,8.491232921899998,0.005503692303545466
nw_retrain_0310_approximately_parallel_moderate_seed20281224,4,16,4,M0,0.0,9.31027935,0.006034566861344279
nw_retrain_0310_approximately_parallel_moderate_seed20281224,4,16,4,M1,0.0,9.31027935,0.006034566861344279
nw_retrain_0310_approximately_parallel_moderate_seed20281224,4,16,4,random,0.25,6.885732943499999,0.004463068644327164
nw_retrain_0310_approximately_parallel_moderate_seed20281224,4,16,6,M0,1.0,0.0,0.0
nw_retrain_0310_approximately_parallel_moderate_seed20281224,4,16,6,M1,0.0,5.268042919999999,0.0034145438642688357
nw_retrain_0310_approximately_parallel_moderate_seed20281224,4,16,6,random,0.31,4.5170075747,0.0029277514882220705
nw_retrain_0310_approximately_parallel_moderate_seed20281224,4,16,8,M0,1.0,0.0,0.0
nw_retrain_0310_approximately_parallel_moderate_seed20281224,4,16,8,M1,1.0,0.0,0.0
nw_retrain_0310_approximately_parallel_moderate_seed20281224,4,16,8,random,0.52,2.6037907719,0.0016876775567407415
nw_retrain_0310_approximately_parallel_moderate_seed20281224,5,16,1,M0,0.0,16.71154421,0.020772754558091647
nw_retrain_0310_approximately_parallel_moderate_seed20281224,5,16,1,M1,0.0,23.125002799999997,0.028744800676895797
nw_retrain_0310_approximately_parallel_moderate_seed20281224,5,16,1,random,0.08,221.7375537335,0.27562382758509024
nw_retrain_0310_approximately_parallel_moderate_seed20281224,5,16,2,M0,0.0,16.71154421,0.020772754558091647
nw_retrain_0310_approximately_parallel_moderate_seed20281224,5,16,2,M1,0.0,23.125002799999997,0.028744800676895797
nw_retrain_0310_approximately_parallel_moderate_seed20281224,5,16,2,random,0.1,38.869114640499994,0.04831501913714729
nw_retrain_0310_approximately_parallel_moderate_seed20281224,5,16,3,M0,0.0,16.71154421,0.020772754558091647
nw_retrain_0310_approximately_parallel_moderate_seed20281224,5,16,3,M1,0.0,23.125002799999997,0.028744800676895797
nw_retrain_0310_approximately_parallel_moderate_seed20281224,5,16,3,random,0.24,12.767138026,0.01586978565778971
nw_retrain_0310_approximately_parallel_moderate_seed20281224,5,16,4,M0,0.0,16.71154421,0.020772754558091647
nw_retrain_0310_approximately_parallel_moderate_seed20281224,5,16,4,M1,0.0,16.71154421,0.020772754558091647
nw_retrain_0310_approximately_parallel_moderate_seed20281224,5,16,4,random,0.25,8.637957574,0.01073713896891344
nw_retrain_0310_approximately_parallel_moderate_seed20281224,5,16,6,M0,0.0,7.362011799999999,0.009151115076706276
nw_retrain_0310_approximately_parallel_moderate_seed20281224,5,16,6,M1,0.0,7.362011799999999,0.009151115076706276
nw_retrain_0310_approximately_parallel_moderate_seed20281224,5,16,6,random,0.36,6.0268647595000004,0.007491502929393594
nw_retrain_0310_approximately_parallel_moderate_seed20281224,5,16,8,M0,0.0,7.362011799999999,0.009151115076706276
nw_retrain_0310_approximately_parallel_moderate_seed20281224,5,16,8,M1,0.0,7.362011799999999,0.009151115076706276
nw_retrain_0310_approximately_parallel_moderate_seed20281224,5,16,8,random,0.45,4.3709418233,0.0054331604872742325
nw_retrain_0310_approximately_parallel_moderate_seed20281224,6,16,1,M0,0.0,0.28273506999999976,0.0006377126417992197
nw_retrain_0310_approximately_parallel_moderate_seed20281224,6,16,1,M1,0.0,9.13888217,0.02061286805249342
nw_retrain_0310_approximately_parallel_moderate_seed20281224,6,16,1,random,0.06,294.549009714,0.6643591370679949
nw_retrain_0310_approximately_parallel_moderate_seed20281224,6,16,2,M0,1.0,0.0,0.0
nw_retrain_0310_approximately_parallel_moderate_seed20281224,6,16,2,M1,0.0,4.110390969999999,0.009271040498465078
nw_retrain_0310_approximately_parallel_moderate_seed20281224,6,16,2,random,0.1,53.8668967542,0.12149748892009302
nw_retrain_0310_approximately_parallel_moderate_seed20281224,6,16,3,M0,1.0,0.0,0.0
nw_retrain_0310_approximately_parallel_moderate_seed20281224,6,16,3,M1,0.0,4.110390969999999,0.009271040498465078
nw_retrain_0310_approximately_parallel_moderate_seed20281224,6,16,3,random,0.17,24.429390796699998,0.05510080989425582
nw_retrain_0310_approximately_parallel_moderate_seed20281224,6,16,4,M0,1.0,0.0,0.0
nw_retrain_0310_approximately_parallel_moderate_seed20281224,6,16,4,M1,0.0,4.110390969999999,0.009271040498465078
nw_retrain_0310_approximately_parallel_moderate_seed20281224,6,16,4,random,0.18,16.213995164,0.03657087778376492
nw_retrain_0310_approximately_parallel_moderate_seed20281224,6,16,6,M0,1.0,0.0,0.0
nw_retrain_0310_approximately_parallel_moderate_seed20281224,6,16,6,M1,0.0,0.28273506999999976,0.0006377126417992197
nw_retrain_0310_approximately_parallel_moderate_seed20281224,6,16,6,random,0.39,6.109649628399999,0.013780394504985135
nw_retrain_0310_approximately_parallel_moderate_seed20281224,6,16,8,M0,1.0,0.0,0.0
nw_retrain_0310_approximately_parallel_moderate_seed20281224,6,16,8,M1,1.0,0.0,0.0
nw_retrain_0310_approximately_parallel_moderate_seed20281224,6,16,8,random,0.49,2.5417043849,0.005732847424860457
nw_retrain_0310_approximately_parallel_moderate_seed20281224,7,16,1,M0,0.0,11.552632679999999,0.05609565768985529
nw_retrain_0310_approximately_parallel_moderate_seed20281224,7,16,1,M1,0.0,11.552632679999999,0.05609565768985529
nw_retrain_0310_approximately_parallel_moderate_seed20281224,7,16,1,random,0.04,110.7552102144,0.5377896564053958
nw_retrain_0310_approximately_parallel_moderate_seed20281224,7,16,2,M0,1.0,0.0,0.0
nw_retrain_0310_approximately_parallel_moderate_seed20281224,7,16,2,M1,0.0,4.09850465,0.01990094554678425
nw_retrain_0310_approximately_parallel_moderate_seed20281224,7,16,2,random,0.12,50.4791792022,0.2451097369254775
nw_retrain_0310_approximately_parallel_moderate_seed20281224,7,16,3,M0,1.0,0.0,0.0
nw_retrain_0310_approximately_parallel_moderate_seed20281224,7,16,3,M1,1.0,0.0,0.0
nw_retrain_0310_approximately_parallel_moderate_seed20281224,7,16,3,random,0.18,25.090078744299998,0.12182889455910297
nw_retrain_0310_approximately_parallel_moderate_seed20281224,7,16,4,M0,1.0,0.0,0.0
nw_retrain_0310_approximately_parallel_moderate_seed20281224,7,16,4,M1,1.0,0.0,0.0
nw_retrain_0310_approximately_parallel_moderate_seed20281224,7,16,4,random,0.26,15.0463593096,0.07306000672652643
nw_retrain_0310_approximately_parallel_moderate_seed20281224,7,16,6,M0,1.0,0.0,0.0
nw_retrain_0310_approximately_parallel_moderate_seed20281224,7,16,6,M1,1.0,0.0,0.0
nw_retrain_0310_approximately_parallel_moderate_seed20281224,7,16,6,random,0.42,5.3156097885,0.025810794419591995
nw_retrain_0310_approximately_parallel_moderate_seed20281224,7,16,8,M0,1.0,0.0,0.0
nw_retrain_0310_approximately_parallel_moderate_seed20281224,7,16,8,M1,1.0,0.0,0.0
nw_retrain_0310_approximately_parallel_moderate_seed20281224,7,16,8,random,0.58,2.5275162161000004,0.012272759672291767
nw_retrain_0310_approximately_parallel_moderate_seed20281224,8,16,1,M0,0.0,24.85687945,0.7205070129154448
nw_retrain_0310_approximately_parallel_moderate_seed20281224,8,16,1,M1,1.0,0.0,0.0
nw_retrain_0310_approximately_parallel_moderate_seed20281224,8,16,1,random,0.08,45.9731702897,1.3325884959258159
nw_retrain_0310_approximately_parallel_moderate_seed20281224,8,16,2,M0,0.0,24.85687945,0.7205070129154448
nw_retrain_0310_approximately_parallel_moderate_seed20281224,8,16,2,M1,1.0,0.0,0.0
nw_retrain_0310_approximately_parallel_moderate_seed20281224,8,16,2,random,0.13,29.711490490200003,0.8612238437017342
nw_retrain_0310_approximately_parallel_moderate_seed20281224,8,16,3,M0,1.0,0.0,0.0
nw_retrain_0310_approximately_parallel_moderate_seed20281224,8,16,3,M1,1.0,0.0,0.0
nw_retrain_0310_approximately_parallel_moderate_seed20281224,8,16,3,random,0.11,17.7992102055,0.5159318490969672
nw_retrain_0310_approximately_parallel_moderate_seed20281224,8,16,4,M0,1.0,0.0,0.0
nw_retrain_0310_approximately_parallel_moderate_seed20281224,8,16,4,M1,1.0,0.0,0.0
nw_retrain_0310_approximately_parallel_moderate_seed20281224,8,16,4,random,0.22,10.387717592,0.3011006827416197
nw_retrain_0310_approximately_parallel_moderate_seed20281224,8,16,6,M0,1.0,0.0,0.0
nw_retrain_0310_approximately_parallel_moderate_seed20281224,8,16,6,M1,1.0,0.0,0.0
nw_retrain_0310_approximately_parallel_moderate_seed20281224,8,16,6,random,0.35,4.9504301856,0.14349426575640037
nw_retrain_0310_approximately_parallel_moderate_seed20281224,8,16,8,M0,1.0,0.0,0.0
nw_retrain_0310_approximately_parallel_moderate_seed20281224,8,16,8,M1,1.0,0.0,0.0
nw_retrain_0310_approximately_parallel_moderate_seed20281224,8,16,8,random,0.5,1.939595726,0.05622155128582818
nw_retrain_0310_approximately_parallel_moderate_seed20281224,9,16,1,M0,1.0,0.0,0.0
nw_retrain_0310_approximately_parallel_moderate_seed20281224,9,16,1,M1,0.0,38.97920398,0.20551687892907827
nw_retrain_0310_approximately_parallel_moderate_seed20281224,9,16,1,random,0.07,194.4284538801,1.0251191644895257
nw_retrain_0310_approximately_parallel_moderate_seed20281224,9,16,2,M0,1.0,0.0,0.0
nw_retrain_0310_approximately_parallel_moderate_seed20281224,9,16,2,M1,1.0,0.0,0.0
nw_retrain_0310_approximately_parallel_moderate_seed20281224,9,16,2,random,0.1,98.7038390647,0.5204135249479043
nw_retrain_0310_approximately_parallel_moderate_seed20281224,9,16,3,M0,1.0,0.0,0.0
nw_retrain_0310_approximately_parallel_moderate_seed20281224,9,16,3,M1,1.0,0.0,0.0
nw_retrain_0310_approximately_parallel_moderate_seed20281224,9,16,3,random,0.23,57.246769307399994,0.30183216062766294
nw_retrain_0310_approximately_parallel_moderate_seed20281224,9,16,4,M0,1.0,0.0,0.0
nw_retrain_0310_approximately_parallel_moderate_seed20281224,9,16,4,M1,1.0,0.0,0.0
nw_retrain_0310_approximately_parallel_moderate_seed20281224,9,16,4,random,0.25,36.3904073976,0.19186751364008725
nw_retrain_0310_approximately_parallel_moderate_seed20281224,9,16,6,M0,1.0,0.0,0.0
nw_retrain_0310_approximately_parallel_moderate_seed20281224,9,16,6,M1,1.0,0.0,0.0
nw_retrain_0310_approximately_parallel_moderate_seed20281224,9,16,6,random,0.4,19.124259457999997,0.10083218009415248
nw_retrain_0310_approximately_parallel_moderate_seed20281224,9,16,8,M0,1.0,0.0,0.0
nw_retrain_0310_approximately_parallel_moderate_seed20281224,9,16,8,M1,1.0,0.0,0.0
nw_retrain_0310_approximately_parallel_moderate_seed20281224,9,16,8,random,0.49,13.629214778200003,0.07185969433616264
nw_retrain_0314_vertically_overlapping_moderate_seed20281747,1,4,1,M0,0.0,7.3672735299999985,1.179072795714507
nw_retrain_0314_vertically_overlapping_moderate_seed20281747,1,4,1,M1,0.0,7.3672735299999985,1.179072795714507
nw_retrain_0314_vertically_overlapping_moderate_seed20281747,1,4,1,random,0.22,8.0037211198,1.2809311067946505
nw_retrain_0314_vertically_overlapping_moderate_seed20281747,1,4,2,M0,1.0,0.0,0.0
nw_retrain_0314_vertically_overlapping_moderate_seed20281747,1,4,2,M1,1.0,0.0,0.0
nw_retrain_0314_vertically_overlapping_moderate_seed20281747,1,4,2,random,0.49,2.6938819077999985,0.43113410401018115
nw_retrain_0314_vertically_overlapping_moderate_seed20281747,1,4,3,M0,1.0,0.0,0.0
nw_retrain_0314_vertically_overlapping_moderate_seed20281747,1,4,3,M1,1.0,0.0,0.0
nw_retrain_0314_vertically_overlapping_moderate_seed20281747,1,4,3,random,0.72,1.2120945143999993,0.19398596535668808
nw_retrain_0314_vertically_overlapping_moderate_seed20281747,1,4,4,M0,1.0,0.0,0.0
nw_retrain_0314_vertically_overlapping_moderate_seed20281747,1,4,4,M1,1.0,0.0,0.0
nw_retrain_0314_vertically_overlapping_moderate_seed20281747,1,4,4,random,1.0,0.0,0.0
nw_retrain_0314_vertically_overlapping_moderate_seed20281747,2,16,1,M0,1.0,0.0,0.0
nw_retrain_0314_vertically_overlapping_moderate_seed20281747,2,16,1,M1,0.0,132.47752795,0.03267311617059913
nw_retrain_0314_vertically_overlapping_moderate_seed20281747,2,16,1,random,0.08,2951.4019431309007,0.7279083482780818
nw_retrain_0314_vertically_overlapping_moderate_seed20281747,2,16,2,M0,1.0,0.0,0.0
nw_retrain_0314_vertically_overlapping_moderate_seed20281747,2,16,2,M1,0.0,67.72342686,0.016702722548559253
nw_retrain_0314_vertically_overlapping_moderate_seed20281747,2,16,2,random,0.17,909.5355772008999,0.22432001891214287
nw_retrain_0314_vertically_overlapping_moderate_seed20281747,2,16,3,M0,1.0,0.0,0.0
nw_retrain_0314_vertically_overlapping_moderate_seed20281747,2,16,3,M1,0.0,1.74044708,0.0004292488734774888
nw_retrain_0314_vertically_overlapping_moderate_seed20281747,2,16,3,random,0.22,65.822239296,0.016233830026922563
nw_retrain_0314_vertically_overlapping_moderate_seed20281747,2,16,4,M0,1.0,0.0,0.0
nw_retrain_0314_vertically_overlapping_moderate_seed20281747,2,16,4,M1,1.0,0.0,0.0
nw_retrain_0314_vertically_overlapping_moderate_seed20281747,2,16,4,random,0.24,13.4933027162,0.003327871934158199
nw_retrain_0314_vertically_overlapping_moderate_seed20281747,2,16,6,M0,1.0,0.0,0.0
nw_retrain_0314_vertically_overlapping_moderate_seed20281747,2,16,6,M1,1.0,0.0,0.0
nw_retrain_0314_vertically_overlapping_moderate_seed20281747,2,16,6,random,0.28,6.803718331599999,0.0016780104737786335
nw_retrain_0314_vertically_overlapping_moderate_seed20281747,2,16,8,M0,1.0,0.0,0.0
nw_retrain_0314_vertically_overlapping_moderate_seed20281747,2,16,8,M1,1.0,0.0,0.0
nw_retrain_0314_vertically_overlapping_moderate_seed20281747,2,16,8,random,0.5,3.4287496422999997,0.000845637272345918
nw_retrain_0314_vertically_overlapping_moderate_seed20281747,3,16,1,M0,0.0,1.71484901,0.0010561637901463704
nw_retrain_0314_vertically_overlapping_moderate_seed20281747,3,16,1,M1,0.0,12.642196550000001,0.00778624248908268
nw_retrain_0314_vertically_overlapping_moderate_seed20281747,3,16,1,random,0.03,722.1303895501001,0.44475517363893663
nw_retrain_0314_vertically_overlapping_moderate_seed20281747,3,16,2,M0,0.0,1.71484901,0.0010561637901463704
nw_retrain_0314_vertically_overlapping_moderate_seed20281747,3,16,2,M1,0.0,12.642196550000001,0.00778624248908268
nw_retrain_0314_vertically_overlapping_moderate_seed20281747,3,16,2,random,0.15,6.706622214100001,0.004130562804898899
nw_retrain_0314_vertically_overlapping_moderate_seed20281747,3,16,3,M0,0.0,1.71484901,0.0010561637901463704
nw_retrain_0314_vertically_overlapping_moderate_seed20281747,3,16,3,M1,0.0,12.642196550000001,0.00778624248908268
nw_retrain_0314_vertically_overlapping_moderate_seed20281747,3,16,3,random,0.19,4.156924131700001,0.0025602211743920144
nw_retrain_0314_vertically_overlapping_moderate_seed20281747,3,16,4,M0,0.0,1.71484901,0.0010561637901463704
nw_retrain_0314_vertically_overlapping_moderate_seed20281747,3,16,4,M1,0.0,4.525217980000001,0.00278705083953444
nw_retrain_0314_vertically_overlapping_moderate_seed20281747,3,16,4,random,0.16,2.536704343900001,0.0015623388757323813
nw_retrain_0314_vertically_overlapping_moderate_seed20281747,3,16,6,M0,0.0,1.6103663000000008,0.0009918136028384142
nw_retrain_0314_vertically_overlapping_moderate_seed20281747,3,16,6,M1,0.0,1.71484901,0.0010561637901463704
nw_retrain_0314_vertically_overlapping_moderate_seed20281747,3,16,6,random,0.4,1.3345122605000004,0.0008219169844267986
nw_retrain_0314_vertically_overlapping_moderate_seed20281747,3,16,8,M0,0.0,0.8288794400000006,0.0005105011845473216
nw_retrain_0314_vertically_overlapping_moderate_seed20281747,3,16,8,M1,0.0,1.71484901,0.0010561637901463704
nw_retrain_0314_vertically_overlapping_moderate_seed20281747,3,16,8,random,0.43,0.9680862188000002,0.0005962376886092594
nw_retrain_0314_vertically_overlapping_moderate_seed20281747,4,16,1,M0,0.0,6.9418575,0.0055518404145677245
nw_retrain_0314_vertically_overlapping_moderate_seed20281747,4,16,1,M1,0.0,19.952431779999998,0.015957215647988948
nw_retrain_0314_vertically_overlapping_moderate_seed20281747,4,16,1,random,0.1,457.14853840649994,0.36561046247143103
nw_retrain_0314_vertically_overlapping_moderate_seed20281747,4,16,2,M0,0.0,4.151824389999999,0.0033204753111958844
nw_retrain_0314_vertically_overlapping_moderate_seed20281747,4,16,2,M1,0.0,19.952431779999998,0.015957215647988948
nw_retrain_0314_vertically_overlapping_moderate_seed20281747,4,16,2,random,0.15,21.981584901300003,0.017580057128987314
nw_retrain_0314_vertically_overlapping_moderate_seed20281747,4,16,3,M0,0.0,1.8166790199999996,0.0014529125674984376
nw_retrain_0314_vertically_overlapping_moderate_seed20281747,4,16,3,M1,0.0,6.9418575,0.0055518404145677245
nw_retrain_0314_vertically_overlapping_moderate_seed20281747,4,16,3,random,0.16,5.799038488900001,0.004637856113916019
nw_retrain_0314_vertically_overlapping_moderate_seed20281747,4,16,4,M0,0.0,1.8166790199999996,0.0014529125674984376
nw_retrain_0314_vertically_overlapping_moderate_seed20281747,4,16,4,M1,0.0,2.702490009999999,0.002161351375692101
nw_retrain_0314_vertically_overlapping_moderate_seed20281747,4,16,4,random,0.17,3.7556696735,0.003003645447505033
nw_retrain_0314_vertically_overlapping_moderate_seed20281747,4,16,6,M0,1.0,0.0,0.0
nw_retrain_0314_vertically_overlapping_moderate_seed20281747,4,16,6,M1,0.0,2.702490009999999,0.002161351375692101
nw_retrain_0314_vertically_overlapping_moderate_seed20281747,4,16,6,random,0.34,1.9439130829999993,0.0015546696567318387
nw_retrain_0314_vertically_overlapping_moderate_seed20281747,4,16,8,M0,1.0,0.0,0.0
nw_retrain_0314_vertically_overlapping_moderate_seed20281747,4,16,8,M1,1.0,0.0,0.0
nw_retrain_0314_vertically_overlapping_moderate_seed20281747,4,16,8,random,0.56,1.0949131747999996,0.0008756709878151911
nw_retrain_0314_vertically_overlapping_moderate_seed20281747,5,16,1,M0,0.0,20.610593820000002,0.02815553215994527
nw_retrain_0314_vertically_overlapping_moderate_seed20281747,5,16,1,M1,0.0,20.610593820000002,0.02815553215994527
nw_retrain_0314_vertically_overlapping_moderate_seed20281747,5,16,1,random,0.05,137.20887603869997,0.18743705085240286
nw_retrain_0314_vertically_overlapping_moderate_seed20281747,5,16,2,M0,0.0,20.610593820000002,0.02815553215994527
nw_retrain_0314_vertically_overlapping_moderate_seed20281747,5,16,2,M1,0.0,20.610593820000002,0.02815553215994527
nw_retrain_0314_vertically_overlapping_moderate_seed20281747,5,16,2,random,0.07,11.679198665700003,0.015954613268610147
nw_retrain_0314_vertically_overlapping_moderate_seed20281747,5,16,3,M0,0.0,5.46652612,0.007467662179897388
nw_retrain_0314_vertically_overlapping_moderate_seed20281747,5,16,3,M1,0.0,5.46652612,0.007467662179897388
nw_retrain_0314_vertically_overlapping_moderate_seed20281747,5,16,3,random,0.24,4.1559370279,0.005677304577716713
nw_retrain_0314_vertically_overlapping_moderate_seed20281747,5,16,4,M0,0.0,5.46652612,0.007467662179897388
nw_retrain_0314_vertically_overlapping_moderate_seed20281747,5,16,4,M1,1.0,0.0,0.0
nw_retrain_0314_vertically_overlapping_moderate_seed20281747,5,16,4,random,0.34,3.5264594026000005,0.004817393520428209
nw_retrain_0314_vertically_overlapping_moderate_seed20281747,5,16,6,M0,0.0,2.12257824,0.002899592336846121
nw_retrain_0314_vertically_overlapping_moderate_seed20281747,5,16,6,M1,1.0,0.0,0.0
nw_retrain_0314_vertically_overlapping_moderate_seed20281747,5,16,6,random,0.29,2.6843185626,0.0036669694370223805
nw_retrain_0314_vertically_overlapping_moderate_seed20281747,5,16,8,M0,1.0,0.0,0.0
nw_retrain_0314_vertically_overlapping_moderate_seed20281747,5,16,8,M1,1.0,0.0,0.0
nw_retrain_0314_vertically_overlapping_moderate_seed20281747,5,16,8,random,0.47,1.6646294903999999,0.002274001882753638
nw_retrain_0314_vertically_overlapping_moderate_seed20281747,6,16,1,M0,1.0,0.0,0.0
nw_retrain_0314_vertically_overlapping_moderate_seed20281747,6,16,1,M1,0.0,6.609122329999998,0.024194104710665815
nw_retrain_0314_vertically_overlapping_moderate_seed20281747,6,16,1,random,0.04,181.88183667890004,0.6658173327497673
nw_retrain_0314_vertically_overlapping_moderate_seed20281747,6,16,2,M0,1.0,0.0,0.0
nw_retrain_0314_vertically_overlapping_moderate_seed20281747,6,16,2,M1,0.0,1.8504665499999984,0.006774028265608528
nw_retrain_0314_vertically_overlapping_moderate_seed20281747,6,16,2,random,0.13,19.985420307999995,0.07316090207978025
nw_retrain_0314_vertically_overlapping_moderate_seed20281747,6,16,3,M0,1.0,0.0,0.0
nw_retrain_0314_vertically_overlapping_moderate_seed20281747,6,16,3,M1,0.0,0.706765729999999,0.002587266996089955
nw_retrain_0314_vertically_overlapping_moderate_seed20281747,6,16,3,random,0.2,11.143202568399998,0.04079207439212733
nw_retrain_0314_vertically_overlapping_moderate_seed20281747,6,16,4,M0,1.0,0.0,0.0
nw_retrain_0314_vertically_overlapping_moderate_seed20281747,6,16,4,M1,0.0,0.706765729999999,0.002587266996089955
nw_retrain_0314_vertically_overlapping_moderate_seed20281747,6,16,4,random,0.26,5.9760882732999985,0.021876748261732096
nw_retrain_0314_vertically_overlapping_moderate_seed20281747,6,16,6,M0,1.0,0.0,0.0
nw_retrain_0314_vertically_overlapping_moderate_seed20281747,6,16,6,M1,1.0,0.0,0.0
nw_retrain_0314_vertically_overlapping_moderate_seed20281747,6,16,6,random,0.33,3.530045563899998,0.012922486185305324
nw_retrain_0314_vertically_overlapping_moderate_seed20281747,6,16,8,M0,1.0,0.0,0.0
nw_retrain_0314_vertically_overlapping_moderate_seed20281747,6,16,8,M1,1.0,0.0,0.0
nw_retrain_0314_vertically_overlapping_moderate_seed20281747,6,16,8,random,0.53,1.0361581655999994,0.0037930784003717788
nw_retrain_0314_vertically_overlapping_moderate_seed20281747,7,16,1,M0,1.0,0.0,0.0
nw_retrain_0314_vertically_overlapping_moderate_seed20281747,7,16,1,M1,1.0,0.0,0.0
nw_retrain_0314_vertically_overlapping_moderate_seed20281747,7,16,1,random,0.05,104.2953745028,0.8684164581992388
nw_retrain_0314_vertically_overlapping_moderate_seed20281747,7,16,2,M0,1.0,0.0,0.0
nw_retrain_0314_vertically_overlapping_moderate_seed20281747,7,16,2,M1,1.0,0.0,0.0
nw_retrain_0314_vertically_overlapping_moderate_seed20281747,7,16,2,random,0.16,35.5095394889,0.29567052865233895
nw_retrain_0314_vertically_overlapping_moderate_seed20281747,7,16,3,M0,1.0,0.0,0.0
nw_retrain_0314_vertically_overlapping_moderate_seed20281747,7,16,3,M1,1.0,0.0,0.0
nw_retrain_0314_vertically_overlapping_moderate_seed20281747,7,16,3,random,0.13,17.4059742308,0.14493101506253997
nw_retrain_0314_vertically_overlapping_moderate_seed20281747,7,16,4,M0,1.0,0.0,0.0
nw_retrain_0314_vertically_overlapping_moderate_seed20281747,7,16,4,M1,1.0,0.0,0.0
nw_retrain_0314_vertically_overlapping_moderate_seed20281747,7,16,4,random,0.15,11.6676154675,0.0971505145671152
nw_retrain_0314_vertically_overlapping_moderate_seed20281747,7,16,6,M0,1.0,0.0,0.0
nw_retrain_0314_vertically_overlapping_moderate_seed20281747,7,16,6,M1,1.0,0.0,0.0
nw_retrain_0314_vertically_overlapping_moderate_seed20281747,7,16,6,random,0.33,5.6290537575,0.04687037129312029
nw_retrain_0314_vertically_overlapping_moderate_seed20281747,7,16,8,M0,1.0,0.0,0.0
nw_retrain_0314_vertically_overlapping_moderate_seed20281747,7,16,8,M1,1.0,0.0,0.0
nw_retrain_0314_vertically_overlapping_moderate_seed20281747,7,16,8,random,0.51,2.8704349758000003,0.023900704964710896
nw_retrain_0314_vertically_overlapping_moderate_seed20281747,8,16,1,M0,0.0,28.16754387,0.6495623683001822
nw_retrain_0314_vertically_overlapping_moderate_seed20281747,8,16,1,M1,0.0,28.16754387,0.6495623683001822
nw_retrain_0314_vertically_overlapping_moderate_seed20281747,8,16,1,random,0.08,86.06221384860001,1.984652112610817
nw_retrain_0314_vertically_overlapping_moderate_seed20281747,8,16,2,M0,0.0,22.381433089999998,0.5161307904938204
nw_retrain_0314_vertically_overlapping_moderate_seed20281747,8,16,2,M1,1.0,0.0,0.0
nw_retrain_0314_vertically_overlapping_moderate_seed20281747,8,16,2,random,0.09,57.124149853800006,1.3173210357786458
nw_retrain_0314_vertically_overlapping_moderate_seed20281747,8,16,3,M0,0.0,22.381433089999998,0.5161307904938204
nw_retrain_0314_vertically_overlapping_moderate_seed20281747,8,16,3,M1,1.0,0.0,0.0
nw_retrain_0314_vertically_overlapping_moderate_seed20281747,8,16,3,random,0.23,39.587067235599996,0.9129042015978542
nw_retrain_0314_vertically_overlapping_moderate_seed20281747,8,16,4,M0,0.0,22.381433089999998,0.5161307904938204
nw_retrain_0314_vertically_overlapping_moderate_seed20281747,8,16,4,M1,1.0,0.0,0.0
nw_retrain_0314_vertically_overlapping_moderate_seed20281747,8,16,4,random,0.23,33.511890812,0.7728065770492696
nw_retrain_0314_vertically_overlapping_moderate_seed20281747,8,16,6,M0,0.0,22.381433089999998,0.5161307904938204
nw_retrain_0314_vertically_overlapping_moderate_seed20281747,8,16,6,M1,1.0,0.0,0.0
nw_retrain_0314_vertically_overlapping_moderate_seed20281747,8,16,6,random,0.4,18.611502669399997,0.4291936779207944
nw_retrain_0314_vertically_overlapping_moderate_seed20281747,8,16,8,M0,0.0,22.381433089999998,0.5161307904938204
nw_retrain_0314_vertically_overlapping_moderate_seed20281747,8,16,8,M1,1.0,0.0,0.0
nw_retrain_0314_vertically_overlapping_moderate_seed20281747,8,16,8,random,0.54,12.983816050399998,0.29941546704234323
nw_retrain_0314_vertically_overlapping_moderate_seed20281747,9,16,1,M0,0.0,14.284757630000001,0.42328282047278404
nw_retrain_0314_vertically_overlapping_moderate_seed20281747,9,16,1,M1,0.0,7.491844069999999,0.22199668840246897
nw_retrain_0314_vertically_overlapping_moderate_seed20281747,9,16,1,random,0.07,46.2253602589,1.3697397866006167
nw_retrain_0314_vertically_overlapping_moderate_seed20281747,9,16,2,M0,0.0,7.491844069999999,0.22199668840246897
nw_retrain_0314_vertically_overlapping_moderate_seed20281747,9,16,2,M1,0.0,7.491844069999999,0.22199668840246897
nw_retrain_0314_vertically_overlapping_moderate_seed20281747,9,16,2,random,0.12,25.619027902699994,0.7591374435119349
nw_retrain_0314_vertically_overlapping_moderate_seed20281747,9,16,3,M0,0.0,7.491844069999999,0.22199668840246897
nw_retrain_0314_vertically_overlapping_moderate_seed20281747,9,16,3,M1,0.0,7.491844069999999,0.22199668840246897
nw_retrain_0314_vertically_overlapping_moderate_seed20281747,9,16,3,random,0.17,18.530488224,0.5490913828121023
nw_retrain_0314_vertically_overlapping_moderate_seed20281747,9,16,4,M0,1.0,0.0,0.0
nw_retrain_0314_vertically_overlapping_moderate_seed20281747,9,16,4,M1,0.0,7.491844069999999,0.22199668840246897
nw_retrain_0314_vertically_overlapping_moderate_seed20281747,9,16,4,random,0.26,12.4959843021,0.3702782796166015
nw_retrain_0314_vertically_overlapping_moderate_seed20281747,9,16,6,M0,1.0,0.0,0.0
nw_retrain_0314_vertically_overlapping_moderate_seed20281747,9,16,6,M1,0.0,7.491844069999999,0.22199668840246897
nw_retrain_0314_vertically_overlapping_moderate_seed20281747,9,16,6,random,0.36,7.751447588299999,0.2296892031987933
nw_retrain_0314_vertically_overlapping_moderate_seed20281747,9,16,8,M0,1.0,0.0,0.0
nw_retrain_0314_vertically_overlapping_moderate_seed20281747,9,16,8,M1,1.0,0.0,0.0
nw_retrain_0314_vertically_overlapping_moderate_seed20281747,9,16,8,random,0.51,5.398230869699998,0.1599591989780134
nw_retrain_0359_vertically_overlapping_moderate_seed20286026,1,4,1,M0,0.0,30.130741200000003,0.5132455966282198
nw_retrain_0359_vertically_overlapping_moderate_seed20286026,1,4,1,M1,0.0,30.130741200000003,0.5132455966282198
nw_retrain_0359_vertically_overlapping_moderate_seed20286026,1,4,1,random,0.24,45.410107487,0.7735135871837399
nw_retrain_0359_vertically_overlapping_moderate_seed20286026,1,4,2,M0,1.0,0.0,0.0
nw_retrain_0359_vertically_overlapping_moderate_seed20286026,1,4,2,M1,1.0,0.0,0.0
nw_retrain_0359_vertically_overlapping_moderate_seed20286026,1,4,2,random,0.55,9.515710356500001,0.16209015260677268
nw_retrain_0359_vertically_overlapping_moderate_seed20286026,1,4,3,M0,1.0,0.0,0.0
nw_retrain_0359_vertically_overlapping_moderate_seed20286026,1,4,3,M1,1.0,0.0,0.0
nw_retrain_0359_vertically_overlapping_moderate_seed20286026,1,4,3,random,0.8,3.417681670000001,0.05821662521214317
nw_retrain_0359_vertically_overlapping_moderate_seed20286026,1,4,4,M0,1.0,0.0,0.0
nw_retrain_0359_vertically_overlapping_moderate_seed20286026,1,4,4,M1,1.0,0.0,0.0
nw_retrain_0359_vertically_overlapping_moderate_seed20286026,1,4,4,random,1.0,0.0,0.0
nw_retrain_0359_vertically_overlapping_moderate_seed20286026,2,16,1,M0,0.0,7.10176742,0.002357455604867042
nw_retrain_0359_vertically_overlapping_moderate_seed20286026,2,16,1,M1,0.0,21.74948629,0.007219815198811367
nw_retrain_0359_vertically_overlapping_moderate_seed20286026,2,16,1,random,0.07,2032.6967746825999,0.674760537915596
nw_retrain_0359_vertically_overlapping_moderate_seed20286026,2,16,2,M0,0.0,7.10176742,0.002357455604867042
nw_retrain_0359_vertically_overlapping_moderate_seed20286026,2,16,2,M1,0.0,7.10176742,0.002357455604867042
nw_retrain_0359_vertically_overlapping_moderate_seed20286026,2,16,2,random,0.12,211.03694608770004,0.07005442476014967
nw_retrain_0359_vertically_overlapping_moderate_seed20286026,2,16,3,M0,0.0,7.10176742,0.002357455604867042
nw_retrain_0359_vertically_overlapping_moderate_seed20286026,2,16,3,M1,0.0,7.10176742,0.002357455604867042
nw_retrain_0359_vertically_overlapping_moderate_seed20286026,2,16,3,random,0.2,24.2981470739,0.008065851726702883
nw_retrain_0359_vertically_overlapping_moderate_seed20286026,2,16,4,M0,0.0,7.10176742,0.002357455604867042
nw_retrain_0359_vertically_overlapping_moderate_seed20286026,2,16,4,M1,0.0,7.10176742,0.002357455604867042
nw_retrain_0359_vertically_overlapping_moderate_seed20286026,2,16,4,random,0.26,7.905248349099999,0.002624173804392446
nw_retrain_0359_vertically_overlapping_moderate_seed20286026,2,16,6,M0,1.0,0.0,0.0
nw_retrain_0359_vertically_overlapping_moderate_seed20286026,2,16,6,M1,1.0,0.0,0.0
nw_retrain_0359_vertically_overlapping_moderate_seed20286026,2,16,6,random,0.36,4.7801294428,0.0015867800619861513
nw_retrain_0359_vertically_overlapping_moderate_seed20286026,2,16,8,M0,1.0,0.0,0.0
nw_retrain_0359_vertically_overlapping_moderate_seed20286026,2,16,8,M1,1.0,0.0,0.0
nw_retrain_0359_vertically_overlapping_moderate_seed20286026,2,16,8,random,0.51,2.861822090599999,0.0009499914779829954
nw_retrain_0359_vertically_overlapping_moderate_seed20286026,3,16,1,M0,0.0,10.77801706,0.0074493934858839836
nw_retrain_0359_vertically_overlapping_moderate_seed20286026,3,16,1,M1,0.0,16.546119259999998,0.011436106692533246
nw_retrain_0359_vertically_overlapping_moderate_seed20286026,3,16,1,random,0.08,567.3067728747,0.39210286593762866
nw_retrain_0359_vertically_overlapping_moderate_seed20286026,3,16,2,M0,0.0,10.77801706,0.0074493934858839836
nw_retrain_0359_vertically_overlapping_moderate_seed20286026,3,16,2,M1,0.0,16.546119259999998,0.011436106692533246
nw_retrain_0359_vertically_overlapping_moderate_seed20286026,3,16,2,random,0.11,13.177909720799999,0.00910811648239261
nw_retrain_0359_vertically_overlapping_moderate_seed20286026,3,16,3,M0,0.0,10.77801706,0.0074493934858839836
nw_retrain_0359_vertically_overlapping_moderate_seed20286026,3,16,3,M1,0.0,5.946875110000001,0.004110274873307688
nw_retrain_0359_vertically_overlapping_moderate_seed20286026,3,16,3,random,0.16,10.3479263526,0.007152129629628332
nw_retrain_0359_vertically_overlapping_moderate_seed20286026,3,16,4,M0,1.0,0.0,0.0
nw_retrain_0359_vertically_overlapping_moderate_seed20286026,3,16,4,M1,1.0,0.0,0.0
nw_retrain_0359_vertically_overlapping_moderate_seed20286026,3,16,4,random,0.27,7.2093688748,0.0049828669999590685
nw_retrain_0359_vertically_overlapping_moderate_seed20286026,3,16,6,M0,1.0,0.0,0.0
nw_retrain_0359_vertically_overlapping_moderate_seed20286026,3,16,6,M1,1.0,0.0,0.0
nw_retrain_0359_vertically_overlapping_moderate_seed20286026,3,16,6,random,0.44,4.2167391493,0.0029144645973001823
nw_retrain_0359_vertically_overlapping_moderate_seed20286026,3,16,8,M0,1.0,0.0,0.0
nw_retrain_0359_vertically_overlapping_moderate_seed20286026,3,16,8,M1,1.0,0.0,0.0
nw_retrain_0359_vertically_overlapping_moderate_seed20286026,3,16,8,random,0.56,2.6910748407,0.001859978071730465
nw_retrain_0359_vertically_overlapping_moderate_seed20286026,4,16,1,M0,1.0,0.0,0.0
nw_retrain_0359_vertically_overlapping_moderate_seed20286026,4,16,1,M1,0.0,8.96448201,0.00863029820925213
nw_retrain_0359_vertically_overlapping_moderate_seed20286026,4,16,1,random,0.07,312.7180623504,0.30106035468561926
nw_retrain_0359_vertically_overlapping_moderate_seed20286026,4,16,2,M0,1.0,0.0,0.0
nw_retrain_0359_vertically_overlapping_moderate_seed20286026,4,16,2,M1,0.0,8.96448201,0.00863029820925213
nw_retrain_0359_vertically_overlapping_moderate_seed20286026,4,16,2,random,0.11,9.838970457600002,0.009472186906771417
nw_retrain_0359_vertically_overlapping_moderate_seed20286026,4,16,3,M0,1.0,0.0,0.0
nw_retrain_0359_vertically_overlapping_moderate_seed20286026,4,16,3,M1,1.0,0.0,0.0
nw_retrain_0359_vertically_overlapping_moderate_seed20286026,4,16,3,random,0.22,4.6148134712,0.0044427794480598175
nw_retrain_0359_vertically_overlapping_moderate_seed20286026,4,16,4,M0,1.0,0.0,0.0
nw_retrain_0359_vertically_overlapping_moderate_seed20286026,4,16,4,M1,1.0,0.0,0.0
nw_retrain_0359_vertically_overlapping_moderate_seed20286026,4,16,4,random,0.21,2.682927653999999,0.0025829117289811157
nw_retrain_0359_vertically_overlapping_moderate_seed20286026,4,16,6,M0,1.0,0.0,0.0
nw_retrain_0359_vertically_overlapping_moderate_seed20286026,4,16,6,M1,1.0,0.0,0.0
nw_retrain_0359_vertically_overlapping_moderate_seed20286026,4,16,6,random,0.38,1.4854235734999996,0.0014300489857704502
nw_retrain_0359_vertically_overlapping_moderate_seed20286026,4,16,8,M0,1.0,0.0,0.0
nw_retrain_0359_vertically_overlapping_moderate_seed20286026,4,16,8,M1,1.0,0.0,0.0
nw_retrain_0359_vertically_overlapping_moderate_seed20286026,4,16,8,random,0.49,0.6925575991999996,0.0006667399858142736
nw_retrain_0359_vertically_overlapping_moderate_seed20286026,5,16,1,M0,0.0,12.25873619,0.022979207424417836
nw_retrain_0359_vertically_overlapping_moderate_seed20286026,5,16,1,M1,0.0,33.38552384,0.06258172664797403
nw_retrain_0359_vertically_overlapping_moderate_seed20286026,5,16,1,random,0.06,201.14297692760007,0.37704589748449535
nw_retrain_0359_vertically_overlapping_moderate_seed20286026,5,16,2,M0,1.0,0.0,0.0
nw_retrain_0359_vertically_overlapping_moderate_seed20286026,5,16,2,M1,1.0,0.0,0.0
nw_retrain_0359_vertically_overlapping_moderate_seed20286026,5,16,2,random,0.17,35.8977923762,0.06729101632550795
nw_retrain_0359_vertically_overlapping_moderate_seed20286026,5,16,3,M0,1.0,0.0,0.0
nw_retrain_0359_vertically_overlapping_moderate_seed20286026,5,16,3,M1,1.0,0.0,0.0
nw_retrain_0359_vertically_overlapping_moderate_seed20286026,5,16,3,random,0.23,11.152611392200004,0.020905757863877262
nw_retrain_0359_vertically_overlapping_moderate_seed20286026,5,16,4,M0,1.0,0.0,0.0
nw_retrain_0359_vertically_overlapping_moderate_seed20286026,5,16,4,M1,1.0,0.0,0.0
nw_retrain_0359_vertically_overlapping_moderate_seed20286026,5,16,4,random,0.23,8.9118628188,0.016705436928989188
nw_retrain_0359_vertically_overlapping_moderate_seed20286026,5,16,6,M0,1.0,0.0,0.0
nw_retrain_0359_vertically_overlapping_moderate_seed20286026,5,16,6,M1,1.0,0.0,0.0
nw_retrain_0359_vertically_overlapping_moderate_seed20286026,5,16,6,random,0.39,3.4320608309000007,0.006433455823187181
nw_retrain_0359_vertically_overlapping_moderate_seed20286026,5,16,8,M0,1.0,0.0,0.0
nw_retrain_0359_vertically_overlapping_moderate_seed20286026,5,16,8,M1,1.0,0.0,0.0
nw_retrain_0359_vertically_overlapping_moderate_seed20286026,5,16,8,random,0.57,1.9241569547000004,0.0036068646142541276
nw_retrain_0359_vertically_overlapping_moderate_seed20286026,6,16,1,M0,0.0,14.364293239999999,0.03035188063457966
nw_retrain_0359_vertically_overlapping_moderate_seed20286026,6,16,1,M1,0.0,0.42849758000000016,0.000905419235256872
nw_retrain_0359_vertically_overlapping_moderate_seed20286026,6,16,1,random,0.04,340.590982327,0.71967180480669
nw_retrain_0359_vertically_overlapping_moderate_seed20286026,6,16,2,M0,0.0,14.364293239999999,0.03035188063457966
nw_retrain_0359_vertically_overlapping_moderate_seed20286026,6,16,2,M1,0.0,0.42849758000000016,0.000905419235256872
nw_retrain_0359_vertically_overlapping_moderate_seed20286026,6,16,2,random,0.1,35.306994091300005,0.07460399563835048
nw_retrain_0359_vertically_overlapping_moderate_seed20286026,6,16,3,M0,1.0,0.0,0.0
nw_retrain_0359_vertically_overlapping_moderate_seed20286026,6,16,3,M1,0.0,0.42849758000000016,0.000905419235256872
nw_retrain_0359_vertically_overlapping_moderate_seed20286026,6,16,3,random,0.13,19.5895674349,0.04139293194122608
nw_retrain_0359_vertically_overlapping_moderate_seed20286026,6,16,4,M0,1.0,0.0,0.0
nw_retrain_0359_vertically_overlapping_moderate_seed20286026,6,16,4,M1,1.0,0.0,0.0
nw_retrain_0359_vertically_overlapping_moderate_seed20286026,6,16,4,random,0.31,6.673587618,0.01410135057824431
nw_retrain_0359_vertically_overlapping_moderate_seed20286026,6,16,6,M0,1.0,0.0,0.0
nw_retrain_0359_vertically_overlapping_moderate_seed20286026,6,16,6,M1,1.0,0.0,0.0
nw_retrain_0359_vertically_overlapping_moderate_seed20286026,6,16,6,random,0.29,2.8575572734000003,0.006038044184950915
nw_retrain_0359_vertically_overlapping_moderate_seed20286026,6,16,8,M0,1.0,0.0,0.0
nw_retrain_0359_vertically_overlapping_moderate_seed20286026,6,16,8,M1,1.0,0.0,0.0
nw_retrain_0359_vertically_overlapping_moderate_seed20286026,6,16,8,random,0.55,1.7957312605999995,0.0037943962827031827
nw_retrain_0359_vertically_overlapping_moderate_seed20286026,7,16,1,M0,1.0,0.0,0.0
nw_retrain_0359_vertically_overlapping_moderate_seed20286026,7,16,1,M1,1.0,0.0,0.0
nw_retrain_0359_vertically_overlapping_moderate_seed20286026,7,16,1,random,0.04,209.34268376609995,0.7468157180714565
nw_retrain_0359_vertically_overlapping_moderate_seed20286026,7,16,2,M0,1.0,0.0,0.0
nw_retrain_0359_vertically_overlapping_moderate_seed20286026,7,16,2,M1,1.0,0.0,0.0
nw_retrain_0359_vertically_overlapping_moderate_seed20286026,7,16,2,random,0.16,38.2940865194,0.13661153667939807
nw_retrain_0359_vertically_overlapping_moderate_seed20286026,7,16,3,M0,1.0,0.0,0.0
nw_retrain_0359_vertically_overlapping_moderate_seed20286026,7,16,3,M1,1.0,0.0,0.0
nw_retrain_0359_vertically_overlapping_moderate_seed20286026,7,16,3,random,0.21,29.4407498497,0.10502786313818283
nw_retrain_0359_vertically_overlapping_moderate_seed20286026,7,16,4,M0,1.0,0.0,0.0
nw_retrain_0359_vertically_overlapping_moderate_seed20286026,7,16,4,M1,1.0,0.0,0.0
nw_retrain_0359_vertically_overlapping_moderate_seed20286026,7,16,4,random,0.27,23.6418696049,0.08434075415438183
nw_retrain_0359_vertically_overlapping_moderate_seed20286026,7,16,6,M0,1.0,0.0,0.0
nw_retrain_0359_vertically_overlapping_moderate_seed20286026,7,16,6,M1,1.0,0.0,0.0
nw_retrain_0359_vertically_overlapping_moderate_seed20286026,7,16,6,random,0.41,16.3473260559,0.058317968544942166
nw_retrain_0359_vertically_overlapping_moderate_seed20286026,7,16,8,M0,1.0,0.0,0.0
nw_retrain_0359_vertically_overlapping_moderate_seed20286026,7,16,8,M1,1.0,0.0,0.0
nw_retrain_0359_vertically_overlapping_moderate_seed20286026,7,16,8,random,0.48,11.291815196300002,0.040282779041741504
nw_retrain_0359_vertically_overlapping_moderate_seed20286026,8,16,1,M0,1.0,0.0,0.0
nw_retrain_0359_vertically_overlapping_moderate_seed20286026,8,16,1,M1,0.0,5.955163969999999,0.18905255871765672
nw_retrain_0359_vertically_overlapping_moderate_seed20286026,8,16,1,random,0.02,40.1843754263,1.2756926649012057
nw_retrain_0359_vertically_overlapping_moderate_seed20286026,8,16,2,M0,1.0,0.0,0.0
nw_retrain_0359_vertically_overlapping_moderate_seed20286026,8,16,2,M1,1.0,0.0,0.0
nw_retrain_0359_vertically_overlapping_moderate_seed20286026,8,16,2,random,0.13,24.842401185,0.7886465481679756
nw_retrain_0359_vertically_overlapping_moderate_seed20286026,8,16,3,M0,1.0,0.0,0.0
nw_retrain_0359_vertically_overlapping_moderate_seed20286026,8,16,3,M1,1.0,0.0,0.0
nw_retrain_0359_vertically_overlapping_moderate_seed20286026,8,16,3,random,0.11,21.981987330700004,0.6978398867777859
nw_retrain_0359_vertically_overlapping_moderate_seed20286026,8,16,4,M0,1.0,0.0,0.0
nw_retrain_0359_vertically_overlapping_moderate_seed20286026,8,16,4,M1,1.0,0.0,0.0
nw_retrain_0359_vertically_overlapping_moderate_seed20286026,8,16,4,random,0.24,18.3133488452,0.5813753366515791
nw_retrain_0359_vertically_overlapping_moderate_seed20286026,8,16,6,M0,1.0,0.0,0.0
nw_retrain_0359_vertically_overlapping_moderate_seed20286026,8,16,6,M1,1.0,0.0,0.0
nw_retrain_0359_vertically_overlapping_moderate_seed20286026,8,16,6,random,0.38,13.3804853983,0.4247767171779251
nw_retrain_0359_vertically_overlapping_moderate_seed20286026,8,16,8,M0,1.0,0.0,0.0
nw_retrain_0359_vertically_overlapping_moderate_seed20286026,8,16,8,M1,1.0,0.0,0.0
nw_retrain_0359_vertically_overlapping_moderate_seed20286026,8,16,8,random,0.47,10.0783635604,0.3199475998274508
nw_retrain_0359_vertically_overlapping_moderate_seed20286026,9,16,1,M0,0.0,17.12738017,1.3052161347079314
nw_retrain_0359_vertically_overlapping_moderate_seed20286026,9,16,1,M1,1.0,0.0,0.0
nw_retrain_0359_vertically_overlapping_moderate_seed20286026,9,16,1,random,0.05,26.4596945258,2.016398297447104
nw_retrain_0359_vertically_overlapping_moderate_seed20286026,9,16,2,M0,0.0,17.12738017,1.3052161347079314
nw_retrain_0359_vertically_overlapping_moderate_seed20286026,9,16,2,M1,1.0,0.0,0.0
nw_retrain_0359_vertically_overlapping_moderate_seed20286026,9,16,2,random,0.05,21.140169590500008,1.6110164056679883
nw_retrain_0359_vertically_overlapping_moderate_seed20286026,9,16,3,M0,1.0,0.0,0.0
nw_retrain_0359_vertically_overlapping_moderate_seed20286026,9,16,3,M1,1.0,0.0,0.0
nw_retrain_0359_vertically_overlapping_moderate_seed20286026,9,16,3,random,0.26,14.578402559700002,1.110967704945143
nw_retrain_0359_vertically_overlapping_moderate_seed20286026,9,16,4,M0,1.0,0.0,0.0
nw_retrain_0359_vertically_overlapping_moderate_seed20286026,9,16,4,M1,1.0,0.0,0.0
nw_retrain_0359_vertically_overlapping_moderate_seed20286026,9,16,4,random,0.21,14.769677529,1.1255440834465915
nw_retrain_0359_vertically_overlapping_moderate_seed20286026,9,16,6,M0,1.0,0.0,0.0
nw_retrain_0359_vertically_overlapping_moderate_seed20286026,9,16,6,M1,1.0,0.0,0.0
nw_retrain_0359_vertically_overlapping_moderate_seed20286026,9,16,6,random,0.37,11.096503439400001,0.8456246772238802
nw_retrain_0359_vertically_overlapping_moderate_seed20286026,9,16,8,M0,1.0,0.0,0.0
nw_retrain_0359_vertically_overlapping_moderate_seed20286026,9,16,8,M1,1.0,0.0,0.0
nw_retrain_0359_vertically_overlapping_moderate_seed20286026,9,16,8,random,0.5,8.649270515300001,0.6591298446096877
nw_retrain_0385_crossing_hard_seed20288574,1,4,1,M0,0.0,3.002760470000002,0.0006117253573168091
nw_retrain_0385_crossing_hard_seed20288574,1,4,1,M1,0.0,3.002760470000002,0.0006117253573168091
nw_retrain_0385_crossing_hard_seed20288574,1,4,1,random,0.25,2739.4393606349995,0.5580813183317865
nw_retrain_0385_crossing_hard_seed20288574,1,4,2,M0,1.0,0.0,0.0
nw_retrain_0385_crossing_hard_seed20288574,1,4,2,M1,1.0,0.0,0.0
nw_retrain_0385_crossing_hard_seed20288574,1,4,2,random,0.53,10.0996147084,0.0020575035797837336
nw_retrain_0385_crossing_hard_seed20288574,1,4,3,M0,1.0,0.0,0.0
nw_retrain_0385_crossing_hard_seed20288574,1,4,3,M1,1.0,0.0,0.0
nw_retrain_0385_crossing_hard_seed20288574,1,4,3,random,0.77,0.6906349081000003,0.00014069683218286604
nw_retrain_0385_crossing_hard_seed20288574,1,4,4,M0,1.0,0.0,0.0
nw_retrain_0385_crossing_hard_seed20288574,1,4,4,M1,1.0,0.0,0.0
nw_retrain_0385_crossing_hard_seed20288574,1,4,4,random,1.0,0.0,0.0
nw_retrain_0385_crossing_hard_seed20288574,2,16,1,M0,0.0,61.277188540000004,0.012191582878686876
nw_retrain_0385_crossing_hard_seed20288574,2,16,1,M1,1.0,0.0,0.0
nw_retrain_0385_crossing_hard_seed20288574,2,16,1,random,0.08,5530.418709477301,1.1003206846936229
nw_retrain_0385_crossing_hard_seed20288574,2,16,2,M0,0.0,4.572158600000002,0.0009096672323668095
nw_retrain_0385_crossing_hard_seed20288574,2,16,2,M1,1.0,0.0,0.0
nw_retrain_0385_crossing_hard_seed20288574,2,16,2,random,0.08,2945.0368983406,0.5859384590315011
nw_retrain_0385_crossing_hard_seed20288574,2,16,3,M0,1.0,0.0,0.0
nw_retrain_0385_crossing_hard_seed20288574,2,16,3,M1,1.0,0.0,0.0
nw_retrain_0385_crossing_hard_seed20288574,2,16,3,random,0.22,1111.1265378795,0.2210674412130321
nw_retrain_0385_crossing_hard_seed20288574,2,16,4,M0,1.0,0.0,0.0
nw_retrain_0385_crossing_hard_seed20288574,2,16,4,M1,1.0,0.0,0.0
nw_retrain_0385_crossing_hard_seed20288574,2,16,4,random,0.19,405.5887449837,0.08069509905637348
nw_retrain_0385_crossing_hard_seed20288574,2,16,6,M0,1.0,0.0,0.0
nw_retrain_0385_crossing_hard_seed20288574,2,16,6,M1,1.0,0.0,0.0
nw_retrain_0385_crossing_hard_seed20288574,2,16,6,random,0.41,105.28846813930001,0.020947976173096444
nw_retrain_0385_crossing_hard_seed20288574,2,16,8,M0,1.0,0.0,0.0
nw_retrain_0385_crossing_hard_seed20288574,2,16,8,M1,1.0,0.0,0.0
nw_retrain_0385_crossing_hard_seed20288574,2,16,8,random,0.48,41.50567667239999,0.008257883710791164
nw_retrain_0385_crossing_hard_seed20288574,3,16,1,M0,0.0,67.5507882,0.036601631336152386
nw_retrain_0385_crossing_hard_seed20288574,3,16,1,M1,0.0,19.52271023,0.010578159952854419
nw_retrain_0385_crossing_hard_seed20288574,3,16,1,random,0.04,668.9251294935999,0.3624495232938339
nw_retrain_0385_crossing_hard_seed20288574,3,16,2,M0,0.0,25.321985090000002,0.013720431510282918
nw_retrain_0385_crossing_hard_seed20288574,3,16,2,M1,0.0,17.81092198,0.009650646830926738
nw_retrain_0385_crossing_hard_seed20288574,3,16,2,random,0.2,56.475756841099994,0.030600750730072578
nw_retrain_0385_crossing_hard_seed20288574,3,16,3,M0,0.0,20.17114824,0.010929508761932686
nw_retrain_0385_crossing_hard_seed20288574,3,16,3,M1,0.0,17.81092198,0.009650646830926738
nw_retrain_0385_crossing_hard_seed20288574,3,16,3,random,0.2,15.3082825134,0.00829461991303804
nw_retrain_0385_crossing_hard_seed20288574,3,16,4,M0,0.0,12.664012419999999,0.006861852040288924
nw_retrain_0385_crossing_hard_seed20288574,3,16,4,M1,0.0,17.81092198,0.009650646830926738
nw_retrain_0385_crossing_hard_seed20288574,3,16,4,random,0.22,12.3387146333,0.0066855931100746994
nw_retrain_0385_crossing_hard_seed20288574,3,16,6,M0,0.0,12.664012419999999,0.006861852040288924
nw_retrain_0385_crossing_hard_seed20288574,3,16,6,M1,0.0,12.664012419999999,0.006861852040288924
nw_retrain_0385_crossing_hard_seed20288574,3,16,6,random,0.36,8.4496390633,0.004578341454770154
nw_retrain_0385_crossing_hard_seed20288574,3,16,8,M0,0.0,12.664012419999999,0.006861852040288924
nw_retrain_0385_crossing_hard_seed20288574,3,16,8,M1,0.0,12.664012419999999,0.006861852040288924
nw_retrain_0385_crossing_hard_seed20288574,3,16,8,random,0.47,6.2667955894,0.0033955923821810357
nw_retrain_0385_crossing_hard_seed20288574,4,16,1,M0,0.0,0.21359685000000006,0.0001123367019474553
nw_retrain_0385_crossing_hard_seed20288574,4,16,1,M1,0.0,19.53194567,0.010272409725071692
nw_retrain_0385_crossing_hard_seed20288574,4,16,1,random,0.05,1251.0809726164,0.6579793210103096
nw_retrain_0385_crossing_hard_seed20288574,4,16,2,M0,0.0,0.21359685000000006,0.0001123367019474553
nw_retrain_0385_crossing_hard_seed20288574,4,16,2,M1,0.0,19.53194567,0.010272409725071692
nw_retrain_0385_crossing_hard_seed20288574,4,16,2,random,0.14,358.0246450566,0.18829541653618362
nw_retrain_0385_crossing_hard_seed20288574,4,16,3,M0,0.0,0.21359685000000006,0.0001123367019474553
nw_retrain_0385_crossing_hard_seed20288574,4,16,3,M1,1.0,0.0,0.0
nw_retrain_0385_crossing_hard_seed20288574,4,16,3,random,0.17,52.83643674170002,0.027788195594728712
nw_retrain_0385_crossing_hard_seed20288574,4,16,4,M0,0.0,0.21359685000000006,0.0001123367019474553
nw_retrain_0385_crossing_hard_seed20288574,4,16,4,M1,1.0,0.0,0.0
nw_retrain_0385_crossing_hard_seed20288574,4,16,4,random,0.25,10.230677786600001,0.0053806065081659004
nw_retrain_0385_crossing_hard_seed20288574,4,16,6,M0,0.0,0.21359685000000006,0.0001123367019474553
nw_retrain_0385_crossing_hard_seed20288574,4,16,6,M1,1.0,0.0,0.0
nw_retrain_0385_crossing_hard_seed20288574,4,16,6,random,0.42,4.2856375427,0.002253939546810332
nw_retrain_0385_crossing_hard_seed20288574,4,16,8,M0,1.0,0.0,0.0
nw_retrain_0385_crossing_hard_seed20288574,4,16,8,M1,1.0,0.0,0.0
nw_retrain_0385_crossing_hard_seed20288574,4,16,8,random,0.48,2.7346769808000007,0.0014382449596737803
nw_retrain_0385_crossing_hard_seed20288574,5,16,1,M0,0.0,10.82318541,0.025721077472614682
nw_retrain_0385_crossing_hard_seed20288574,5,16,1,M1,1.0,0.0,0.0
nw_retrain_0385_crossing_hard_seed20288574,5,16,1,random,0.08,181.1399367003,0.4304753331628397
nw_retrain_0385_crossing_hard_seed20288574,5,16,2,M0,1.0,0.0,0.0
nw_retrain_0385_crossing_hard_seed20288574,5,16,2,M1,1.0,0.0,0.0
nw_retrain_0385_crossing_hard_seed20288574,5,16,2,random,0.23,15.3681032126,0.036521981132578894
nw_retrain_0385_crossing_hard_seed20288574,5,16,3,M0,1.0,0.0,0.0
nw_retrain_0385_crossing_hard_seed20288574,5,16,3,M1,1.0,0.0,0.0
nw_retrain_0385_crossing_hard_seed20288574,5,16,3,random,0.18,9.108605951800001,0.021646414662480313
nw_retrain_0385_crossing_hard_seed20288574,5,16,4,M0,1.0,0.0,0.0
nw_retrain_0385_crossing_hard_seed20288574,5,16,4,M1,1.0,0.0,0.0
nw_retrain_0385_crossing_hard_seed20288574,5,16,4,random,0.25,6.447997253300001,0.015323532824458561
nw_retrain_0385_crossing_hard_seed20288574,5,16,6,M0,1.0,0.0,0.0
nw_retrain_0385_crossing_hard_seed20288574,5,16,6,M1,1.0,0.0,0.0
nw_retrain_0385_crossing_hard_seed20288574,5,16,6,random,0.46,2.7676286588,0.006577212572063243
nw_retrain_0385_crossing_hard_seed20288574,5,16,8,M0,1.0,0.0,0.0
nw_retrain_0385_crossing_hard_seed20288574,5,16,8,M1,1.0,0.0,0.0
nw_retrain_0385_crossing_hard_seed20288574,5,16,8,random,0.53,2.1363438124,0.005076977121366842
nw_retrain_0385_crossing_hard_seed20288574,6,16,1,M0,1.0,0.0,0.0
nw_retrain_0385_crossing_hard_seed20288574,6,16,1,M1,0.0,4.07544368,0.01325007275031019
nw_retrain_0385_crossing_hard_seed20288574,6,16,1,random,0.05,193.0615889296,0.6276813764256657
nw_retrain_0385_crossing_hard_seed20288574,6,16,2,M0,1.0,0.0,0.0
nw_retrain_0385_crossing_hard_seed20288574,6,16,2,M1,1.0,0.0,0.0
nw_retrain_0385_crossing_hard_seed20288574,6,16,2,random,0.13,35.22248091899999,0.1145152457666063
nw_retrain_0385_crossing_hard_seed20288574,6,16,3,M0,1.0,0.0,0.0
nw_retrain_0385_crossing_hard_seed20288574,6,16,3,M1,1.0,0.0,0.0
nw_retrain_0385_crossing_hard_seed20288574,6,16,3,random,0.11,12.2930850332,0.03996724867405096
nw_retrain_0385_crossing_hard_seed20288574,6,16,4,M0,1.0,0.0,0.0
nw_retrain_0385_crossing_hard_seed20288574,6,16,4,M1,1.0,0.0,0.0
nw_retrain_0385_crossing_hard_seed20288574,6,16,4,random,0.3,7.520327304199998,0.024450070154519735
nw_retrain_0385_crossing_hard_seed20288574,6,16,6,M0,1.0,0.0,0.0
nw_retrain_0385_crossing_hard_seed20288574,6,16,6,M1,1.0,0.0,0.0
nw_retrain_0385_crossing_hard_seed20288574,6,16,6,random,0.41,4.6657488666,0.015169271561894659
nw_retrain_0385_crossing_hard_seed20288574,6,16,8,M0,1.0,0.0,0.0
nw_retrain_0385_crossing_hard_seed20288574,6,16,8,M1,1.0,0.0,0.0
nw_retrain_0385_crossing_hard_seed20288574,6,16,8,random,0.55,1.9938707086000003,0.006482467681570938
nw_retrain_0385_crossing_hard_seed20288574,7,16,1,M0,1.0,0.0,0.0
nw_retrain_0385_crossing_hard_seed20288574,7,16,1,M1,1.0,0.0,0.0
nw_retrain_0385_crossing_hard_seed20288574,7,16,1,random,0.08,99.4752599903,1.1432086444884193
nw_retrain_0385_crossing_hard_seed20288574,7,16,2,M0,1.0,0.0,0.0
nw_retrain_0385_crossing_hard_seed20288574,7,16,2,M1,1.0,0.0,0.0
nw_retrain_0385_crossing_hard_seed20288574,7,16,2,random,0.1,42.58124711530001,0.48936036759346324
nw_retrain_0385_crossing_hard_seed20288574,7,16,3,M0,1.0,0.0,0.0
nw_retrain_0385_crossing_hard_seed20288574,7,16,3,M1,1.0,0.0,0.0
nw_retrain_0385_crossing_hard_seed20288574,7,16,3,random,0.24,33.37932029630001,0.38360822091441543
nw_retrain_0385_crossing_hard_seed20288574,7,16,4,M0,1.0,0.0,0.0
nw_retrain_0385_crossing_hard_seed20288574,7,16,4,M1,1.0,0.0,0.0
nw_retrain_0385_crossing_hard_seed20288574,7,16,4,random,0.29,21.242789968600004,0.244130461458693
nw_retrain_0385_crossing_hard_seed20288574,7,16,6,M0,1.0,0.0,0.0
nw_retrain_0385_crossing_hard_seed20288574,7,16,6,M1,1.0,0.0,0.0
nw_retrain_0385_crossing_hard_seed20288574,7,16,6,random,0.35,13.008030618100001,0.1494933820915074
nw_retrain_0385_crossing_hard_seed20288574,7,16,8,M0,1.0,0.0,0.0
nw_retrain_0385_crossing_hard_seed20288574,7,16,8,M1,1.0,0.0,0.0
nw_retrain_0385_crossing_hard_seed20288574,7,16,8,random,0.52,6.572091437500001,0.07552904857399674
nw_retrain_0385_crossing_hard_seed20288574,8,16,1,M0,0.0,7.647652389999999,0.08996900520112946
nw_retrain_0385_crossing_hard_seed20288574,8,16,1,M1,1.0,0.0,0.0
nw_retrain_0385_crossing_hard_seed20288574,8,16,1,random,0.05,102.41605767379998,1.2048495872513483
nw_retrain_0385_crossing_hard_seed20288574,8,16,2,M0,1.0,0.0,0.0
nw_retrain_0385_crossing_hard_seed20288574,8,16,2,M1,1.0,0.0,0.0
nw_retrain_0385_crossing_hard_seed20288574,8,16,2,random,0.17,59.58898445,0.7010205718714777
nw_retrain_0385_crossing_hard_seed20288574,8,16,3,M0,1.0,0.0,0.0
nw_retrain_0385_crossing_hard_seed20288574,8,16,3,M1,1.0,0.0,0.0
nw_retrain_0385_crossing_hard_seed20288574,8,16,3,random,0.17,47.4878357717,0.5586594585707183
nw_retrain_0385_crossing_hard_seed20288574,8,16,4,M0,1.0,0.0,0.0
nw_retrain_0385_crossing_hard_seed20288574,8,16,4,M1,1.0,0.0,0.0
nw_retrain_0385_crossing_hard_seed20288574,8,16,4,random,0.23,34.6014868366,0.4070610417962366
nw_retrain_0385_crossing_hard_seed20288574,8,16,6,M0,1.0,0.0,0.0
nw_retrain_0385_crossing_hard_seed20288574,8,16,6,M1,1.0,0.0,0.0
nw_retrain_0385_crossing_hard_seed20288574,8,16,6,random,0.44,20.026513415400004,0.23559719999650927
nw_retrain_0385_crossing_hard_seed20288574,8,16,8,M0,1.0,0.0,0.0
nw_retrain_0385_crossing_hard_seed20288574,8,16,8,M1,1.0,0.0,0.0
nw_retrain_0385_crossing_hard_seed20288574,8,16,8,random,0.51,12.947472213699998,0.15231748718849059
nw_retrain_0385_crossing_hard_seed20288574,9,16,1,M0,0.0,59.39006639000001,0.5473146147467771
nw_retrain_0385_crossing_hard_seed20288574,9,16,1,M1,0.0,18.696499019999997,0.17229930492160195
nw_retrain_0385_crossing_hard_seed20288574,9,16,1,random,0.07,124.08746265300002,1.143539415680249
nw_retrain_0385_crossing_hard_seed20288574,9,16,2,M0,1.0,0.0,0.0
nw_retrain_0385_crossing_hard_seed20288574,9,16,2,M1,0.0,18.696499019999997,0.17229930492160195
nw_retrain_0385_crossing_hard_seed20288574,9,16,2,random,0.19,74.9119137146,0.6903576252198581
nw_retrain_0385_crossing_hard_seed20288574,9,16,3,M0,1.0,0.0,0.0
nw_retrain_0385_crossing_hard_seed20288574,9,16,3,M1,0.0,16.17726272000001,0.14908305128187285
nw_retrain_0385_crossing_hard_seed20288574,9,16,3,random,0.19,27.474723334100005,0.2531958378044378
nw_retrain_0385_crossing_hard_seed20288574,9,16,4,M0,1.0,0.0,0.0
nw_retrain_0385_crossing_hard_seed20288574,9,16,4,M1,0.0,8.783890050000004,0.0809487459927017
nw_retrain_0385_crossing_hard_seed20288574,9,16,4,random,0.16,26.909450209900005,0.24798651137993788
nw_retrain_0385_crossing_hard_seed20288574,9,16,6,M0,1.0,0.0,0.0
nw_retrain_0385_crossing_hard_seed20288574,9,16,6,M1,1.0,0.0,0.0
nw_retrain_0385_crossing_hard_seed20288574,9,16,6,random,0.39,10.906505714700003,0.10050990571850335
nw_retrain_0385_crossing_hard_seed20288574,9,16,8,M0,1.0,0.0,0.0
nw_retrain_0385_crossing_hard_seed20288574,9,16,8,M1,1.0,0.0,0.0
nw_retrain_0385_crossing_hard_seed20288574,9,16,8,random,0.47,7.2719771212000035,0.06701557345298932
nw_retrain_0453_converging_hard_seed20295238,1,4,1,M0,0.0,10.23742748,0.020396984411120467
nw_retrain_0453_converging_hard_seed20295238,1,4,1,M1,0.0,10.23742748,0.020396984411120467
nw_retrain_0453_converging_hard_seed20295238,1,4,1,random,0.21,247.6809788263,0.49347798301093315
nw_retrain_0453_converging_hard_seed20295238,1,4,2,M0,0.0,2.686132689999999,0.005351833427994264
nw_retrain_0453_converging_hard_seed20295238,1,4,2,M1,0.0,2.686132689999999,0.005351833427994264
nw_retrain_0453_converging_hard_seed20295238,1,4,2,random,0.52,2.8751155971,0.005728361751893751
nw_retrain_0453_converging_hard_seed20295238,1,4,3,M0,1.0,0.0,0.0
nw_retrain_0453_converging_hard_seed20295238,1,4,3,M1,1.0,0.0,0.0
nw_retrain_0453_converging_hard_seed20295238,1,4,3,random,0.72,0.7521171531999997,0.0014985133598383938
nw_retrain_0453_converging_hard_seed20295238,1,4,4,M0,1.0,0.0,0.0
nw_retrain_0453_converging_hard_seed20295238,1,4,4,M1,1.0,0.0,0.0
nw_retrain_0453_converging_hard_seed20295238,1,4,4,random,1.0,0.0,0.0
nw_retrain_0453_converging_hard_seed20295238,2,16,1,M0,0.0,5.556992599999999,0.011206724561045805
nw_retrain_0453_converging_hard_seed20295238,2,16,1,M1,0.0,0.3609186399999995,0.00072786056749963
nw_retrain_0453_converging_hard_seed20295238,2,16,1,random,0.1,307.7464902045999,0.620628890229498
nw_retrain_0453_converging_hard_seed20295238,2,16,2,M0,1.0,0.0,0.0
nw_retrain_0453_converging_hard_seed20295238,2,16,2,M1,1.0,0.0,0.0
nw_retrain_0453_converging_hard_seed20295238,2,16,2,random,0.08,78.7045218795,0.15872252527605665
nw_retrain_0453_converging_hard_seed20295238,2,16,3,M0,1.0,0.0,0.0
nw_retrain_0453_converging_hard_seed20295238,2,16,3,M1,1.0,0.0,0.0
nw_retrain_0453_converging_hard_seed20295238,2,16,3,random,0.17,18.0407763126,0.03638263095810993
nw_retrain_0453_converging_hard_seed20295238,2,16,4,M0,1.0,0.0,0.0
nw_retrain_0453_converging_hard_seed20295238,2,16,4,M1,1.0,0.0,0.0
nw_retrain_0453_converging_hard_seed20295238,2,16,4,random,0.42,5.3391767595,0.010767457801986926
nw_retrain_0453_converging_hard_seed20295238,2,16,6,M0,1.0,0.0,0.0
nw_retrain_0453_converging_hard_seed20295238,2,16,6,M1,1.0,0.0,0.0
nw_retrain_0453_converging_hard_seed20295238,2,16,6,random,0.37,3.8083304930999997,0.007680217330792101
nw_retrain_0453_converging_hard_seed20295238,2,16,8,M0,1.0,0.0,0.0
nw_retrain_0453_converging_hard_seed20295238,2,16,8,M1,1.0,0.0,0.0
nw_retrain_0453_converging_hard_seed20295238,2,16,8,random,0.58,1.4876006803,0.003000027583435411
nw_retrain_0453_converging_hard_seed20295238,3,16,1,M0,0.0,17.07981749,0.334430150375269
nw_retrain_0453_converging_hard_seed20295238,3,16,1,M1,0.0,3.71530114,0.07274718946306542
nw_retrain_0453_converging_hard_seed20295238,3,16,1,random,0.05,34.052411345,0.6667608159991449
nw_retrain_0453_converging_hard_seed20295238,3,16,2,M0,0.0,3.71530114,0.07274718946306542
nw_retrain_0453_converging_hard_seed20295238,3,16,2,M1,0.0,3.71530114,0.07274718946306542
nw_retrain_0453_converging_hard_seed20295238,3,16,2,random,0.11,11.877754083700001,0.23257151820609162
nw_retrain_0453_converging_hard_seed20295238,3,16,3,M0,0.0,3.71530114,0.07274718946306542
nw_retrain_0453_converging_hard_seed20295238,3,16,3,M1,0.0,3.71530114,0.07274718946306542
nw_retrain_0453_converging_hard_seed20295238,3,16,3,random,0.21,6.224825341,0.12188474941662947
nw_retrain_0453_converging_hard_seed20295238,3,16,4,M0,0.0,3.71530114,0.07274718946306542
nw_retrain_0453_converging_hard_seed20295238,3,16,4,M1,0.0,3.71530114,0.07274718946306542
nw_retrain_0453_converging_hard_seed20295238,3,16,4,random,0.2,5.626831322999999,0.1101757701210169
nw_retrain_0453_converging_hard_seed20295238,3,16,6,M0,0.0,3.71530114,0.07274718946306542
nw_retrain_0453_converging_hard_seed20295238,3,16,6,M1,0.0,3.71530114,0.07274718946306542
nw_retrain_0453_converging_hard_seed20295238,3,16,6,random,0.41,3.7122813821,0.07268806130849438
nw_retrain_0453_converging_hard_seed20295238,3,16,8,M0,0.0,3.71530114,0.07274718946306542
nw_retrain_0453_converging_hard_seed20295238,3,16,8,M1,0.0,3.71530114,0.07274718946306542
nw_retrain_0453_converging_hard_seed20295238,3,16,8,random,0.53,2.1170210745,0.0414521804291627
nw_retrain_0453_converging_hard_seed20295238,4,16,1,M0,0.0,10.871065399999999,0.2787483609319365
nw_retrain_0453_converging_hard_seed20295238,4,16,1,M1,0.0,0.015861409999999854,0.00040670733519544336
nw_retrain_0453_converging_hard_seed20295238,4,16,1,random,0.06,19.533883693000003,0.5008743726313002
nw_retrain_0453_converging_hard_seed20295238,4,16,2,M0,0.0,5.471537379999999,0.1402973876371696
nw_retrain_0453_converging_hard_seed20295238,4,16,2,M1,0.0,0.015861409999999854,0.00040670733519544336
nw_retrain_0453_converging_hard_seed20295238,4,16,2,random,0.12,6.6944358160999995,0.17165410587097799
nw_retrain_0453_converging_hard_seed20295238,4,16,3,M0,0.0,5.471537379999999,0.1402973876371696
nw_retrain_0453_converging_hard_seed20295238,4,16,3,M1,0.0,0.015861409999999854,0.00040670733519544336
nw_retrain_0453_converging_hard_seed20295238,4,16,3,random,0.21,3.2468545522000003,0.0832536049879846
nw_retrain_0453_converging_hard_seed20295238,4,16,4,M0,0.0,2.1138791099999996,0.054202630141546256
nw_retrain_0453_converging_hard_seed20295238,4,16,4,M1,0.0,0.015861409999999854,0.00040670733519544336
nw_retrain_0453_converging_hard_seed20295238,4,16,4,random,0.31,2.3751028428000005,0.06090074892524177
nw_retrain_0453_converging_hard_seed20295238,4,16,6,M0,0.0,0.015861409999999854,0.00040670733519544336
nw_retrain_0453_converging_hard_seed20295238,4,16,6,M1,1.0,0.0,0.0
nw_retrain_0453_converging_hard_seed20295238,4,16,6,random,0.43,1.6519538134999998,0.04235826029051273
nw_retrain_0453_converging_hard_seed20295238,4,16,8,M0,0.0,0.015861409999999854,0.00040670733519544336
nw_retrain_0453_converging_hard_seed20295238,4,16,8,M1,1.0,0.0,0.0
nw_retrain_0453_converging_hard_seed20295238,4,16,8,random,0.54,0.8415382504999998,0.02157814338863276
nw_retrain_0453_converging_hard_seed20295238,5,16,1,M0,0.0,1.34723352,0.044461864216666126
nw_retrain_0453_converging_hard_seed20295238,5,16,1,M1,0.0,1.3055988900000002,0.04308782383072685
nw_retrain_0453_converging_hard_seed20295238,5,16,1,random,0.07,23.5974921654,0.778772556454695
nw_retrain_0453_converging_hard_seed20295238,5,16,2,M0,0.0,1.3055988900000002,0.04308782383072685
nw_retrain_0453_converging_hard_seed20295238,5,16,2,M1,0.0,1.3055988900000002,0.04308782383072685
nw_retrain_0453_converging_hard_seed20295238,5,16,2,random,0.11,7.381547151300001,0.24360835911358508
nw_retrain_0453_converging_hard_seed20295238,5,16,3,M0,0.0,1.3055988900000002,0.04308782383072685
nw_retrain_0453_converging_hard_seed20295238,5,16,3,M1,0.0,1.3055988900000002,0.04308782383072685
nw_retrain_0453_converging_hard_seed20295238,5,16,3,random,0.18,4.043465479000001,0.13344383911415364
nw_retrain_0453_converging_hard_seed20295238,5,16,4,M0,0.0,1.2053656,0.03977989030338281
nw_retrain_0453_converging_hard_seed20295238,5,16,4,M1,0.0,1.2053656,0.03977989030338281
nw_retrain_0453_converging_hard_seed20295238,5,16,4,random,0.33,1.8436634532,0.060845215696094156
nw_retrain_0453_converging_hard_seed20295238,5,16,6,M0,1.0,0.0,0.0
nw_retrain_0453_converging_hard_seed20295238,5,16,6,M1,1.0,0.0,0.0
nw_retrain_0453_converging_hard_seed20295238,5,16,6,random,0.36,1.2861760064,0.04244682314265066
nw_retrain_0453_converging_hard_seed20295238,5,16,8,M0,1.0,0.0,0.0
nw_retrain_0453_converging_hard_seed20295238,5,16,8,M1,1.0,0.0,0.0
nw_retrain_0453_converging_hard_seed20295238,5,16,8,random,0.55,0.7603517562000001,0.025093390298860756
nw_retrain_0453_converging_hard_seed20295238,6,16,1,M0,0.0,6.67908327,0.42377198428297286
nw_retrain_0453_converging_hard_seed20295238,6,16,1,M1,0.0,5.62401483,0.3568303954003506
nw_retrain_0453_converging_hard_seed20295238,6,16,1,random,0.07,12.040022240999999,0.7639108406983067
nw_retrain_0453_converging_hard_seed20295238,6,16,2,M0,0.0,6.67908327,0.42377198428297286
nw_retrain_0453_converging_hard_seed20295238,6,16,2,M1,0.0,0.24616693999999972,0.01561870819865784
nw_retrain_0453_converging_hard_seed20295238,6,16,2,random,0.14,5.2508681644,0.3331551249302031
nw_retrain_0453_converging_hard_seed20295238,6,16,3,M0,0.0,0.24616693999999972,0.01561870819865784
nw_retrain_0453_converging_hard_seed20295238,6,16,3,M1,0.0,0.24616693999999972,0.01561870819865784
nw_retrain_0453_converging_hard_seed20295238,6,16,3,random,0.21,2.6185975554000005,0.16614380106244733
nw_retrain_0453_converging_hard_seed20295238,6,16,4,M0,0.0,0.24616693999999972,0.01561870819865784
nw_retrain_0453_converging_hard_seed20295238,6,16,4,M1,0.0,0.24616693999999972,0.01561870819865784
nw_retrain_0453_converging_hard_seed20295238,6,16,4,random,0.21,2.5007087208,0.15866403425258552
nw_retrain_0453_converging_hard_seed20295238,6,16,6,M0,0.0,0.24616693999999972,0.01561870819865784
nw_retrain_0453_converging_hard_seed20295238,6,16,6,M1,1.0,0.0,0.0
nw_retrain_0453_converging_hard_seed20295238,6,16,6,random,0.37,0.9412233446999998,0.059718387735713245
nw_retrain_0453_converging_hard_seed20295238,6,16,8,M0,1.0,0.0,0.0
nw_retrain_0453_converging_hard_seed20295238,6,16,8,M1,1.0,0.0,0.0
nw_retrain_0453_converging_hard_seed20295238,6,16,8,random,0.52,0.33669043020000006,0.021362208843211775
nw_retrain_0453_converging_hard_seed20295238,7,16,1,M0,0.0,17.33400402,1.0809250582095593
nw_retrain_0453_converging_hard_seed20295238,7,16,1,M1,0.0,1.4143642699999996,0.0881978439093076
nw_retrain_0453_converging_hard_seed20295238,7,16,1,random,0.15,17.8107701086,1.1106555469920523
nw_retrain_0453_converging_hard_seed20295238,7,16,2,M0,0.0,1.63255171,0.10180371771725628
nw_retrain_0453_converging_hard_seed20295238,7,16,2,M1,0.0,1.4143642699999996,0.0881978439093076
nw_retrain_0453_converging_hard_seed20295238,7,16,2,random,0.13,11.967048917700001,0.7462489931949098
nw_retrain_0453_converging_hard_seed20295238,7,16,3,M0,1.0,0.0,0.0
nw_retrain_0453_converging_hard_seed20295238,7,16,3,M1,0.0,1.4143642699999996,0.0881978439093076
nw_retrain_0453_converging_hard_seed20295238,7,16,3,random,0.22,6.5180123634,0.40645443979300355
nw_retrain_0453_converging_hard_seed20295238,7,16,4,M0,1.0,0.0,0.0
nw_retrain_0453_converging_hard_seed20295238,7,16,4,M1,1.0,0.0,0.0
nw_retrain_0453_converging_hard_seed20295238,7,16,4,random,0.22,4.6775626539,0.29168648386789275
nw_retrain_0453_converging_hard_seed20295238,7,16,6,M0,1.0,0.0,0.0
nw_retrain_0453_converging_hard_seed20295238,7,16,6,M1,1.0,0.0,0.0
nw_retrain_0453_converging_hard_seed20295238,7,16,6,random,0.48,2.0669267557000004,0.12889075836962444
nw_retrain_0453_converging_hard_seed20295238,7,16,8,M0,1.0,0.0,0.0
nw_retrain_0453_converging_hard_seed20295238,7,16,8,M1,1.0,0.0,0.0
nw_retrain_0453_converging_hard_seed20295238,7,16,8,random,0.52,1.0283320398,0.0641253958806668
nw_retrain_0453_converging_hard_seed20295238,8,16,1,M0,0.0,0.11469234999999989,0.0055486039431674565
nw_retrain_0453_converging_hard_seed20295238,8,16,1,M1,0.0,0.5201987400000001,0.025166253721322702
nw_retrain_0453_converging_hard_seed20295238,8,16,1,random,0.08,19.845735937700002,0.9601000300280048
nw_retrain_0453_converging_hard_seed20295238,8,16,2,M0,0.0,0.11469234999999989,0.0055486039431674565
nw_retrain_0453_converging_hard_seed20295238,8,16,2,M1,1.0,0.0,0.0
nw_retrain_0453_converging_hard_seed20295238,8,16,2,random,0.17,7.330058950600002,0.3546147061852784
nw_retrain_0453_converging_hard_seed20295238,8,16,3,M0,1.0,0.0,0.0
nw_retrain_0453_converging_hard_seed20295238,8,16,3,M1,1.0,0.0,0.0
nw_retrain_0453_converging_hard_seed20295238,8,16,3,random,0.18,4.0318905158,0.19505541227804096
nw_retrain_0453_converging_hard_seed20295238,8,16,4,M0,1.0,0.0,0.0
nw_retrain_0453_converging_hard_seed20295238,8,16,4,M1,1.0,0.0,0.0
nw_retrain_0453_converging_hard_seed20295238,8,16,4,random,0.2,2.9156776081999998,0.1410550945539401
nw_retrain_0453_converging_hard_seed20295238,8,16,6,M0,1.0,0.0,0.0
nw_retrain_0453_converging_hard_seed20295238,8,16,6,M1,1.0,0.0,0.0
nw_retrain_0453_converging_hard_seed20295238,8,16,6,random,0.4,0.29809050229999995,0.01442106763426287
nw_retrain_0453_converging_hard_seed20295238,8,16,8,M0,1.0,0.0,0.0
nw_retrain_0453_converging_hard_seed20295238,8,16,8,M1,1.0,0.0,0.0
nw_retrain_0453_converging_hard_seed20295238,8,16,8,random,0.58,0.22853002509999995,0.011055860294099988
nw_retrain_0453_converging_hard_seed20295238,9,16,1,M0,1.0,0.0,0.0
nw_retrain_0453_converging_hard_seed20295238,9,16,1,M1,1.0,0.0,0.0
nw_retrain_0453_converging_hard_seed20295238,9,16,1,random,0.05,31.212864409100003,1.6174084980051568
nw_retrain_0453_converging_hard_seed20295238,9,16,2,M0,1.0,0.0,0.0
nw_retrain_0453_converging_hard_seed20295238,9,16,2,M1,1.0,0.0,0.0
nw_retrain_0453_converging_hard_seed20295238,9,16,2,random,0.12,21.278376377300003,1.1026167392174167
nw_retrain_0453_converging_hard_seed20295238,9,16,3,M0,1.0,0.0,0.0
nw_retrain_0453_converging_hard_seed20295238,9,16,3,M1,1.0,0.0,0.0
nw_retrain_0453_converging_hard_seed20295238,9,16,3,random,0.2,15.239275641800003,0.7896786915623237
nw_retrain_0453_converging_hard_seed20295238,9,16,4,M0,1.0,0.0,0.0
nw_retrain_0453_converging_hard_seed20295238,9,16,4,M1,1.0,0.0,0.0
nw_retrain_0453_converging_hard_seed20295238,9,16,4,random,0.19,9.374995869099997,0.48579963020070654
nw_retrain_0453_converging_hard_seed20295238,9,16,6,M0,1.0,0.0,0.0
nw_retrain_0453_converging_hard_seed20295238,9,16,6,M1,1.0,0.0,0.0
nw_retrain_0453_converging_hard_seed20295238,9,16,6,random,0.32,3.5180014179,0.18229808436443076
nw_retrain_0453_converging_hard_seed20295238,9,16,8,M0,1.0,0.0,0.0
nw_retrain_0453_converging_hard_seed20295238,9,16,8,M1,1.0,0.0,0.0
nw_retrain_0453_converging_hard_seed20295238,9,16,8,random,0.59,1.4250329087,0.07384328161168101
nw_retrain_0468_converging_moderate_seed20296839,1,4,1,M0,0.0,1.00600495,0.1055471005248939
nw_retrain_0468_converging_moderate_seed20296839,1,4,1,M1,1.0,0.0,0.0
nw_retrain_0468_converging_moderate_seed20296839,1,4,1,random,0.19,8.8470209439,0.9282035927473867
nw_retrain_0468_converging_moderate_seed20296839,1,4,2,M0,1.0,0.0,0.0
nw_retrain_0468_converging_moderate_seed20296839,1,4,2,M1,1.0,0.0,0.0
nw_retrain_0468_converging_moderate_seed20296839,1,4,2,random,0.45,1.1497672128999998,0.12063021717754309
nw_retrain_0468_converging_moderate_seed20296839,1,4,3,M0,1.0,0.0,0.0
nw_retrain_0468_converging_moderate_seed20296839,1,4,3,M1,1.0,0.0,0.0
nw_retrain_0468_converging_moderate_seed20296839,1,4,3,random,0.74,0.261561287,0.027442246136472413
nw_retrain_0468_converging_moderate_seed20296839,1,4,4,M0,1.0,0.0,0.0
nw_retrain_0468_converging_moderate_seed20296839,1,4,4,M1,1.0,0.0,0.0
nw_retrain_0468_converging_moderate_seed20296839,1,4,4,random,1.0,0.0,0.0
nw_retrain_0468_converging_moderate_seed20296839,2,16,1,M0,0.0,48.23124328,0.5625330202491655
nw_retrain_0468_converging_moderate_seed20296839,2,16,1,M1,0.0,1.86163254,0.02171268464386816
nw_retrain_0468_converging_moderate_seed20296839,2,16,1,random,0.01,43.55255627039999,0.5079643266944173
nw_retrain_0468_converging_moderate_seed20296839,2,16,2,M0,0.0,4.900579649999999,0.05715668276436969
nw_retrain_0468_converging_moderate_seed20296839,2,16,2,M1,1.0,0.0,0.0
nw_retrain_0468_converging_moderate_seed20296839,2,16,2,random,0.1,7.632436678199998,0.08901901266618878
nw_retrain_0468_converging_moderate_seed20296839,2,16,3,M0,1.0,0.0,0.0
nw_retrain_0468_converging_moderate_seed20296839,2,16,3,M1,1.0,0.0,0.0
nw_retrain_0468_converging_moderate_seed20296839,2,16,3,random,0.11,2.5731119364,0.030010846301830405
nw_retrain_0468_converging_moderate_seed20296839,2,16,4,M0,1.0,0.0,0.0
nw_retrain_0468_converging_moderate_seed20296839,2,16,4,M1,1.0,0.0,0.0
nw_retrain_0468_converging_moderate_seed20296839,2,16,4,random,0.26,1.6752968819999992,0.01953940538862819
nw_retrain_0468_converging_moderate_seed20296839,2,16,6,M0,1.0,0.0,0.0
nw_retrain_0468_converging_moderate_seed20296839,2,16,6,M1,1.0,0.0,0.0
nw_retrain_0468_converging_moderate_seed20296839,2,16,6,random,0.38,1.1241993193999997,0.013111817060838122
nw_retrain_0468_converging_moderate_seed20296839,2,16,8,M0,1.0,0.0,0.0
nw_retrain_0468_converging_moderate_seed20296839,2,16,8,M1,1.0,0.0,0.0
nw_retrain_0468_converging_moderate_seed20296839,2,16,8,random,0.49,0.7465602708,0.008707318645988652
nw_retrain_0468_converging_moderate_seed20296839,3,16,1,M0,0.0,0.6563546100000002,0.0008416870825616328
nw_retrain_0468_converging_moderate_seed20296839,3,16,1,M1,0.0,5.044812219999999,0.006469297563893201
nw_retrain_0468_converging_moderate_seed20296839,3,16,1,random,0.06,291.1150599535,0.3733161644160862
nw_retrain_0468_converging_moderate_seed20296839,3,16,2,M0,0.0,0.6563546100000002,0.0008416870825616328
nw_retrain_0468_converging_moderate_seed20296839,3,16,2,M1,0.0,3.05585245,0.003918722431734451
nw_retrain_0468_converging_moderate_seed20296839,3,16,2,random,0.1,58.12407084469999,0.0745363540843892
nw_retrain_0468_converging_moderate_seed20296839,3,16,3,M0,0.0,0.6563546100000002,0.0008416870825616328
nw_retrain_0468_converging_moderate_seed20296839,3,16,3,M1,0.0,0.6563546100000002,0.0008416870825616328
nw_retrain_0468_converging_moderate_seed20296839,3,16,3,random,0.2,2.9934039693,0.003838640599855812
nw_retrain_0468_converging_moderate_seed20296839,3,16,4,M0,0.0,0.6563546100000002,0.0008416870825616328
nw_retrain_0468_converging_moderate_seed20296839,3,16,4,M1,0.0,0.5098625300000004,0.0006538305648271338
nw_retrain_0468_converging_moderate_seed20296839,3,16,4,random,0.26,2.2156101044999996,0.002841223900218631
nw_retrain_0468_converging_moderate_seed20296839,3,16,6,M0,0.0,0.6563546100000002,0.0008416870825616328
nw_retrain_0468_converging_moderate_seed20296839,3,16,6,M1,1.0,0.0,0.0
nw_retrain_0468_converging_moderate_seed20296839,3,16,6,random,0.44,0.41899480100000014,0.0005373048444988935
nw_retrain_0468_converging_moderate_seed20296839,3,16,8,M0,0.0,0.5098625300000004,0.0006538305648271338
nw_retrain_0468_converging_moderate_seed20296839,3,16,8,M1,1.0,0.0,0.0
nw_retrain_0468_converging_moderate_seed20296839,3,16,8,random,0.43,0.3557984743000002,0.00045626400005546877
nw_retrain_0468_converging_moderate_seed20296839,4,16,1,M0,0.0,0.23223708999999992,0.03533765395050464
nw_retrain_0468_converging_moderate_seed20296839,4,16,1,M1,0.0,0.23223708999999992,0.03533765395050464
nw_retrain_0468_converging_moderate_seed20296839,4,16,1,random,0.05,4.363622824599999,0.663977460905312
nw_retrain_0468_converging_moderate_seed20296839,4,16,2,M0,0.0,0.23223708999999992,0.03533765395050464
nw_retrain_0468_converging_moderate_seed20296839,4,16,2,M1,0.0,0.23223708999999992,0.03533765395050464
nw_retrain_0468_converging_moderate_seed20296839,4,16,2,random,0.11,1.9438047943,0.29577317373510525
nw_retrain_0468_converging_moderate_seed20296839,4,16,3,M0,0.0,0.23223708999999992,0.03533765395050464
nw_retrain_0468_converging_moderate_seed20296839,4,16,3,M1,0.0,0.23223708999999992,0.03533765395050464
nw_retrain_0468_converging_moderate_seed20296839,4,16,3,random,0.23,1.0822091934,0.1646710866831132
nw_retrain_0468_converging_moderate_seed20296839,4,16,4,M0,0.0,0.23223708999999992,0.03533765395050464
nw_retrain_0468_converging_moderate_seed20296839,4,16,4,M1,0.0,0.23223708999999992,0.03533765395050464
nw_retrain_0468_converging_moderate_seed20296839,4,16,4,random,0.19,0.6232969079,0.09484208762601085
nw_retrain_0468_converging_moderate_seed20296839,4,16,6,M0,0.0,0.23223708999999992,0.03533765395050464
nw_retrain_0468_converging_moderate_seed20296839,4,16,6,M1,0.0,0.23223708999999992,0.03533765395050464
nw_retrain_0468_converging_moderate_seed20296839,4,16,6,random,0.37,0.28028801839999995,0.04264917804770925
nw_retrain_0468_converging_moderate_seed20296839,4,16,8,M0,0.0,0.23223708999999992,0.03533765395050464
nw_retrain_0468_converging_moderate_seed20296839,4,16,8,M1,1.0,0.0,0.0
nw_retrain_0468_converging_moderate_seed20296839,4,16,8,random,0.54,0.20193426700000003,0.030726716598088667
nw_retrain_0468_converging_moderate_seed20296839,5,16,1,M0,1.0,0.0,0.0
nw_retrain_0468_converging_moderate_seed20296839,5,16,1,M1,0.0,2.84553502,0.3479163143589641
nw_retrain_0468_converging_moderate_seed20296839,5,16,1,random,0.07,11.2219943776,1.3720846505735884
nw_retrain_0468_converging_moderate_seed20296839,5,16,2,M0,1.0,0.0,0.0
nw_retrain_0468_converging_moderate_seed20296839,5,16,2,M1,0.0,0.04723449000000013,0.005775240703741327
nw_retrain_0468_converging_moderate_seed20296839,5,16,2,random,0.12,5.250437827500001,0.6419576511536613
nw_retrain_0468_converging_moderate_seed20296839,5,16,3,M0,1.0,0.0,0.0
nw_retrain_0468_converging_moderate_seed20296839,5,16,3,M1,1.0,0.0,0.0
nw_retrain_0468_converging_moderate_seed20296839,5,16,3,random,0.22,3.4338419157000004,0.41984709905333334
nw_retrain_0468_converging_moderate_seed20296839,5,16,4,M0,1.0,0.0,0.0
nw_retrain_0468_converging_moderate_seed20296839,5,16,4,M1,1.0,0.0,0.0
nw_retrain_0468_converging_moderate_seed20296839,5,16,4,random,0.19,2.0046353636000003,0.2451016566077454
nw_retrain_0468_converging_moderate_seed20296839,5,16,6,M0,1.0,0.0,0.0
nw_retrain_0468_converging_moderate_seed20296839,5,16,6,M1,1.0,0.0,0.0
nw_retrain_0468_converging_moderate_seed20296839,5,16,6,random,0.41,0.6525305956000002,0.07978325279145984
nw_retrain_0468_converging_moderate_seed20296839,5,16,8,M0,1.0,0.0,0.0
nw_retrain_0468_converging_moderate_seed20296839,5,16,8,M1,1.0,0.0,0.0
nw_retrain_0468_converging_moderate_seed20296839,5,16,8,random,0.47,0.1867489216000001,0.022833314669092764
nw_retrain_0468_converging_moderate_seed20296839,6,16,1,M0,1.0,0.0,0.0
nw_retrain_0468_converging_moderate_seed20296839,6,16,1,M1,1.0,0.0,0.0
nw_retrain_0468_converging_moderate_seed20296839,6,16,1,random,0.06,17.428296967899996,1.2810092992906588
nw_retrain_0468_converging_moderate_seed20296839,6,16,2,M0,1.0,0.0,0.0
nw_retrain_0468_converging_moderate_seed20296839,6,16,2,M1,1.0,0.0,0.0
nw_retrain_0468_converging_moderate_seed20296839,6,16,2,random,0.12,11.1936809981,0.822754482452856
nw_retrain_0468_converging_moderate_seed20296839,6,16,3,M0,1.0,0.0,0.0
nw_retrain_0468_converging_moderate_seed20296839,6,16,3,M1,1.0,0.0,0.0
nw_retrain_0468_converging_moderate_seed20296839,6,16,3,random,0.24,6.379074418499999,0.4688727571039481
nw_retrain_0468_converging_moderate_seed20296839,6,16,4,M0,1.0,0.0,0.0
nw_retrain_0468_converging_moderate_seed20296839,6,16,4,M1,1.0,0.0,0.0
nw_retrain_0468_converging_moderate_seed20296839,6,16,4,random,0.23,5.098608796900001,0.37475636858287065
nw_retrain_0468_converging_moderate_seed20296839,6,16,6,M0,1.0,0.0,0.0
nw_retrain_0468_converging_moderate_seed20296839,6,16,6,M1,1.0,0.0,0.0
nw_retrain_0468_converging_moderate_seed20296839,6,16,6,random,0.39,2.1335628528,0.15682047764574156
nw_retrain_0468_converging_moderate_seed20296839,6,16,8,M0,1.0,0.0,0.0
nw_retrain_0468_converging_moderate_seed20296839,6,16,8,M1,1.0,0.0,0.0
nw_retrain_0468_converging_moderate_seed20296839,6,16,8,random,0.52,1.3798881085999997,0.1014241094441363
nw_retrain_0468_converging_moderate_seed20296839,7,16,1,M0,1.0,0.0,0.0
nw_retrain_0468_converging_moderate_seed20296839,7,16,1,M1,0.0,0.2615629399999997,0.012332119205430371
nw_retrain_0468_converging_moderate_seed20296839,7,16,1,random,0.05,23.067452071600005,1.0875797951824648
nw_retrain_0468_converging_moderate_seed20296839,7,16,2,M0,1.0,0.0,0.0
nw_retrain_0468_converging_moderate_seed20296839,7,16,2,M1,0.0,0.2615629399999997,0.012332119205430371
nw_retrain_0468_converging_moderate_seed20296839,7,16,2,random,0.14,6.9674389463,0.328499471837753
nw_retrain_0468_converging_moderate_seed20296839,7,16,3,M0,1.0,0.0,0.0
nw_retrain_0468_converging_moderate_seed20296839,7,16,3,M1,1.0,0.0,0.0
nw_retrain_0468_converging_moderate_seed20296839,7,16,3,random,0.18,4.558153287999999,0.21490693484421167
nw_retrain_0468_converging_moderate_seed20296839,7,16,4,M0,1.0,0.0,0.0
nw_retrain_0468_converging_moderate_seed20296839,7,16,4,M1,1.0,0.0,0.0
nw_retrain_0468_converging_moderate_seed20296839,7,16,4,random,0.23,1.4959118876,0.07052896606340171
nw_retrain_0468_converging_moderate_seed20296839,7,16,6,M0,1.0,0.0,0.0
nw_retrain_0468_converging_moderate_seed20296839,7,16,6,M1,1.0,0.0,0.0
nw_retrain_0468_converging_moderate_seed20296839,7,16,6,random,0.4,0.676599528,0.03190018445898312
nw_retrain_0468_converging_moderate_seed20296839,7,16,8,M0,1.0,0.0,0.0
nw_retrain_0468_converging_moderate_seed20296839,7,16,8,M1,1.0,0.0,0.0
nw_retrain_0468_converging_moderate_seed20296839,7,16,8,random,0.48,0.28834586909999993,0.013594875597187526
nw_retrain_0468_converging_moderate_seed20296839,8,16,1,M0,0.0,3.7062568000000002,0.9598124187761116
nw_retrain_0468_converging_moderate_seed20296839,8,16,1,M1,0.0,3.7062568000000002,0.9598124187761116
nw_retrain_0468_converging_moderate_seed20296839,8,16,1,random,0.1,2.7500050641,0.7121711081165171
nw_retrain_0468_converging_moderate_seed20296839,8,16,2,M0,0.0,0.051518430000000226,0.013341770842713329
nw_retrain_0468_converging_moderate_seed20296839,8,16,2,M1,0.0,1.0805312899999997,0.2798260905769324
nw_retrain_0468_converging_moderate_seed20296839,8,16,2,random,0.14,0.9267234800000002,0.23999435356865062
nw_retrain_0468_converging_moderate_seed20296839,8,16,3,M0,0.0,0.051518430000000226,0.013341770842713329
nw_retrain_0468_converging_moderate_seed20296839,8,16,3,M1,0.0,0.4218851500000005,0.10925594963285412
nw_retrain_0468_converging_moderate_seed20296839,8,16,3,random,0.19,0.6818817729000002,0.17658749220142878
nw_retrain_0468_converging_moderate_seed20296839,8,16,4,M0,0.0,0.051518430000000226,0.013341770842713329
nw_retrain_0468_converging_moderate_seed20296839,8,16,4,M1,0.0,0.4218851500000005,0.10925594963285412
nw_retrain_0468_converging_moderate_seed20296839,8,16,4,random,0.27,0.19134577270000017,0.04955297455852795
nw_retrain_0468_converging_moderate_seed20296839,8,16,6,M0,0.0,0.051518430000000226,0.013341770842713329
nw_retrain_0468_converging_moderate_seed20296839,8,16,6,M1,0.0,0.051518430000000226,0.013341770842713329
nw_retrain_0468_converging_moderate_seed20296839,8,16,6,random,0.31,0.13924724640000016,0.036060975692536294
nw_retrain_0468_converging_moderate_seed20296839,8,16,8,M0,0.0,0.051518430000000226,0.013341770842713329
nw_retrain_0468_converging_moderate_seed20296839,8,16,8,M1,1.0,0.0,0.0
nw_retrain_0468_converging_moderate_seed20296839,8,16,8,random,0.51,0.0700280249000001,0.018135216092253204
nw_retrain_0468_converging_moderate_seed20296839,9,16,1,M0,0.0,0.8496441899999998,0.5400514939925172
nw_retrain_0468_converging_moderate_seed20296839,9,16,1,M1,0.0,3.78941637,2.4086317496953655
nw_retrain_0468_converging_moderate_seed20296839,9,16,1,random,0.04,1.6418231978999998,1.0435769247094684
nw_retrain_0468_converging_moderate_seed20296839,9,16,2,M0,0.0,0.8496441899999998,0.5400514939925172
nw_retrain_0468_converging_moderate_seed20296839,9,16,2,M1,0.0,0.37287859000000045,0.23700937636885808
nw_retrain_0468_converging_moderate_seed20296839,9,16,2,random,0.07,0.7254568155000001,0.4611154194296662
nw_retrain_0468_converging_moderate_seed20296839,9,16,3,M0,0.0,0.11735275999999972,0.07459185163397065
nw_retrain_0468_converging_moderate_seed20296839,9,16,3,M1,0.0,0.37287859000000045,0.23700937636885808
nw_retrain_0468_converging_moderate_seed20296839,9,16,3,random,0.15,0.5044143285,0.3206162237131962
nw_retrain_0468_converging_moderate_seed20296839,9,16,4,M0,0.0,0.11735275999999972,0.07459185163397065
nw_retrain_0468_converging_moderate_seed20296839,9,16,4,M1,0.0,0.37287859000000045,0.23700937636885808
nw_retrain_0468_converging_moderate_seed20296839,9,16,4,random,0.29,0.2724514544,0.17317580314314185
nw_retrain_0468_converging_moderate_seed20296839,9,16,6,M0,0.0,0.11735275999999972,0.07459185163397065
nw_retrain_0468_converging_moderate_seed20296839,9,16,6,M1,0.0,0.37287859000000045,0.23700937636885808
nw_retrain_0468_converging_moderate_seed20296839,9,16,6,random,0.34,0.16655811389999994,0.10586779655171988
nw_retrain_0468_converging_moderate_seed20296839,9,16,8,M0,0.0,0.11735275999999972,0.07459185163397065
nw_retrain_0468_converging_moderate_seed20296839,9,16,8,M1,0.0,0.37287859000000045,0.23700937636885808
nw_retrain_0468_converging_moderate_seed20296839,9,16,8,random,0.56,0.10521908479999999,0.06687943566443426
nw_retrain_0566_vertically_overlapping_moderate_seed22084088,1,4,1,M0,1.0,0.0,0.0
nw_retrain_0566_vertically_overlapping_moderate_seed22084088,1,4,1,M1,0.0,5.65724986,0.0021723557207308972
nw_retrain_0566_vertically_overlapping_moderate_seed22084088,1,4,1,random,0.3,1264.7839920292004,0.4856707425988596
nw_retrain_0566_vertically_overlapping_moderate_seed22084088,1,4,2,M0,1.0,0.0,0.0
nw_retrain_0566_vertically_overlapping_moderate_seed22084088,1,4,2,M1,0.0,0.5109469899999999,0.0001962010949109347
nw_retrain_0566_vertically_overlapping_moderate_seed22084088,1,4,2,random,0.53,1.1150165732,0.00042816080099753286
nw_retrain_0566_vertically_overlapping_moderate_seed22084088,1,4,3,M0,1.0,0.0,0.0
nw_retrain_0566_vertically_overlapping_moderate_seed22084088,1,4,3,M1,1.0,0.0,0.0
nw_retrain_0566_vertically_overlapping_moderate_seed22084088,1,4,3,random,0.7,0.15328409699999998,5.886032847328042e-05
nw_retrain_0566_vertically_overlapping_moderate_seed22084088,1,4,4,M0,1.0,0.0,0.0
nw_retrain_0566_vertically_overlapping_moderate_seed22084088,1,4,4,M1,1.0,0.0,0.0
nw_retrain_0566_vertically_overlapping_moderate_seed22084088,1,4,4,random,1.0,0.0,0.0
nw_retrain_0566_vertically_overlapping_moderate_seed22084088,2,16,1,M0,0.0,2.27433162,0.0008811945317302083
nw_retrain_0566_vertically_overlapping_moderate_seed22084088,2,16,1,M1,0.0,4.19939417,0.0016270640335131587
nw_retrain_0566_vertically_overlapping_moderate_seed22084088,2,16,1,random,0.03,1178.0994193136999,0.45645707820470177
nw_retrain_0566_vertically_overlapping_moderate_seed22084088,2,16,2,M0,0.0,0.029037289999999993,1.1250558598954121e-05
nw_retrain_0566_vertically_overlapping_moderate_seed22084088,2,16,2,M1,0.0,1.51744711,0.0005879380490351746
nw_retrain_0566_vertically_overlapping_moderate_seed22084088,2,16,2,random,0.13,335.055439008,0.12981792896161465
nw_retrain_0566_vertically_overlapping_moderate_seed22084088,2,16,3,M0,0.0,0.029037289999999993,1.1250558598954121e-05
nw_retrain_0566_vertically_overlapping_moderate_seed22084088,2,16,3,M1,0.0,1.51744711,0.0005879380490351746
nw_retrain_0566_vertically_overlapping_moderate_seed22084088,2,16,3,random,0.17,11.782267164399999,0.004565063997419016
nw_retrain_0566_vertically_overlapping_moderate_seed22084088,2,16,4,M0,1.0,0.0,0.0
nw_retrain_0566_vertically_overlapping_moderate_seed22084088,2,16,4,M1,0.0,0.83566494,0.00032378012467973016
nw_retrain_0566_vertically_overlapping_moderate_seed22084088,2,16,4,random,0.24,0.6749451041000001,0.00026150888890644555
nw_retrain_0566_vertically_overlapping_moderate_seed22084088,2,16,6,M0,1.0,0.0,0.0
nw_retrain_0566_vertically_overlapping_moderate_seed22084088,2,16,6,M1,1.0,0.0,0.0
nw_retrain_0566_vertically_overlapping_moderate_seed22084088,2,16,6,random,0.36,0.33423457149999997,0.00012949988213283923
nw_retrain_0566_vertically_overlapping_moderate_seed22084088,2,16,8,M0,1.0,0.0,0.0
nw_retrain_0566_vertically_overlapping_moderate_seed22084088,2,16,8,M1,1.0,0.0,0.0
nw_retrain_0566_vertically_overlapping_moderate_seed22084088,2,16,8,random,0.48,0.1006530137,3.899822017802564e-05
nw_retrain_0566_vertically_overlapping_moderate_seed22084088,3,16,1,M0,0.0,1.91982389,0.001962610844857423
nw_retrain_0566_vertically_overlapping_moderate_seed22084088,3,16,1,M1,0.0,0.79922293,0.000817035144758369
nw_retrain_0566_vertically_overlapping_moderate_seed22084088,3,16,1,random,0.1,297.03882325510006,0.3036589027257842
nw_retrain_0566_vertically_overlapping_moderate_seed22084088,3,16,2,M0,0.0,0.79922293,0.000817035144758369
nw_retrain_0566_vertically_overlapping_moderate_seed22084088,3,16,2,M1,0.0,0.79922293,0.000817035144758369
nw_retrain_0566_vertically_overlapping_moderate_seed22084088,3,16,2,random,0.14,56.472584297000004,0.05773118407148127
nw_retrain_0566_vertically_overlapping_moderate_seed22084088,3,16,3,M0,0.0,0.79922293,0.000817035144758369
nw_retrain_0566_vertically_overlapping_moderate_seed22084088,3,16,3,M1,0.0,0.79922293,0.000817035144758369
nw_retrain_0566_vertically_overlapping_moderate_seed22084088,3,16,3,random,0.18,2.2929643640999995,0.002344067469571005
nw_retrain_0566_vertically_overlapping_moderate_seed22084088,3,16,4,M0,0.0,0.79922293,0.000817035144758369
nw_retrain_0566_vertically_overlapping_moderate_seed22084088,3,16,4,M1,1.0,0.0,0.0
nw_retrain_0566_vertically_overlapping_moderate_seed22084088,3,16,4,random,0.26,0.8398748442999999,0.0008585930648806122
nw_retrain_0566_vertically_overlapping_moderate_seed22084088,3,16,6,M0,0.0,0.79922293,0.000817035144758369
nw_retrain_0566_vertically_overlapping_moderate_seed22084088,3,16,6,M1,1.0,0.0,0.0
nw_retrain_0566_vertically_overlapping_moderate_seed22084088,3,16,6,random,0.35,0.3868120818,0.00039543293039371257
nw_retrain_0566_vertically_overlapping_moderate_seed22084088,3,16,8,M0,0.0,0.28310039,0.00028940982477167
nw_retrain_0566_vertically_overlapping_moderate_seed22084088,3,16,8,M1,1.0,0.0,0.0
nw_retrain_0566_vertically_overlapping_moderate_seed22084088,3,16,8,random,0.49,0.20324824360000002,0.00020777802024725473
nw_retrain_0566_vertically_overlapping_moderate_seed22084088,4,16,1,M0,1.0,0.0,0.0
nw_retrain_0566_vertically_overlapping_moderate_seed22084088,4,16,1,M1,0.0,1.8688411800000002,0.004527633345711993
nw_retrain_0566_vertically_overlapping_moderate_seed22084088,4,16,1,random,0.03,150.0872243325,0.3636156613657151
nw_retrain_0566_vertically_overlapping_moderate_seed22084088,4,16,2,M0,1.0,0.0,0.0
nw_retrain_0566_vertically_overlapping_moderate_seed22084088,4,16,2,M1,0.0,0.77873535,0.0018866387234386071
nw_retrain_0566_vertically_overlapping_moderate_seed22084088,4,16,2,random,0.05,8.071819795700003,0.019555562483693507
nw_retrain_0566_vertically_overlapping_moderate_seed22084088,4,16,3,M0,1.0,0.0,0.0
nw_retrain_0566_vertically_overlapping_moderate_seed22084088,4,16,3,M1,0.0,0.77873535,0.0018866387234386071
nw_retrain_0566_vertically_overlapping_moderate_seed22084088,4,16,3,random,0.19,0.9800994268999998,0.002374482591049098
nw_retrain_0566_vertically_overlapping_moderate_seed22084088,4,16,4,M0,1.0,0.0,0.0
nw_retrain_0566_vertically_overlapping_moderate_seed22084088,4,16,4,M1,0.0,0.77873535,0.0018866387234386071
nw_retrain_0566_vertically_overlapping_moderate_seed22084088,4,16,4,random,0.24,0.7074197857,0.0017138628180013414
nw_retrain_0566_vertically_overlapping_moderate_seed22084088,4,16,6,M0,1.0,0.0,0.0
nw_retrain_0566_vertically_overlapping_moderate_seed22084088,4,16,6,M1,0.0,0.18779171000000017,0.00045496215373650806
nw_retrain_0566_vertically_overlapping_moderate_seed22084088,4,16,6,random,0.34,0.24227654450000005,0.00058696232376583
nw_retrain_0566_vertically_overlapping_moderate_seed22084088,4,16,8,M0,1.0,0.0,0.0
nw_retrain_0566_vertically_overlapping_moderate_seed22084088,4,16,8,M1,0.0,0.18779171000000017,0.00045496215373650806
nw_retrain_0566_vertically_overlapping_moderate_seed22084088,4,16,8,random,0.46,0.09248766780000006,0.00022406946790332053
nw_retrain_0566_vertically_overlapping_moderate_seed22084088,5,16,1,M0,0.0,27.43618519,0.03025130680926338
nw_retrain_0566_vertically_overlapping_moderate_seed22084088,5,16,1,M1,0.0,3.8811518800000004,0.004279381972462528
nw_retrain_0566_vertically_overlapping_moderate_seed22084088,5,16,1,random,0.03,386.098455698,0.4257145357861241
nw_retrain_0566_vertically_overlapping_moderate_seed22084088,5,16,2,M0,0.0,4.108575350000001,0.0045301404915114845
nw_retrain_0566_vertically_overlapping_moderate_seed22084088,5,16,2,M1,0.0,3.2317783600000003,0.003563378728888732
nw_retrain_0566_vertically_overlapping_moderate_seed22084088,5,16,2,random,0.14,52.612463878199996,0.05801082678764042
nw_retrain_0566_vertically_overlapping_moderate_seed22084088,5,16,3,M0,0.0,0.17904028000000016,0.00019741091569357597
nw_retrain_0566_vertically_overlapping_moderate_seed22084088,5,16,3,M1,0.0,0.45880483000000005,0.0005058810319942272
nw_retrain_0566_vertically_overlapping_moderate_seed22084088,5,16,3,random,0.2,16.831016404399993,0.01855798237383341
nw_retrain_0566_vertically_overlapping_moderate_seed22084088,5,16,4,M0,0.0,0.17904028000000016,0.00019741091569357597
nw_retrain_0566_vertically_overlapping_moderate_seed22084088,5,16,4,M1,0.0,0.45880483000000005,0.0005058810319942272
nw_retrain_0566_vertically_overlapping_moderate_seed22084088,5,16,4,random,0.26,0.9063068330000001,0.0009992994973079504
nw_retrain_0566_vertically_overlapping_moderate_seed22084088,5,16,6,M0,0.0,0.17904028000000016,0.00019741091569357597
nw_retrain_0566_vertically_overlapping_moderate_seed22084088,5,16,6,M1,1.0,0.0,0.0
nw_retrain_0566_vertically_overlapping_moderate_seed22084088,5,16,6,random,0.4,0.3891492363000001,0.0004290783452720177
nw_retrain_0566_vertically_overlapping_moderate_seed22084088,5,16,8,M0,0.0,0.17904028000000016,0.00019741091569357597
nw_retrain_0566_vertically_overlapping_moderate_seed22084088,5,16,8,M1,1.0,0.0,0.0
nw_retrain_0566_vertically_overlapping_moderate_seed22084088,5,16,8,random,0.47,0.24012469420000004,0.0002647629670969118
nw_retrain_0566_vertically_overlapping_moderate_seed22084088,6,16,1,M0,0.0,0.6428846199999998,0.0013416710920591205
nw_retrain_0566_vertically_overlapping_moderate_seed22084088,6,16,1,M1,0.0,0.6428846199999998,0.0013416710920591205
nw_retrain_0566_vertically_overlapping_moderate_seed22084088,6,16,1,random,0.11,144.67050906149996,0.30192080171600866
nw_retrain_0566_vertically_overlapping_moderate_seed22084088,6,16,2,M0,0.0,0.6428846199999998,0.0013416710920591205
nw_retrain_0566_vertically_overlapping_moderate_seed22084088,6,16,2,M1,0.0,0.6428846199999998,0.0013416710920591205
nw_retrain_0566_vertically_overlapping_moderate_seed22084088,6,16,2,random,0.07,47.4276639124,0.09897938705574053
nw_retrain_0566_vertically_overlapping_moderate_seed22084088,6,16,3,M0,0.0,0.6428846199999998,0.0013416710920591205
nw_retrain_0566_vertically_overlapping_moderate_seed22084088,6,16,3,M1,0.0,0.6428846199999998,0.0013416710920591205
nw_retrain_0566_vertically_overlapping_moderate_seed22084088,6,16,3,random,0.18,0.9964322787000001,0.002079509047092132
nw_retrain_0566_vertically_overlapping_moderate_seed22084088,6,16,4,M0,1.0,0.0,0.0
nw_retrain_0566_vertically_overlapping_moderate_seed22084088,6,16,4,M1,0.0,0.6428846199999998,0.0013416710920591205
nw_retrain_0566_vertically_overlapping_moderate_seed22084088,6,16,4,random,0.3,0.9110064301,0.0019012291691550315
nw_retrain_0566_vertically_overlapping_moderate_seed22084088,6,16,6,M0,1.0,0.0,0.0
nw_retrain_0566_vertically_overlapping_moderate_seed22084088,6,16,6,M1,0.0,0.2881905199999997,0.0006014405659439877
nw_retrain_0566_vertically_overlapping_moderate_seed22084088,6,16,6,random,0.34,0.4144015902999999,0.0008648373548100081
nw_retrain_0566_vertically_overlapping_moderate_seed22084088,6,16,8,M0,1.0,0.0,0.0
nw_retrain_0566_vertically_overlapping_moderate_seed22084088,6,16,8,M1,0.0,0.2881905199999997,0.0006014405659439877
nw_retrain_0566_vertically_overlapping_moderate_seed22084088,6,16,8,random,0.51,0.2493877215999999,0.0005204608826778401
nw_retrain_0566_vertically_overlapping_moderate_seed22084088,7,16,1,M0,0.0,11.862731499999999,0.1023838414215997
nw_retrain_0566_vertically_overlapping_moderate_seed22084088,7,16,1,M1,0.0,3.48422946,0.030071387564416
nw_retrain_0566_vertically_overlapping_moderate_seed22084088,7,16,1,random,0.07,76.6963526152,0.661944275124977
nw_retrain_0566_vertically_overlapping_moderate_seed22084088,7,16,2,M0,1.0,0.0,0.0
nw_retrain_0566_vertically_overlapping_moderate_seed22084088,7,16,2,M1,0.0,3.48422946,0.030071387564416
nw_retrain_0566_vertically_overlapping_moderate_seed22084088,7,16,2,random,0.09,19.882216093100002,0.17159771841636373
nw_retrain_0566_vertically_overlapping_moderate_seed22084088,7,16,3,M0,1.0,0.0,0.0
nw_retrain_0566_vertically_overlapping_moderate_seed22084088,7,16,3,M1,1.0,0.0,0.0
nw_retrain_0566_vertically_overlapping_moderate_seed22084088,7,16,3,random,0.17,2.7821433741,0.024011883437301835
nw_retrain_0566_vertically_overlapping_moderate_seed22084088,7,16,4,M0,1.0,0.0,0.0
nw_retrain_0566_vertically_overlapping_moderate_seed22084088,7,16,4,M1,1.0,0.0,0.0
nw_retrain_0566_vertically_overlapping_moderate_seed22084088,7,16,4,random,0.31,2.0938646595,0.01807154678132434
nw_retrain_0566_vertically_overlapping_moderate_seed22084088,7,16,6,M0,1.0,0.0,0.0
nw_retrain_0566_vertically_overlapping_moderate_seed22084088,7,16,6,M1,1.0,0.0,0.0
nw_retrain_0566_vertically_overlapping_moderate_seed22084088,7,16,6,random,0.43,1.3652674598999999,0.01178323281720334
nw_retrain_0566_vertically_overlapping_moderate_seed22084088,7,16,8,M0,1.0,0.0,0.0
nw_retrain_0566_vertically_overlapping_moderate_seed22084088,7,16,8,M1,1.0,0.0,0.0
nw_retrain_0566_vertically_overlapping_moderate_seed22084088,7,16,8,random,0.54,0.994818383,0.008585992827062152
nw_retrain_0566_vertically_overlapping_moderate_seed22084088,8,16,1,M0,0.0,41.4742088,0.5073011795085395
nw_retrain_0566_vertically_overlapping_moderate_seed22084088,8,16,1,M1,0.0,4.55655876,0.05573458060634463
nw_retrain_0566_vertically_overlapping_moderate_seed22084088,8,16,1,random,0.04,50.6674549086,0.619750451703096
nw_retrain_0566_vertically_overlapping_moderate_seed22084088,8,16,2,M0,0.0,8.42753693,0.10308332693114029
nw_retrain_0566_vertically_overlapping_moderate_seed22084088,8,16,2,M1,0.0,4.55655876,0.05573458060634463
nw_retrain_0566_vertically_overlapping_moderate_seed22084088,8,16,2,random,0.07,10.582749179099997,0.1294452937460366
nw_retrain_0566_vertically_overlapping_moderate_seed22084088,8,16,3,M0,0.0,8.42753693,0.10308332693114029
nw_retrain_0566_vertically_overlapping_moderate_seed22084088,8,16,3,M1,0.0,4.55655876,0.05573458060634463
nw_retrain_0566_vertically_overlapping_moderate_seed22084088,8,16,3,random,0.15,5.0774475482999994,0.06210594981007405
nw_retrain_0566_vertically_overlapping_moderate_seed22084088,8,16,4,M0,0.0,8.42753693,0.10308332693114029
nw_retrain_0566_vertically_overlapping_moderate_seed22084088,8,16,4,M1,0.0,4.55655876,0.05573458060634463
nw_retrain_0566_vertically_overlapping_moderate_seed22084088,8,16,4,random,0.2,4.2467752638,0.05194539360165995
nw_retrain_0566_vertically_overlapping_moderate_seed22084088,8,16,6,M0,1.0,0.0,0.0
nw_retrain_0566_vertically_overlapping_moderate_seed22084088,8,16,6,M1,0.0,4.55655876,0.05573458060634463
nw_retrain_0566_vertically_overlapping_moderate_seed22084088,8,16,6,random,0.34,2.859930782400001,0.03498189118496941
nw_retrain_0566_vertically_overlapping_moderate_seed22084088,8,16,8,M0,1.0,0.0,0.0
nw_retrain_0566_vertically_overlapping_moderate_seed22084088,8,16,8,M1,0.0,4.55655876,0.05573458060634463
nw_retrain_0566_vertically_overlapping_moderate_seed22084088,8,16,8,random,0.61,1.7040591978000001,0.020843586074541717
nw_retrain_0566_vertically_overlapping_moderate_seed22084088,9,16,1,M0,0.0,29.064138300000003,1.8541682309692493
nw_retrain_0566_vertically_overlapping_moderate_seed22084088,9,16,1,M1,0.0,21.13216679,1.3481422331919408
nw_retrain_0566_vertically_overlapping_moderate_seed22084088,9,16,1,random,0.08,20.9084112432,1.3338675823456876
nw_retrain_0566_vertically_overlapping_moderate_seed22084088,9,16,2,M0,0.0,9.84389677,0.6279986859226722
nw_retrain_0566_vertically_overlapping_moderate_seed22084088,9,16,2,M1,0.0,20.812397679999997,1.3277423259630614
nw_retrain_0566_vertically_overlapping_moderate_seed22084088,9,16,2,random,0.13,11.0194799082,0.7029958829912524
nw_retrain_0566_vertically_overlapping_moderate_seed22084088,9,16,3,M0,0.0,9.84389677,0.6279986859226722
nw_retrain_0566_vertically_overlapping_moderate_seed22084088,9,16,3,M1,0.0,20.812397679999997,1.3277423259630614
nw_retrain_0566_vertically_overlapping_moderate_seed22084088,9,16,3,random,0.17,6.511416504,0.4154006389491221
nw_retrain_0566_vertically_overlapping_moderate_seed22084088,9,16,4,M0,0.0,9.84389677,0.6279986859226722
nw_retrain_0566_vertically_overlapping_moderate_seed22084088,9,16,4,M1,0.0,20.812397679999997,1.3277423259630614
nw_retrain_0566_vertically_overlapping_moderate_seed22084088,9,16,4,random,0.26,4.764432961699999,0.3039505298585394
nw_retrain_0566_vertically_overlapping_moderate_seed22084088,9,16,6,M0,1.0,0.0,0.0
nw_retrain_0566_vertically_overlapping_moderate_seed22084088,9,16,6,M1,0.0,1.7520548399999996,0.1117736362837191
nw_retrain_0566_vertically_overlapping_moderate_seed22084088,9,16,6,random,0.36,2.2318130311999993,0.14238016545339038
nw_retrain_0566_vertically_overlapping_moderate_seed22084088,9,16,8,M0,1.0,0.0,0.0
nw_retrain_0566_vertically_overlapping_moderate_seed22084088,9,16,8,M1,1.0,0.0,0.0
nw_retrain_0566_vertically_overlapping_moderate_seed22084088,9,16,8,random,0.6,0.9454333110999997,0.060314618374276256
nw_retrain_0581_converging_hard_seed22085689,1,4,1,M0,0.0,3.8932675499999996,2.4129979759054625
nw_retrain_0581_converging_hard_seed22085689,1,4,1,M1,0.0,3.8932675499999996,2.4129979759054625
nw_retrain_0581_converging_hard_seed22085689,1,4,1,random,0.27,1.4304433155999996,0.886570671257951
nw_retrain_0581_converging_hard_seed22085689,1,4,2,M0,1.0,0.0,0.0
nw_retrain_0581_converging_hard_seed22085689,1,4,2,M1,1.0,0.0,0.0
nw_retrain_0581_converging_hard_seed22085689,1,4,2,random,0.55,0.5265063365,0.3263219668208779
nw_retrain_0581_converging_hard_seed22085689,1,4,3,M0,1.0,0.0,0.0
nw_retrain_0581_converging_hard_seed22085689,1,4,3,M1,1.0,0.0,0.0
nw_retrain_0581_converging_hard_seed22085689,1,4,3,random,0.71,0.05660010329999997,0.035080028008591405
nw_retrain_0581_converging_hard_seed22085689,1,4,4,M0,1.0,0.0,0.0
nw_retrain_0581_converging_hard_seed22085689,1,4,4,M1,1.0,0.0,0.0
nw_retrain_0581_converging_hard_seed22085689,1,4,4,random,1.0,0.0,0.0
nw_retrain_0581_converging_hard_seed22085689,2,16,1,M0,0.0,3.68508011,0.9078887719015871
nw_retrain_0581_converging_hard_seed22085689,2,16,1,M1,0.0,9.121052390000001,2.2471427501225034
nw_retrain_0581_converging_hard_seed22085689,2,16,1,random,0.05,4.2936002876,1.0578091590376486
nw_retrain_0581_converging_hard_seed22085689,2,16,2,M0,0.0,1.3161370899999998,0.32425511810494356
nw_retrain_0581_converging_hard_seed22085689,2,16,2,M1,0.0,6.41129922,1.5795441079676835
nw_retrain_0581_converging_hard_seed22085689,2,16,2,random,0.2,1.9442471495,0.4790018409756407
nw_retrain_0581_converging_hard_seed22085689,2,16,3,M0,0.0,1.3161370899999998,0.32425511810494356
nw_retrain_0581_converging_hard_seed22085689,2,16,3,M1,0.0,1.02156016,0.25168055276985246
nw_retrain_0581_converging_hard_seed22085689,2,16,3,random,0.21,1.0347001870999997,0.25491784550446617
nw_retrain_0581_converging_hard_seed22085689,2,16,4,M0,0.0,1.3161370899999998,0.32425511810494356
nw_retrain_0581_converging_hard_seed22085689,2,16,4,M1,0.0,0.29937375999999993,0.07375635459549357
nw_retrain_0581_converging_hard_seed22085689,2,16,4,random,0.23,0.9141135808,0.22520906777548297
nw_retrain_0581_converging_hard_seed22085689,2,16,6,M0,0.0,1.17419158,0.2892841728597819
nw_retrain_0581_converging_hard_seed22085689,2,16,6,M1,0.0,0.29937375999999993,0.07375635459549357
nw_retrain_0581_converging_hard_seed22085689,2,16,6,random,0.37,0.4542444979,0.1119116727536987
nw_retrain_0581_converging_hard_seed22085689,2,16,8,M0,0.0,1.17419158,0.2892841728597819
nw_retrain_0581_converging_hard_seed22085689,2,16,8,M1,1.0,0.0,0.0
nw_retrain_0581_converging_hard_seed22085689,2,16,8,random,0.41,0.32232973449999996,0.0794119905313455
nw_retrain_0581_converging_hard_seed22085689,3,16,1,M0,0.0,0.5398292899999999,0.1235518775503744
nw_retrain_0581_converging_hard_seed22085689,3,16,1,M1,0.0,1.11212056,0.2545333974938148
nw_retrain_0581_converging_hard_seed22085689,3,16,1,random,0.08,7.447442793099998,1.704512069058923
nw_retrain_0581_converging_hard_seed22085689,3,16,2,M0,0.0,0.5398292899999999,0.1235518775503744
nw_retrain_0581_converging_hard_seed22085689,3,16,2,M1,1.0,0.0,0.0
nw_retrain_0581_converging_hard_seed22085689,3,16,2,random,0.12,5.059580127,1.157996862873839
nw_retrain_0581_converging_hard_seed22085689,3,16,3,M0,0.0,0.5398292899999999,0.1235518775503744
nw_retrain_0581_converging_hard_seed22085689,3,16,3,M1,1.0,0.0,0.0
nw_retrain_0581_converging_hard_seed22085689,3,16,3,random,0.17,3.5943922569,0.8226561993190898
nw_retrain_0581_converging_hard_seed22085689,3,16,4,M0,1.0,0.0,0.0
nw_retrain_0581_converging_hard_seed22085689,3,16,4,M1,1.0,0.0,0.0
nw_retrain_0581_converging_hard_seed22085689,3,16,4,random,0.27,2.0731380767,0.47448352014663214
nw_retrain_0581_converging_hard_seed22085689,3,16,6,M0,1.0,0.0,0.0
nw_retrain_0581_converging_hard_seed22085689,3,16,6,M1,1.0,0.0,0.0
nw_retrain_0581_converging_hard_seed22085689,3,16,6,random,0.39,0.9366115996,0.2143642885069084
nw_retrain_0581_converging_hard_seed22085689,3,16,8,M0,1.0,0.0,0.0
nw_retrain_0581_converging_hard_seed22085689,3,16,8,M1,1.0,0.0,0.0
nw_retrain_0581_converging_hard_seed22085689,3,16,8,random,0.48,0.532883358,0.12196214732299601
nw_retrain_0581_converging_hard_seed22085689,4,16,1,M0,0.0,1.3188066000000003,0.1346502523578145
nw_retrain_0581_converging_hard_seed22085689,4,16,1,M1,0.0,12.161426039999998,1.2416825069854034
nw_retrain_0581_converging_hard_seed22085689,4,16,1,random,0.11,6.965633556399999,0.7111917063512729
nw_retrain_0581_converging_hard_seed22085689,4,16,2,M0,0.0,1.3188066000000003,0.1346502523578145
nw_retrain_0581_converging_hard_seed22085689,4,16,2,M1,0.0,0.3440270700000001,0.03512518954137742
nw_retrain_0581_converging_hard_seed22085689,4,16,2,random,0.16,3.1122674466000007,0.3177627387440289
nw_retrain_0581_converging_hard_seed22085689,4,16,3,M0,0.0,1.3188066000000003,0.1346502523578145
nw_retrain_0581_converging_hard_seed22085689,4,16,3,M1,0.0,0.3440270700000001,0.03512518954137742
nw_retrain_0581_converging_hard_seed22085689,4,16,3,random,0.25,1.1298607193,0.11535886382652831
nw_retrain_0581_converging_hard_seed22085689,4,16,4,M0,0.0,1.3188066000000003,0.1346502523578145
nw_retrain_0581_converging_hard_seed22085689,4,16,4,M1,0.0,0.09686039000000002,0.00988945305321973
nw_retrain_0581_converging_hard_seed22085689,4,16,4,random,0.31,0.6905272983,0.07050288872989781
nw_retrain_0581_converging_hard_seed22085689,4,16,6,M0,1.0,0.0,0.0
nw_retrain_0581_converging_hard_seed22085689,4,16,6,M1,0.0,0.09686039000000002,0.00988945305321973
nw_retrain_0581_converging_hard_seed22085689,4,16,6,random,0.39,0.3460517765,0.035331912226246834
nw_retrain_0581_converging_hard_seed22085689,4,16,8,M0,1.0,0.0,0.0
nw_retrain_0581_converging_hard_seed22085689,4,16,8,M1,1.0,0.0,0.0
nw_retrain_0581_converging_hard_seed22085689,4,16,8,random,0.52,0.14930854060000004,0.01524441314667897
nw_retrain_0581_converging_hard_seed22085689,5,16,1,M0,0.0,1.65075251,0.8774189797865735
nw_retrain_0581_converging_hard_seed22085689,5,16,1,M1,0.0,2.7470631899999995,1.4601373415928045
nw_retrain_0581_converging_hard_seed22085689,5,16,1,random,0.1,2.1163809302999996,1.1249129021185524
nw_retrain_0581_converging_hard_seed22085689,5,16,2,M0,1.0,0.0,0.0
nw_retrain_0581_converging_hard_seed22085689,5,16,2,M1,1.0,0.0,0.0
nw_retrain_0581_converging_hard_seed22085689,5,16,2,random,0.13,1.2393330583999997,0.6587385699126403
nw_retrain_0581_converging_hard_seed22085689,5,16,3,M0,1.0,0.0,0.0
nw_retrain_0581_converging_hard_seed22085689,5,16,3,M1,1.0,0.0,0.0
nw_retrain_0581_converging_hard_seed22085689,5,16,3,random,0.23,0.6969896535,0.3704685875024157
nw_retrain_0581_converging_hard_seed22085689,5,16,4,M0,1.0,0.0,0.0
nw_retrain_0581_converging_hard_seed22085689,5,16,4,M1,1.0,0.0,0.0
nw_retrain_0581_converging_hard_seed22085689,5,16,4,random,0.25,0.3215137688,0.17089314194520427
nw_retrain_0581_converging_hard_seed22085689,5,16,6,M0,1.0,0.0,0.0
nw_retrain_0581_converging_hard_seed22085689,5,16,6,M1,1.0,0.0,0.0
nw_retrain_0581_converging_hard_seed22085689,5,16,6,random,0.41,0.2525938591000001,0.13426037204806404
nw_retrain_0581_converging_hard_seed22085689,5,16,8,M0,1.0,0.0,0.0
nw_retrain_0581_converging_hard_seed22085689,5,16,8,M1,1.0,0.0,0.0
nw_retrain_0581_converging_hard_seed22085689,5,16,8,random,0.56,0.06334126550000005,0.033667571738782646
nw_retrain_0581_converging_hard_seed22085689,6,16,1,M0,0.0,6.85781031,1.1917466129857508
nw_retrain_0581_converging_hard_seed22085689,6,16,1,M1,0.0,3.3850356099999996,0.5882496803930487
nw_retrain_0581_converging_hard_seed22085689,6,16,1,random,0.06,5.8495623093,1.0165338139190063
nw_retrain_0581_converging_hard_seed22085689,6,16,2,M0,0.0,6.85781031,1.1917466129857508
nw_retrain_0581_converging_hard_seed22085689,6,16,2,M1,0.0,1.116019,0.19394118576571487
nw_retrain_0581_converging_hard_seed22085689,6,16,2,random,0.12,3.6205972229000007,0.629185451671773
nw_retrain_0581_converging_hard_seed22085689,6,16,3,M0,0.0,6.85781031,1.1917466129857508
nw_retrain_0581_converging_hard_seed22085689,6,16,3,M1,0.0,1.116019,0.19394118576571487
nw_retrain_0581_converging_hard_seed22085689,6,16,3,random,0.17,2.276115166,0.39554207789774803
nw_retrain_0581_converging_hard_seed22085689,6,16,4,M0,0.0,1.116019,0.19394118576571487
nw_retrain_0581_converging_hard_seed22085689,6,16,4,M1,0.0,0.6416007700000002,0.11149703913821872
nw_retrain_0581_converging_hard_seed22085689,6,16,4,random,0.23,1.3763627656999995,0.23918358632212955
nw_retrain_0581_converging_hard_seed22085689,6,16,6,M0,1.0,0.0,0.0
nw_retrain_0581_converging_hard_seed22085689,6,16,6,M1,1.0,0.0,0.0
nw_retrain_0581_converging_hard_seed22085689,6,16,6,random,0.35,0.8372817731999999,0.14550237936310073
nw_retrain_0581_converging_hard_seed22085689,6,16,8,M0,1.0,0.0,0.0
nw_retrain_0581_converging_hard_seed22085689,6,16,8,M1,1.0,0.0,0.0
nw_retrain_0581_converging_hard_seed22085689,6,16,8,random,0.52,0.46581688959999995,0.08094941028667171
nw_retrain_0581_converging_hard_seed22085689,7,16,1,M0,0.0,1.30084216,0.13593256376867932
nw_retrain_0581_converging_hard_seed22085689,7,16,1,M1,0.0,1.30084216,0.13593256376867932
nw_retrain_0581_converging_hard_seed22085689,7,16,1,random,0.09,5.843316130100001,0.6106020906297892
nw_retrain_0581_converging_hard_seed22085689,7,16,2,M0,0.0,1.30084216,0.13593256376867932
nw_retrain_0581_converging_hard_seed22085689,7,16,2,M1,0.0,1.26408351,0.13209143862004824
nw_retrain_0581_converging_hard_seed22085689,7,16,2,random,0.13,1.6609062114,0.17355775084574906
nw_retrain_0581_converging_hard_seed22085689,7,16,3,M0,1.0,0.0,0.0
nw_retrain_0581_converging_hard_seed22085689,7,16,3,M1,0.0,1.26408351,0.13209143862004824
nw_retrain_0581_converging_hard_seed22085689,7,16,3,random,0.18,1.1970639694,0.12508817699731833
nw_retrain_0581_converging_hard_seed22085689,7,16,4,M0,1.0,0.0,0.0
nw_retrain_0581_converging_hard_seed22085689,7,16,4,M1,0.0,0.7937558000000002,0.08294416049696536
nw_retrain_0581_converging_hard_seed22085689,7,16,4,random,0.29,0.8523812463,0.08907027438125245
nw_retrain_0581_converging_hard_seed22085689,7,16,6,M0,1.0,0.0,0.0
nw_retrain_0581_converging_hard_seed22085689,7,16,6,M1,1.0,0.0,0.0
nw_retrain_0581_converging_hard_seed22085689,7,16,6,random,0.47,0.5431006185000001,0.05675174262268717
nw_retrain_0581_converging_hard_seed22085689,7,16,8,M0,1.0,0.0,0.0
nw_retrain_0581_converging_hard_seed22085689,7,16,8,M1,1.0,0.0,0.0
nw_retrain_0581_converging_hard_seed22085689,7,16,8,random,0.56,0.4052719173000001,0.04234921994074761
nw_retrain_0581_converging_hard_seed22085689,8,16,1,M0,0.0,5.30290036,0.7143863491675561
nw_retrain_0581_converging_hard_seed22085689,8,16,1,M1,0.0,0.9699566700000002,0.13066883352340042
nw_retrain_0581_converging_hard_seed22085689,8,16,1,random,0.04,8.3107967347,1.1195985847216596
nw_retrain_0581_converging_hard_seed22085689,8,16,2,M0,0.0,5.30290036,0.7143863491675561
nw_retrain_0581_converging_hard_seed22085689,8,16,2,M1,0.0,0.9699566700000002,0.13066883352340042
nw_retrain_0581_converging_hard_seed22085689,8,16,2,random,0.2,5.1518198105,0.6940333583775249
nw_retrain_0581_converging_hard_seed22085689,8,16,3,M0,0.0,5.30290036,0.7143863491675561
nw_retrain_0581_converging_hard_seed22085689,8,16,3,M1,0.0,0.9699566700000002,0.13066883352340042
nw_retrain_0581_converging_hard_seed22085689,8,16,3,random,0.19,3.6694482860000006,0.4943339656667972
nw_retrain_0581_converging_hard_seed22085689,8,16,4,M0,0.0,5.30290036,0.7143863491675561
nw_retrain_0581_converging_hard_seed22085689,8,16,4,M1,0.0,0.9699566700000002,0.13066883352340042
nw_retrain_0581_converging_hard_seed22085689,8,16,4,random,0.25,2.3326814859000002,0.31424988164078027
nw_retrain_0581_converging_hard_seed22085689,8,16,6,M0,0.0,2.2761256100000002,0.3066308914721296
nw_retrain_0581_converging_hard_seed22085689,8,16,6,M1,0.0,0.9699566700000002,0.13066883352340042
nw_retrain_0581_converging_hard_seed22085689,8,16,6,random,0.38,1.2487845649000002,0.16823145555307137
nw_retrain_0581_converging_hard_seed22085689,8,16,8,M0,0.0,2.2761256100000002,0.3066308914721296
nw_retrain_0581_converging_hard_seed22085689,8,16,8,M1,1.0,0.0,0.0
nw_retrain_0581_converging_hard_seed22085689,8,16,8,random,0.5,0.8185035183000001,0.11026564719747761
nw_retrain_0581_converging_hard_seed22085689,9,16,1,M0,0.0,1.3095717500000004,1.0464174526655494
nw_retrain_0581_converging_hard_seed22085689,9,16,1,M1,0.0,3.32860631,2.659733409671271
nw_retrain_0581_converging_hard_seed22085689,9,16,1,random,0.06,1.8391541572999999,1.4695819517648578
nw_retrain_0581_converging_hard_seed22085689,9,16,2,M0,0.0,1.3095717500000004,1.0464174526655494
nw_retrain_0581_converging_hard_seed22085689,9,16,2,M1,0.0,1.2728977599999998,1.0171129848539289
nw_retrain_0581_converging_hard_seed22085689,9,16,2,random,0.1,1.1699690728,0.9348674914962471
nw_retrain_0581_converging_hard_seed22085689,9,16,3,M0,0.0,1.3095717500000004,1.0464174526655494
nw_retrain_0581_converging_hard_seed22085689,9,16,3,M1,0.0,1.2728977599999998,1.0171129848539289
nw_retrain_0581_converging_hard_seed22085689,9,16,3,random,0.21,0.6786987017999999,0.5423163462902824
nw_retrain_0581_converging_hard_seed22085689,9,16,4,M0,0.0,1.3095717500000004,1.0464174526655494
nw_retrain_0581_converging_hard_seed22085689,9,16,4,M1,0.0,1.2728977599999998,1.0171129848539289
nw_retrain_0581_converging_hard_seed22085689,9,16,4,random,0.28,0.4482927082,0.3582097076874057
nw_retrain_0581_converging_hard_seed22085689,9,16,6,M0,0.0,1.2728977599999998,1.0171129848539289
nw_retrain_0581_converging_hard_seed22085689,9,16,6,M1,0.0,0.9506865599999998,0.7596491054412051
nw_retrain_0581_converging_hard_seed22085689,9,16,6,random,0.38,0.22028532120000002,0.17601968328174175
nw_retrain_0581_converging_hard_seed22085689,9,16,8,M0,0.0,1.2728977599999998,1.0171129848539289
nw_retrain_0581_converging_hard_seed22085689,9,16,8,M1,0.0,0.03096677999999997,0.02474410359329639
nw_retrain_0581_converging_hard_seed22085689,9,16,8,random,0.58,0.08269716940000002,0.06607943501087238
